"VR";"Version 2.0";"";"";"";"";"";"";"";"";"";"";"";"";"";"";"";"";""
"HD";"Job ID";"Job Name";"Sheet Set Name";"Category Name";"Date and Time Started";"Date and Time Completed";"USERID";"Profile ID";"SheetName";"Full File Path";"Selected Layout Name";"Page Setup Name";"Named Page Setup Path";"Device Name";"Plot File Path";"Paper Size Name";"Plotted to 3DDWF";"Final Status"
"JS";"1";"";"";"";"08/01/2026 10:34:20";"";"felip";"PRO_SANE";"";"";"";"";"";"";"";"";"";""
"SH";"1";"";"";"";"08/01/2026 10:34:20";"08/01/2026 10:34:21";"";"";"";"C:\Users\felip\Desktop\CONSORCIO SANTOS\PROJETOS\PANTANAL BAIXO\PANTANAL ESGOTO.dwg";"NS001";"";"";"PDF24";"";"A4";"0";"Plotted"
"JF";"1";"";"";"";"";"08/01/2026 10:34:21";"";"";"";"";"";"";"";"";"";"";"";"Plotted"
"JS";"2";"";"";"";"08/01/2026 11:16:55";"";"felip";"PRO_SANE";"";"";"";"";"";"";"";"";"";""
"SH";"2";"";"";"";"08/01/2026 11:16:55";"08/01/2026 11:17:02";"";"";"";"C:\Users\felip\Desktop\CONSORCIO SANTOS\PROJETOS\PANTANAL BAIXO\PANTANAL ESGOTO.dwg";"NS001";"";"";"PDF24";"";"A3";"0";"Plotted"
"JF";"2";"";"";"";"";"08/01/2026 11:17:02";"";"";"";"";"";"";"";"";"";"";"";"Plotted"
"JS";"1";"";"";"";"08/01/2026 13:02:37";"";"felip";"PRO_SANE";"";"";"";"";"";"";"";"";"";""
"SH";"1";"";"";"";"08/01/2026 13:02:37";"08/01/2026 13:02:46";"";"";"";"C:\Users\felip\Desktop\CONSORCIO SANTOS\PROJETOS\PANTANAL BAIXO\PANTANAL ESGOTO_1_11320_a7ef6698.sv$.dwg";"NS001";"";"";"PDF24";"";"A3";"0";"Plotted"
"JF";"1";"";"";"";"";"08/01/2026 13:02:46";"";"";"";"";"";"";"";"";"";"";"";"Plotted"
"JS";"2";"";"";"";"08/01/2026 14:42:33";"";"felip";"PRO_SANE";"";"";"";"";"";"";"";"";"";""
"SH";"2";"";"";"";"08/01/2026 14:42:33";"08/01/2026 14:42:39";"";"";"";"C:\Users\felip\Desktop\CONSORCIO SANTOS\PROJETOS\PANTANAL BAIXO\PANTANAL ESGOTO-REV1.dwg";"NS001";"";"";"PDF24";"";"A3";"0";"Plotted"
"JF";"2";"";"";"";"";"08/01/2026 14:42:39";"";"";"";"";"";"";"";"";"";"";"";"Plotted"
"JS";"3";"";"";"";"08/01/2026 15:29:41";"";"felip";"PRO_SANE";"";"";"";"";"";"";"";"";"";""
"SH";"3";"";"";"";"08/01/2026 15:29:41";"08/01/2026 15:29:45";"";"";"";"C:\Users\felip\Desktop\CONSORCIO SANTOS\PROJETOS\PANTANAL BAIXO\PANTANAL ESGOTO-REV1.dwg";"NS002";"";"";"PDF24";"";"A3";"0";"Plotted"
"JF";"3";"";"";"";"";"08/01/2026 15:29:45";"";"";"";"";"";"";"";"";"";"";"";"Plotted"
"JS";"4";"";"";"";"08/01/2026 15:37:05";"";"felip";"PRO_SANE";"";"";"";"";"";"";"";"";"";""
"SH";"4";"";"";"";"08/01/2026 15:37:05";"08/01/2026 15:37:09";"";"";"";"C:\Users\felip\Desktop\CONSORCIO SANTOS\PROJETOS\PANTANAL BAIXO\PANTANAL ESGOTO-REV1.dwg";"NS002";"";"";"PDF24";"";"A3";"0";"Plotted"
"JF";"4";"";"";"";"";"08/01/2026 15:37:09";"";"";"";"";"";"";"";"";"";"";"";"Plotted"
"JS";"5";"";"";"";"08/01/2026 16:24:40";"";"felip";"PRO_SANE";"";"";"";"";"";"";"";"";"";""
"SH";"5";"";"";"";"08/01/2026 16:24:40";"08/01/2026 16:24:44";"";"";"";"C:\Users\felip\Desktop\CONSORCIO SANTOS\PROJETOS\PANTANAL BAIXO\PANTANAL ESGOTO-REV1.dwg";"NS003";"";"";"PDF24";"";"A3";"0";"Plotted"
"JF";"5";"";"";"";"";"08/01/2026 16:24:44";"";"";"";"";"";"";"";"";"";"";"";"Plotted"
"JS";"6";"";"";"";"08/01/2026 20:23:33";"";"felip";"PRO_SANE";"";"";"";"";"";"";"";"";"";""
"SH";"6";"";"";"";"08/01/2026 20:23:33";"08/01/2026 20:23:37";"";"";"";"C:\Users\felip\Desktop\CONSORCIO SANTOS\PROJETOS\PANTANAL BAIXO\PANTANAL ESGOTO-REV1.dwg";"NS004";"";"";"PDF24";"";"A3";"0";"Plotted"
"JF";"6";"";"";"";"";"08/01/2026 20:23:37";"";"";"";"";"";"";"";"";"";"";"";"Plotted"
"JS";"7";"";"";"";"08/01/2026 20:56:36";"";"felip";"PRO_SANE";"";"";"";"";"";"";"";"";"";""
"SH";"7";"";"";"";"08/01/2026 20:56:36";"08/01/2026 20:56:40";"";"";"";"C:\Users\felip\Desktop\CONSORCIO SANTOS\PROJETOS\PANTANAL BAIXO\PANTANAL ESGOTO-REV1.dwg";"NS005";"";"";"PDF24";"";"A3";"0";"Plotted"
"JF";"7";"";"";"";"";"08/01/2026 20:56:40";"";"";"";"";"";"";"";"";"";"";"";"Plotted"
"JS";"8";"";"";"";"08/01/2026 21:16:39";"";"felip";"PRO_SANE";"";"";"";"";"";"";"";"";"";""
"SH";"8";"";"";"";"08/01/2026 21:16:39";"08/01/2026 21:16:43";"";"";"";"C:\Users\felip\Desktop\CONSORCIO SANTOS\PROJETOS\PANTANAL BAIXO\PANTANAL ESGOTO-REV1.dwg";"NS005";"";"";"PDF24";"";"A3";"0";"Plotted"
"JF";"8";"";"";"";"";"08/01/2026 21:16:43";"";"";"";"";"";"";"";"";"";"";"";"Plotted"
"JS";"9";"";"";"";"08/01/2026 21:19:13";"";"felip";"PRO_SANE";"";"";"";"";"";"";"";"";"";""
"SH";"9";"";"";"";"08/01/2026 21:19:13";"08/01/2026 21:19:18";"";"";"";"C:\Users\felip\Desktop\CONSORCIO SANTOS\PROJETOS\PANTANAL BAIXO\PANTANAL ESGOTO-REV1.dwg";"NS006";"";"";"PDF24";"";"A3";"0";"Plotted"
"JF";"9";"";"";"";"";"08/01/2026 21:19:18";"";"";"";"";"";"";"";"";"";"";"";"Plotted"
"JS";"1";"";"";"";"11/01/2026 19:18:34";"";"felip";"PRO_SANE";"";"";"";"";"";"";"";"";"";""
"SH";"1";"";"";"";"11/01/2026 19:18:34";"11/01/2026 19:18:39";"";"";"";"C:\Users\felip\Desktop\CONSORCIO SANTOS\PROJETOS\Vila dos Criadores\Projeto Criadores- ESGOTOrev4.dwg";"NS 001";"";"";"PDF24";"";"A3";"0";"Plotted"
"JF";"1";"";"";"";"";"11/01/2026 19:18:39";"";"";"";"";"";"";"";"";"";"";"";"Plotted"
"JS";"2";"";"";"";"11/01/2026 19:47:10";"";"felip";"PRO_SANE";"";"";"";"";"";"";"";"";"";""
"SH";"2";"";"";"";"11/01/2026 19:47:10";"11/01/2026 19:47:15";"";"";"";"C:\Users\felip\Desktop\CONSORCIO SANTOS\PROJETOS\Vila dos Criadores\Projeto Criadores- ESGOTOrev4.dwg";"NS 002";"";"";"PDF24";"";"A3";"0";"Plotted"
"JF";"2";"";"";"";"";"11/01/2026 19:47:15";"";"";"";"";"";"";"";"";"";"";"";"Plotted"
"JS";"3";"";"";"";"11/01/2026 20:51:47";"";"felip";"PRO_SANE";"";"";"";"";"";"";"";"";"";""
"SH";"3";"";"";"";"11/01/2026 20:51:47";"11/01/2026 20:51:49";"";"";"";"C:\Users\felip\Desktop\CONSORCIO SANTOS\PROJETOS\TETEU-VV\-25-PROJETO ESGOTO-VERDE-E-TETEU.dwg";"NS001";"";"";"PDF24";"";"A3";"0";"Plotted"
"JF";"3";"";"";"";"";"11/01/2026 20:51:49";"";"";"";"";"";"";"";"";"";"";"";"Plotted"
"JS";"1";"";"";"";"12/01/2026 06:35:57";"";"felip";"PRO_SANE";"";"";"";"";"";"";"";"";"";""
"SH";"1";"";"";"";"";"";"";"";"";"C:\Users\felip\Desktop\CONSORCIO SANTOS\PROJETOS\TETEU-VV\-25-PROJETO ESGOTO-VERDE-E-TETEU.dwg";"NS 002-";"";"";"Microsoft Print to PDF";"";"A3";"0";"Canceled";"MESSAGE: Error : A operação foi cancelada pelo usuário.   ";"ERROR: The device has reported an unknown error. "
"JF";"1";"";"";"";"";"12/01/2026 06:35:59";"";"";"";"";"";"";"";"";"";"";"";"Canceled"
"JS";"2";"";"";"";"12/01/2026 06:36:08";"";"felip";"PRO_SANE";"";"";"";"";"";"";"";"";"";""
"SH";"2";"";"";"";"12/01/2026 06:36:08";"12/01/2026 06:36:10";"";"";"";"C:\Users\felip\Desktop\CONSORCIO SANTOS\PROJETOS\TETEU-VV\-25-PROJETO ESGOTO-VERDE-E-TETEU.dwg";"NS 002-";"";"";"PDF24";"";"A3";"0";"Plotted"
"JF";"2";"";"";"";"";"12/01/2026 06:36:10";"";"";"";"";"";"";"";"";"";"";"";"Plotted"
"JS";"3";"";"";"";"12/01/2026 06:58:34";"";"felip";"PRO_SANE";"";"";"";"";"";"";"";"";"";""
"SH";"3";"";"";"";"12/01/2026 06:58:34";"12/01/2026 06:58:36";"";"";"";"C:\Users\felip\Desktop\CONSORCIO SANTOS\PROJETOS\TETEU-VV\-25-PROJETO ESGOTO-VERDE-E-TETEU.dwg";"NS 003";"";"";"PDF24";"";"A3";"0";"Plotted"
"JF";"3";"";"";"";"";"12/01/2026 06:58:36";"";"";"";"";"";"";"";"";"";"";"";"Plotted"
"JS";"4";"";"";"";"12/01/2026 07:50:15";"";"felip";"PRO_SANE";"";"";"";"";"";"";"";"";"";""
"SH";"4";"";"";"";"12/01/2026 07:50:16";"12/01/2026 07:50:46";"";"";"";"C:\Users\felip\Desktop\CONSORCIO SANTOS\PROJETOS\TETEU-VV\-25-PROJETO ESGOTO-VERDE-E-TETEU.dwg";"A1 (1)";"";"";"PDF24";"";"A1";"0";"Plotted"
"JF";"4";"";"";"";"";"12/01/2026 07:50:46";"";"";"";"";"";"";"";"";"";"";"";"Plotted"
"JS";"5";"";"";"";"12/01/2026 07:51:34";"";"felip";"PRO_SANE";"";"";"";"";"";"";"";"";"";""
"SH";"5";"";"";"";"12/01/2026 07:51:35";"12/01/2026 07:52:12";"";"";"";"C:\Users\felip\Desktop\CONSORCIO SANTOS\PROJETOS\TETEU-VV\-25-PROJETO ESGOTO-VERDE-E-TETEU.dwg";"A1 (1)";"";"";"PDF24";"";"A1";"0";"Plotted"
"JF";"5";"";"";"";"";"12/01/2026 07:52:12";"";"";"";"";"";"";"";"";"";"";"";"Plotted"
"JS";"6";"";"";"";"12/01/2026 08:03:19";"";"felip";"PRO_SANE";"";"";"";"";"";"";"";"";"";""
"SH";"6";"";"";"";"";"";"";"";"";"C:\Users\felip\Desktop\CONSORCIO SANTOS\PROJETOS\PANTANAL BAIXO\PANTANAL ESGOTO-REV1.dwg";"Layout1";"";"";"Microsoft Print to PDF";"";"ISOA1";"0";"Canceled";"MESSAGE: Error : A operação foi cancelada pelo usuário.   ";"ERROR: The device has reported an unknown error. "
"JF";"6";"";"";"";"";"12/01/2026 08:03:36";"";"";"";"";"";"";"";"";"";"";"";"Canceled"
"JS";"7";"";"";"";"12/01/2026 08:03:46";"";"felip";"PRO_SANE";"";"";"";"";"";"";"";"";"";""
"SH";"7";"";"";"";"12/01/2026 08:03:46";"12/01/2026 08:04:52";"";"";"";"C:\Users\felip\Desktop\CONSORCIO SANTOS\PROJETOS\PANTANAL BAIXO\PANTANAL ESGOTO-REV1.dwg";"Layout1";"";"";"PDF24";"";"A1";"0";"Plotted"
"JF";"7";"";"";"";"";"12/01/2026 08:04:52";"";"";"";"";"";"";"";"";"";"";"";"Plotted"
"JS";"8";"";"";"";"12/01/2026 08:05:58";"";"felip";"PRO_SANE";"";"";"";"";"";"";"";"";"";""
"SH";"8";"";"";"";"12/01/2026 08:05:58";"12/01/2026 08:07:19";"";"";"";"C:\Users\felip\Desktop\CONSORCIO SANTOS\PROJETOS\PANTANAL BAIXO\PANTANAL ESGOTO-REV1.dwg";"Layout1";"";"";"PDF24";"";"A1";"0";"Plotted"
"JF";"8";"";"";"";"";"12/01/2026 08:07:19";"";"";"";"";"";"";"";"";"";"";"";"Plotted"
"JS";"9";"";"";"";"12/01/2026 08:34:55";"";"felip";"PRO_SANE";"";"";"";"";"";"";"";"";"";""
"SH";"9";"";"";"";"12/01/2026 08:34:55";"12/01/2026 08:35:21";"";"";"";"C:\Users\felip\Desktop\CONSORCIO SANTOS\PROJETOS\Vila dos Criadores\Projeto Criadores- ESGOTOrev4.dwg";"Layout1";"";"";"PDF24";"";"A1";"0";"Plotted"
"JF";"9";"";"";"";"";"12/01/2026 08:35:21";"";"";"";"";"";"";"";"";"";"";"";"Plotted"
"JS";"10";"";"";"";"12/01/2026 09:39:49";"";"felip";"PRO_SANE";"";"";"";"";"";"";"";"";"";""
"SH";"10";"";"";"";"12/01/2026 09:39:49";"12/01/2026 09:40:51";"";"";"";"C:\Users\felip\Desktop\CONSORCIO SANTOS\PROJETOS\PANTANAL BAIXO\PANTANAL ESGOTO-REV1.dwg";"Layout1";"";"";"PDF24";"";"A1";"0";"Plotted"
"JF";"10";"";"";"";"";"12/01/2026 09:40:51";"";"";"";"";"";"";"";"";"";"";"";"Plotted"
"JS";"11";"";"";"";"12/01/2026 10:29:22";"";"felip";"PRO_SANE";"";"";"";"";"";"";"";"";"";""
"SH";"11";"";"";"";"12/01/2026 10:29:22";"12/01/2026 10:29:28";"";"";"";"C:\Users\felip\Desktop\CONSORCIO SANTOS\PROJETOS\Vila dos Criadores\Projeto Criadores- ESGOTOrev4.dwg";"NS 003";"";"";"PDF24";"";"A3";"0";"Plotted"
"JF";"11";"";"";"";"";"12/01/2026 10:29:28";"";"";"";"";"";"";"";"";"";"";"";"Plotted"
"JS";"12";"";"";"";"12/01/2026 10:49:01";"";"felip";"PRO_SANE";"";"";"";"";"";"";"";"";"";""
"SH";"12";"";"";"";"12/01/2026 10:49:01";"12/01/2026 10:49:07";"";"";"";"C:\Users\felip\Desktop\CONSORCIO SANTOS\PROJETOS\Vila dos Criadores\Projeto Criadores- ESGOTOrev4.dwg";"NS 004";"";"";"PDF24";"";"A3";"0";"Plotted"
"JF";"12";"";"";"";"";"12/01/2026 10:49:07";"";"";"";"";"";"";"";"";"";"";"";"Plotted"
"JS";"1";"";"";"";"12/01/2026 21:06:43";"";"felip";"PRO_SANE";"";"";"";"";"";"";"";"";"";""
"SH";"1";"";"";"";"12/01/2026 21:06:43";"12/01/2026 21:06:43";"";"";"";"C:\Users\felip\Desktop\CONSORCIO SANTOS\PROJETOS\Vila dos Criadores\Projeto Criadores- ESGOTOrev5.dwg";"Layout1";"";"";"PDF24";"";"A1";"0";"Plotted"
"JF";"1";"";"";"";"";"12/01/2026 21:06:43";"";"";"";"";"";"";"";"";"";"";"";"Plotted"
"JS";"2";"";"";"";"12/01/2026 21:13:23";"";"felip";"PRO_SANE";"";"";"";"";"";"";"";"";"";""
"SH";"2";"";"";"";"12/01/2026 21:13:23";"12/01/2026 21:13:27";"";"";"";"C:\Users\felip\Desktop\CONSORCIO SANTOS\PROJETOS\Vila dos Criadores\Projeto Criadores- ESGOTOrev5.dwg";"NS 001";"";"";"PDF24";"";"A3";"0";"Plotted"
"JF";"2";"";"";"";"";"12/01/2026 21:13:27";"";"";"";"";"";"";"";"";"";"";"";"Plotted"
"JS";"3";"";"";"";"12/01/2026 21:21:26";"";"felip";"PRO_SANE";"";"";"";"";"";"";"";"";"";""
"SH";"3";"";"";"";"12/01/2026 21:21:26";"12/01/2026 21:21:30";"";"";"";"C:\Users\felip\Desktop\CONSORCIO SANTOS\PROJETOS\Vila dos Criadores\Projeto Criadores- ESGOTOrev5.dwg";"NS 002";"";"";"PDF24";"";"A3";"0";"Plotted"
"JF";"3";"";"";"";"";"12/01/2026 21:21:30";"";"";"";"";"";"";"";"";"";"";"";"Plotted"
"JS";"4";"";"";"";"12/01/2026 21:26:06";"";"felip";"PRO_SANE";"";"";"";"";"";"";"";"";"";""
"SH";"4";"";"";"";"12/01/2026 21:26:06";"12/01/2026 21:26:10";"";"";"";"C:\Users\felip\Desktop\CONSORCIO SANTOS\PROJETOS\Vila dos Criadores\Projeto Criadores- ESGOTOrev5.dwg";"NS 002";"";"";"PDF24";"";"A3";"0";"Plotted"
"JF";"4";"";"";"";"";"12/01/2026 21:26:10";"";"";"";"";"";"";"";"";"";"";"";"Plotted"
"JS";"5";"";"";"";"12/01/2026 21:47:04";"";"felip";"PRO_SANE";"";"";"";"";"";"";"";"";"";""
"SH";"5";"";"";"";"12/01/2026 21:47:04";"12/01/2026 21:47:08";"";"";"";"C:\Users\felip\Desktop\CONSORCIO SANTOS\PROJETOS\Vila dos Criadores\Projeto Criadores- ESGOTOrev5.dwg";"NS 003";"";"";"PDF24";"";"A3";"0";"Plotted"
"JF";"5";"";"";"";"";"12/01/2026 21:47:08";"";"";"";"";"";"";"";"";"";"";"";"Plotted"
"JS";"6";"";"";"";"12/01/2026 21:59:14";"";"felip";"PRO_SANE";"";"";"";"";"";"";"";"";"";""
"SH";"6";"";"";"";"12/01/2026 21:59:14";"12/01/2026 21:59:17";"";"";"";"C:\Users\felip\Desktop\CONSORCIO SANTOS\PROJETOS\Vila dos Criadores\Projeto Criadores- ESGOTOrev5.dwg";"NS 003";"";"";"PDF24";"";"A3";"0";"Plotted"
"JF";"6";"";"";"";"";"12/01/2026 21:59:17";"";"";"";"";"";"";"";"";"";"";"";"Plotted"
"JS";"7";"";"";"";"12/01/2026 22:08:51";"";"felip";"PRO_SANE";"";"";"";"";"";"";"";"";"";""
"SH";"7";"";"";"";"12/01/2026 22:08:51";"12/01/2026 22:08:54";"";"";"";"C:\Users\felip\Desktop\CONSORCIO SANTOS\PROJETOS\Vila dos Criadores\Projeto Criadores- ESGOTOrev5.dwg";"NS 004";"";"";"PDF24";"";"A3";"0";"Plotted"
"JF";"7";"";"";"";"";"12/01/2026 22:08:54";"";"";"";"";"";"";"";"";"";"";"";"Plotted"
"JS";"8";"";"";"";"12/01/2026 22:21:26";"";"felip";"PRO_SANE";"";"";"";"";"";"";"";"";"";""
"SH";"8";"";"";"";"12/01/2026 22:21:26";"12/01/2026 22:21:29";"";"";"";"C:\Users\felip\Desktop\CONSORCIO SANTOS\PROJETOS\Vila dos Criadores\Projeto Criadores- ESGOTOrev5.dwg";"NS 005";"";"";"PDF24";"";"A3";"0";"Plotted"
"JF";"8";"";"";"";"";"12/01/2026 22:21:29";"";"";"";"";"";"";"";"";"";"";"";"Plotted"
"JS";"9";"";"";"";"12/01/2026 22:33:32";"";"felip";"PRO_SANE";"";"";"";"";"";"";"";"";"";""
"SH";"9";"";"";"";"12/01/2026 22:33:32";"12/01/2026 22:33:36";"";"";"";"C:\Users\felip\Desktop\CONSORCIO SANTOS\PROJETOS\Vila dos Criadores\Projeto Criadores- ESGOTOrev5.dwg";"NS 006";"";"";"PDF24";"";"A3";"0";"Plotted"
"JF";"9";"";"";"";"";"12/01/2026 22:33:36";"";"";"";"";"";"";"";"";"";"";"";"Plotted"
"JS";"10";"";"";"";"12/01/2026 22:47:54";"";"felip";"PRO_SANE";"";"";"";"";"";"";"";"";"";""
"SH";"10";"";"";"";"12/01/2026 22:47:54";"12/01/2026 22:47:57";"";"";"";"C:\Users\felip\Desktop\CONSORCIO SANTOS\PROJETOS\Vila dos Criadores\Projeto Criadores- ESGOTOrev5.dwg";"NS 007";"";"";"PDF24";"";"A3";"0";"Plotted"
"JF";"10";"";"";"";"";"12/01/2026 22:47:57";"";"";"";"";"";"";"";"";"";"";"";"Plotted"
"JS";"11";"";"";"";"12/01/2026 22:50:18";"";"felip";"PRO_SANE";"";"";"";"";"";"";"";"";"";""
"SH";"11";"";"";"";"12/01/2026 22:50:18";"12/01/2026 22:50:21";"";"";"";"C:\Users\felip\Desktop\CONSORCIO SANTOS\PROJETOS\Vila dos Criadores\Projeto Criadores- ESGOTOrev5.dwg";"NS 006";"";"";"PDF24";"";"A3";"0";"Plotted"
"JF";"11";"";"";"";"";"12/01/2026 22:50:21";"";"";"";"";"";"";"";"";"";"";"";"Plotted"
"JS";"12";"";"";"";"12/01/2026 22:54:49";"";"felip";"PRO_SANE";"";"";"";"";"";"";"";"";"";""
"SH";"12";"";"";"";"12/01/2026 22:54:49";"12/01/2026 22:55:09";"";"";"";"C:\Users\felip\Desktop\CONSORCIO SANTOS\PROJETOS\Vila dos Criadores\Projeto Criadores- ESGOTOrev5.dwg";"Layout1";"";"";"PDF24";"";"A1";"0";"Plotted"
"JF";"12";"";"";"";"";"12/01/2026 22:55:09";"";"";"";"";"";"";"";"";"";"";"";"Plotted"
"JS";"13";"";"";"";"12/01/2026 22:57:03";"";"felip";"PRO_SANE";"";"";"";"";"";"";"";"";"";""
"SH";"13";"";"";"";"12/01/2026 22:57:03";"12/01/2026 22:57:03";"";"";"";"C:\Users\felip\Desktop\CONSORCIO SANTOS\PROJETOS\Vila dos Criadores\Projeto Criadores- ESGOTOrev5.dwg";"Layout1";"";"";"PDF24";"";"A1";"0";"Plotted"
"JF";"13";"";"";"";"";"12/01/2026 22:57:03";"";"";"";"";"";"";"";"";"";"";"";"Plotted"
"JS";"1";"";"";"";"19/01/2026 10:04:14";"";"felip";"PRO_SANE";"";"";"";"";"";"";"";"";"";""
"SH";"1";"";"";"";"19/01/2026 10:04:14";"19/01/2026 10:04:18";"";"";"";"C:\Users\felip\Desktop\CONSORCIO SANTOS\PROJETOS\Vila dos Criadores\Projeto Criadores- ESGOTOrev6.dwg";"NS 008";"";"";"PDF24";"";"A3";"0";"Plotted"
"JF";"1";"";"";"";"";"19/01/2026 10:04:18";"";"";"";"";"";"";"";"";"";"";"";"Plotted"
"JS";"2";"";"";"";"19/01/2026 10:15:16";"";"felip";"PRO_SANE";"";"";"";"";"";"";"";"";"";""
"SH";"2";"";"";"";"19/01/2026 10:15:16";"19/01/2026 10:15:19";"";"";"";"C:\Users\felip\Desktop\CONSORCIO SANTOS\PROJETOS\Vila dos Criadores\Projeto Criadores- ESGOTOrev6.dwg";"NS 009";"";"";"PDF24";"";"A3";"0";"Plotted"
"JF";"2";"";"";"";"";"19/01/2026 10:15:19";"";"";"";"";"";"";"";"";"";"";"";"Plotted"
"JS";"3";"";"";"";"19/01/2026 10:32:45";"";"felip";"PRO_SANE";"";"";"";"";"";"";"";"";"";""
"SH";"3";"";"";"";"19/01/2026 10:32:45";"19/01/2026 10:32:48";"";"";"";"C:\Users\felip\Desktop\CONSORCIO SANTOS\PROJETOS\Vila dos Criadores\Projeto Criadores- ESGOTOrev6.dwg";"NS 0010";"";"";"PDF24";"";"A3";"0";"Plotted"
"JF";"3";"";"";"";"";"19/01/2026 10:32:48";"";"";"";"";"";"";"";"";"";"";"";"Plotted"
"JS";"4";"";"";"";"19/01/2026 10:46:46";"";"felip";"PRO_SANE";"";"";"";"";"";"";"";"";"";""
"SH";"4";"";"";"";"19/01/2026 10:46:46";"19/01/2026 10:46:49";"";"";"";"C:\Users\felip\Desktop\CONSORCIO SANTOS\PROJETOS\PANTANAL BAIXO\PANTANAL ESGOTO-REV2.dwg";"NS004";"";"";"PDF24";"";"A3";"0";"Plotted"
"JF";"4";"";"";"";"";"19/01/2026 10:46:49";"";"";"";"";"";"";"";"";"";"";"";"Plotted"
"JS";"5";"";"";"";"19/01/2026 10:53:04";"";"felip";"PRO_SANE";"";"";"";"";"";"";"";"";"";""
"SH";"5";"";"";"";"19/01/2026 10:53:04";"19/01/2026 10:53:09";"";"";"";"C:\Users\felip\Desktop\CONSORCIO SANTOS\PROJETOS\PANTANAL BAIXO\PANTANAL ESGOTO-REV2.dwg";"NS005";"";"";"PDF24";"";"A3";"0";"Plotted"
"JF";"5";"";"";"";"";"19/01/2026 10:53:09";"";"";"";"";"";"";"";"";"";"";"";"Plotted"
"JS";"6";"";"";"";"19/01/2026 11:02:53";"";"felip";"PRO_SANE";"";"";"";"";"";"";"";"";"";""
"SH";"6";"";"";"";"19/01/2026 11:02:53";"19/01/2026 11:02:58";"";"";"";"C:\Users\felip\Desktop\CONSORCIO SANTOS\PROJETOS\PANTANAL BAIXO\PANTANAL ESGOTO-REV2.dwg";"NS006";"";"";"PDF24";"";"A3";"0";"Plotted"
"JF";"6";"";"";"";"";"19/01/2026 11:02:58";"";"";"";"";"";"";"";"";"";"";"";"Plotted"
"JS";"7";"";"";"";"19/01/2026 11:12:55";"";"felip";"PRO_SANE";"";"";"";"";"";"";"";"";"";""
"SH";"7";"";"";"";"19/01/2026 11:12:55";"19/01/2026 11:13:00";"";"";"";"C:\Users\felip\Desktop\CONSORCIO SANTOS\PROJETOS\PANTANAL BAIXO\PANTANAL ESGOTO-REV2.dwg";"NS007";"";"";"PDF24";"";"A3";"0";"Plotted"
"JF";"7";"";"";"";"";"19/01/2026 11:13:00";"";"";"";"";"";"";"";"";"";"";"";"Plotted"
"JS";"8";"";"";"";"19/01/2026 11:31:49";"";"felip";"PRO_SANE";"";"";"";"";"";"";"";"";"";""
"SH";"8";"";"";"";"19/01/2026 11:31:49";"19/01/2026 11:31:54";"";"";"";"C:\Users\felip\Desktop\CONSORCIO SANTOS\PROJETOS\PANTANAL BAIXO\PANTANAL ESGOTO-REV2.dwg";"NS008";"";"";"PDF24";"";"A3";"0";"Plotted"
"JF";"8";"";"";"";"";"19/01/2026 11:31:54";"";"";"";"";"";"";"";"";"";"";"";"Plotted"
"JS";"1";"";"";"";"20/01/2026 12:15:47";"";"felip";"PRO_SANE";"";"";"";"";"";"";"";"";"";""
"SH";"1";"";"";"";"20/01/2026 12:15:52";"20/01/2026 12:15:59";"";"";"";"C:\Users\felip\Desktop\CONSORCIO SANTOS\PROJETOS\PANTANAL BAIXO\PANTANAL ESGOTO-REV3.dwg";"NS009";"";"";"PDF24";"";"A3";"0";"Plotted"
"JF";"1";"";"";"";"";"20/01/2026 12:15:59";"";"";"";"";"";"";"";"";"";"";"";"Plotted"
"JS";"2";"";"";"";"20/01/2026 12:35:09";"";"felip";"PRO_SANE";"";"";"";"";"";"";"";"";"";""
"SH";"2";"";"";"";"20/01/2026 12:35:14";"20/01/2026 12:35:21";"";"";"";"C:\Users\felip\Desktop\CONSORCIO SANTOS\PROJETOS\PANTANAL BAIXO\PANTANAL ESGOTO-REV3.dwg";"NS010";"";"";"PDF24";"";"A3";"0";"Plotted"
"JF";"2";"";"";"";"";"20/01/2026 12:35:21";"";"";"";"";"";"";"";"";"";"";"";"Plotted"
"JS";"1";"";"";"";"20/01/2026 14:31:43";"";"felip";"PRO_SANE";"";"";"";"";"";"";"";"";"";""
"SH";"1";"";"";"";"20/01/2026 14:31:43";"20/01/2026 14:31:47";"";"";"";"C:\Users\felip\Desktop\CONSORCIO SANTOS\PROJETOS\PANTANAL BAIXO\PANTANAL ESGOTO-REV3.dwg";"NS011";"";"";"PDF24";"";"A3";"0";"Plotted"
"JF";"1";"";"";"";"";"20/01/2026 14:31:47";"";"";"";"";"";"";"";"";"";"";"";"Plotted"
"JS";"2";"";"";"";"20/01/2026 14:51:08";"";"felip";"PRO_SANE";"";"";"";"";"";"";"";"";"";""
"SH";"2";"";"";"";"20/01/2026 14:51:08";"20/01/2026 14:51:12";"";"";"";"C:\Users\felip\Desktop\CONSORCIO SANTOS\PROJETOS\PANTANAL BAIXO\PANTANAL ESGOTO-REV3.dwg";"NS012";"";"";"PDF24";"";"A3";"0";"Plotted"
"JF";"2";"";"";"";"";"20/01/2026 14:51:12";"";"";"";"";"";"";"";"";"";"";"";"Plotted"
"JS";"3";"";"";"";"20/01/2026 15:01:55";"";"felip";"PRO_SANE";"";"";"";"";"";"";"";"";"";""
"SH";"3";"";"";"";"20/01/2026 15:01:55";"20/01/2026 15:01:59";"";"";"";"C:\Users\felip\Desktop\CONSORCIO SANTOS\PROJETOS\PANTANAL BAIXO\PANTANAL ESGOTO-REV3.dwg";"NS012";"";"";"PDF24";"";"A3";"0";"Plotted"
"JF";"3";"";"";"";"";"20/01/2026 15:01:59";"";"";"";"";"";"";"";"";"";"";"";"Plotted"
"JS";"4";"";"";"";"20/01/2026 15:57:37";"";"felip";"PRO_SANE";"";"";"";"";"";"";"";"";"";""
"SH";"4";"";"";"";"20/01/2026 15:57:37";"20/01/2026 15:57:37";"";"";"";"C:\Users\felip\Desktop\CONSORCIO SANTOS\PROJETOS\PANTANAL BAIXO\PANTANAL ESGOTO-REV3.dwg";"NS012";"";"";"PDF24";"";"A3";"0";"Plotted"
"JF";"4";"";"";"";"";"20/01/2026 15:57:37";"";"";"";"";"";"";"";"";"";"";"";"Plotted"
"JS";"5";"";"";"";"20/01/2026 15:57:55";"";"felip";"PRO_SANE";"";"";"";"";"";"";"";"";"";""
"SH";"5";"";"";"";"20/01/2026 15:57:55";"20/01/2026 15:57:58";"";"";"";"C:\Users\felip\Desktop\CONSORCIO SANTOS\PROJETOS\PANTANAL BAIXO\PANTANAL ESGOTO-REV3.dwg";"NS013";"";"";"PDF24";"";"A3";"0";"Plotted"
"JF";"5";"";"";"";"";"20/01/2026 15:57:58";"";"";"";"";"";"";"";"";"";"";"";"Plotted"
"JS";"6";"";"";"";"20/01/2026 16:06:55";"";"felip";"PRO_SANE";"";"";"";"";"";"";"";"";"";""
"SH";"6";"";"";"";"20/01/2026 16:06:55";"20/01/2026 16:06:58";"";"";"";"C:\Users\felip\Desktop\CONSORCIO SANTOS\PROJETOS\PANTANAL BAIXO\PANTANAL ESGOTO-REV3.dwg";"NS013";"";"";"PDF24";"";"A3";"0";"Plotted"
"JF";"6";"";"";"";"";"20/01/2026 16:06:58";"";"";"";"";"";"";"";"";"";"";"";"Plotted"
"JS";"7";"";"";"";"20/01/2026 16:18:58";"";"felip";"PRO_SANE";"";"";"";"";"";"";"";"";"";""
"SH";"7";"";"";"";"20/01/2026 16:18:58";"20/01/2026 16:19:02";"";"";"";"C:\Users\felip\Desktop\CONSORCIO SANTOS\PROJETOS\PANTANAL BAIXO\PANTANAL ESGOTO-REV3.dwg";"NS014";"";"";"PDF24";"";"A3";"0";"Plotted"
"JF";"7";"";"";"";"";"20/01/2026 16:19:02";"";"";"";"";"";"";"";"";"";"";"";"Plotted"
"JS";"8";"";"";"";"20/01/2026 16:21:23";"";"felip";"PRO_SANE";"";"";"";"";"";"";"";"";"";""
"SH";"8";"";"";"";"20/01/2026 16:21:23";"20/01/2026 16:21:27";"";"";"";"C:\Users\felip\Desktop\CONSORCIO SANTOS\PROJETOS\PANTANAL BAIXO\PANTANAL ESGOTO-REV3.dwg";"NS012";"";"";"PDF24";"";"A3";"0";"Plotted"
"JF";"8";"";"";"";"";"20/01/2026 16:21:27";"";"";"";"";"";"";"";"";"";"";"";"Plotted"
"JS";"9";"";"";"";"20/01/2026 16:31:07";"";"felip";"PRO_SANE";"";"";"";"";"";"";"";"";"";""
"SH";"9";"";"";"";"20/01/2026 16:31:07";"20/01/2026 16:31:10";"";"";"";"C:\Users\felip\Desktop\CONSORCIO SANTOS\PROJETOS\PANTANAL BAIXO\PANTANAL ESGOTO-REV3.dwg";"NS015";"";"";"PDF24";"";"A3";"0";"Plotted"
"JF";"9";"";"";"";"";"20/01/2026 16:31:10";"";"";"";"";"";"";"";"";"";"";"";"Plotted"
"JS";"1";"";"";"";"21/01/2026 14:46:38";"";"felip";"PRO_SANE";"";"";"";"";"";"";"";"";"";""
"SH";"1";"";"";"";"21/01/2026 14:46:38";"21/01/2026 14:46:39";"";"";"";"C:\Users\felip\Desktop\CONSORCIO SANTOS\MAPA TETEU-VALE VERDE_R04.dwg";"FL-01";"";"";"PDF24";"";"A1";"0";"Plotted";"WARNING: Incompatible or missing plot style "
"JF";"1";"";"";"";"";"21/01/2026 14:46:39";"";"";"";"";"";"";"";"";"";"";"";"Plotted with Warning(s)"
"JS";"2";"";"";"";"21/01/2026 14:48:56";"";"felip";"PRO_SANE";"";"";"";"";"";"";"";"";"";""
"SH";"2";"";"";"";"21/01/2026 14:48:56";"21/01/2026 14:48:57";"";"";"";"C:\Users\felip\Desktop\CONSORCIO SANTOS\MAPA TETEU-VALE VERDE_R04.dwg";"FL-01";"";"";"PDF24";"";"A1";"0";"Plotted";"WARNING: Incompatible or missing plot style "
"JF";"2";"";"";"";"";"21/01/2026 14:48:57";"";"";"";"";"";"";"";"";"";"";"";"Plotted with Warning(s)"
"JS";"3";"";"";"";"21/01/2026 15:07:18";"";"felip";"PRO_SANE";"";"";"";"";"";"";"";"";"";""
"SH";"3";"";"";"";"21/01/2026 15:07:18";"21/01/2026 15:07:19";"";"";"";"C:\Users\felip\Desktop\CONSORCIO SANTOS\MAPA TETEU-VALE VERDE_R04.dwg";"FL-01";"";"";"PDF24";"";"A1";"0";"Plotted";"WARNING: Incompatible or missing plot style "
"JF";"3";"";"";"";"";"21/01/2026 15:07:19";"";"";"";"";"";"";"";"";"";"";"";"Plotted with Warning(s)"
"JS";"4";"";"";"";"21/01/2026 15:07:56";"";"felip";"PRO_SANE";"";"";"";"";"";"";"";"";"";""
"SH";"4";"";"";"";"21/01/2026 15:07:56";"21/01/2026 15:07:57";"";"";"";"C:\Users\felip\Desktop\CONSORCIO SANTOS\MAPA TETEU-VALE VERDE_R04.dwg";"FL-01";"";"";"PDF24";"";"A1";"0";"Plotted";"WARNING: Incompatible or missing plot style "
"JF";"4";"";"";"";"";"21/01/2026 15:07:57";"";"";"";"";"";"";"";"";"";"";"";"Plotted with Warning(s)"
"JS";"1";"";"";"";"22/01/2026 08:42:32";"";"felip";"PRO_SANE";"";"";"";"";"";"";"";"";"";""
"SH";"1";"";"";"";"22/01/2026 08:42:32";"22/01/2026 08:43:20";"";"";"";"C:\Users\felip\Desktop\CONSORCIO SANTOS\PROJETOS\PANTANAL BAIXO\PROJETOS PANTANAL BAIXO\PROJETO ESGOTO\PANTANAL ESGOTO-REV3.dwg";"Layout1";"";"";"PDF24";"";"A1";"0";"Plotted"
"JF";"1";"";"";"";"";"22/01/2026 08:43:20";"";"";"";"";"";"";"";"";"";"";"";"Plotted"
"JS";"2";"";"";"";"22/01/2026 08:50:54";"";"felip";"PRO_SANE";"";"";"";"";"";"";"";"";"";""
"SH";"2";"";"";"";"22/01/2026 08:50:54";"22/01/2026 08:51:46";"";"";"";"C:\Users\felip\Desktop\CONSORCIO SANTOS\PROJETOS\PANTANAL BAIXO\PROJETOS PANTANAL BAIXO\PROJETO ESGOTO\PANTANAL ESGOTO-REV3.dwg";"Layout1 (2)";"";"";"PDF24";"";"A1";"0";"Plotted"
"JF";"2";"";"";"";"";"22/01/2026 08:51:47";"";"";"";"";"";"";"";"";"";"";"";"Plotted"
"JS";"3";"";"";"";"22/01/2026 09:09:56";"";"felip";"PRO_SANE";"";"";"";"";"";"";"";"";"";""
"SH";"3";"";"";"";"22/01/2026 09:09:57";"22/01/2026 09:10:48";"";"";"";"C:\Users\felip\Desktop\CONSORCIO SANTOS\PROJETOS\PANTANAL BAIXO\PROJETOS PANTANAL BAIXO\PROJETO ESGOTO\PANTANAL ESGOTO-REV3.dwg";"Layout1 (2)";"";"";"PDF24";"";"A1";"0";"Plotted"
"JF";"3";"";"";"";"";"22/01/2026 09:10:48";"";"";"";"";"";"";"";"";"";"";"";"Plotted"
"JS";"4";"";"";"";"22/01/2026 09:13:18";"";"felip";"PRO_SANE";"";"";"";"";"";"";"";"";"";""
"SH";"4";"";"";"";"22/01/2026 09:13:18";"22/01/2026 09:13:21";"";"";"";"C:\Users\felip\Desktop\CONSORCIO SANTOS\PROJETOS\PANTANAL BAIXO\PROJETOS PANTANAL BAIXO\PROJETO ESGOTO\PANTANAL ESGOTO-REV3.dwg";"Layout1";"";"";"PDF24";"";"A1";"0";"Plotted"
"JF";"4";"";"";"";"";"22/01/2026 09:13:21";"";"";"";"";"";"";"";"";"";"";"";"Plotted"
"JS";"1";"";"";"";"23/01/2026 16:18:22";"";"felip";"PRO_SANE";"";"";"";"";"";"";"";"";"";""
"SH";"1";"";"";"";"23/01/2026 16:18:22";"23/01/2026 16:18:23";"";"";"";"C:\Users\felip\Desktop\CONSORCIO SANTOS\PROJETOS\PANTANAL BAIXO\PROJETOS PANTANAL BAIXO\PROJETO ESGOTO\PANTANAL ESGOTO-REV3.dwg";"Layout1";"";"";"PDF24";"";"A1";"0";"Plotted"
"JF";"1";"";"";"";"";"23/01/2026 16:18:23";"";"";"";"";"";"";"";"";"";"";"";"Plotted"
"JS";"2";"";"";"";"23/01/2026 19:51:02";"";"felip";"PRO_SANE";"";"";"";"";"";"";"";"";"";""
"SH";"2";"";"";"";"23/01/2026 19:51:03";"23/01/2026 19:52:54";"";"";"";"C:\Users\felip\Desktop\CONSORCIO SANTOS\PROJETOS\TETEU-VV\PROJETOS TETEU\PROJETO ESGOTO\-25-PROJETO ESGOTO-VERDE-E-TETEUrev2.dwg";"A1 (1)";"";"";"PDF24";"";"A1";"0";"Plotted"
"JF";"2";"";"";"";"";"23/01/2026 19:52:54";"";"";"";"";"";"";"";"";"";"";"";"Plotted"
"JS";"3";"";"";"";"23/01/2026 20:11:08";"";"felip";"PRO_SANE";"";"";"";"";"";"";"";"";"";""
"SH";"3";"";"";"";"23/01/2026 20:11:09";"23/01/2026 20:12:38";"";"";"";"C:\Users\felip\Desktop\CONSORCIO SANTOS\PROJETOS\TETEU-VV\PROJETOS TETEU\PROJETO ESGOTO\-25-PROJETO ESGOTO-VERDE-E-TETEUrev2.dwg";"A1 (1)";"";"";"PDF24";"";"A1";"0";"Canceled"
"JF";"3";"";"";"";"";"23/01/2026 20:12:38";"";"";"";"";"";"";"";"";"";"";"";"Canceled"
"JS";"1";"";"";"";"24/01/2026 15:26:05";"";"felip";"PRO_SANE";"";"";"";"";"";"";"";"";"";""
"SH";"1";"";"";"";"24/01/2026 15:26:05";"24/01/2026 15:26:43";"";"";"";"C:\Users\felip\Desktop\CONSORCIO SANTOS\PROJETOS\TETEU-VV\PROJETOS TETEU\PROJETO ESGOTO\-25-PROJETO ESGOTO-VERDE-E-TETEUrev2.dwg";"A1 (1)";"";"";"PDF24";"";"A1";"0";"Plotted"
"JF";"1";"";"";"";"";"24/01/2026 15:26:43";"";"";"";"";"";"";"";"";"";"";"";"Plotted"
"JS";"2";"";"";"";"24/01/2026 15:27:59";"";"felip";"PRO_SANE";"";"";"";"";"";"";"";"";"";""
"SH";"2";"";"";"";"24/01/2026 15:28:00";"24/01/2026 15:29:52";"";"";"";"C:\Users\felip\Desktop\CONSORCIO SANTOS\PROJETOS\TETEU-VV\PROJETOS TETEU\PROJETO ESGOTO\-25-PROJETO ESGOTO-VERDE-E-TETEUrev2.dwg";"A1 (1)";"";"";"PDF24";"";"A1";"0";"Plotted"
"JF";"2";"";"";"";"";"24/01/2026 15:29:52";"";"";"";"";"";"";"";"";"";"";"";"Plotted"
"JS";"3";"";"";"";"24/01/2026 15:30:37";"";"felip";"PRO_SANE";"";"";"";"";"";"";"";"";"";""
"SH";"3";"";"";"";"24/01/2026 15:30:38";"24/01/2026 15:31:42";"";"";"";"C:\Users\felip\Desktop\CONSORCIO SANTOS\PROJETOS\TETEU-VV\PROJETOS TETEU\PROJETO ESGOTO\-25-PROJETO ESGOTO-VERDE-E-TETEUrev2.dwg";"A1 (1)";"";"";"PDF24";"";"A1";"0";"Plotted"
"JF";"3";"";"";"";"";"24/01/2026 15:31:42";"";"";"";"";"";"";"";"";"";"";"";"Plotted"
"JS";"4";"";"";"";"24/01/2026 15:32:57";"";"felip";"PRO_SANE";"";"";"";"";"";"";"";"";"";""
"SH";"4";"";"";"";"24/01/2026 15:32:58";"24/01/2026 15:33:49";"";"";"";"C:\Users\felip\Desktop\CONSORCIO SANTOS\PROJETOS\TETEU-VV\PROJETOS TETEU\PROJETO ESGOTO\-25-PROJETO ESGOTO-VERDE-E-TETEUrev2.dwg";"A1 (1)";"";"";"PDF24";"";"A1";"0";"Plotted"
"JF";"4";"";"";"";"";"24/01/2026 15:33:49";"";"";"";"";"";"";"";"";"";"";"";"Plotted"
"JS";"5";"";"";"";"24/01/2026 15:34:14";"";"felip";"PRO_SANE";"";"";"";"";"";"";"";"";"";""
"SH";"5";"";"";"";"24/01/2026 15:34:14";"24/01/2026 16:55:26";"";"";"";"C:\Users\felip\Desktop\CONSORCIO SANTOS\PROJETOS\TETEU-VV\PROJETOS TETEU\PROJETO ESGOTO\-25-PROJETO ESGOTO-VERDE-E-TETEUrev2.dwg";"A1 (1)";"";"";"PDF24";"";"A1";"0";"Plotted"
"JF";"5";"";"";"";"";"24/01/2026 16:55:26";"";"";"";"";"";"";"";"";"";"";"";"Plotted"
"JS";"6";"";"";"";"24/01/2026 18:40:21";"";"felip";"PRO_SANE";"";"";"";"";"";"";"";"";"";""
"SH";"6";"";"";"";"24/01/2026 18:40:26";"24/01/2026 18:44:37";"";"";"";"C:\Users\felip\Desktop\CONSORCIO SANTOS\PROJETOS\TETEU-VV\PROJETOS TETEU\PROJETO ESGOTO\-25-PROJETO ESGOTO-VERDE-E-TETEUrev2.dwg";"A1 (1)";"";"";"PDF24";"";"A1";"0";"Canceled"
"JF";"6";"";"";"";"";"24/01/2026 18:44:37";"";"";"";"";"";"";"";"";"";"";"";"Canceled"
"JS";"1";"";"";"";"25/01/2026 14:49:00";"";"felip";"PRO_SANE";"";"";"";"";"";"";"";"";"";""
"SH";"1";"";"";"";"25/01/2026 14:49:00";"25/01/2026 14:49:04";"";"";"";"C:\Users\felip\Desktop\CONSORCIO SANTOS\PROJETOS\TETEU-VV\PROJETOS TETEU\PROJETO ESGOTO\-25-PROJETO ESGOTO-VERDE-E-TETEUrev2.dwg";"A1 (1)";"";"";"AutoCAD PDF (High Quality Print).pc3";"C:\Users\felip\Desktop\CONSORCIO SANTOS\PROJETOS\TETEU-VV\PROJETOS TETEU\PROJETO ESGOTO\PROJETO ESGOTO PRANCHAS\TETEU VV FOLHA 9 A1.pdf";"ISO full bleed A1 (594.00 x 841.00 MM)";"0";"Plotted"
"JF";"1";"";"";"";"";"25/01/2026 14:49:04";"";"";"";"";"";"";"";"";"";"";"";"Plotted"
"JS";"2";"";"";"";"25/01/2026 14:51:04";"";"felip";"PRO_SANE";"";"";"";"";"";"";"";"";"";""
"SH";"2";"";"";"";"25/01/2026 14:51:04";"25/01/2026 14:51:08";"";"";"";"C:\Users\felip\Desktop\CONSORCIO SANTOS\PROJETOS\TETEU-VV\PROJETOS TETEU\PROJETO ESGOTO\-25-PROJETO ESGOTO-VERDE-E-TETEUrev2.dwg";"A1 (1)";"";"";"AutoCAD PDF (High Quality Print).pc3";"C:\Users\felip\Desktop\CONSORCIO SANTOS\PROJETOS\TETEU-VV\PROJETOS TETEU\PROJETO ESGOTO\PROJETO ESGOTO PRANCHAS\TETEU VV FOLHA 10 A1.pdf";"ISO full bleed A1 (594.00 x 841.00 MM)";"0";"Plotted"
"JF";"2";"";"";"";"";"25/01/2026 14:51:08";"";"";"";"";"";"";"";"";"";"";"";"Plotted"
"JS";"3";"";"";"";"25/01/2026 14:51:58";"";"felip";"PRO_SANE";"";"";"";"";"";"";"";"";"";""
"SH";"3";"";"";"";"25/01/2026 14:51:58";"25/01/2026 14:52:02";"";"";"";"C:\Users\felip\Desktop\CONSORCIO SANTOS\PROJETOS\TETEU-VV\PROJETOS TETEU\PROJETO ESGOTO\-25-PROJETO ESGOTO-VERDE-E-TETEUrev2.dwg";"A1 (1)";"";"";"AutoCAD PDF (High Quality Print).pc3";"C:\Users\felip\Desktop\CONSORCIO SANTOS\PROJETOS\TETEU-VV\PROJETOS TETEU\PROJETO ESGOTO\PROJETO ESGOTO PRANCHAS\TETEU VV FOLHA 11 A1.pdf";"ISO full bleed A1 (594.00 x 841.00 MM)";"0";"Plotted"
"JF";"3";"";"";"";"";"25/01/2026 14:52:02";"";"";"";"";"";"";"";"";"";"";"";"Plotted"
"JS";"4";"";"";"";"25/01/2026 14:52:38";"";"felip";"PRO_SANE";"";"";"";"";"";"";"";"";"";""
"SH";"4";"";"";"";"25/01/2026 14:52:38";"25/01/2026 14:52:42";"";"";"";"C:\Users\felip\Desktop\CONSORCIO SANTOS\PROJETOS\TETEU-VV\PROJETOS TETEU\PROJETO ESGOTO\-25-PROJETO ESGOTO-VERDE-E-TETEUrev2.dwg";"A1 (1)";"";"";"AutoCAD PDF (High Quality Print).pc3";"C:\Users\felip\Desktop\CONSORCIO SANTOS\PROJETOS\TETEU-VV\PROJETOS TETEU\PROJETO ESGOTO\PROJETO ESGOTO PRANCHAS\TETEU VV FOLHA 12 A1.pdf";"ISO full bleed A1 (594.00 x 841.00 MM)";"0";"Plotted"
"JF";"4";"";"";"";"";"25/01/2026 14:52:42";"";"";"";"";"";"";"";"";"";"";"";"Plotted"
"JS";"5";"";"";"";"25/01/2026 14:55:39";"";"felip";"PRO_SANE";"";"";"";"";"";"";"";"";"";""
"SH";"5";"";"";"";"25/01/2026 14:55:39";"25/01/2026 14:55:43";"";"";"";"C:\Users\felip\Desktop\CONSORCIO SANTOS\PROJETOS\TETEU-VV\PROJETOS TETEU\PROJETO ESGOTO\-25-PROJETO ESGOTO-VERDE-E-TETEUrev2.dwg";"A1 (1)";"";"";"AutoCAD PDF (High Quality Print).pc3";"C:\Users\felip\Desktop\CONSORCIO SANTOS\PROJETOS\TETEU-VV\PROJETOS TETEU\PROJETO ESGOTO\PROJETO ESGOTO PRANCHAS\TETEU VV FOLHA 13 A1.pdf";"ISO full bleed A1 (594.00 x 841.00 MM)";"0";"Plotted"
"JF";"5";"";"";"";"";"25/01/2026 14:55:43";"";"";"";"";"";"";"";"";"";"";"";"Plotted"
"JS";"6";"";"";"";"25/01/2026 15:02:03";"";"felip";"PRO_SANE";"";"";"";"";"";"";"";"";"";""
"SH";"6";"";"";"";"25/01/2026 15:02:03";"25/01/2026 15:02:07";"";"";"";"C:\Users\felip\Desktop\CONSORCIO SANTOS\PROJETOS\TETEU-VV\PROJETOS TETEU\PROJETO ESGOTO\-25-PROJETO ESGOTO-VERDE-E-TETEUrev2.dwg";"A1 (1)";"";"";"AutoCAD PDF (High Quality Print).pc3";"C:\Users\felip\Desktop\CONSORCIO SANTOS\PROJETOS\TETEU-VV\PROJETOS TETEU\PROJETO ESGOTO\PROJETO ESGOTO PRANCHAS\TETEU VV FOLHA 14 A1.pdf";"ISO full bleed A1 (594.00 x 841.00 MM)";"0";"Plotted"
"JF";"6";"";"";"";"";"25/01/2026 15:02:07";"";"";"";"";"";"";"";"";"";"";"";"Plotted"
"JS";"7";"";"";"";"25/01/2026 15:02:35";"";"felip";"PRO_SANE";"";"";"";"";"";"";"";"";"";""
"SH";"7";"";"";"";"25/01/2026 15:02:35";"25/01/2026 15:02:39";"";"";"";"C:\Users\felip\Desktop\CONSORCIO SANTOS\PROJETOS\TETEU-VV\PROJETOS TETEU\PROJETO ESGOTO\-25-PROJETO ESGOTO-VERDE-E-TETEUrev2.dwg";"A1 (1)";"";"";"AutoCAD PDF (High Quality Print).pc3";"C:\Users\felip\Desktop\CONSORCIO SANTOS\PROJETOS\TETEU-VV\PROJETOS TETEU\PROJETO ESGOTO\PROJETO ESGOTO PRANCHAS\TETEU VV FOLHA 15 A1.pdf";"ISO full bleed A1 (594.00 x 841.00 MM)";"0";"Plotted"
"JF";"7";"";"";"";"";"25/01/2026 15:02:39";"";"";"";"";"";"";"";"";"";"";"";"Plotted"
"JS";"8";"";"";"";"25/01/2026 15:03:30";"";"felip";"PRO_SANE";"";"";"";"";"";"";"";"";"";""
"SH";"8";"";"";"";"25/01/2026 15:03:30";"25/01/2026 15:03:33";"";"";"";"C:\Users\felip\Desktop\CONSORCIO SANTOS\PROJETOS\TETEU-VV\PROJETOS TETEU\PROJETO ESGOTO\-25-PROJETO ESGOTO-VERDE-E-TETEUrev2.dwg";"A1 (1)";"";"";"AutoCAD PDF (High Quality Print).pc3";"C:\Users\felip\Desktop\CONSORCIO SANTOS\PROJETOS\TETEU-VV\PROJETOS TETEU\PROJETO ESGOTO\PROJETO ESGOTO PRANCHAS\TETEU VV FOLHA 15 A1.pdf";"ISO full bleed A1 (594.00 x 841.00 MM)";"0";"Plotted"
"JF";"8";"";"";"";"";"25/01/2026 15:03:33";"";"";"";"";"";"";"";"";"";"";"";"Plotted"
"JS";"9";"";"";"";"25/01/2026 15:03:59";"";"felip";"PRO_SANE";"";"";"";"";"";"";"";"";"";""
"SH";"9";"";"";"";"25/01/2026 15:03:59";"25/01/2026 15:04:03";"";"";"";"C:\Users\felip\Desktop\CONSORCIO SANTOS\PROJETOS\TETEU-VV\PROJETOS TETEU\PROJETO ESGOTO\-25-PROJETO ESGOTO-VERDE-E-TETEUrev2.dwg";"A1 (1)";"";"";"AutoCAD PDF (High Quality Print).pc3";"C:\Users\felip\Desktop\CONSORCIO SANTOS\PROJETOS\TETEU-VV\PROJETOS TETEU\PROJETO ESGOTO\PROJETO ESGOTO PRANCHAS\TETEU VV FOLHA 16 A1.pdf";"ISO full bleed A1 (594.00 x 841.00 MM)";"0";"Plotted"
"JF";"9";"";"";"";"";"25/01/2026 15:04:03";"";"";"";"";"";"";"";"";"";"";"";"Plotted"
"JS";"10";"";"";"";"25/01/2026 15:35:24";"";"felip";"PRO_SANE";"";"";"";"";"";"";"";"";"";""
"SH";"10";"";"";"";"25/01/2026 15:35:24";"25/01/2026 15:35:26";"";"";"";"C:\Users\felip\Desktop\CONSORCIO SANTOS\PROJETOS\TETEU-VV\TETEU ÁGUA COM COTAS.dwg";"A1 (1)";"";"";"DWG To PDF.pc3";"C:\Users\felip\Desktop\CONSORCIO SANTOS\PROJETOS\TETEU-VV\PROJETOS TETEU\PROJETO AGUA E SIMULAÇÃO\TETEU VV AGUA FOLHA 1 A1.pdf";"ISO full bleed A1 (594.00 x 841.00 MM)";"0";"Plotted"
"JF";"10";"";"";"";"";"25/01/2026 15:35:26";"";"";"";"";"";"";"";"";"";"";"";"Plotted"
"JS";"11";"";"";"";"25/01/2026 15:43:19";"";"felip";"PRO_SANE";"";"";"";"";"";"";"";"";"";""
"SH";"11";"";"";"";"25/01/2026 15:43:19";"25/01/2026 15:43:20";"";"";"";"C:\Users\felip\Desktop\CONSORCIO SANTOS\PROJETOS\TETEU-VV\TETEU ÁGUA COM COTAS.dwg";"A1 (2)";"";"";"DWG To PDF.pc3";"C:\Users\felip\Desktop\CONSORCIO SANTOS\PROJETOS\TETEU-VV\PROJETOS TETEU\PROJETO AGUA E SIMULAÇÃO\TETEU VV AGUA FOLHA 2 A1.pdf";"ISO full bleed A1 (594.00 x 841.00 MM)";"0";"Plotted"
"JF";"11";"";"";"";"";"25/01/2026 15:43:20";"";"";"";"";"";"";"";"";"";"";"";"Plotted"
"JS";"12";"";"";"";"25/01/2026 15:44:10";"";"felip";"PRO_SANE";"";"";"";"";"";"";"";"";"";""
"SH";"12";"";"";"";"25/01/2026 15:44:10";"25/01/2026 15:44:11";"";"";"";"C:\Users\felip\Desktop\CONSORCIO SANTOS\PROJETOS\TETEU-VV\TETEU ÁGUA COM COTAS.dwg";"A1 (2)";"";"";"DWG To PDF.pc3";"C:\Users\felip\Desktop\CONSORCIO SANTOS\PROJETOS\TETEU-VV\PROJETOS TETEU\PROJETO AGUA E SIMULAÇÃO\TETEU VV AGUA FOLHA 2 A1.pdf";"ISO full bleed A1 (594.00 x 841.00 MM)";"0";"Plotted"
"JF";"12";"";"";"";"";"25/01/2026 15:44:11";"";"";"";"";"";"";"";"";"";"";"";"Plotted"
"JS";"13";"";"";"";"25/01/2026 15:46:04";"";"felip";"PRO_SANE";"";"";"";"";"";"";"";"";"";""
"SH";"13";"";"";"";"25/01/2026 15:46:04";"25/01/2026 15:46:05";"";"";"";"C:\Users\felip\Desktop\CONSORCIO SANTOS\PROJETOS\TETEU-VV\TETEU ÁGUA COM COTAS.dwg";"A1 (3)";"";"";"DWG To PDF.pc3";"C:\Users\felip\Desktop\CONSORCIO SANTOS\PROJETOS\TETEU-VV\PROJETOS TETEU\PROJETO AGUA E SIMULAÇÃO\TETEU VV AGUA FOLHA 3 A1.pdf";"ISO full bleed A1 (594.00 x 841.00 MM)";"0";"Plotted"
"JF";"13";"";"";"";"";"25/01/2026 15:46:05";"";"";"";"";"";"";"";"";"";"";"";"Plotted"
"JS";"14";"";"";"";"25/01/2026 15:49:26";"";"felip";"PRO_SANE";"";"";"";"";"";"";"";"";"";""
"SH";"14";"";"";"";"25/01/2026 15:49:26";"25/01/2026 15:49:27";"";"";"";"C:\Users\felip\Desktop\CONSORCIO SANTOS\PROJETOS\TETEU-VV\TETEU ÁGUA COM COTAS.dwg";"A1 (4)";"";"";"DWG To PDF.pc3";"C:\Users\felip\Desktop\CONSORCIO SANTOS\PROJETOS\TETEU-VV\PROJETOS TETEU\PROJETO AGUA E SIMULAÇÃO\TETEU VV AGUA FOLHA 4 A1.pdf";"ISO full bleed A1 (594.00 x 841.00 MM)";"0";"Plotted"
"JF";"14";"";"";"";"";"25/01/2026 15:49:27";"";"";"";"";"";"";"";"";"";"";"";"Plotted"
"JS";"15";"";"";"";"25/01/2026 16:01:05";"";"felip";"PRO_SANE";"";"";"";"";"";"";"";"";"";""
"SH";"15";"";"";"";"25/01/2026 16:01:05";"25/01/2026 16:01:06";"";"";"";"C:\Users\felip\Desktop\CONSORCIO SANTOS\PROJETOS\TETEU-VV\PROJETOS TETEU\PROJETO AGUA E SIMULAÇÃO\Nova pasta\TETEU ÁGUA COM COTAS - ENTRADA AGUA 1.dwg";"A1 ESQUEMATICO";"";"";"DWG To PDF.pc3";"C:\Users\felip\Desktop\CONSORCIO SANTOS\PROJETOS\TETEU-VV\PROJETOS TETEU\PROJETO AGUA E SIMULAÇÃO\TETEU VV AGUA FOLHA 1ESQUEMÁTICO  A1.pdf";"ISO full bleed A1 (594.00 x 841.00 MM)";"0";"Plotted"
"JF";"15";"";"";"";"";"25/01/2026 16:01:06";"";"";"";"";"";"";"";"";"";"";"";"Plotted"
"JS";"16";"";"";"";"25/01/2026 16:31:46";"";"felip";"PRO_SANE";"";"";"";"";"";"";"";"";"";""
"SH";"16";"";"";"";"25/01/2026 16:31:46";"25/01/2026 16:31:47";"";"";"";"C:\Users\felip\Desktop\CONSORCIO SANTOS\PROJETOS\SÃO MANOEL\TRONCO PRELIMIAR - SÃO MANUEL_ESGOTO_EI.dwg";"FORMATO_A1-1000";"";"";"AutoCAD PDF (High Quality Print).pc3";"C:\Users\felip\Desktop\CONSORCIO SANTOS\PROJETOS\SÃO MANOEL\ESGOTO SÃO MANOEL FOLHA 1 A1.pdf";"ISO full bleed A1 (841.00 x 594.00 MM)";"0";"Plotted"
"JF";"16";"";"";"";"";"25/01/2026 16:31:47";"";"";"";"";"";"";"";"";"";"";"";"Plotted"
"JS";"17";"";"";"";"25/01/2026 16:33:54";"";"felip";"PRO_SANE";"";"";"";"";"";"";"";"";"";""
"SH";"17";"";"";"";"25/01/2026 16:33:54";"25/01/2026 16:33:55";"";"";"";"C:\Users\felip\Desktop\CONSORCIO SANTOS\PROJETOS\SÃO MANOEL\TRONCO PRELIMIAR - SÃO MANUEL_ESGOTO_EI.dwg";"FORMATO_A1-1000 (2)";"";"";"AutoCAD PDF (High Quality Print).pc3";"C:\Users\felip\Desktop\CONSORCIO SANTOS\PROJETOS\SÃO MANOEL\ESGOTO SÃO MANOEL FOLHA 2 A1.pdf";"ISO full bleed A1 (841.00 x 594.00 MM)";"0";"Plotted"
"JF";"17";"";"";"";"";"25/01/2026 16:33:55";"";"";"";"";"";"";"";"";"";"";"";"Plotted"
"JS";"18";"";"";"";"25/01/2026 16:35:52";"";"felip";"PRO_SANE";"";"";"";"";"";"";"";"";"";""
"SH";"18";"";"";"";"25/01/2026 16:35:52";"25/01/2026 16:35:53";"";"";"";"C:\Users\felip\Desktop\CONSORCIO SANTOS\PROJETOS\SÃO MANOEL\TRONCO PRELIMIAR - SÃO MANUEL_ESGOTO_EI.dwg";"FORMATO_A1-1000 (2)";"";"";"AutoCAD PDF (High Quality Print).pc3";"C:\Users\felip\Desktop\CONSORCIO SANTOS\PROJETOS\SÃO MANOEL\ESGOTO SÃO MANOEL FOLHA 3 A1.pdf";"ISO full bleed A1 (841.00 x 594.00 MM)";"0";"Plotted"
"JF";"18";"";"";"";"";"25/01/2026 16:35:53";"";"";"";"";"";"";"";"";"";"";"";"Plotted"
"JS";"19";"";"";"";"25/01/2026 16:37:31";"";"felip";"PRO_SANE";"";"";"";"";"";"";"";"";"";""
"SH";"19";"";"";"";"25/01/2026 16:37:31";"25/01/2026 16:37:33";"";"";"";"C:\Users\felip\Desktop\CONSORCIO SANTOS\PROJETOS\SÃO MANOEL\TRONCO PRELIMIAR - SÃO MANUEL_ESGOTO_EI.dwg";"FORMATO_A1-1000 (2)";"";"";"AutoCAD PDF (High Quality Print).pc3";"C:\Users\felip\Desktop\CONSORCIO SANTOS\PROJETOS\SÃO MANOEL\ESGOTO SÃO MANOEL FOLHA 4 A1.pdf";"ISO full bleed A1 (841.00 x 594.00 MM)";"0";"Plotted"
"JF";"19";"";"";"";"";"25/01/2026 16:37:33";"";"";"";"";"";"";"";"";"";"";"";"Plotted"
"JS";"20";"";"";"";"25/01/2026 16:38:57";"";"felip";"PRO_SANE";"";"";"";"";"";"";"";"";"";""
"SH";"20";"";"";"";"25/01/2026 16:38:57";"25/01/2026 16:38:58";"";"";"";"C:\Users\felip\Desktop\CONSORCIO SANTOS\PROJETOS\SÃO MANOEL\TRONCO PRELIMIAR - SÃO MANUEL_ESGOTO_EI.dwg";"FORMATO_A1-1000 (2)";"";"";"AutoCAD PDF (High Quality Print).pc3";"C:\Users\felip\Desktop\CONSORCIO SANTOS\PROJETOS\SÃO MANOEL\ESGOTO SÃO MANOEL FOLHA 5 A1.pdf";"ISO full bleed A1 (841.00 x 594.00 MM)";"0";"Plotted"
"JF";"20";"";"";"";"";"25/01/2026 16:38:58";"";"";"";"";"";"";"";"";"";"";"";"Plotted"
"JS";"21";"";"";"";"25/01/2026 16:40:02";"";"felip";"PRO_SANE";"";"";"";"";"";"";"";"";"";""
"SH";"21";"";"";"";"25/01/2026 16:40:02";"25/01/2026 16:40:03";"";"";"";"C:\Users\felip\Desktop\CONSORCIO SANTOS\PROJETOS\SÃO MANOEL\TRONCO PRELIMIAR - SÃO MANUEL_ESGOTO_EI.dwg";"FORMATO_A1-1000 (2)";"";"";"AutoCAD PDF (High Quality Print).pc3";"C:\Users\felip\Desktop\CONSORCIO SANTOS\PROJETOS\SÃO MANOEL\ESGOTO SÃO MANOEL FOLHA 6 A1.pdf";"ISO full bleed A1 (841.00 x 594.00 MM)";"0";"Plotted"
"JF";"21";"";"";"";"";"25/01/2026 16:40:03";"";"";"";"";"";"";"";"";"";"";"";"Plotted"
"JS";"22";"";"";"";"25/01/2026 16:40:58";"";"felip";"PRO_SANE";"";"";"";"";"";"";"";"";"";""
"SH";"22";"";"";"";"25/01/2026 16:40:58";"25/01/2026 16:40:59";"";"";"";"C:\Users\felip\Desktop\CONSORCIO SANTOS\PROJETOS\SÃO MANOEL\TRONCO PRELIMIAR - SÃO MANUEL_ESGOTO_EI.dwg";"FORMATO_A1-1000 (2)";"";"";"AutoCAD PDF (High Quality Print).pc3";"C:\Users\felip\Desktop\CONSORCIO SANTOS\PROJETOS\SÃO MANOEL\ESGOTO SÃO MANOEL FOLHA 7 A1.pdf";"ISO full bleed A1 (841.00 x 594.00 MM)";"0";"Plotted"
"JF";"22";"";"";"";"";"25/01/2026 16:40:59";"";"";"";"";"";"";"";"";"";"";"";"Plotted"
"JS";"23";"";"";"";"25/01/2026 16:43:13";"";"felip";"PRO_SANE";"";"";"";"";"";"";"";"";"";""
"SH";"23";"";"";"";"25/01/2026 16:43:13";"25/01/2026 16:43:13";"";"";"";"C:\Users\felip\Desktop\CONSORCIO SANTOS\PROJETOS\SÃO MANOEL\TRONCO PRELIMIAR - SÃO MANUEL_ESGOTO_EI.dwg";"FORMATO_A1-1000 (2)";"";"";"AutoCAD PDF (High Quality Print).pc3";"C:\Users\felip\Desktop\CONSORCIO SANTOS\PROJETOS\SÃO MANOEL\ESGOTO SÃO MANOEL FOLHA 8 A1.pdf";"ISO full bleed A1 (841.00 x 594.00 MM)";"0";"Plotted"
"JF";"23";"";"";"";"";"25/01/2026 16:43:13";"";"";"";"";"";"";"";"";"";"";"";"Plotted"
"JS";"1";"";"";"";"25/01/2026 17:13:23";"";"felip";"PRO_SANE";"";"";"";"";"";"";"";"";"";""
"SH";"1";"";"";"";"25/01/2026 17:13:23";"25/01/2026 17:13:24";"";"";"";"C:\Users\felip\Desktop\CONSORCIO SANTOS\PROJETOS\SÃO MANOEL\TRONCO PRELIMIAR - SÃO MANUEL_ESGOTO_EI.dwg";"FORMATO_A1-1000 (2)";"";"";"AutoCAD PDF (High Quality Print).pc3";"C:\Users\felip\Desktop\CONSORCIO SANTOS\PROJETOS\SÃO MANOEL\ESGOTO SÃO MANOEL FOLHA 9 A1.pdf";"ISO full bleed A1 (841.00 x 594.00 MM)";"0";"Plotted"
"JF";"1";"";"";"";"";"25/01/2026 17:13:24";"";"";"";"";"";"";"";"";"";"";"";"Plotted"
"JS";"2";"";"";"";"25/01/2026 17:15:05";"";"felip";"PRO_SANE";"";"";"";"";"";"";"";"";"";""
"SH";"2";"";"";"";"25/01/2026 17:15:05";"25/01/2026 17:15:06";"";"";"";"C:\Users\felip\Desktop\CONSORCIO SANTOS\PROJETOS\SÃO MANOEL\TRONCO PRELIMIAR - SÃO MANUEL_ESGOTO_EI.dwg";"FORMATO_A1-1000 (2)";"";"";"AutoCAD PDF (High Quality Print).pc3";"C:\Users\felip\Desktop\CONSORCIO SANTOS\PROJETOS\SÃO MANOEL\ESGOTO SÃO MANOEL FOLHA 10 A1.pdf";"ISO full bleed A1 (841.00 x 594.00 MM)";"0";"Plotted"
"JF";"2";"";"";"";"";"25/01/2026 17:15:06";"";"";"";"";"";"";"";"";"";"";"";"Plotted"
"JS";"3";"";"";"";"25/01/2026 17:16:49";"";"felip";"PRO_SANE";"";"";"";"";"";"";"";"";"";""
"SH";"3";"";"";"";"25/01/2026 17:16:49";"25/01/2026 17:16:49";"";"";"";"C:\Users\felip\Desktop\CONSORCIO SANTOS\PROJETOS\SÃO MANOEL\TRONCO PRELIMIAR - SÃO MANUEL_ESGOTO_EI.dwg";"FORMATO_A1-1000 (2)";"";"";"AutoCAD PDF (High Quality Print).pc3";"C:\Users\felip\Desktop\CONSORCIO SANTOS\PROJETOS\SÃO MANOEL\ESGOTO SÃO MANOEL FOLHA 11 A1.pdf";"ISO full bleed A1 (841.00 x 594.00 MM)";"0";"Plotted"
"JF";"3";"";"";"";"";"25/01/2026 17:16:49";"";"";"";"";"";"";"";"";"";"";"";"Plotted"
"JS";"4";"";"";"";"25/01/2026 17:18:39";"";"felip";"PRO_SANE";"";"";"";"";"";"";"";"";"";""
"SH";"4";"";"";"";"25/01/2026 17:18:39";"25/01/2026 17:18:40";"";"";"";"C:\Users\felip\Desktop\CONSORCIO SANTOS\PROJETOS\SÃO MANOEL\TRONCO PRELIMIAR - SÃO MANUEL_ESGOTO_EI.dwg";"FORMATO_A1-1000 (2)";"";"";"AutoCAD PDF (High Quality Print).pc3";"C:\Users\felip\Desktop\CONSORCIO SANTOS\PROJETOS\SÃO MANOEL\ESGOTO SÃO MANOEL FOLHA 12 A1.pdf";"ISO full bleed A1 (841.00 x 594.00 MM)";"0";"Plotted"
"JF";"4";"";"";"";"";"25/01/2026 17:18:40";"";"";"";"";"";"";"";"";"";"";"";"Plotted"
"JS";"1";"";"";"";"25/01/2026 17:29:38";"";"felip";"PRO_SANE";"";"";"";"";"";"";"";"";"";""
"SH";"1";"";"";"";"25/01/2026 17:29:38";"25/01/2026 17:29:39";"";"";"";"C:\Users\felip\Desktop\CONSORCIO SANTOS\PROJETOS\SÃO MANOEL\TRONCO PRELIMIAR - SÃO MANUEL_ESGOTO_EI.dwg";"FORMATO_A1-1000 (2)";"";"";"AutoCAD PDF (High Quality Print).pc3";"C:\Users\felip\Desktop\CONSORCIO SANTOS\PROJETOS\SÃO MANOEL\ESGOTO SÃO MANOEL FOLHA 13 A1.pdf";"ISO full bleed A1 (841.00 x 594.00 MM)";"0";"Plotted"
"JF";"1";"";"";"";"";"25/01/2026 17:29:39";"";"";"";"";"";"";"";"";"";"";"";"Plotted"
"JS";"2";"";"";"";"25/01/2026 17:33:18";"";"felip";"PRO_SANE";"";"";"";"";"";"";"";"";"";""
"SH";"2";"";"";"";"25/01/2026 17:33:18";"25/01/2026 17:33:19";"";"";"";"C:\Users\felip\Desktop\CONSORCIO SANTOS\PROJETOS\SÃO MANOEL\TRONCO PRELIMIAR - SÃO MANUEL_ESGOTO_EI.dwg";"FORMATO_A1-1000 (2)";"";"";"AutoCAD PDF (High Quality Print).pc3";"C:\Users\felip\Desktop\CONSORCIO SANTOS\PROJETOS\SÃO MANOEL\ESGOTO SÃO MANOEL FOLHA 14 A1.pdf";"ISO full bleed A1 (841.00 x 594.00 MM)";"0";"Plotted"
"JF";"2";"";"";"";"";"25/01/2026 17:33:19";"";"";"";"";"";"";"";"";"";"";"";"Plotted"
"JS";"1";"";"";"";"26/01/2026 08:31:41";"";"felip";"PRO_SANE";"";"";"";"";"";"";"";"";"";""
"SH";"1";"";"";"";"26/01/2026 08:31:41";"26/01/2026 08:31:42";"";"";"";"C:\Users\felip\Desktop\CONSORCIO SANTOS\PROJETOS\PANTANAL BAIXO\PROJETOS PANTANAL BAIXO\PROJETO AGUA E SIMULAÇÃO\PANTANAL ÁGUA.dwg";"Layout1";"";"";"AutoCAD PDF (High Quality Print).pc3";"C:\Users\felip\Desktop\CONSORCIO SANTOS\PROJETOS\PANTANAL BAIXO\PROJETOS PANTANAL BAIXO\PROJETO AGUA E SIMULAÇÃO\PANTANAL ÁGUA-FOLHA01A1.pdf";"ISO full bleed A1 (841.00 x 594.00 MM)";"0";"Plotted"
"JF";"1";"";"";"";"";"26/01/2026 08:31:42";"";"";"";"";"";"";"";"";"";"";"";"Plotted"
"JS";"2";"";"";"";"26/01/2026 08:54:51";"";"felip";"PRO_SANE";"";"";"";"";"";"";"";"";"";""
"SH";"2";"";"";"";"26/01/2026 08:54:51";"26/01/2026 08:54:55";"";"";"";"C:\Users\felip\Desktop\CONSORCIO SANTOS\PROJETOS\ISRAEL\PROJETOS ISRAEL\PROJETO ESGOTO\ESGOTO ISRAEL-ULTIMA.dwg";"Layout1";"";"";"AutoCAD PDF (High Quality Print).pc3";"C:\Users\felip\Desktop\CONSORCIO SANTOS\PROJETOS\ISRAEL\PROJETOS ISRAEL\PROJETO ESGOTO\ESGOTO ISRAEL-ULTIMA-Layout1.pdf";"ISO A1 (594.00 x 841.00 MM)";"0";"Plotted"
"JF";"2";"";"";"";"";"26/01/2026 08:54:55";"";"";"";"";"";"";"";"";"";"";"";"Plotted"
"JS";"3";"";"";"";"26/01/2026 09:00:47";"";"felip";"PRO_SANE";"";"";"";"";"";"";"";"";"";""
"SH";"3";"";"";"";"26/01/2026 09:00:47";"26/01/2026 09:00:51";"";"";"";"C:\Users\felip\Desktop\CONSORCIO SANTOS\PROJETOS\ISRAEL\PROJETOS ISRAEL\PROJETO ESGOTO\ESGOTO ISRAEL-ULTIMA.dwg";"Layout1";"";"";"AutoCAD PDF (High Quality Print).pc3";"C:\Users\felip\Desktop\CONSORCIO SANTOS\PROJETOS\ISRAEL\PROJETOS ISRAEL\PROJETO ESGOTO\ESGOTO ISRAEL-ULTIMA-FOLHA1.pdf";"ISO full bleed A1 (594.00 x 841.00 MM)";"0";"Plotted"
"JF";"3";"";"";"";"";"26/01/2026 09:00:51";"";"";"";"";"";"";"";"";"";"";"";"Plotted"
"JS";"4";"";"";"";"26/01/2026 09:40:39";"";"felip";"PRO_SANE";"";"";"";"";"";"";"";"";"";""
"SH";"4";"";"";"";"26/01/2026 09:40:39";"26/01/2026 09:40:43";"";"";"";"C:\Users\felip\Desktop\CONSORCIO SANTOS\PROJETOS\ISRAEL\PROJETOS ISRAEL\PROJETO AGUA E SIMULAÇÃO\ISRAEL ÁGUA - REV05.dwg";"A1 (1)";"";"";"DWG To PDF.pc3";"C:\Users\felip\Desktop\CONSORCIO SANTOS\PROJETOS\ISRAEL\PROJETOS ISRAEL\PROJETO AGUA E SIMULAÇÃO\ISRAEL ÁGUA - REV05-A1 (1).pdf";"ISO full bleed A1 (594.00 x 841.00 MM)";"0";"Plotted"
"JF";"4";"";"";"";"";"26/01/2026 09:40:43";"";"";"";"";"";"";"";"";"";"";"";"Plotted"
"JS";"5";"";"";"";"26/01/2026 09:51:26";"";"felip";"PRO_SANE";"";"";"";"";"";"";"";"";"";""
"SH";"5";"";"";"";"26/01/2026 09:51:26";"26/01/2026 09:51:29";"";"";"";"C:\Users\felip\Desktop\CONSORCIO SANTOS\PROJETOS\ISRAEL\PROJETOS ISRAEL\PROJETO AGUA E SIMULAÇÃO\ISRAEL ÁGUA - REV05.dwg";"A1 (5)";"";"";"DWG To PDF.pc3";"C:\Users\felip\Desktop\CONSORCIO SANTOS\PROJETOS\ISRAEL\PROJETOS ISRAEL\PROJETO AGUA E SIMULAÇÃO\ISRAEL ÁGUA - REV05-A1FOLHA2.pdf";"ISO full bleed A1 (594.00 x 841.00 MM)";"0";"Plotted"
"JF";"5";"";"";"";"";"26/01/2026 09:51:29";"";"";"";"";"";"";"";"";"";"";"";"Plotted"
"JS";"1";"";"";"";"27/01/2026 10:48:33";"";"felip";"PRO_SANE";"";"";"";"";"";"";"";"";"";""
"SH";"1";"";"";"";"27/01/2026 10:48:33";"27/01/2026 10:48:34";"";"";"";"C:\Users\felip\AppData\Local\Microsoft\Olk\Attachments\ooa-0779a1f3-99f7-4169-9342-60fb5aafb03c\1426d37cf98f1a1487885cc21bc48e4393bf36b2d381e83a0b73640a638b1dda\TRONCO PRELIMIAR - SÃO MANUEL_ESGOTO_EI_20-01-26.dwg";"FORMATO_A1-1000";"";"";"AutoCAD PDF (High Quality Print).pc3";"C:\Users\felip\Desktop\CONSORCIO SANTOS\PROJETOS\SÃO MANOEL\ESGOTO SÃO MANOEL FOLHA 1 A1rev1.pdf";"ISO full bleed A1 (841.00 x 594.00 MM)";"0";"Plotted"
"JF";"1";"";"";"";"";"27/01/2026 10:48:34";"";"";"";"";"";"";"";"";"";"";"";"Plotted"
"JS";"2";"";"";"";"27/01/2026 10:51:50";"";"felip";"PRO_SANE";"";"";"";"";"";"";"";"";"";""
"SH";"2";"";"";"";"27/01/2026 10:51:50";"27/01/2026 10:51:51";"";"";"";"C:\Users\felip\AppData\Local\Microsoft\Olk\Attachments\ooa-0779a1f3-99f7-4169-9342-60fb5aafb03c\1426d37cf98f1a1487885cc21bc48e4393bf36b2d381e83a0b73640a638b1dda\TRONCO PRELIMIAR - SÃO MANUEL_ESGOTO_EI_20-01-26.dwg";"FORMATO_A1-1000";"";"";"AutoCAD PDF (High Quality Print).pc3";"C:\Users\felip\Desktop\CONSORCIO SANTOS\PROJETOS\SÃO MANOEL\ESGOTO SÃO MANOEL FOLHA 2 A1rev1.pdf";"ISO full bleed A1 (841.00 x 594.00 MM)";"0";"Plotted"
"JF";"2";"";"";"";"";"27/01/2026 10:51:51";"";"";"";"";"";"";"";"";"";"";"";"Plotted"
"JS";"3";"";"";"";"27/01/2026 10:53:26";"";"felip";"PRO_SANE";"";"";"";"";"";"";"";"";"";""
"SH";"3";"";"";"";"27/01/2026 10:53:26";"27/01/2026 10:53:27";"";"";"";"C:\Users\felip\AppData\Local\Microsoft\Olk\Attachments\ooa-0779a1f3-99f7-4169-9342-60fb5aafb03c\1426d37cf98f1a1487885cc21bc48e4393bf36b2d381e83a0b73640a638b1dda\TRONCO PRELIMIAR - SÃO MANUEL_ESGOTO_EI_20-01-26.dwg";"FORMATO_A1-1000";"";"";"AutoCAD PDF (High Quality Print).pc3";"C:\Users\felip\Desktop\CONSORCIO SANTOS\PROJETOS\SÃO MANOEL\ESGOTO SÃO MANOEL FOLHA 1 A1rev1.pdf";"ISO full bleed A1 (841.00 x 594.00 MM)";"0";"Plotted"
"JF";"3";"";"";"";"";"27/01/2026 10:53:27";"";"";"";"";"";"";"";"";"";"";"";"Plotted"
"JS";"4";"";"";"";"27/01/2026 10:53:59";"";"felip";"PRO_SANE";"";"";"";"";"";"";"";"";"";""
"SH";"4";"";"";"";"27/01/2026 10:53:59";"27/01/2026 10:54:00";"";"";"";"C:\Users\felip\AppData\Local\Microsoft\Olk\Attachments\ooa-0779a1f3-99f7-4169-9342-60fb5aafb03c\1426d37cf98f1a1487885cc21bc48e4393bf36b2d381e83a0b73640a638b1dda\TRONCO PRELIMIAR - SÃO MANUEL_ESGOTO_EI_20-01-26.dwg";"FORMATO_A1-1000";"";"";"AutoCAD PDF (High Quality Print).pc3";"C:\Users\felip\Desktop\CONSORCIO SANTOS\PROJETOS\SÃO MANOEL\ESGOTO SÃO MANOEL FOLHA 2 A1rev1.pdf";"ISO full bleed A1 (841.00 x 594.00 MM)";"0";"Plotted"
"JF";"4";"";"";"";"";"27/01/2026 10:54:00";"";"";"";"";"";"";"";"";"";"";"";"Plotted"
"JS";"5";"";"";"";"27/01/2026 10:55:22";"";"felip";"PRO_SANE";"";"";"";"";"";"";"";"";"";""
"SH";"5";"";"";"";"27/01/2026 10:55:22";"27/01/2026 10:55:23";"";"";"";"C:\Users\felip\AppData\Local\Microsoft\Olk\Attachments\ooa-0779a1f3-99f7-4169-9342-60fb5aafb03c\1426d37cf98f1a1487885cc21bc48e4393bf36b2d381e83a0b73640a638b1dda\TRONCO PRELIMIAR - SÃO MANUEL_ESGOTO_EI_20-01-26.dwg";"FORMATO_A1-1000";"";"";"AutoCAD PDF (High Quality Print).pc3";"C:\Users\felip\Desktop\CONSORCIO SANTOS\PROJETOS\SÃO MANOEL\ESGOTO SÃO MANOEL FOLHA 3 A1rev1.pdf";"ISO full bleed A1 (841.00 x 594.00 MM)";"0";"Plotted"
"JF";"5";"";"";"";"";"27/01/2026 10:55:23";"";"";"";"";"";"";"";"";"";"";"";"Plotted"
"JS";"6";"";"";"";"27/01/2026 10:57:46";"";"felip";"PRO_SANE";"";"";"";"";"";"";"";"";"";""
"SH";"6";"";"";"";"27/01/2026 10:57:46";"27/01/2026 10:57:48";"";"";"";"C:\Users\felip\AppData\Local\Microsoft\Olk\Attachments\ooa-0779a1f3-99f7-4169-9342-60fb5aafb03c\1426d37cf98f1a1487885cc21bc48e4393bf36b2d381e83a0b73640a638b1dda\TRONCO PRELIMIAR - SÃO MANUEL_ESGOTO_EI_20-01-26.dwg";"FORMATO_A1-1000";"";"";"AutoCAD PDF (High Quality Print).pc3";"C:\Users\felip\Desktop\CONSORCIO SANTOS\PROJETOS\SÃO MANOEL\ESGOTO SÃO MANOEL FOLHA 4 A1rev1.pdf";"ISO full bleed A1 (841.00 x 594.00 MM)";"0";"Plotted"
"JF";"6";"";"";"";"";"27/01/2026 10:57:48";"";"";"";"";"";"";"";"";"";"";"";"Plotted"
"JS";"7";"";"";"";"27/01/2026 10:59:47";"";"felip";"PRO_SANE";"";"";"";"";"";"";"";"";"";""
"SH";"7";"";"";"";"27/01/2026 10:59:47";"27/01/2026 10:59:48";"";"";"";"C:\Users\felip\AppData\Local\Microsoft\Olk\Attachments\ooa-0779a1f3-99f7-4169-9342-60fb5aafb03c\1426d37cf98f1a1487885cc21bc48e4393bf36b2d381e83a0b73640a638b1dda\TRONCO PRELIMIAR - SÃO MANUEL_ESGOTO_EI_20-01-26.dwg";"FORMATO_A1-1000";"";"";"AutoCAD PDF (High Quality Print).pc3";"C:\Users\felip\Desktop\CONSORCIO SANTOS\PROJETOS\SÃO MANOEL\ESGOTO SÃO MANOEL FOLHA 5 A1rev1.pdf";"ISO full bleed A1 (841.00 x 594.00 MM)";"0";"Plotted"
"JF";"7";"";"";"";"";"27/01/2026 10:59:48";"";"";"";"";"";"";"";"";"";"";"";"Plotted"
"JS";"8";"";"";"";"27/01/2026 11:01:28";"";"felip";"PRO_SANE";"";"";"";"";"";"";"";"";"";""
"SH";"8";"";"";"";"27/01/2026 11:01:28";"27/01/2026 11:01:29";"";"";"";"C:\Users\felip\AppData\Local\Microsoft\Olk\Attachments\ooa-0779a1f3-99f7-4169-9342-60fb5aafb03c\1426d37cf98f1a1487885cc21bc48e4393bf36b2d381e83a0b73640a638b1dda\TRONCO PRELIMIAR - SÃO MANUEL_ESGOTO_EI_20-01-26.dwg";"FORMATO_A1-1000";"";"";"AutoCAD PDF (High Quality Print).pc3";"C:\Users\felip\Desktop\CONSORCIO SANTOS\PROJETOS\SÃO MANOEL\ESGOTO SÃO MANOEL FOLHA 6 A1rev1.pdf";"ISO full bleed A1 (841.00 x 594.00 MM)";"0";"Plotted"
"JF";"8";"";"";"";"";"27/01/2026 11:01:29";"";"";"";"";"";"";"";"";"";"";"";"Plotted"
"JS";"9";"";"";"";"27/01/2026 11:05:29";"";"felip";"PRO_SANE";"";"";"";"";"";"";"";"";"";""
"SH";"9";"";"";"";"27/01/2026 11:05:29";"27/01/2026 11:05:30";"";"";"";"C:\Users\felip\AppData\Local\Microsoft\Olk\Attachments\ooa-0779a1f3-99f7-4169-9342-60fb5aafb03c\1426d37cf98f1a1487885cc21bc48e4393bf36b2d381e83a0b73640a638b1dda\TRONCO PRELIMIAR - SÃO MANUEL_ESGOTO_EI_20-01-26.dwg";"FORMATO_A1-1000";"";"";"AutoCAD PDF (High Quality Print).pc3";"C:\Users\felip\Desktop\CONSORCIO SANTOS\PROJETOS\SÃO MANOEL\ESGOTO SÃO MANOEL FOLHA 7 A1rev1.pdf";"ISO full bleed A1 (841.00 x 594.00 MM)";"0";"Plotted"
"JF";"9";"";"";"";"";"27/01/2026 11:05:30";"";"";"";"";"";"";"";"";"";"";"";"Plotted"
"JS";"10";"";"";"";"27/01/2026 11:07:35";"";"felip";"PRO_SANE";"";"";"";"";"";"";"";"";"";""
"SH";"10";"";"";"";"27/01/2026 11:07:35";"27/01/2026 11:07:36";"";"";"";"C:\Users\felip\AppData\Local\Microsoft\Olk\Attachments\ooa-0779a1f3-99f7-4169-9342-60fb5aafb03c\1426d37cf98f1a1487885cc21bc48e4393bf36b2d381e83a0b73640a638b1dda\TRONCO PRELIMIAR - SÃO MANUEL_ESGOTO_EI_20-01-26.dwg";"FORMATO_A1-1000";"";"";"AutoCAD PDF (High Quality Print).pc3";"C:\Users\felip\Desktop\CONSORCIO SANTOS\PROJETOS\SÃO MANOEL\ESGOTO SÃO MANOEL FOLHA 8 A1rev1.pdf";"ISO full bleed A1 (841.00 x 594.00 MM)";"0";"Plotted"
"JF";"10";"";"";"";"";"27/01/2026 11:07:36";"";"";"";"";"";"";"";"";"";"";"";"Plotted"
"JS";"11";"";"";"";"27/01/2026 11:10:04";"";"felip";"PRO_SANE";"";"";"";"";"";"";"";"";"";""
"SH";"11";"";"";"";"27/01/2026 11:10:04";"27/01/2026 11:10:05";"";"";"";"C:\Users\felip\AppData\Local\Microsoft\Olk\Attachments\ooa-0779a1f3-99f7-4169-9342-60fb5aafb03c\1426d37cf98f1a1487885cc21bc48e4393bf36b2d381e83a0b73640a638b1dda\TRONCO PRELIMIAR - SÃO MANUEL_ESGOTO_EI_20-01-26.dwg";"FORMATO_A1-1000";"";"";"AutoCAD PDF (High Quality Print).pc3";"C:\Users\felip\Desktop\CONSORCIO SANTOS\PROJETOS\SÃO MANOEL\ESGOTO SÃO MANOEL FOLHA 9 A1rev1.pdf";"ISO full bleed A1 (841.00 x 594.00 MM)";"0";"Plotted"
"JF";"11";"";"";"";"";"27/01/2026 11:10:05";"";"";"";"";"";"";"";"";"";"";"";"Plotted"
"JS";"12";"";"";"";"27/01/2026 11:18:46";"";"felip";"PRO_SANE";"";"";"";"";"";"";"";"";"";""
"SH";"12";"";"";"";"27/01/2026 11:18:46";"27/01/2026 11:18:47";"";"";"";"C:\Users\felip\AppData\Local\Microsoft\Olk\Attachments\ooa-0779a1f3-99f7-4169-9342-60fb5aafb03c\1426d37cf98f1a1487885cc21bc48e4393bf36b2d381e83a0b73640a638b1dda\TRONCO PRELIMIAR - SÃO MANUEL_ESGOTO_EI_20-01-26.dwg";"FORMATO_A1-1000";"";"";"AutoCAD PDF (High Quality Print).pc3";"C:\Users\felip\Desktop\CONSORCIO SANTOS\PROJETOS\SÃO MANOEL\ESGOTO SÃO MANOEL FOLHA 10 A1rev1.pdf";"ISO full bleed A1 (841.00 x 594.00 MM)";"0";"Plotted"
"JF";"12";"";"";"";"";"27/01/2026 11:18:47";"";"";"";"";"";"";"";"";"";"";"";"Plotted"
"JS";"13";"";"";"";"27/01/2026 11:22:28";"";"felip";"PRO_SANE";"";"";"";"";"";"";"";"";"";""
"SH";"13";"";"";"";"27/01/2026 11:22:28";"27/01/2026 11:22:29";"";"";"";"C:\Users\felip\AppData\Local\Microsoft\Olk\Attachments\ooa-0779a1f3-99f7-4169-9342-60fb5aafb03c\1426d37cf98f1a1487885cc21bc48e4393bf36b2d381e83a0b73640a638b1dda\TRONCO PRELIMIAR - SÃO MANUEL_ESGOTO_EI_20-01-26.dwg";"FORMATO_A1-1000";"";"";"AutoCAD PDF (High Quality Print).pc3";"C:\Users\felip\Desktop\CONSORCIO SANTOS\PROJETOS\SÃO MANOEL\ESGOTO SÃO MANOEL FOLHA 11 A1rev1.pdf";"ISO full bleed A1 (841.00 x 594.00 MM)";"0";"Plotted"
"JF";"13";"";"";"";"";"27/01/2026 11:22:29";"";"";"";"";"";"";"";"";"";"";"";"Plotted"
"JS";"14";"";"";"";"27/01/2026 11:24:56";"";"felip";"PRO_SANE";"";"";"";"";"";"";"";"";"";""
"SH";"14";"";"";"";"27/01/2026 11:24:56";"27/01/2026 11:24:58";"";"";"";"C:\Users\felip\AppData\Local\Microsoft\Olk\Attachments\ooa-0779a1f3-99f7-4169-9342-60fb5aafb03c\1426d37cf98f1a1487885cc21bc48e4393bf36b2d381e83a0b73640a638b1dda\TRONCO PRELIMIAR - SÃO MANUEL_ESGOTO_EI_20-01-26.dwg";"FORMATO_A1-1000";"";"";"AutoCAD PDF (High Quality Print).pc3";"C:\Users\felip\Desktop\CONSORCIO SANTOS\PROJETOS\SÃO MANOEL\ESGOTO SÃO MANOEL FOLHA 12 A1rev1.pdf";"ISO full bleed A1 (841.00 x 594.00 MM)";"0";"Plotted"
"JF";"14";"";"";"";"";"27/01/2026 11:24:58";"";"";"";"";"";"";"";"";"";"";"";"Plotted"
"JS";"15";"";"";"";"27/01/2026 11:26:49";"";"felip";"PRO_SANE";"";"";"";"";"";"";"";"";"";""
"SH";"15";"";"";"";"27/01/2026 11:26:49";"27/01/2026 11:26:50";"";"";"";"C:\Users\felip\AppData\Local\Microsoft\Olk\Attachments\ooa-0779a1f3-99f7-4169-9342-60fb5aafb03c\1426d37cf98f1a1487885cc21bc48e4393bf36b2d381e83a0b73640a638b1dda\TRONCO PRELIMIAR - SÃO MANUEL_ESGOTO_EI_20-01-26.dwg";"FORMATO_A1-1000";"";"";"AutoCAD PDF (High Quality Print).pc3";"C:\Users\felip\Desktop\CONSORCIO SANTOS\PROJETOS\SÃO MANOEL\ESGOTO SÃO MANOEL FOLHA 13 A1rev1.pdf";"ISO full bleed A1 (841.00 x 594.00 MM)";"0";"Plotted"
"JF";"15";"";"";"";"";"27/01/2026 11:26:50";"";"";"";"";"";"";"";"";"";"";"";"Plotted"
"JS";"1";"";"";"";"29/01/2026 09:18:45";"";"felip";"PRO_SANE";"";"";"";"";"";"";"";"";"";""
"SH";"1";"";"";"";"29/01/2026 09:18:45";"29/01/2026 09:18:50";"";"";"";"C:\Users\felip\Desktop\CONSORCIO SANTOS\PROJETOS\TETEU-VV\PROJETOS TETEU\PROJETO ESGOTO\-25-PROJETO ESGOTO-VERDE-E-TETEUrev2.dwg";"A1 (1)";"";"";"AutoCAD PDF (High Quality Print).pc3";"C:\Users\felip\Desktop\FOLHA GERAL CALCULO EM VERMELHO.pdf";"ISO full bleed A1 (594.00 x 841.00 MM)";"0";"Plotted"
"JF";"1";"";"";"";"";"29/01/2026 09:18:50";"";"";"";"";"";"";"";"";"";"";"";"Plotted"
"JS";"1";"";"";"";"29/01/2026 16:50:07";"";"felip";"PRO_SANE";"";"";"";"";"";"";"";"";"";""
"SH";"1";"";"";"";"29/01/2026 16:50:07";"29/01/2026 16:50:11";"";"";"";"C:\Users\felip\Desktop\CONSORCIO SANTOS\PROJETOS\TETEU-VV\PROJETOS TETEU\PROJETO ESGOTO\-25-PROJETO ESGOTO-VERDE-E-TETEUrev3,.dwg";"A1 (1)";"";"";"AutoCAD PDF (High Quality Print).pc3";"C:\Users\felip\Desktop\DIMENSIONAMENTOS\GERAL COM PRE.pdf";"ISO full bleed A1 (594.00 x 841.00 MM)";"0";"Plotted"
"JF";"1";"";"";"";"";"29/01/2026 16:50:11";"";"";"";"";"";"";"";"";"";"";"";"Plotted"
"JS";"1";"";"";"";"31/01/2026 12:33:52";"";"felip";"PRO_SANE";"";"";"";"";"";"";"";"";"";""
"SH";"1";"";"";"";"31/01/2026 12:33:53";"31/01/2026 12:33:55";"";"";"";"C:\Users\felip\Desktop\CONSORCIO SANTOS\PROJETOS\Vila dos Criadores\Projeto Criadores- ESGOTOrev7.dwg";"NS 0011";"";"";"PDF24";"";"A3";"0";"Plotted"
"JF";"1";"";"";"";"";"31/01/2026 12:33:55";"";"";"";"";"";"";"";"";"";"";"";"Plotted"
"JS";"2";"";"";"";"31/01/2026 12:37:11";"";"felip";"PRO_SANE";"";"";"";"";"";"";"";"";"";""
"SH";"2";"";"";"";"31/01/2026 12:37:12";"31/01/2026 12:37:14";"";"";"";"C:\Users\felip\Desktop\CONSORCIO SANTOS\PROJETOS\Vila dos Criadores\Projeto Criadores- ESGOTOrev7.dwg";"NS 0011";"";"";"PDF24";"";"A3";"0";"Plotted"
"JF";"2";"";"";"";"";"31/01/2026 12:37:14";"";"";"";"";"";"";"";"";"";"";"";"Plotted"
"JS";"3";"";"";"";"31/01/2026 12:37:41";"";"felip";"PRO_SANE";"";"";"";"";"";"";"";"";"";""
"SH";"3";"";"";"";"31/01/2026 12:37:42";"31/01/2026 12:37:44";"";"";"";"C:\Users\felip\Desktop\CONSORCIO SANTOS\PROJETOS\Vila dos Criadores\Projeto Criadores- ESGOTOrev7.dwg";"NS 0011";"";"";"PDF24";"";"A3";"0";"Plotted"
"JF";"3";"";"";"";"";"31/01/2026 12:37:44";"";"";"";"";"";"";"";"";"";"";"";"Plotted"
"JS";"4";"";"";"";"31/01/2026 12:38:32";"";"felip";"PRO_SANE";"";"";"";"";"";"";"";"";"";""
"SH";"4";"";"";"";"31/01/2026 12:38:33";"31/01/2026 12:38:35";"";"";"";"C:\Users\felip\Desktop\CONSORCIO SANTOS\PROJETOS\Vila dos Criadores\Projeto Criadores- ESGOTOrev7.dwg";"NS 0011";"";"";"PDF24";"";"A3";"0";"Plotted"
"JF";"4";"";"";"";"";"31/01/2026 12:38:35";"";"";"";"";"";"";"";"";"";"";"";"Plotted"
"JS";"5";"";"";"";"31/01/2026 12:39:24";"";"felip";"PRO_SANE";"";"";"";"";"";"";"";"";"";""
"SH";"5";"";"";"";"31/01/2026 12:39:25";"31/01/2026 12:39:27";"";"";"";"C:\Users\felip\Desktop\CONSORCIO SANTOS\PROJETOS\Vila dos Criadores\Projeto Criadores- ESGOTOrev7.dwg";"NS 0011";"";"";"PDF24";"";"A3";"0";"Plotted"
"JF";"5";"";"";"";"";"31/01/2026 12:39:27";"";"";"";"";"";"";"";"";"";"";"";"Plotted"
"JS";"6";"";"";"";"31/01/2026 13:19:31";"";"felip";"PRO_SANE";"";"";"";"";"";"";"";"";"";""
"SH";"6";"";"";"";"31/01/2026 13:19:31";"31/01/2026 13:19:33";"";"";"";"C:\Users\felip\Desktop\CONSORCIO SANTOS\PROJETOS\Vila dos Criadores\Projeto Criadores- ESGOTOrev7.dwg";"NS 0012";"";"";"PDF24";"";"A3";"0";"Plotted"
"JF";"6";"";"";"";"";"31/01/2026 13:19:33";"";"";"";"";"";"";"";"";"";"";"";"Plotted"
"JS";"7";"";"";"";"31/01/2026 13:25:30";"";"felip";"PRO_SANE";"";"";"";"";"";"";"";"";"";""
"SH";"7";"";"";"";"31/01/2026 13:25:31";"31/01/2026 13:25:32";"";"";"";"C:\Users\felip\Desktop\CONSORCIO SANTOS\PROJETOS\Vila dos Criadores\Projeto Criadores- ESGOTOrev7.dwg";"NS 0012";"";"";"PDF24";"";"A3";"0";"Plotted"
"JF";"7";"";"";"";"";"31/01/2026 13:25:32";"";"";"";"";"";"";"";"";"";"";"";"Plotted"
"JS";"8";"";"";"";"31/01/2026 15:31:26";"";"felip";"PRO_SANE";"";"";"";"";"";"";"";"";"";""
"SH";"8";"";"";"";"31/01/2026 15:31:27";"31/01/2026 15:31:29";"";"";"";"C:\Users\felip\Desktop\CONSORCIO SANTOS\PROJETOS\Vila dos Criadores\Projeto Criadores- ESGOTOrev7.dwg";"NS 0012";"";"";"PDF24";"";"A3";"0";"Plotted"
"JF";"8";"";"";"";"";"31/01/2026 15:31:29";"";"";"";"";"";"";"";"";"";"";"";"Plotted"
"JS";"9";"";"";"";"31/01/2026 17:08:03";"";"felip";"PRO_SANE";"";"";"";"";"";"";"";"";"";""
"SH";"9";"";"";"";"31/01/2026 17:08:04";"31/01/2026 17:08:05";"";"";"";"C:\Users\felip\Desktop\CONSORCIO SANTOS\PROJETOS\Vila dos Criadores\Projeto Criadores- ESGOTOrev7.dwg";"NS 0013";"";"";"PDF24";"";"A3";"0";"Plotted"
"JF";"9";"";"";"";"";"31/01/2026 17:08:05";"";"";"";"";"";"";"";"";"";"";"";"Plotted"
"JS";"10";"";"";"";"31/01/2026 17:28:25";"";"felip";"PRO_SANE";"";"";"";"";"";"";"";"";"";""
"SH";"10";"";"";"";"31/01/2026 17:28:26";"31/01/2026 17:28:28";"";"";"";"C:\Users\felip\Desktop\CONSORCIO SANTOS\PROJETOS\Vila dos Criadores\Projeto Criadores- ESGOTOrev7.dwg";"NS 0014";"";"";"PDF24";"";"A3";"0";"Plotted"
"JF";"10";"";"";"";"";"31/01/2026 17:28:28";"";"";"";"";"";"";"";"";"";"";"";"Plotted"
"JS";"11";"";"";"";"31/01/2026 17:28:39";"";"felip";"PRO_SANE";"";"";"";"";"";"";"";"";"";""
"SH";"11";"";"";"";"31/01/2026 17:28:40";"31/01/2026 17:28:42";"";"";"";"C:\Users\felip\Desktop\CONSORCIO SANTOS\PROJETOS\Vila dos Criadores\Projeto Criadores- ESGOTOrev7.dwg";"NS 0013";"";"";"PDF24";"";"A3";"0";"Plotted"
"JF";"11";"";"";"";"";"31/01/2026 17:28:42";"";"";"";"";"";"";"";"";"";"";"";"Plotted"
"JS";"12";"";"";"";"31/01/2026 17:28:56";"";"felip";"PRO_SANE";"";"";"";"";"";"";"";"";"";""
"SH";"12";"";"";"";"31/01/2026 17:28:57";"31/01/2026 17:28:59";"";"";"";"C:\Users\felip\Desktop\CONSORCIO SANTOS\PROJETOS\Vila dos Criadores\Projeto Criadores- ESGOTOrev7.dwg";"NS 0012";"";"";"PDF24";"";"A3";"0";"Plotted"
"JF";"12";"";"";"";"";"31/01/2026 17:28:59";"";"";"";"";"";"";"";"";"";"";"";"Plotted"
"JS";"1";"";"";"";"01/02/2026 20:33:06";"";"felip";"PRO_SANE";"";"";"";"";"";"";"";"";"";""
"SH";"1";"";"";"";"01/02/2026 20:33:06";"01/02/2026 20:33:07";"";"";"";"C:\Users\felip\Desktop\CONSORCIO SANTOS\PROJETOS\SÃO MANOEL\TRONCO PRELIMIAR - SÃO MANUEL_ESGOTO_EI_correto_utilizar_esse2.dwg";"FORMATO_A1-1000";"";"";"AutoCAD PDF (High Quality Print).pc3";"C:\Users\felip\Desktop\CONSORCIO SANTOS\PROJETOS\SÃO MANOEL\ESGOTO SÃO MANOEL FOLHA 1 A1rev2.pdf";"ISO full bleed A1 (841.00 x 594.00 MM)";"0";"Plotted"
"JF";"1";"";"";"";"";"01/02/2026 20:33:07";"";"";"";"";"";"";"";"";"";"";"";"Plotted"
"JS";"2";"";"";"";"01/02/2026 20:37:16";"";"felip";"PRO_SANE";"";"";"";"";"";"";"";"";"";""
"SH";"2";"";"";"";"01/02/2026 20:37:16";"01/02/2026 20:37:17";"";"";"";"C:\Users\felip\Desktop\CONSORCIO SANTOS\PROJETOS\SÃO MANOEL\TRONCO PRELIMIAR - SÃO MANUEL_ESGOTO_EI_correto_utilizar_esse2.dwg";"FORMATO_A1-1000";"";"";"AutoCAD PDF (High Quality Print).pc3";"C:\Users\felip\Desktop\CONSORCIO SANTOS\PROJETOS\SÃO MANOEL\ESGOTO SÃO MANOEL FOLHA 2 A1rev2.pdf";"ISO full bleed A1 (841.00 x 594.00 MM)";"0";"Plotted"
"JF";"2";"";"";"";"";"01/02/2026 20:37:17";"";"";"";"";"";"";"";"";"";"";"";"Plotted"
"JS";"1";"";"";"";"02/02/2026 09:09:18";"";"felip";"PRO_SANE";"";"";"";"";"";"";"";"";"";""
"SH";"1";"";"";"";"02/02/2026 09:09:18";"02/02/2026 09:09:20";"";"";"";"C:\Users\felip\Desktop\CONSORCIO SANTOS\PROJETOS\Vila dos Criadores\Projeto Criadores- ESGOTOrev7.dwg";"NS 0015";"";"";"PDF24";"";"A3";"0";"Plotted"
"JF";"1";"";"";"";"";"02/02/2026 09:09:20";"";"";"";"";"";"";"";"";"";"";"";"Plotted"
"JS";"1";"";"";"";"02/02/2026 17:18:38";"";"felip";"PRO_SANE";"";"";"";"";"";"";"";"";"";""
"SH";"1";"";"";"";"02/02/2026 17:18:38";"02/02/2026 17:18:40";"";"";"";"C:\Users\felip\Desktop\CONSORCIO SANTOS\PROJETOS\ISRAEL\PROJETOS ISRAEL\PROJETO AGUA E SIMULAÇÃO\ISRAEL ÁGUA - REV05.dwg";"A1 (6)";"";"";"DWG To PDF.pc3";"C:\Users\felip\Desktop\CONSORCIO SANTOS\PROJETOS\ISRAEL\PROJETOS ISRAEL\PROJETO AGUA E SIMULAÇÃO\NOVA SIMULAÇÃO\ULTIMA SIMULAÇÃO DO BOOSTER\BOOSTER ISRAELGERAL.pdf";"ISO full bleed A1 (594.00 x 841.00 MM)";"0";"Plotted"
"JF";"1";"";"";"";"";"02/02/2026 17:18:40";"";"";"";"";"";"";"";"";"";"";"";"Plotted"
"JS";"2";"";"";"";"02/02/2026 17:22:53";"";"felip";"PRO_SANE";"";"";"";"";"";"";"";"";"";""
"SH";"2";"";"";"";"02/02/2026 17:22:53";"02/02/2026 17:22:55";"";"";"";"C:\Users\felip\Desktop\CONSORCIO SANTOS\PROJETOS\ISRAEL\PROJETOS ISRAEL\PROJETO AGUA E SIMULAÇÃO\ISRAEL ÁGUA - REV05.dwg";"A1 (7)";"";"";"DWG To PDF.pc3";"C:\Users\felip\Desktop\CONSORCIO SANTOS\PROJETOS\ISRAEL\PROJETOS ISRAEL\PROJETO AGUA E SIMULAÇÃO\NOVA SIMULAÇÃO\SEM BOOSTER FF 150.pdf";"ISO full bleed A1 (594.00 x 841.00 MM)";"0";"Plotted"
"JF";"2";"";"";"";"";"02/02/2026 17:22:55";"";"";"";"";"";"";"";"";"";"";"";"Plotted"
"JS";"3";"";"";"";"02/02/2026 17:24:10";"";"felip";"PRO_SANE";"";"";"";"";"";"";"";"";"";""
"SH";"3";"";"";"";"02/02/2026 17:24:10";"02/02/2026 17:24:13";"";"";"";"C:\Users\felip\Desktop\CONSORCIO SANTOS\PROJETOS\ISRAEL\PROJETOS ISRAEL\PROJETO AGUA E SIMULAÇÃO\ISRAEL ÁGUA - REV05.dwg";"A1 (6)";"";"";"DWG To PDF.pc3";"C:\Users\felip\Desktop\CONSORCIO SANTOS\PROJETOS\ISRAEL\PROJETOS ISRAEL\PROJETO AGUA E SIMULAÇÃO\NOVA SIMULAÇÃO\ULTIMA SIMULAÇÃO DO BOOSTER\BOOSTER ISRAELGERAL2.pdf";"ISO full bleed A1 (594.00 x 841.00 MM)";"0";"Plotted"
"JF";"3";"";"";"";"";"02/02/2026 17:24:13";"";"";"";"";"";"";"";"";"";"";"";"Plotted"
"JS";"4";"";"";"";"02/02/2026 17:54:17";"";"felip";"PRO_SANE";"";"";"";"";"";"";"";"";"";""
"SH";"4";"";"";"";"02/02/2026 17:54:18";"02/02/2026 17:54:49";"";"";"";"C:\Users\felip\Desktop\CONSORCIO SANTOS\PROJETOS\TETEU-VV\PROJETOS TETEU\PROJETO AGUA E SIMULAÇÃO\revisao 1\ÁREA ENTR 1 E VPR 1 TETEU ÁGUA.dwg";"Layout1";"";"";"Microsoft Print to PDF";"";"ISOA1";"0";"Plotted"
"JF";"4";"";"";"";"";"02/02/2026 17:54:49";"";"";"";"";"";"";"";"";"";"";"";"Plotted"
"JS";"5";"";"";"";"02/02/2026 18:04:45";"";"felip";"PRO_SANE";"";"";"";"";"";"";"";"";"";""
"SH";"5";"";"";"";"02/02/2026 18:04:45";"02/02/2026 18:05:54";"";"";"";"C:\Users\felip\Desktop\CONSORCIO SANTOS\PROJETOS\TETEU-VV\PROJETOS TETEU\PROJETO AGUA E SIMULAÇÃO\revisao 1\ÁREA ENTR 1 E VPR 1 TETEU ÁGUA.dwg";"Layout1 (5)";"";"";"Microsoft Print to PDF";"";"ISOA1";"0";"Plotted"
"JF";"5";"";"";"";"";"02/02/2026 18:05:54";"";"";"";"";"";"";"";"";"";"";"";"Plotted"
"JS";"6";"";"";"";"02/02/2026 18:06:08";"";"felip";"PRO_SANE";"";"";"";"";"";"";"";"";"";""
"SH";"6";"";"";"";"02/02/2026 18:06:09";"02/02/2026 18:06:36";"";"";"";"C:\Users\felip\Desktop\CONSORCIO SANTOS\PROJETOS\TETEU-VV\PROJETOS TETEU\PROJETO AGUA E SIMULAÇÃO\revisao 1\ÁREA ENTR 1 E VPR 1 TETEU ÁGUA.dwg";"Layout1 (5)";"";"";"PDF24";"";"A1";"0";"Plotted"
"JF";"6";"";"";"";"";"02/02/2026 18:06:36";"";"";"";"";"";"";"";"";"";"";"";"Plotted"
"JS";"7";"";"";"";"02/02/2026 18:14:09";"";"felip";"PRO_SANE";"";"";"";"";"";"";"";"";"";""
"SH";"7";"";"";"";"";"";"";"";"";"C:\Users\felip\Desktop\CONSORCIO SANTOS\PROJETOS\TETEU-VV\PROJETOS TETEU\PROJETO AGUA E SIMULAÇÃO\revisao 1\ÁREA ENTR 3 TETEU ÁGUA.dwg";"A1 (1)";"";"";"DWG To PDF.pc3";"C:\Users\felip\Desktop\CONSORCIO SANTOS\PROJETOS\TETEU-VV\PROJETOS TETEU\PROJETO AGUA E SIMULAÇÃO\revisao 1\.pdf";"ISO full bleed A1 (594.00 x 841.00 MM)";"0";"Error(s) Did Not Plot";"ERROR: A serious error occurred while processing your request. "
"JF";"7";"";"";"";"";"02/02/2026 18:14:09";"";"";"";"";"";"";"";"";"";"";"";"Error(s) Did Not Plot"
"JS";"8";"";"";"";"02/02/2026 18:14:39";"";"felip";"PRO_SANE";"";"";"";"";"";"";"";"";"";""
"SH";"8";"";"";"";"02/02/2026 18:14:39";"02/02/2026 18:14:40";"";"";"";"C:\Users\felip\Desktop\CONSORCIO SANTOS\PROJETOS\TETEU-VV\PROJETOS TETEU\PROJETO AGUA E SIMULAÇÃO\revisao 1\ÁREA ENTR 3 TETEU ÁGUA.dwg";"A1 (1)";"";"";"AutoCAD PDF (High Quality Print).pc3";"C:\Users\felip\Desktop\CONSORCIO SANTOS\PROJETOS\TETEU-VV\PROJETOS TETEU\PROJETO AGUA E SIMULAÇÃO\revisao 1\3.pdf";"ISO full bleed A1 (594.00 x 841.00 MM)";"0";"Plotted"
"JF";"8";"";"";"";"";"02/02/2026 18:14:40";"";"";"";"";"";"";"";"";"";"";"";"Plotted"
"JS";"9";"";"";"";"02/02/2026 18:45:39";"";"felip";"PRO_SANE";"";"";"";"";"";"";"";"";"";""
"SH";"9";"";"";"";"02/02/2026 18:45:39";"02/02/2026 18:45:43";"";"";"";"C:\Users\felip\Desktop\CONSORCIO SANTOS\PROJETOS\TETEU-VV\PROJETOS TETEU\PROJETO ESGOTO\-25-PROJETO ESGOTO-VERDE-E-TETEUrev3,.dwg";"A1 (1)";"";"";"AutoCAD PDF (High Quality Print).pc3";"C:\Users\felip\Desktop\CONSORCIO SANTOS\PROJETOS\TETEU-VV\PROJETOS TETEU\PROJETO ESGOTO\PROJETO ESGOTO PRANCHAS\TETEU VV FOLHA PROLONGAMENTO ESGOTO 1 A1.pdf";"ISO full bleed A1 (594.00 x 841.00 MM)";"0";"Plotted"
"JF";"9";"";"";"";"";"02/02/2026 18:45:43";"";"";"";"";"";"";"";"";"";"";"";"Plotted"
"JS";"10";"";"";"";"02/02/2026 18:47:12";"";"felip";"PRO_SANE";"";"";"";"";"";"";"";"";"";""
"SH";"10";"";"";"";"02/02/2026 18:47:12";"02/02/2026 18:47:15";"";"";"";"C:\Users\felip\Desktop\CONSORCIO SANTOS\PROJETOS\TETEU-VV\PROJETOS TETEU\PROJETO ESGOTO\-25-PROJETO ESGOTO-VERDE-E-TETEUrev3,.dwg";"A1 (1)";"";"";"AutoCAD PDF (High Quality Print).pc3";"C:\Users\felip\Desktop\CONSORCIO SANTOS\PROJETOS\TETEU-VV\PROJETOS TETEU\PROJETO ESGOTO\PROJETO ESGOTO PRANCHAS\TETEU VV FOLHA PROLONGAMENTO ESGOTO 2 A1.pdf";"ISO full bleed A1 (594.00 x 841.00 MM)";"0";"Plotted"
"JF";"10";"";"";"";"";"02/02/2026 18:47:15";"";"";"";"";"";"";"";"";"";"";"";"Plotted"
"JS";"11";"";"";"";"02/02/2026 18:48:14";"";"felip";"PRO_SANE";"";"";"";"";"";"";"";"";"";""
"SH";"11";"";"";"";"02/02/2026 18:48:14";"02/02/2026 18:48:18";"";"";"";"C:\Users\felip\Desktop\CONSORCIO SANTOS\PROJETOS\TETEU-VV\PROJETOS TETEU\PROJETO ESGOTO\-25-PROJETO ESGOTO-VERDE-E-TETEUrev3,.dwg";"A1 (1)";"";"";"AutoCAD PDF (High Quality Print).pc3";"C:\Users\felip\Desktop\CONSORCIO SANTOS\PROJETOS\TETEU-VV\PROJETOS TETEU\PROJETO ESGOTO\PROJETO ESGOTO PRANCHAS\TETEU VV FOLHA PROLONGAMENTO ESGOTO 3 A1.pdf";"ISO full bleed A1 (594.00 x 841.00 MM)";"0";"Plotted"
"JF";"11";"";"";"";"";"02/02/2026 18:48:18";"";"";"";"";"";"";"";"";"";"";"";"Plotted"
"JS";"12";"";"";"";"02/02/2026 18:50:29";"";"felip";"PRO_SANE";"";"";"";"";"";"";"";"";"";""
"SH";"12";"";"";"";"02/02/2026 18:50:30";"02/02/2026 18:50:31";"";"";"";"C:\Users\felip\Desktop\CONSORCIO SANTOS\PROJETOS\PANTANAL BAIXO\PROJETOS PANTANAL BAIXO\PROJETO ESGOTO\PANTANAL ESGOTO-REV3.dwg";"Layout1 (3)";"";"";"PDF24";"";"A1";"0";"Plotted"
"JF";"12";"";"";"";"";"02/02/2026 18:50:31";"";"";"";"";"";"";"";"";"";"";"";"Plotted"
"JS";"13";"";"";"";"02/02/2026 18:51:33";"";"felip";"PRO_SANE";"";"";"";"";"";"";"";"";"";""
"SH";"13";"";"";"";"02/02/2026 18:51:33";"02/02/2026 18:51:34";"";"";"";"C:\Users\felip\Desktop\CONSORCIO SANTOS\PROJETOS\PANTANAL BAIXO\PROJETOS PANTANAL BAIXO\PROJETO ESGOTO\PANTANAL ESGOTO-REV3.dwg";"Layout1 (3)";"";"";"PDF24";"";"A1";"0";"Plotted"
"JF";"13";"";"";"";"";"02/02/2026 18:51:34";"";"";"";"";"";"";"";"";"";"";"";"Plotted"
"JS";"14";"";"";"";"02/02/2026 18:53:57";"";"felip";"PRO_SANE";"";"";"";"";"";"";"";"";"";""
"SH";"14";"";"";"";"02/02/2026 18:53:57";"02/02/2026 18:54:07";"";"";"";"C:\Users\felip\Desktop\CONSORCIO SANTOS\PROJETOS\TETEU-VV\PROJETOS TETEU\PROJETO AGUA E SIMULAÇÃO\revisao 1\ÁREA ENTR 1 E VPR 1 TETEU ÁGUA.dwg";"Layout1 (5)";"";"";"Microsoft Print to PDF";"";"ISOA1";"0";"Plotted"
"JF";"14";"";"";"";"";"02/02/2026 18:54:07";"";"";"";"";"";"";"";"";"";"";"";"Plotted"
"JS";"1";"";"";"";"03/02/2026 03:12:32";"";"felip";"PRO_SANE";"";"";"";"";"";"";"";"";"";""
"SH";"1";"";"";"";"03/02/2026 03:12:32";"03/02/2026 03:12:38";"";"";"";"C:\Users\felip\Desktop\CONSORCIO SANTOS\PROJETOS\SÃO MANOEL\TRONCO   - SÃO MANUEL_ESGOTO_rev1.dwg";"FORMATO_A1-1000";"";"";"AutoCAD PDF (High Quality Print).pc3";"C:\Users\felip\Desktop\CONSORCIO SANTOS\PROJETOS\SÃO MANOEL\ESGOTO SÃO MANOEL FOLHA GERAL1 A1.pdf";"ISO full bleed A1 (841.00 x 594.00 MM)";"0";"Plotted"
"JF";"1";"";"";"";"";"03/02/2026 03:12:38";"";"";"";"";"";"";"";"";"";"";"";"Plotted"
"JS";"2";"";"";"";"03/02/2026 03:14:53";"";"felip";"PRO_SANE";"";"";"";"";"";"";"";"";"";""
"SH";"2";"";"";"";"03/02/2026 03:14:53";"03/02/2026 03:15:00";"";"";"";"C:\Users\felip\Desktop\CONSORCIO SANTOS\PROJETOS\SÃO MANOEL\TRONCO   - SÃO MANUEL_ESGOTO_rev1.dwg";"FORMATO_A1-1000";"";"";"AutoCAD PDF (High Quality Print).pc3";"C:\Users\felip\Desktop\CONSORCIO SANTOS\PROJETOS\SÃO MANOEL\ESGOTO SÃO MANOEL FOLHA GERAL2 A1.pdf";"ISO full bleed A1 (841.00 x 594.00 MM)";"0";"Plotted"
"JF";"2";"";"";"";"";"03/02/2026 03:15:00";"";"";"";"";"";"";"";"";"";"";"";"Plotted"
"JS";"3";"";"";"";"03/02/2026 03:29:56";"";"felip";"PRO_SANE";"";"";"";"";"";"";"";"";"";""
"SH";"3";"";"";"";"03/02/2026 03:30:02";"03/02/2026 03:30:05";"";"";"";"C:\Users\felip\Desktop\CONSORCIO SANTOS\PROJETOS\SÃO MANOEL\TRONCO   - SÃO MANUEL_ESGOTO_rev1.dwg";"FORMATO_A1-1000";"";"";"AutoCAD PDF (High Quality Print).pc3";"C:\Users\felip\Desktop\CONSORCIO SANTOS\PROJETOS\SÃO MANOEL\ESGOTO SÃO MANOEL FOLHA GERAL3 A1.pdf";"ISO full bleed A1 (841.00 x 594.00 MM)";"0";"Plotted"
"JF";"3";"";"";"";"";"03/02/2026 03:30:05";"";"";"";"";"";"";"";"";"";"";"";"Plotted"
"JS";"4";"";"";"";"03/02/2026 03:35:28";"";"felip";"PRO_SANE";"";"";"";"";"";"";"";"";"";""
"SH";"4";"";"";"";"03/02/2026 03:35:28";"03/02/2026 03:35:44";"";"";"";"C:\Users\felip\Desktop\CONSORCIO SANTOS\PROJETOS\SÃO MANOEL\AGUA SAO MANOEL\SÃO MANUEL E JOÃO CARLOS - LANÇAMENTO ÁGUA FRIA_1_19441_42020f64.sv$333.dwg";"FORMATO_A1-1000";"";"";"AutoCAD PDF (High Quality Print).pc3";"C:\Users\felip\Desktop\CONSORCIO SANTOS\PROJETOS\SÃO MANOEL\AGUA SAO MANOEL\SÃO MANUEL E JOÃO CARLOS - LANÇAMENTO ÁGUA FRIA_1_19441_42020f64.sv$333-FORMATO_A1-1000.pdf";"ISO full bleed A1 (841.00 x 594.00 MM)";"0";"Plotted"
"JF";"4";"";"";"";"";"03/02/2026 03:35:44";"";"";"";"";"";"";"";"";"";"";"";"Plotted"
"JS";"5";"";"";"";"03/02/2026 03:37:28";"";"felip";"PRO_SANE";"";"";"";"";"";"";"";"";"";""
"SH";"5";"";"";"";"03/02/2026 03:37:28";"03/02/2026 03:37:36";"";"";"";"C:\Users\felip\Desktop\CONSORCIO SANTOS\PROJETOS\SÃO MANOEL\AGUA SAO MANOEL\SÃO MANUEL E JOÃO CARLOS - LANÇAMENTO ÁGUA FRIA_1_19441_42020f64.sv$333.dwg";"FORMATO_A1-1000";"";"";"AutoCAD PDF (High Quality Print).pc3";"C:\Users\felip\Desktop\CONSORCIO SANTOS\PROJETOS\SÃO MANOEL\AGUA SAO MANOEL\SÃO MANUEL E JOÃO CARLOS - LANÇAMENTO ÁGUA FRIA_1_19441_42020f64.sv$333-FORMATO_A1-2---1000.pdf";"ISO full bleed A1 (841.00 x 594.00 MM)";"0";"Plotted"
"JF";"5";"";"";"";"";"03/02/2026 03:37:36";"";"";"";"";"";"";"";"";"";"";"";"Plotted"
"JS";"1";"";"";"";"04/02/2026 12:21:42";"";"felip";"PRO_SANE";"";"";"";"";"";"";"";"";"";""
"SH";"1";"";"";"";"04/02/2026 12:21:42";"04/02/2026 12:21:43";"";"";"";"C:\Users\felip\Desktop\CONSORCIO SANTOS\PROJETOS\SÃO MANOEL\TRONCO   - SÃO MANUEL_ESGOTO_rev1paraprojetarsemlayout.dwg";"Layout1";"";"";"AutoCAD PDF (High Quality Print).pc3";"C:\Users\felip\Desktop\CONSORCIO SANTOS\PROJETOS\SÃO MANOEL\ESGOTO SÃO MANOEL FOLHA JAMES A1.pdf";"ISO full bleed A1 (594.00 x 841.00 MM)";"0";"Plotted"
"JF";"1";"";"";"";"";"04/02/2026 12:21:43";"";"";"";"";"";"";"";"";"";"";"";"Plotted"
"JS";"2";"";"";"";"04/02/2026 12:22:30";"";"felip";"PRO_SANE";"";"";"";"";"";"";"";"";"";""
"SH";"2";"";"";"";"04/02/2026 12:22:30";"04/02/2026 12:22:31";"";"";"";"C:\Users\felip\Desktop\CONSORCIO SANTOS\PROJETOS\SÃO MANOEL\TRONCO   - SÃO MANUEL_ESGOTO_rev1paraprojetarsemlayout.dwg";"Layout1";"";"";"AutoCAD PDF (High Quality Print).pc3";"C:\Users\felip\Desktop\CONSORCIO SANTOS\PROJETOS\SÃO MANOEL\ESGOTO SÃO MANOEL FOLHA JAMES2 A1.pdf";"ISO full bleed A1 (594.00 x 841.00 MM)";"0";"Plotted"
"JF";"2";"";"";"";"";"04/02/2026 12:22:31";"";"";"";"";"";"";"";"";"";"";"";"Plotted"
"JS";"3";"";"";"";"04/02/2026 12:23:15";"";"felip";"PRO_SANE";"";"";"";"";"";"";"";"";"";""
"SH";"3";"";"";"";"04/02/2026 12:23:15";"04/02/2026 12:23:17";"";"";"";"C:\Users\felip\Desktop\CONSORCIO SANTOS\PROJETOS\SÃO MANOEL\TRONCO   - SÃO MANUEL_ESGOTO_rev1paraprojetarsemlayout.dwg";"Layout1";"";"";"AutoCAD PDF (High Quality Print).pc3";"C:\Users\felip\Desktop\CONSORCIO SANTOS\PROJETOS\SÃO MANOEL\ESGOTO SÃO MANOEL FOLHA JAMES3 A1.pdf";"ISO full bleed A1 (594.00 x 841.00 MM)";"0";"Plotted"
"JF";"3";"";"";"";"";"04/02/2026 12:23:17";"";"";"";"";"";"";"";"";"";"";"";"Plotted"
"JS";"1";"";"";"";"05/02/2026 14:38:06";"";"felip";"PRO_SANE";"";"";"";"";"";"";"";"";"";""
"SH";"1";"";"";"";"05/02/2026 14:38:06";"05/02/2026 14:38:07";"";"";"";"C:\Users\felip\Desktop\CADASTRO\PANTANAL BAIXO - ÁGUA\CADASTRO A4 AGUA\DWG\CADASTRO A4 - PANTANAL BAIXO.dwg";"001";"";"";"DWG To PDF.pc3";"C:\Users\felip\Desktop\CADASTRO\PANTANAL BAIXO - ÁGUA\CADASTRO A4 AGUA\PDF\CADASTRO A4 - PANTANAL BAIXO-001.pdf";"ISO full bleed A4 (297.00 x 210.00 MM)";"0";"Plotted"
"JF";"1";"";"";"";"";"05/02/2026 14:38:07";"";"";"";"";"";"";"";"";"";"";"";"Plotted"
"JS";"1";"";"";"";"09/02/2026 10:02:13";"";"felip";"PRO_SANE";"";"";"";"";"";"";"";"";"";""
"SH";"1";"";"";"";"09/02/2026 10:02:18";"09/02/2026 10:02:19";"";"";"";"C:\Users\felip\Desktop\CONSORCIO SANTOS\PROJETOS\TETEU-VV\PROJETOS TETEU\PROJETO ESGOTO\-25-PROJETO ESGOTO-VERDE-E-TETEUrev4, - Copia.dwg";"Layout1";"";"";"PDF24";"";"A4";"0";"Plotted"
"JF";"1";"";"";"";"";"09/02/2026 10:02:19";"";"";"";"";"";"";"";"";"";"";"";"Plotted"
"JS";"2";"";"";"";"09/02/2026 10:03:20";"";"felip";"PRO_SANE";"";"";"";"";"";"";"";"";"";""
"SH";"2";"";"";"";"09/02/2026 10:03:25";"09/02/2026 10:03:26";"";"";"";"C:\Users\felip\Desktop\CONSORCIO SANTOS\PROJETOS\TETEU-VV\PROJETOS TETEU\PROJETO ESGOTO\-25-PROJETO ESGOTO-VERDE-E-TETEUrev4, - Copia.dwg";"Layout1";"";"";"PDF24";"";"A4";"0";"Plotted"
"JF";"2";"";"";"";"";"09/02/2026 10:03:26";"";"";"";"";"";"";"";"";"";"";"";"Plotted"
"JS";"3";"";"";"";"09/02/2026 10:04:10";"";"felip";"PRO_SANE";"";"";"";"";"";"";"";"";"";""
"SH";"3";"";"";"";"09/02/2026 10:04:15";"09/02/2026 10:04:15";"";"";"";"C:\Users\felip\Desktop\CONSORCIO SANTOS\PROJETOS\TETEU-VV\PROJETOS TETEU\PROJETO ESGOTO\-25-PROJETO ESGOTO-VERDE-E-TETEUrev4, - Copia.dwg";"Layout1";"";"";"PDF24";"";"A4";"0";"Plotted"
"JF";"3";"";"";"";"";"09/02/2026 10:04:15";"";"";"";"";"";"";"";"";"";"";"";"Plotted"
"JS";"1";"";"";"";"10/02/2026 05:01:41";"";"felip";"PRO_SANE";"";"";"";"";"";"";"";"";"";""
"SH";"1";"";"";"";"10/02/2026 05:01:41";"10/02/2026 05:01:43";"";"";"";"C:\Users\felip\Desktop\CONSORCIO SANTOS\PROJETOS\ISRAEL\PROJETOS ISRAEL\PROJETO AGUA E SIMULAÇÃO\ISRAEL ÁGUA - REV05.dwg";"A1 (1)";"";"";"DWG To PDF.pc3";"C:\Users\felip\Desktop\CONSORCIO SANTOS\PROJETOS\ISRAEL\PROJETOS ISRAEL\PROJETO AGUA E SIMULAÇÃO\NOVA SIMULAÇÃO\ULTIMA SIMULAÇÃO DO BOOSTER\BOOSTERREV1\BOOSTER REV2\ISRAEL ÁGUA - REV05-A1 (1).pdf";"ISO full bleed A1 (594.00 x 841.00 MM)";"0";"Plotted"
"JF";"1";"";"";"";"";"10/02/2026 05:01:43";"";"";"";"";"";"";"";"";"";"";"";"Plotted"
"JS";"2";"";"";"";"10/02/2026 05:02:56";"";"felip";"PRO_SANE";"";"";"";"";"";"";"";"";"";""
"SH";"2";"";"";"";"10/02/2026 05:02:56";"10/02/2026 05:02:57";"";"";"";"C:\Users\felip\Desktop\CONSORCIO SANTOS\PROJETOS\ISRAEL\PROJETOS ISRAEL\PROJETO AGUA E SIMULAÇÃO\ISRAEL ÁGUA - REV05.dwg";"A1 (1)";"";"";"DWG To PDF.pc3";"C:\Users\felip\Desktop\CONSORCIO SANTOS\PROJETOS\ISRAEL\PROJETOS ISRAEL\PROJETO AGUA E SIMULAÇÃO\NOVA SIMULAÇÃO\ULTIMA SIMULAÇÃO DO BOOSTER\BOOSTERREV1\BOOSTER REV2\ISRAEL ÁGUA - REV05-A1 (2).pdf";"ISO full bleed A1 (594.00 x 841.00 MM)";"0";"Plotted"
"JF";"2";"";"";"";"";"10/02/2026 05:02:57";"";"";"";"";"";"";"";"";"";"";"";"Plotted"
"JS";"3";"";"";"";"10/02/2026 05:57:02";"";"felip";"PRO_SANE";"";"";"";"";"";"";"";"";"";""
"SH";"3";"";"";"";"10/02/2026 05:57:02";"10/02/2026 05:57:11";"";"";"";"C:\Users\felip\Desktop\CONSORCIO SANTOS\PROJETOS\ISRAEL\PROJETOS ISRAEL\PROJETO AGUA E SIMULAÇÃO\ISRAEL ÁGUA - REV05.dwg";"A1 (5)";"";"";"AutoCAD PDF (High Quality Print).pc3";"C:\Users\felip\Desktop\CONSORCIO SANTOS\PROJETOS\ISRAEL\PROJETOS ISRAEL\PROJETO AGUA E SIMULAÇÃO\NOVA SIMULAÇÃO\ULTIMA SIMULAÇÃO DO BOOSTER\BOOSTERREV1\BOOSTER REV2\ISRAEL ÁGUA - REV05-A1 (3).pdf";"ISO full bleed A1 (594.00 x 841.00 MM)";"0";"Plotted"
"JF";"3";"";"";"";"";"10/02/2026 05:57:11";"";"";"";"";"";"";"";"";"";"";"";"Plotted"
"JS";"4";"";"";"";"10/02/2026 06:01:58";"";"felip";"PRO_SANE";"";"";"";"";"";"";"";"";"";""
"SH";"4";"";"";"";"10/02/2026 06:01:58";"10/02/2026 06:01:59";"";"";"";"C:\Users\felip\Desktop\CONSORCIO SANTOS\PROJETOS\ISRAEL\PROJETOS ISRAEL\PROJETO AGUA E SIMULAÇÃO\ISRAEL ÁGUA - REV05.dwg";"A1 (6)";"";"";"DWG To PDF.pc3";"C:\Users\felip\Desktop\CONSORCIO SANTOS\PROJETOS\ISRAEL\PROJETOS ISRAEL\PROJETO AGUA E SIMULAÇÃO\NOVA SIMULAÇÃO\ULTIMA SIMULAÇÃO DO BOOSTER\BOOSTERREV1\BOOSTER REV2\ISRAEL ÁGUA - REV05-A1 (4).pdf";"ISO full bleed A1 (594.00 x 841.00 MM)";"0";"Plotted"
"JF";"4";"";"";"";"";"10/02/2026 06:01:59";"";"";"";"";"";"";"";"";"";"";"";"Plotted"
"JS";"5";"";"";"";"10/02/2026 06:20:30";"";"felip";"PRO_SANE";"";"";"";"";"";"";"";"";"";""
"SH";"5";"";"";"";"10/02/2026 06:20:30";"10/02/2026 06:20:32";"";"";"";"C:\Users\felip\Desktop\CONSORCIO SANTOS\PROJETOS\ISRAEL\PROJETOS ISRAEL\PROJETO AGUA E SIMULAÇÃO\ISRAEL ÁGUA - REV05.dwg";"A1 (6)";"";"";"DWG To PDF.pc3";"C:\Users\felip\Desktop\CONSORCIO SANTOS\PROJETOS\ISRAEL\PROJETOS ISRAEL\PROJETO AGUA E SIMULAÇÃO\NOVA SIMULAÇÃO\ULTIMA SIMULAÇÃO DO BOOSTER\BOOSTERREV1\BOOSTER REV2\ISRAEL ÁGUA - REV05-A1 (5).pdf";"ISO full bleed A1 (594.00 x 841.00 MM)";"0";"Plotted"
"JF";"5";"";"";"";"";"10/02/2026 06:20:32";"";"";"";"";"";"";"";"";"";"";"";"Plotted"
"JS";"1";"";"";"";"10/02/2026 16:04:44";"";"felip";"PRO_SANE";"";"";"";"";"";"";"";"";"";""
"SH";"1";"";"";"";"10/02/2026 16:04:44";"10/02/2026 16:04:48";"";"";"";"C:\Users\felip\Desktop\CONSORCIO SANTOS\PROJETOS\SÃO MANOEL\TRONCO   - SÃO MANUEL_ESGOTO_rev1paraprojetarsemlayout.dwg";"Layout1";"";"";"AutoCAD PDF (High Quality Print).pc3";"C:\Users\felip\Desktop\CONSORCIO SANTOS\PROJETOS\SÃO MANOEL\NS001 JOAO CARLOS PV ATÉ PV.pdf";"ISO full bleed A3 (297.00 x 420.00 MM)";"0";"Plotted"
"JF";"1";"";"";"";"";"10/02/2026 16:04:48";"";"";"";"";"";"";"";"";"";"";"";"Plotted"
"JS";"1";"";"";"";"16/02/2026 16:22:24";"";"felip";"PRO_SANE";"";"";"";"";"";"";"";"";"";""
"SH";"1";"";"";"";"16/02/2026 16:22:24";"16/02/2026 16:22:25";"";"";"";"C:\Users\felip\Desktop\CONSORCIO SANTOS\PROJETOS\TETEU-VV\PROJETOS TETEU\PROJETO AGUA E SIMULAÇÃO\Revisão 2\ÁREA ENTR 3 TETEU ÁGUA.dwg";"A1 (1)";"";"";"PDF24";"";"A1";"0";"Plotted"
"JF";"1";"";"";"";"";"16/02/2026 16:22:25";"";"";"";"";"";"";"";"";"";"";"";"Plotted"
"JS";"2";"";"";"";"16/02/2026 16:23:34";"";"felip";"PRO_SANE";"";"";"";"";"";"";"";"";"";""
"SH";"2";"";"";"";"16/02/2026 16:23:34";"16/02/2026 16:23:35";"";"";"";"C:\Users\felip\Desktop\CONSORCIO SANTOS\PROJETOS\TETEU-VV\PROJETOS TETEU\PROJETO AGUA E SIMULAÇÃO\Revisão 2\ÁREA ENTR 3 TETEU ÁGUA.dwg";"A1 (1)";"";"";"PDF24";"";"A1";"0";"Plotted"
"JF";"2";"";"";"";"";"16/02/2026 16:23:35";"";"";"";"";"";"";"";"";"";"";"";"Plotted"
"JS";"3";"";"";"";"16/02/2026 16:25:03";"";"felip";"PRO_SANE";"";"";"";"";"";"";"";"";"";""
"SH";"3";"";"";"";"16/02/2026 16:25:03";"16/02/2026 16:25:13";"";"";"";"C:\Users\felip\Desktop\CONSORCIO SANTOS\PROJETOS\TETEU-VV\PROJETOS TETEU\PROJETO AGUA E SIMULAÇÃO\Revisão 2\ÁREA ENTR 3 TETEU ÁGUA.dwg";"A1 (1)";"";"";"PDF24";"";"A1";"0";"Plotted"
"JF";"3";"";"";"";"";"16/02/2026 16:25:13";"";"";"";"";"";"";"";"";"";"";"";"Plotted"
"JS";"4";"";"";"";"16/02/2026 18:19:05";"";"felip";"PRO_SANE";"";"";"";"";"";"";"";"";"";""
"SH";"4";"";"";"";"16/02/2026 18:19:06";"16/02/2026 18:19:10";"";"";"";"C:\Users\felip\Desktop\CONSORCIO SANTOS\PROJETOS\TETEU-VV\TETEU ÁGUA COM COTAS.dwg";"A1 (1)";"";"";"PDF24";"";"A1";"0";"Plotted"
"JF";"4";"";"";"";"";"16/02/2026 18:19:10";"";"";"";"";"";"";"";"";"";"";"";"Plotted"
"JS";"5";"";"";"";"16/02/2026 18:24:32";"";"felip";"PRO_SANE";"";"";"";"";"";"";"";"";"";""
"SH";"5";"";"";"";"16/02/2026 18:24:33";"16/02/2026 18:24:34";"";"";"";"C:\Users\felip\Desktop\CONSORCIO SANTOS\PROJETOS\TETEU-VV\TETEU ÁGUA COM COTAS.dwg";"A1 (1)";"";"";"PDF24";"";"A1";"0";"Plotted with Warning(s)";"WARNING: Failed to rasterize image for plot. "
"JF";"5";"";"";"";"";"16/02/2026 18:24:34";"";"";"";"";"";"";"";"";"";"";"";"Plotted with Warning(s)"
"JS";"6";"";"";"";"16/02/2026 18:48:37";"";"felip";"PRO_SANE";"";"";"";"";"";"";"";"";"";""
"SH";"6";"";"";"";"16/02/2026 18:48:37";"16/02/2026 18:48:39";"";"";"";"C:\Users\felip\Desktop\CONSORCIO SANTOS\PROJETOS\TETEU-VV\TETEU ÁGUA COM COTAS.dwg";"A1 (1)";"";"";"PDF24";"";"A1";"0";"Plotted with Warning(s)";"WARNING: Failed to rasterize image for plot. "
"JF";"6";"";"";"";"";"16/02/2026 18:48:39";"";"";"";"";"";"";"";"";"";"";"";"Plotted with Warning(s)"
"JS";"7";"";"";"";"16/02/2026 18:49:11";"";"felip";"PRO_SANE";"";"";"";"";"";"";"";"";"";""
"SH";"7";"";"";"";"16/02/2026 18:49:12";"16/02/2026 18:49:16";"";"";"";"C:\Users\felip\Desktop\CONSORCIO SANTOS\PROJETOS\TETEU-VV\TETEU ÁGUA COM COTAS.dwg";"A1 (1)";"";"";"PDF24";"";"A1";"0";"Plotted"
"JF";"7";"";"";"";"";"16/02/2026 18:49:16";"";"";"";"";"";"";"";"";"";"";"";"Plotted"
"JS";"8";"";"";"";"16/02/2026 18:53:48";"";"felip";"PRO_SANE";"";"";"";"";"";"";"";"";"";""
"SH";"8";"";"";"";"16/02/2026 18:53:48";"16/02/2026 18:53:50";"";"";"";"C:\Users\felip\Desktop\CONSORCIO SANTOS\PROJETOS\TETEU-VV\TETEU ÁGUA COM COTAS.dwg";"A1 (1)";"";"";"PDF24";"";"A1";"0";"Plotted with Warning(s)";"WARNING: Failed to rasterize image for plot. "
"JF";"8";"";"";"";"";"16/02/2026 18:53:50";"";"";"";"";"";"";"";"";"";"";"";"Plotted with Warning(s)"
"JS";"9";"";"";"";"16/02/2026 18:59:40";"";"felip";"PRO_SANE";"";"";"";"";"";"";"";"";"";""
"SH";"9";"";"";"";"16/02/2026 18:59:40";"16/02/2026 18:59:41";"";"";"";"C:\Users\felip\Desktop\CONSORCIO SANTOS\PROJETOS\TETEU-VV\TETEU ÁGUA COM COTAS.dwg";"A1 (1)";"";"";"PDF24";"";"A1";"0";"Plotted with Warning(s)";"WARNING: Failed to rasterize image for plot. "
"JF";"9";"";"";"";"";"16/02/2026 18:59:41";"";"";"";"";"";"";"";"";"";"";"";"Plotted with Warning(s)"
"JS";"10";"";"";"";"16/02/2026 19:02:06";"";"felip";"PRO_SANE";"";"";"";"";"";"";"";"";"";""
"SH";"10";"";"";"";"16/02/2026 19:02:06";"16/02/2026 19:02:07";"";"";"";"C:\Users\felip\Desktop\CONSORCIO SANTOS\PROJETOS\TETEU-VV\TETEU ÁGUA COM COTAS.dwg";"A1 (1)";"";"";"PDF24";"";"A1";"0";"Plotted with Warning(s)";"WARNING: Failed to rasterize image for plot. "
"JF";"10";"";"";"";"";"16/02/2026 19:02:07";"";"";"";"";"";"";"";"";"";"";"";"Plotted with Warning(s)"
"JS";"11";"";"";"";"16/02/2026 19:02:28";"";"felip";"PRO_SANE";"";"";"";"";"";"";"";"";"";""
"SH";"11";"";"";"";"16/02/2026 19:02:29";"16/02/2026 19:02:30";"";"";"";"C:\Users\felip\Desktop\CONSORCIO SANTOS\PROJETOS\TETEU-VV\TETEU ÁGUA COM COTAS.dwg";"A1 (1)";"";"";"PDF24";"";"A1";"0";"Plotted with Warning(s)";"WARNING: Failed to rasterize image for plot. "
"JF";"11";"";"";"";"";"16/02/2026 19:02:30";"";"";"";"";"";"";"";"";"";"";"";"Plotted with Warning(s)"
"JS";"1";"";"";"";"18/02/2026 09:38:11";"";"felip";"PRO_SANE";"";"";"";"";"";"";"";"";"";""
"SH";"1";"";"";"";"18/02/2026 09:38:11";"18/02/2026 09:38:12";"";"";"";"C:\Users\felip\Desktop\CONSORCIO SANTOS\PROJETOS\PANTANAL BAIXO\PROJETOS PANTANAL BAIXO\PROJETO ESGOTO\PANTANAL ESGOTO-REV4.dwg";"Layout1 (3)";"";"";"PDF24";"";"A1";"0";"Plotted"
"JF";"1";"";"";"";"";"18/02/2026 09:38:12";"";"";"";"";"";"";"";"";"";"";"";"Plotted"
"JS";"2";"";"";"";"18/02/2026 10:40:13";"";"felip";"PRO_SANE";"";"";"";"";"";"";"";"";"";""
"SH";"2";"";"";"";"18/02/2026 10:40:13";"18/02/2026 10:40:14";"";"";"";"C:\Users\felip\Desktop\CONSORCIO SANTOS\PROJETOS\PANTANAL BAIXO\PROJETOS PANTANAL BAIXO\PROJETO ESGOTO\PANTANAL ESGOTO-REV4.dwg";"Layout1 (3)";"";"";"PDF24";"";"A1";"0";"Plotted"
"JF";"2";"";"";"";"";"18/02/2026 10:40:14";"";"";"";"";"";"";"";"";"";"";"";"Plotted"
"JS";"3";"";"";"";"18/02/2026 17:38:42";"";"felip";"PRO_SANE";"";"";"";"";"";"";"";"";"";""
"SH";"3";"";"";"";"18/02/2026 17:38:42";"18/02/2026 17:38:51";"";"";"";"C:\Users\felip\Desktop\CONSORCIO SANTOS\PROJETOS\TETEU-VV\PROJETOS TETEU\PROJETO ESGOTO\-25-PROJETO ESGOTO-VERDE-E-TETEUREVISAOZEMARCIO.dwg";"A1 (1)";"";"";"AutoCAD PDF (High Quality Print).pc3";"C:\Users\felip\Desktop\-25-PROJETO ESGOTO-VERDE-E-TETEUREVISAOZEMARCIO-A1 (1).pdf";"ISO full bleed A3 (297.00 x 420.00 MM)";"0";"Plotted"
"JF";"3";"";"";"";"";"18/02/2026 17:38:51";"";"";"";"";"";"";"";"";"";"";"";"Plotted"
"JS";"1";"";"";"";"24/02/2026 20:28:27";"";"felip";"PRO_SANE";"";"";"";"";"";"";"";"";"";""
"SH";"1";"";"";"";"24/02/2026 20:28:28";"24/02/2026 20:28:28";"";"";"";"C:\Users\felip\Desktop\CADASTRO GABRIEL\CADASTRO A4 - PANTANAL BAIXO.dxf";"001";"";"";"DWG To PDF.pc3";"C:\Users\felip\Desktop\CADASTRO GABRIEL\CADASTRO A4 - PANTANAL BAIXO-001.pdf";"ISO full bleed A4 (297.00 x 210.00 MM)";"0";"Plotted"
"JF";"1";"";"";"";"";"24/02/2026 20:28:28";"";"";"";"";"";"";"";"";"";"";"";"Plotted"
"JS";"1";"";"";"";"03/03/2026 09:35:42";"";"felip";"PRO_SANE";"";"";"";"";"";"";"";"";"";""
"SH";"1";"";"";"";"03/03/2026 09:35:42";"03/03/2026 09:35:43";"";"";"";"C:\Users\felip\Desktop\CONSORCIO SANTOS\PROJETOS\Vila dos Criadores\PROJETOS VILA DOS CRIADORES\PROJETO ESGOTO\Projeto Criadores- ESGOTOrev12elevatoria.dwg";"NS 0025 (2)";"";"";"DWG To PDF.pc3";"C:\Users\felip\Desktop\NOTA DE SERVIÇO DO ARROMBADO DO LUCAS.pdf";"ISO full bleed A3 (297.00 x 420.00 MM)";"0";"Plotted"
"JF";"1";"";"";"";"";"03/03/2026 09:35:43";"";"";"";"";"";"";"";"";"";"";"";"Plotted"
"JS";"2";"";"";"";"03/03/2026 09:47:51";"";"felip";"PRO_SANE";"";"";"";"";"";"";"";"";"";""
"SH";"2";"";"";"";"03/03/2026 09:47:51";"03/03/2026 09:48:11";"";"";"";"C:\Users\felip\Desktop\CONSORCIO SANTOS\PROJETOS\Vila dos Criadores\PROJETOS VILA DOS CRIADORES\PROJETO ESGOTO\Projeto Criadores- ESGOTOrev12elevatoria.dwg";"NS 0025 (2)";"";"";"Microsoft Print to PDF";"";"A3";"0";"Plotted"
"JF";"2";"";"";"";"";"03/03/2026 09:48:11";"";"";"";"";"";"";"";"";"";"";"";"Plotted"
"JS";"1";"";"";"";"10/03/2026 12:18:23";"";"felip";"PRO_SANE";"";"";"";"";"";"";"";"";"";""
"SH";"1";"";"";"";"10/03/2026 12:18:23";"10/03/2026 12:18:24";"";"";"";"C:\Users\felip\Desktop\CONSORCIO SANTOS\PROJETOS\PANTANAL BAIXO\PROJETOS PANTANAL BAIXO\PROJETO AGUA E SIMULAÇÃO\PANTANAL ÁGUA.dwg";"Layout1";"";"";"PDF24";"";"A1";"0";"Plotted"
"JF";"1";"";"";"";"";"10/03/2026 12:18:24";"";"";"";"";"";"";"";"";"";"";"";"Plotted"
"JS";"1";"";"";"";"13/03/2026 14:56:21";"";"felip";"PRO_SANE";"";"";"";"";"";"";"";"";"";""
"SH";"1";"";"";"";"13/03/2026 14:56:21";"13/03/2026 14:56:23";"";"";"";"C:\Users\felip\Desktop\CONSORCIO SANTOS\PROJETOS\SÃO MANOEL\TRONCO PRELIMIAR - SÃO MANUEL_ESGOTO_EI_15.01.dwg";"Model";"";"";"AutoCAD PDF (High Quality Print).pc3";"C:\Users\felip\Desktop\Nova pasta\TRONCO PRELIMIAR - SÃO MANUEL_ESGOTO_EI_15.01-Model.pdf";"ISO expand A4 (297.00 x 210.00 MM)";"0";"Plotted"
"JF";"1";"";"";"";"";"13/03/2026 14:56:23";"";"";"";"";"";"";"";"";"";"";"";"Plotted"
"JS";"2";"";"";"";"13/03/2026 14:56:53";"";"felip";"PRO_SANE";"";"";"";"";"";"";"";"";"";""
"SH";"2";"";"";"";"13/03/2026 14:56:53";"13/03/2026 14:56:55";"";"";"";"C:\Users\felip\Desktop\CONSORCIO SANTOS\PROJETOS\SÃO MANOEL\TRONCO PRELIMIAR - SÃO MANUEL_ESGOTO_EI_15.01.dwg";"Model";"";"";"AutoCAD PDF (High Quality Print).pc3";"C:\Users\felip\Desktop\Nova pasta\TRONCO PRELIMIAR - SÃO MANUEL_ESGOTO_EI_15.01-Model.pdf";"ISO expand A4 (297.00 x 210.00 MM)";"0";"Plotted"
"JF";"2";"";"";"";"";"13/03/2026 14:56:55";"";"";"";"";"";"";"";"";"";"";"";"Plotted"
"JS";"3";"";"";"";"13/03/2026 14:57:16";"";"felip";"PRO_SANE";"";"";"";"";"";"";"";"";"";""
"SH";"3";"";"";"";"13/03/2026 14:57:16";"13/03/2026 14:57:18";"";"";"";"C:\Users\felip\Desktop\CONSORCIO SANTOS\PROJETOS\SÃO MANOEL\TRONCO PRELIMIAR - SÃO MANUEL_ESGOTO_EI_15.01.dwg";"Model";"";"";"AutoCAD PDF (High Quality Print).pc3";"C:\Users\felip\Desktop\Nova pasta\TRONCO PRELIMIAR - SÃO MANUEL_ESGOTO_EI_15.01-Model.pdf";"ISO expand A4 (297.00 x 210.00 MM)";"0";"Plotted"
"JF";"3";"";"";"";"";"13/03/2026 14:57:18";"";"";"";"";"";"";"";"";"";"";"";"Plotted"
"JS";"4";"";"";"";"13/03/2026 14:57:48";"";"felip";"PRO_SANE";"";"";"";"";"";"";"";"";"";""
"SH";"4";"";"";"";"13/03/2026 14:57:48";"13/03/2026 14:57:50";"";"";"";"C:\Users\felip\Desktop\CONSORCIO SANTOS\PROJETOS\SÃO MANOEL\TRONCO PRELIMIAR - SÃO MANUEL_ÁGUA FRIA_traçados.dwg";"Model";"";"";"AutoCAD PDF (High Quality Print).pc3";"C:\Users\felip\Desktop\Nova pasta\TRONCO PRELIMIAR - SÃO MANUEL_ÁGUA FRIA_traçados-Model.pdf";"ISO expand A4 (297.00 x 210.00 MM)";"0";"Plotted"
"JF";"4";"";"";"";"";"13/03/2026 14:57:50";"";"";"";"";"";"";"";"";"";"";"";"Plotted"
"JS";"5";"";"";"";"13/03/2026 16:31:58";"";"felip";"PRO_SANE";"";"";"";"";"";"";"";"";"";""
"SH";"5";"";"";"";"13/03/2026 16:31:58";"13/03/2026 16:32:01";"";"";"";"C:\Users\felip\Desktop\CONSORCIO SANTOS\PROJETOS\SÃO MANOEL\SÃO_MANOEL_ESGOTO_com_3d.dwg";"PRANCHA DETALHE";"";"";"AutoCAD PDF (High Quality Print).pc3";"C:\Users\felip\Desktop\Nova pasta\SÃO_MANOEL_ESGOTO_com_3d-PRANCHA DETALHE.pdf";"ISO full bleed A1 (594.00 x 841.00 MM)";"0";"Plotted"
"JF";"5";"";"";"";"";"13/03/2026 16:32:01";"";"";"";"";"";"";"";"";"";"";"";"Plotted"
"JS";"6";"";"";"";"13/03/2026 17:13:18";"";"felip";"PRO_SANE";"";"";"";"";"";"";"";"";"";""
"SH";"6";"";"";"";"13/03/2026 17:13:18";"13/03/2026 17:13:20";"";"";"";"C:\Users\felip\Desktop\CONSORCIO SANTOS\PROJETOS\SÃO MANOEL\SÃO_MANOEL_ESGOTO_com_3d.dwg";"NS005";"";"";"AutoCAD PDF (High Quality Print).pc3";"C:\Users\felip\Desktop\Nova pasta\são manoel.pdf";"ISO full bleed A1 (594.00 x 841.00 MM)";"0";"Plotted"
"JF";"6";"";"";"";"";"13/03/2026 17:13:20";"";"";"";"";"";"";"";"";"";"";"";"Plotted"
"JS";"7";"";"";"";"13/03/2026 17:14:25";"";"felip";"PRO_SANE";"";"";"";"";"";"";"";"";"";""
"SH";"7";"";"";"";"13/03/2026 17:14:25";"13/03/2026 17:14:28";"";"";"";"C:\Users\felip\Desktop\CONSORCIO SANTOS\PROJETOS\SÃO MANOEL\SÃO_MANOEL_ESGOTO_com_3d.dwg";"NS005";"";"";"AutoCAD PDF (High Quality Print).pc3";"C:\Users\felip\Desktop\Nova pasta\são manoel2.pdf";"ISO full bleed A1 (594.00 x 841.00 MM)";"0";"Plotted"
"JF";"7";"";"";"";"";"13/03/2026 17:14:28";"";"";"";"";"";"";"";"";"";"";"";"Plotted"
"JS";"8";"";"";"";"13/03/2026 17:30:54";"";"felip";"PRO_SANE";"";"";"";"";"";"";"";"";"";""
"SH";"8";"";"";"";"13/03/2026 17:30:54";"13/03/2026 17:30:57";"";"";"";"C:\Users\felip\Desktop\CONSORCIO SANTOS\PROJETOS\SÃO MANOEL\SÃO_MANOEL_ESGOTO_com_3d.dwg";"NS005";"";"";"AutoCAD PDF (High Quality Print).pc3";"C:\Users\felip\Desktop\Nova pasta\são manoel3.pdf";"ISO full bleed A1 (594.00 x 841.00 MM)";"0";"Plotted"
"JF";"8";"";"";"";"";"13/03/2026 17:30:57";"";"";"";"";"";"";"";"";"";"";"";"Plotted"
"JS";"9";"";"";"";"13/03/2026 18:20:23";"";"felip";"PRO_SANE";"";"";"";"";"";"";"";"";"";""
"SH";"9";"";"";"";"13/03/2026 18:20:23";"13/03/2026 18:22:24";"";"";"";"C:\Users\felip\Desktop\CONSORCIO SANTOS\PROJETOS\SÃO MANOEL\SÃO_MANOEL_ESGOTO_com_3d.dwg";"NS005";"";"";"PDF24";"";"A1";"0";"Canceled"
"JF";"9";"";"";"";"";"13/03/2026 18:22:24";"";"";"";"";"";"";"";"";"";"";"";"Canceled"
"JS";"10";"";"";"";"13/03/2026 18:22:37";"";"felip";"PRO_SANE";"";"";"";"";"";"";"";"";"";""
"SH";"10";"";"";"";"13/03/2026 18:22:37";"13/03/2026 18:23:22";"";"";"";"C:\Users\felip\Desktop\CONSORCIO SANTOS\PROJETOS\SÃO MANOEL\SÃO_MANOEL_ESGOTO_com_3d.dwg";"NS005";"";"";"PDF24";"";"A1";"0";"Canceled"
"JF";"10";"";"";"";"";"13/03/2026 18:23:22";"";"";"";"";"";"";"";"";"";"";"";"Canceled"
"JS";"11";"";"";"";"13/03/2026 18:28:34";"";"felip";"PRO_SANE";"";"";"";"";"";"";"";"";"";""
"SH";"11";"";"";"";"13/03/2026 18:28:35";"13/03/2026 18:28:37";"";"";"";"C:\Users\felip\Desktop\CONSORCIO SANTOS\PROJETOS\SÃO MANOEL\SÃO_MANOEL_ESGOTO_com_3d.dwg";"NS005";"";"";"AutoCAD PDF (High Quality Print).pc3";"C:\Users\felip\Desktop\Nova pasta\são manoel4.pdf";"ISO full bleed A1 (594.00 x 841.00 MM)";"0";"Plotted"
"JF";"11";"";"";"";"";"13/03/2026 18:28:37";"";"";"";"";"";"";"";"";"";"";"";"Plotted"
"JS";"12";"";"";"";"13/03/2026 18:37:22";"";"felip";"PRO_SANE";"";"";"";"";"";"";"";"";"";""
"SH";"12";"";"";"";"13/03/2026 18:37:22";"13/03/2026 18:37:30";"";"";"";"C:\Users\felip\Desktop\CONSORCIO SANTOS\PROJETOS\SÃO MANOEL\SÃO_MANOEL_ESGOTO_com_3d.dwg";"PRANCHA DETALHE";"";"";"PDF24";"";"A1";"0";"Plotted"
"JF";"12";"";"";"";"";"13/03/2026 18:37:30";"";"";"";"";"";"";"";"";"";"";"";"Plotted"
"JS";"13";"";"";"";"13/03/2026 18:38:18";"";"felip";"PRO_SANE";"";"";"";"";"";"";"";"";"";""
"SH";"13";"";"";"";"13/03/2026 18:38:19";"13/03/2026 18:38:40";"";"";"";"C:\Users\felip\Desktop\CONSORCIO SANTOS\PROJETOS\SÃO MANOEL\SÃO_MANOEL_ESGOTO_com_3d.dwg";"PRANCHA DETALHE";"";"";"PDF24";"";"A1";"0";"Plotted"
"JF";"13";"";"";"";"";"13/03/2026 18:38:40";"";"";"";"";"";"";"";"";"";"";"";"Plotted"
"JS";"14";"";"";"";"13/03/2026 18:39:41";"";"felip";"PRO_SANE";"";"";"";"";"";"";"";"";"";""
"SH";"14";"";"";"";"13/03/2026 18:39:41";"13/03/2026 18:40:34";"";"";"";"C:\Users\felip\Desktop\CONSORCIO SANTOS\PROJETOS\SÃO MANOEL\SÃO_MANOEL_ESGOTO_com_3d.dwg";"PRANCHA DETALHE";"";"";"PDF24";"";"A1";"0";"Plotted"
"JF";"14";"";"";"";"";"13/03/2026 18:40:34";"";"";"";"";"";"";"";"";"";"";"";"Plotted"
"JS";"1";"";"";"";"15/03/2026 09:54:58";"";"felip";"<<C3D_Brazil>>";"";"";"";"";"";"";"";"";"";""
"SH";"1";"";"";"";"15/03/2026 09:54:58";"15/03/2026 09:55:04";"";"";"";"C:\Users\felip\AppData\Local\Packages\5319275A.WhatsAppDesktop_cv1g1gvanyjgm\LocalState\sessions\99935598B5B279B7A9D3E179FBBF8AA9B9684233\transfers\2026-11\SÃO_MANOEL_ESGOTO_com_3d.dwg";"PRANCHA DETALHE 3";"";"";"AutoCAD PDF (High Quality Print).pc3";"C:\Users\felip\Desktop\GEO RADAR1.pdf";"ISO expand A1 (594.00 x 841.00 MM)";"0";"Plotted"
"JF";"1";"";"";"";"";"15/03/2026 09:55:04";"";"";"";"";"";"";"";"";"";"";"";"Plotted"
"JS";"2";"";"";"";"15/03/2026 09:56:06";"";"felip";"<<C3D_Brazil>>";"";"";"";"";"";"";"";"";"";""
"SH";"2";"";"";"";"15/03/2026 09:56:06";"15/03/2026 09:56:10";"";"";"";"C:\Users\felip\AppData\Local\Packages\5319275A.WhatsAppDesktop_cv1g1gvanyjgm\LocalState\sessions\99935598B5B279B7A9D3E179FBBF8AA9B9684233\transfers\2026-11\SÃO_MANOEL_ESGOTO_com_3d.dwg";"PRANCHA DETALHE 3";"";"";"AutoCAD PDF (High Quality Print).pc3";"C:\Users\felip\Desktop\Untitled3.pdf";"ISO expand A1 (594.00 x 841.00 MM)";"0";"Plotted"
"JF";"2";"";"";"";"";"15/03/2026 09:56:10";"";"";"";"";"";"";"";"";"";"";"";"Plotted"
"JS";"3";"";"";"";"15/03/2026 10:00:13";"";"felip";"<<C3D_Brazil>>";"";"";"";"";"";"";"";"";"";""
"SH";"3";"";"";"";"15/03/2026 10:00:13";"15/03/2026 10:00:38";"";"";"";"C:\Users\felip\AppData\Local\Packages\5319275A.WhatsAppDesktop_cv1g1gvanyjgm\LocalState\sessions\99935598B5B279B7A9D3E179FBBF8AA9B9684233\transfers\2026-11\SÃO_MANOEL_ESGOTO_com_3d.dwg";"PRANCHA DETALHE 3";"";"";"AutoCAD PDF (High Quality Print).pc3";"C:\Users\felip\Desktop\SÃO_MANOEL_ESGOTO_com_3d-PRANCHA DETALHE 3.pdf";"ISO expand A1 (594.00 x 841.00 MM)";"0";"Plotted"
"JF";"3";"";"";"";"";"15/03/2026 10:00:38";"";"";"";"";"";"";"";"";"";"";"";"Plotted"
"JS";"4";"";"";"";"15/03/2026 10:21:08";"";"felip";"<<C3D_Brazil>>";"";"";"";"";"";"";"";"";"";""
"SH";"4";"";"";"";"15/03/2026 10:21:13";"15/03/2026 10:21:33";"";"";"";"C:\Users\felip\AppData\Local\Packages\5319275A.WhatsAppDesktop_cv1g1gvanyjgm\LocalState\sessions\99935598B5B279B7A9D3E179FBBF8AA9B9684233\transfers\2026-11\SÃO_MANOEL_ESGOTO_com_3d.dwg";"PRANCHA DETALHE 3";"";"";"AutoCAD PDF (High Quality Print).pc3";"C:\Users\felip\Desktop\UFAAAAAAAAAAAAAASÃO_MANOEL_ESGOTO_com_3d-PRANCHA DETALHE 3.pdf";"ISO expand A1 (594.00 x 841.00 MM)";"0";"Plotted"
"JF";"4";"";"";"";"";"15/03/2026 10:21:33";"";"";"";"";"";"";"";"";"";"";"";"Plotted"
"JS";"1";"";"";"";"27/03/2026 11:12:39";"";"felip";"PRO_SANE";"";"";"";"";"";"";"";"";"";""
"SH";"1";"";"";"";"27/03/2026 11:12:40";"27/03/2026 11:12:53";"";"";"";"C:\Users\felip\Desktop\CONSORCIO SANTOS\PROJETOS\SÃO MANOEL\TRONCO   - SÃO MANUEL_ESGOTO_revNS008SEMLAYOUTt.dwg";"Layout1";"";"";"Microsoft Print to PDF";"";"A3";"0";"Plotted"
"JF";"1";"";"";"";"";"27/03/2026 11:12:53";"";"";"";"";"";"";"";"";"";"";"";"Plotted"
"JS";"2";"";"";"";"27/03/2026 11:13:45";"";"felip";"PRO_SANE";"";"";"";"";"";"";"";"";"";""
"SH";"2";"";"";"";"27/03/2026 11:13:45";"27/03/2026 11:13:58";"";"";"";"C:\Users\felip\Desktop\CONSORCIO SANTOS\PROJETOS\SÃO MANOEL\TRONCO   - SÃO MANUEL_ESGOTO_revNS008SEMLAYOUTt.dwg";"Layout1";"";"";"Microsoft Print to PDF";"";"A3";"0";"Plotted"
"JF";"2";"";"";"";"";"27/03/2026 11:13:58";"";"";"";"";"";"";"";"";"";"";"";"Plotted"
"JS";"3";"";"";"";"27/03/2026 11:16:29";"";"felip";"PRO_SANE";"";"";"";"";"";"";"";"";"";""
"SH";"3";"";"";"";"27/03/2026 11:16:29";"27/03/2026 11:16:44";"";"";"";"C:\Users\felip\Desktop\CONSORCIO SANTOS\PROJETOS\SÃO MANOEL\TRONCO   - SÃO MANUEL_ESGOTO_revNS008SEMLAYOUTt.dwg";"Layout1";"";"";"Microsoft Print to PDF";"";"A3";"0";"Plotted"
"JF";"3";"";"";"";"";"27/03/2026 11:16:44";"";"";"";"";"";"";"";"";"";"";"";"Plotted"
"JS";"4";"";"";"";"27/03/2026 11:17:55";"";"felip";"PRO_SANE";"";"";"";"";"";"";"";"";"";""
"SH";"4";"";"";"";"27/03/2026 11:17:55";"27/03/2026 11:18:11";"";"";"";"C:\Users\felip\Desktop\CONSORCIO SANTOS\PROJETOS\SÃO MANOEL\TRONCO   - SÃO MANUEL_ESGOTO_revNS008SEMLAYOUTt.dwg";"Layout1";"";"";"Microsoft Print to PDF";"";"A3";"0";"Plotted"
"JF";"4";"";"";"";"";"27/03/2026 11:18:11";"";"";"";"";"";"";"";"";"";"";"";"Plotted"
