ISO-10303-21;
HEADER;
FILE_DESCRIPTION(('ViewDefinition[DesignTransferView]'),'2;1');
FILE_NAME('/dev/null','2026-03-22T14:30:18+00:00',(''),(''),'IfcOpenShell 0.8.4.post1','IfcOpenShell 0.8.4.post1','Nobody');
FILE_SCHEMA(('IFC2X3'));
ENDSEC;
DATA;
#1=IFCPERSON('HSeldon','Nery','Felipe',$,$,$,$,$);
#2=IFCORGANIZATION('FCN','FCN Constru\X2\00E700F5\X0\es e Saneamento',$,$,$);
#3=IFCPERSONANDORGANIZATION(#1,#2,$);
#4=IFCAPPLICATION(#2,'6.0','ConstruData - HydroNetwork','CDHN');
#5=IFCOWNERHISTORY(#3,#4,.READWRITE.,.ADDED.,1774189818,#3,#4,1774189818);
#6=IFCPROJECT('2ZJYjg7UP89emxnyY0wb5W',#5,'SLNR Santos - Verde e Teteu',$,$,$,$,(#15),#10);
#7=IFCSIUNIT(*,.LENGTHUNIT.,$,.METRE.);
#8=IFCSIUNIT(*,.AREAUNIT.,$,.SQUARE_METRE.);
#9=IFCSIUNIT(*,.VOLUMEUNIT.,$,.CUBIC_METRE.);
#10=IFCUNITASSIGNMENT((#9,#7,#8));
#11=IFCCARTESIANPOINT((0.,0.,0.));
#12=IFCDIRECTION((0.,0.,1.));
#13=IFCDIRECTION((1.,0.,0.));
#14=IFCAXIS2PLACEMENT3D(#11,#12,#13);
#15=IFCGEOMETRICREPRESENTATIONCONTEXT($,'Model',3,1.E-05,#14,$);
#16=IFCGEOMETRICREPRESENTATIONSUBCONTEXT('Body','Model',*,*,*,*,#15,$,.MODEL_VIEW.,$);
#17=IFCOWNERHISTORY(#3,#4,.READWRITE.,.ADDED.,1774189818,#3,#4,1774189818);
#18=IFCSITE('101eYOsbD7vvEzMW6AX9Lp',#17,'Verde e Teteu',$,$,$,$,$,.ELEMENT.,$,$,$,$,$);
#19=IFCOWNERHISTORY(#3,#4,.READWRITE.,.ADDED.,1774189819,#3,#4,1774189819);
#20=IFCRELAGGREGATES('3uX$4e3ffFI8sqjDI8NqUw',#19,$,$,#6,(#18));
#21=IFCOWNERHISTORY(#3,#4,.READWRITE.,.ADDED.,1774189819,#3,#4,1774189819);
#22=IFCBUILDING('1sdyTlKtn1M8yC_hV0UsFf',#21,'Rede Esgoto',$,$,$,$,$,.ELEMENT.,$,$,$);
#23=IFCOWNERHISTORY(#3,#4,.READWRITE.,.ADDED.,1774189819,#3,#4,1774189819);
#24=IFCRELAGGREGATES('2tm_xTqtTCKQpdD9h90m48',#23,$,$,#18,(#22));
#25=IFCOWNERHISTORY(#3,#4,.READWRITE.,.ADDED.,1774189819,#3,#4,1774189819);
#26=IFCBUILDINGSTOREY('1bpAtp_ADCBwH3IkKbEuW2',#25,'Subsolo',$,$,$,$,$,.ELEMENT.,$);
#27=IFCOWNERHISTORY(#3,#4,.READWRITE.,.ADDED.,1774189819,#3,#4,1774189819);
#28=IFCRELAGGREGATES('1s6VJgut508vgE0yVhTNZJ',#27,$,$,#22,(#26));
#29=IFCCARTESIANPOINT((0.,0.));
#30=IFCAXIS2PLACEMENT2D(#29,$);
#31=IFCCARTESIANPOINT((0.,0.,0.));
#32=IFCDIRECTION((0.,0.,1.));
#33=IFCDIRECTION((1.,0.,0.));
#34=IFCAXIS2PLACEMENT3D(#31,#32,#33);
#35=IFCOWNERHISTORY(#3,#4,.READWRITE.,.MODIFIED.,1774189819,#3,#4,1774189819);
#36=IFCFLOWSEGMENT('0myScwbS9C6gMwk1BuCzb8',#35,'T001_N_001_PI_03',$,$,#54,#47,$);
#42=IFCCARTESIANPOINT((0.,0.,0.));
#43=IFCCARTESIANPOINT((15.8639758677455,4.94029384944588,14.345));
#44=IFCPOLYLINE((#42,#43));
#45=IFCSWEPTDISKSOLID(#44,0.1,0.09,$,$);
#46=IFCSHAPEREPRESENTATION(#16,'Body','SweptSolid',(#45));
#47=IFCPRODUCTDEFINITIONSHAPE($,$,(#46));
#48=IFCOWNERHISTORY(#3,#4,.READWRITE.,.MODIFIED.,1774189821,#3,#4,1774189819);
#49=IFCRELCONTAINEDINSPATIALSTRUCTURE('3cvPQjBv59kPKS9D7RNLqQ',#48,$,$,(#15508,#13217,#13710,#11564,#15827,#14174,#614,#14319,#1514,#1118,#16784,#5834,#74,#974,#578,#15740,#36,#5294,#6194,#3854,#3458,#5150,#4754,#2414,#3710,#3314,#1874,#2774,#434,#1730,#1334,#6050,#5654,#290,#4610,#4214,#5510,#5114,#4070,#3674,#2630,#2234,#3530,#3134,#8867,#1190,#794,#6721,#2090,#1694,#7359,#9331,#9969,#7678,#7823,#6410,#6014,#650,#254,#1550,#6808,#10288,#10433,#8142,#8780,#8925,#6634,#7127,#13043,#7272,#4970,#10897,#6266,#5870,#110,#11390,#9099,#11535,#9244,#15160,#6953,#15653,#7446,#9882,#7591,#13507,#7736,#14000,#8229,#11709,#14145,#8374,#11854,#11999,#10056,#12492,#10201,#16117,#4430,#10346,#7910,#5330,#8055,#2306,#10839,#8548,#10984,#14464,#8693,#14609,#16755,#8838,#12318,#15102,#6895,#12811,#7040,#10520,#12956,#7185,#10665,#13101,#11158,#13594,#11303,#9012,#11448,#14928,#9157,#15421,#11941,#2990,#9650,#3890,#9795,#15711,#7504,#13275,#15566,#16204,#7997,#13913,#11622,#14058,#11767,#12260,#12405,#15885,#10114,#16030,#16523,#10752,#14232,#8461,#14377,#16668,#8606,#12086,#2450,#15015,#3350,#12724,#12869,#16349,#13362,#16842,#11071,#11216,#14696,#15334,#9563,#15479,#13188,#15972,#13681,#13826,#1010,#1910,#4646,#12173,#15798,#10027,#16291,#16436,#14290,#14783,#12637,#13130,#6230,#470,#3206,#4106,#15247,#4790,#6086,#5690,#2666,#4250,#1226,#2810,#686,#1370,#2270,#5006,#830,#3566,#4466,#5546,#2126,#6446,#3026,#1586,#5906,#2486,#3170,#146,#1442,#1046,#5762,#5366,#506,#3926,#5222,#4826,#7330,#3782,#3386,#4682,#4286,#9447,#9940,#7794,#8287,#12550,#6779,#10404,#2342,#1946,#3242,#2846,#8751,#8896,#9389,#7098,#13014,#7243,#7881,#11361,#11506,#9215,#9708,#9853,#7562,#1802,#1406,#10491,#13971,#8200,#14116,#8345,#11825,#6547,#12463,#6692,#10172,#10317,#16581,#10810,#16726,#8519,#10955,#8664,#14580,#15073,#6122,#12782,#9302,#362,#12927,#6866,#7011,#1262,#866,#7156,#10636,#13565,#7649,#11129,#11274,#13420,#8983,#11419,#9476,#11912,#15392,#9621,#12057,#15537,#9766,#7475,#10259,#13739,#7968,#13884,#16175,#8113,#11593,#14029,#14522,#5582,#5186,#12231,#6482,#12376,#14667,#10085,#10578,#16494,#10723,#14203,#8432,#10868,#14348,#16639,#14841,#9070,#14986,#12695,#15131,#6924,#15624,#7417,#13333,#11042,#13478,#4142,#3746,#5438,#5042,#11187,#11680,#15305,#9534,#15450,#15943,#13652,#16088,#13797,#14435,#12144,#12289,#15769,#5726,#16262,#2702,#16407,#3602,#16552,#14754,#14899,#12608,#13246,#15218,#2162,#1766,#15856,#3062,#16320,#16813,#722,#326,#2018,#1622,#6338,#5942,#182,#4898,#4502,#5798,#5402,#4358,#3962,#4862,#2918,#2522,#3818,#3422,#1478,#1082,#2378,#1982,#6302,#938,#542,#5258,#6158,#398,#4718,#4322,#5618,#6837,#3278,#2882,#4574,#4178,#1838,#2738,#8258,#3638,#8403,#6605,#6750,#11013,#9360,#7069,#1298,#902,#2594,#2198,#7214,#7707,#13623,#7852,#11477,#11970,#9824,#16233,#8026,#10462,#8171,#14087,#8316,#8809,#6518,#1154,#758,#6663,#12434,#12579,#13072,#7301,#10781,#10926,#8635,#9128,#15044,#9273,#15189,#6982,#9418,#12898,#15682,#9911,#13391,#7620,#13536,#7765,#11245,#5474,#5078,#11738,#6374,#5978,#11883,#218,#9592,#12028,#9737,#12521,#16001,#10230,#16146,#7939,#10375,#13855,#8084,#8577,#14493,#8722,#12202,#14638,#12347,#6576,#12840,#10549,#12985,#4034,#10694,#16465,#4934,#4538,#16610,#11332,#14812,#9041,#14957,#9186,#12666,#9679,#13159,#7388,#13304,#15595,#7533,#13449,#13942,#11651,#11796,#15276,#9505,#9998,#15914,#3494,#3098,#16059,#10143,#4394,#3998,#13768,#14261,#16697,#8490,#14406,#12115,#14551,#12753,#16378,#10607,#11100,#14725,#8954,#14870,#2054,#1658,#15363,#2954,#2558),#26);
#50=IFCCARTESIANPOINT((460.573224585794,514.595748437569,-1.5));
#51=IFCDIRECTION((0.,0.,1.));
#52=IFCDIRECTION((1.,0.,0.));
#53=IFCAXIS2PLACEMENT3D(#50,#51,#52);
#54=IFCLOCALPLACEMENT($,#53);
#55=IFCOWNERHISTORY(#3,#4,.READWRITE.,.ADDED.,1774189819,#3,#4,1774189819);
#56=IFCPROPERTYSET('1mRIMjg3LFo8ABa3daNYql',#55,'Dados',$,(#59,#60,#61,#62,#63));
#57=IFCOWNERHISTORY(#3,#4,.READWRITE.,.ADDED.,1774189819,#3,#4,1774189819);
#58=IFCRELDEFINESBYPROPERTIES('22XixnVTjFSQ$Ol_i5VSPz',#57,$,$,(#36),#56);
#59=IFCPROPERTYSINGLEVALUE('PV_Mont',$,IFCLABEL('N_001'),$);
#60=IFCPROPERTYSINGLEVALUE('PV_Jus',$,IFCLABEL('PI_03'),$);
#61=IFCPROPERTYSINGLEVALUE('DN',$,IFCREAL(200.),$);
#62=IFCPROPERTYSINGLEVALUE('Mat',$,IFCLABEL('PVC'),$);
#63=IFCPROPERTYSINGLEVALUE('Ext_m',$,IFCREAL(16.43),$);
#64=IFCOWNERHISTORY(#3,#4,.READWRITE.,.ADDED.,1774189819,#3,#4,1774189819);
#65=IFCPROPERTYSET('1GGTJg1ur5OO0sRjZE0AWS',#64,'Custo5D',$,(#68,#69,#70,#71,#72));
#66=IFCOWNERHISTORY(#3,#4,.READWRITE.,.ADDED.,1774189819,#3,#4,1774189819);
#67=IFCRELDEFINESBYPROPERTIES('35OlaFR3n7TwluwT3$3ByK',#66,$,$,(#36),#65);
#68=IFCPROPERTYSINGLEVALUE('Tubo_RS',$,IFCREAL(774.18),$);
#69=IFCPROPERTYSINGLEVALUE('Esc_RS',$,IFCREAL(606.66),$);
#70=IFCPROPERTYSINGLEVALUE('Reat_RS',$,IFCREAL(363.76),$);
#71=IFCPROPERTYSINGLEVALUE('Pav_RS',$,IFCREAL(1125.13),$);
#72=IFCPROPERTYSINGLEVALUE('Total_RS',$,IFCREAL(2869.73),$);
#73=IFCOWNERHISTORY(#3,#4,.READWRITE.,.MODIFIED.,1774189819,#3,#4,1774189819);
#74=IFCFLOWSEGMENT('0NcJycqXX9GAhLdQosJwgb',#73,'T002_PI_79_PI_04',$,$,#90,#85,$);
#80=IFCCARTESIANPOINT((0.,0.,0.));
#81=IFCCARTESIANPOINT((17.6879497355549,1.27165744826198,4.933));
#82=IFCPOLYLINE((#80,#81));
#83=IFCSWEPTDISKSOLID(#82,0.1,0.09,$,$);
#84=IFCSHAPEREPRESENTATION(#16,'Body','SweptSolid',(#83));
#85=IFCPRODUCTDEFINITIONSHAPE($,$,(#84));
#86=IFCCARTESIANPOINT((478.787485238048,519.948711904697,9.953));
#87=IFCDIRECTION((0.,0.,1.));
#88=IFCDIRECTION((1.,0.,0.));
#89=IFCAXIS2PLACEMENT3D(#86,#87,#88);
#90=IFCLOCALPLACEMENT($,#89);
#91=IFCOWNERHISTORY(#3,#4,.READWRITE.,.ADDED.,1774189819,#3,#4,1774189819);
#92=IFCPROPERTYSET('2sgKYsffT6eO$TgJt33uJ1',#91,'Dados',$,(#95,#96,#97,#98,#99));
#93=IFCOWNERHISTORY(#3,#4,.READWRITE.,.ADDED.,1774189819,#3,#4,1774189819);
#94=IFCRELDEFINESBYPROPERTIES('2sl7bJWPXDF8vB5b7HwLUK',#93,$,$,(#74),#92);
#95=IFCPROPERTYSINGLEVALUE('PV_Mont',$,IFCLABEL('PI_79'),$);
#96=IFCPROPERTYSINGLEVALUE('PV_Jus',$,IFCLABEL('PI_04'),$);
#97=IFCPROPERTYSINGLEVALUE('DN',$,IFCREAL(200.),$);
#98=IFCPROPERTYSINGLEVALUE('Mat',$,IFCLABEL('PVC'),$);
#99=IFCPROPERTYSINGLEVALUE('Ext_m',$,IFCREAL(17.73),$);
#100=IFCOWNERHISTORY(#3,#4,.READWRITE.,.ADDED.,1774189819,#3,#4,1774189819);
#101=IFCPROPERTYSET('2phHVYm95C5vHxacr_C3$L',#100,'Custo5D',$,(#104,#105,#106,#107,#108));
#102=IFCOWNERHISTORY(#3,#4,.READWRITE.,.ADDED.,1774189819,#3,#4,1774189819);
#103=IFCRELDEFINESBYPROPERTIES('2AVZJeBW11u8zbb6KoIkLD',#102,$,$,(#74),#101);
#104=IFCPROPERTYSINGLEVALUE('Tubo_RS',$,IFCREAL(835.44),$);
#105=IFCPROPERTYSINGLEVALUE('Esc_RS',$,IFCREAL(261.87),$);
#106=IFCPROPERTYSINGLEVALUE('Reat_RS',$,IFCREAL(157.02),$);
#107=IFCPROPERTYSINGLEVALUE('Pav_RS',$,IFCREAL(1214.15),$);
#108=IFCPROPERTYSINGLEVALUE('Total_RS',$,IFCREAL(2468.47),$);
#109=IFCOWNERHISTORY(#3,#4,.READWRITE.,.MODIFIED.,1774189819,#3,#4,1774189819);
#110=IFCFLOWSEGMENT('0$KgxqqEb2HPuS2r16oJeF',#109,'T003_PI_53_PI_10',$,$,#126,#121,$);
#116=IFCCARTESIANPOINT((0.,0.,0.));
#117=IFCCARTESIANPOINT((15.541336284834,8.59902002103627,10.738));
#118=IFCPOLYLINE((#116,#117));
#119=IFCSWEPTDISKSOLID(#118,0.1,0.09,$,$);
#120=IFCSHAPEREPRESENTATION(#16,'Body','SweptSolid',(#119));
#121=IFCPRODUCTDEFINITIONSHAPE($,$,(#120));
#122=IFCCARTESIANPOINT((597.54414466751,566.105557545088,27.246));
#123=IFCDIRECTION((0.,0.,1.));
#124=IFCDIRECTION((1.,0.,0.));
#125=IFCAXIS2PLACEMENT3D(#122,#123,#124);
#126=IFCLOCALPLACEMENT($,#125);
#127=IFCOWNERHISTORY(#3,#4,.READWRITE.,.ADDED.,1774189819,#3,#4,1774189819);
#128=IFCPROPERTYSET('2M5DXVCwX0zvxa7HTur7TU',#127,'Dados',$,(#131,#132,#133,#134,#135));
#129=IFCOWNERHISTORY(#3,#4,.READWRITE.,.ADDED.,1774189819,#3,#4,1774189819);
#130=IFCRELDEFINESBYPROPERTIES('2pfX3Hk$b2ugiD9cFlaZ9L',#129,$,$,(#110),#128);
#131=IFCPROPERTYSINGLEVALUE('PV_Mont',$,IFCLABEL('PI_53'),$);
#132=IFCPROPERTYSINGLEVALUE('PV_Jus',$,IFCLABEL('PI_10'),$);
#133=IFCPROPERTYSINGLEVALUE('DN',$,IFCREAL(200.),$);
#134=IFCPROPERTYSINGLEVALUE('Mat',$,IFCLABEL('PVC'),$);
#135=IFCPROPERTYSINGLEVALUE('Ext_m',$,IFCREAL(17.76),$);
#136=IFCOWNERHISTORY(#3,#4,.READWRITE.,.ADDED.,1774189819,#3,#4,1774189819);
#137=IFCPROPERTYSET('2SxjY0tlDEpeQs56Oh47A9',#136,'Custo5D',$,(#140,#141,#142,#143,#144));
#138=IFCOWNERHISTORY(#3,#4,.READWRITE.,.ADDED.,1774189819,#3,#4,1774189819);
#139=IFCRELDEFINESBYPROPERTIES('0xQLxESy10bwXxBrJk$3hg',#138,$,$,(#110),#137);
#140=IFCPROPERTYSINGLEVALUE('Tubo_RS',$,IFCREAL(836.85),$);
#141=IFCPROPERTYSINGLEVALUE('Esc_RS',$,IFCREAL(262.31),$);
#142=IFCPROPERTYSINGLEVALUE('Reat_RS',$,IFCREAL(157.28),$);
#143=IFCPROPERTYSINGLEVALUE('Pav_RS',$,IFCREAL(1216.2),$);
#144=IFCPROPERTYSINGLEVALUE('Total_RS',$,IFCREAL(2472.65),$);
#145=IFCOWNERHISTORY(#3,#4,.READWRITE.,.MODIFIED.,1774189819,#3,#4,1774189819);
#146=IFCFLOWSEGMENT('3B$ek6H5j6nPFQfJcrQS$B',#145,'T004_PI_11_PI_61',$,$,#162,#157,$);
#152=IFCCARTESIANPOINT((0.,0.,0.));
#153=IFCCARTESIANPOINT((15.9939530849806,-8.60576346609741,1.065));
#154=IFCPOLYLINE((#152,#153));
#155=IFCSWEPTDISKSOLID(#154,0.1,0.09,$,$);
#156=IFCSHAPEREPRESENTATION(#16,'Body','SweptSolid',(#155));
#157=IFCPRODUCTDEFINITIONSHAPE($,$,(#156));
#158=IFCCARTESIANPOINT((615.177769119735,574.692329918034,38.874));
#159=IFCDIRECTION((0.,0.,1.));
#160=IFCDIRECTION((1.,0.,0.));
#161=IFCAXIS2PLACEMENT3D(#158,#159,#160);
#162=IFCLOCALPLACEMENT($,#161);
#163=IFCOWNERHISTORY(#3,#4,.READWRITE.,.ADDED.,1774189819,#3,#4,1774189819);
#164=IFCPROPERTYSET('3cBunhnAPDNeHT3wmY_Ik3',#163,'Dados',$,(#167,#168,#169,#170,#171));
#165=IFCOWNERHISTORY(#3,#4,.READWRITE.,.ADDED.,1774189819,#3,#4,1774189819);
#166=IFCRELDEFINESBYPROPERTIES('3ozIbHYmjB6OgzaoT1oHNK',#165,$,$,(#146),#164);
#167=IFCPROPERTYSINGLEVALUE('PV_Mont',$,IFCLABEL('PI_11'),$);
#168=IFCPROPERTYSINGLEVALUE('PV_Jus',$,IFCLABEL('PI_61'),$);
#169=IFCPROPERTYSINGLEVALUE('DN',$,IFCREAL(200.),$);
#170=IFCPROPERTYSINGLEVALUE('Mat',$,IFCLABEL('PVC'),$);
#171=IFCPROPERTYSINGLEVALUE('Ext_m',$,IFCREAL(16.94),$);
#172=IFCOWNERHISTORY(#3,#4,.READWRITE.,.ADDED.,1774189819,#3,#4,1774189819);
#173=IFCPROPERTYSET('3UGoXuGAn2ef0JfsZt$L4J',#172,'Custo5D',$,(#176,#177,#178,#179,#180));
#174=IFCOWNERHISTORY(#3,#4,.READWRITE.,.ADDED.,1774189819,#3,#4,1774189819);
#175=IFCRELDEFINESBYPROPERTIES('1r4KFQ0an7yBlH0NqQ7Q2W',#174,$,$,(#146),#173);
#176=IFCPROPERTYSINGLEVALUE('Tubo_RS',$,IFCREAL(798.21),$);
#177=IFCPROPERTYSINGLEVALUE('Esc_RS',$,IFCREAL(423.67),$);
#178=IFCPROPERTYSINGLEVALUE('Reat_RS',$,IFCREAL(254.03),$);
#179=IFCPROPERTYSINGLEVALUE('Pav_RS',$,IFCREAL(1160.05),$);
#180=IFCPROPERTYSINGLEVALUE('Total_RS',$,IFCREAL(2635.97),$);
#181=IFCOWNERHISTORY(#3,#4,.READWRITE.,.MODIFIED.,1774189819,#3,#4,1774189819);
#182=IFCFLOWSEGMENT('2y2iqmcgj9z9kXRU1r932S',#181,'T005_PI_61_PI_62',$,$,#198,#193,$);
#188=IFCCARTESIANPOINT((0.,0.,0.));
#189=IFCCARTESIANPOINT((8.05373893829528,12.6764766424894,-0.0339999999999989));
#190=IFCPOLYLINE((#188,#189));
#191=IFCSWEPTDISKSOLID(#190,0.1,0.09,$,$);
#192=IFCSHAPEREPRESENTATION(#16,'Body','SweptSolid',(#191));
#193=IFCPRODUCTDEFINITIONSHAPE($,$,(#192));
#194=IFCCARTESIANPOINT((631.171722204715,566.086566451937,39.939));
#195=IFCDIRECTION((0.,0.,1.));
#196=IFCDIRECTION((1.,0.,0.));
#197=IFCAXIS2PLACEMENT3D(#194,#195,#196);
#198=IFCLOCALPLACEMENT($,#197);
#199=IFCOWNERHISTORY(#3,#4,.READWRITE.,.ADDED.,1774189819,#3,#4,1774189819);
#200=IFCPROPERTYSET('2G0lA8K5n23eytWZkMyxg5',#199,'Dados',$,(#203,#204,#205,#206,#207));
#201=IFCOWNERHISTORY(#3,#4,.READWRITE.,.ADDED.,1774189819,#3,#4,1774189819);
#202=IFCRELDEFINESBYPROPERTIES('0qbzdx3cP7Jf35YHHdfLjw',#201,$,$,(#182),#200);
#203=IFCPROPERTYSINGLEVALUE('PV_Mont',$,IFCLABEL('PI_61'),$);
#204=IFCPROPERTYSINGLEVALUE('PV_Jus',$,IFCLABEL('PI_62'),$);
#205=IFCPROPERTYSINGLEVALUE('DN',$,IFCREAL(200.),$);
#206=IFCPROPERTYSINGLEVALUE('Mat',$,IFCLABEL('PVC'),$);
#207=IFCPROPERTYSINGLEVALUE('Ext_m',$,IFCREAL(14.24),$);
#208=IFCOWNERHISTORY(#3,#4,.READWRITE.,.ADDED.,1774189819,#3,#4,1774189819);
#209=IFCPROPERTYSET('1vKkZmuLP2xgDvpP36San2',#208,'Custo5D',$,(#212,#213,#214,#215,#216));
#210=IFCOWNERHISTORY(#3,#4,.READWRITE.,.ADDED.,1774189819,#3,#4,1774189819);
#211=IFCRELDEFINESBYPROPERTIES('0gFRc1FhvDMg_3CDbBYJbk',#210,$,$,(#182),#209);
#212=IFCPROPERTYSINGLEVALUE('Tubo_RS',$,IFCREAL(670.99),$);
#213=IFCPROPERTYSINGLEVALUE('Esc_RS',$,IFCREAL(466.03),$);
#214=IFCPROPERTYSINGLEVALUE('Reat_RS',$,IFCREAL(279.44),$);
#215=IFCPROPERTYSINGLEVALUE('Pav_RS',$,IFCREAL(975.16),$);
#216=IFCPROPERTYSINGLEVALUE('Total_RS',$,IFCREAL(2391.61),$);
#217=IFCOWNERHISTORY(#3,#4,.READWRITE.,.MODIFIED.,1774189819,#3,#4,1774189819);
#218=IFCFLOWSEGMENT('0ElltDdGn9vvp0VM88nU6y',#217,'T006_PI_13_PI_15',$,$,#234,#229,$);
#224=IFCCARTESIANPOINT((0.,0.,0.));
#225=IFCCARTESIANPOINT((12.7821699960041,9.0789281828329,8.29799999999999));
#226=IFCPOLYLINE((#224,#225));
#227=IFCSWEPTDISKSOLID(#226,0.1,0.09,$,$);
#228=IFCSHAPEREPRESENTATION(#16,'Body','SweptSolid',(#227));
#229=IFCPRODUCTDEFINITIONSHAPE($,$,(#228));
#230=IFCCARTESIANPOINT((669.948365742632,586.25114476122,46.749));
#231=IFCDIRECTION((0.,0.,1.));
#232=IFCDIRECTION((1.,0.,0.));
#233=IFCAXIS2PLACEMENT3D(#230,#231,#232);
#234=IFCLOCALPLACEMENT($,#233);
#235=IFCOWNERHISTORY(#3,#4,.READWRITE.,.ADDED.,1774189819,#3,#4,1774189819);
#236=IFCPROPERTYSET('2gfjkTaxD8tQt0cxnH40NG',#235,'Dados',$,(#239,#240,#241,#242,#243));
#237=IFCOWNERHISTORY(#3,#4,.READWRITE.,.ADDED.,1774189819,#3,#4,1774189819);
#238=IFCRELDEFINESBYPROPERTIES('2auNbjSez41uYXek5lqR60',#237,$,$,(#218),#236);
#239=IFCPROPERTYSINGLEVALUE('PV_Mont',$,IFCLABEL('PI_13'),$);
#240=IFCPROPERTYSINGLEVALUE('PV_Jus',$,IFCLABEL('PI_15'),$);
#241=IFCPROPERTYSINGLEVALUE('DN',$,IFCREAL(200.),$);
#242=IFCPROPERTYSINGLEVALUE('Mat',$,IFCLABEL('PVC'),$);
#243=IFCPROPERTYSINGLEVALUE('Ext_m',$,IFCREAL(15.68),$);
#244=IFCOWNERHISTORY(#3,#4,.READWRITE.,.ADDED.,1774189819,#3,#4,1774189819);
#245=IFCPROPERTYSET('00703YVGz0XvGGa1S796f7',#244,'Custo5D',$,(#248,#249,#250,#251,#252));
#246=IFCOWNERHISTORY(#3,#4,.READWRITE.,.ADDED.,1774189819,#3,#4,1774189819);
#247=IFCRELDEFINESBYPROPERTIES('3$luSOB1n0eRyJJvFMcob3',#246,$,$,(#218),#245);
#248=IFCPROPERTYSINGLEVALUE('Tubo_RS',$,IFCREAL(738.84),$);
#249=IFCPROPERTYSINGLEVALUE('Esc_RS',$,IFCREAL(231.59),$);
#250=IFCPROPERTYSINGLEVALUE('Reat_RS',$,IFCREAL(138.86),$);
#251=IFCPROPERTYSINGLEVALUE('Pav_RS',$,IFCREAL(1073.77),$);
#252=IFCPROPERTYSINGLEVALUE('Total_RS',$,IFCREAL(2183.06),$);
#253=IFCOWNERHISTORY(#3,#4,.READWRITE.,.MODIFIED.,1774189819,#3,#4,1774189819);
#254=IFCFLOWSEGMENT('2mzDOtD4LDwvT3bGGy8fIe',#253,'T007_PI_17_PI_19',$,$,#270,#265,$);
#260=IFCCARTESIANPOINT((0.,0.,0.));
#261=IFCCARTESIANPOINT((14.6019118842669,16.1456020716578,11.059));
#262=IFCPOLYLINE((#260,#261));
#263=IFCSWEPTDISKSOLID(#262,0.1,0.09,$,$);
#264=IFCSHAPEREPRESENTATION(#16,'Body','SweptSolid',(#263));
#265=IFCPRODUCTDEFINITIONSHAPE($,$,(#264));
#266=IFCCARTESIANPOINT((709.796833613655,641.268099353649,62.092));
#267=IFCDIRECTION((0.,0.,1.));
#268=IFCDIRECTION((1.,0.,0.));
#269=IFCAXIS2PLACEMENT3D(#266,#267,#268);
#270=IFCLOCALPLACEMENT($,#269);
#271=IFCOWNERHISTORY(#3,#4,.READWRITE.,.ADDED.,1774189819,#3,#4,1774189819);
#272=IFCPROPERTYSET('2WoG_fExL1hhFZiIcVdnPc',#271,'Dados',$,(#275,#276,#277,#278,#279));
#273=IFCOWNERHISTORY(#3,#4,.READWRITE.,.ADDED.,1774189819,#3,#4,1774189819);
#274=IFCRELDEFINESBYPROPERTIES('0OhlnuS7D6uQcXNdnLeSNx',#273,$,$,(#254),#272);
#275=IFCPROPERTYSINGLEVALUE('PV_Mont',$,IFCLABEL('PI_17'),$);
#276=IFCPROPERTYSINGLEVALUE('PV_Jus',$,IFCLABEL('PI_19'),$);
#277=IFCPROPERTYSINGLEVALUE('DN',$,IFCREAL(200.),$);
#278=IFCPROPERTYSINGLEVALUE('Mat',$,IFCLABEL('PVC'),$);
#279=IFCPROPERTYSINGLEVALUE('Ext_m',$,IFCREAL(21.77),$);
#280=IFCOWNERHISTORY(#3,#4,.READWRITE.,.ADDED.,1774189819,#3,#4,1774189819);
#281=IFCPROPERTYSET('32ypvc_ifEzwmm5Jh$Baa$',#280,'Custo5D',$,(#284,#285,#286,#287,#288));
#282=IFCOWNERHISTORY(#3,#4,.READWRITE.,.ADDED.,1774189819,#3,#4,1774189819);
#283=IFCRELDEFINESBYPROPERTIES('2iCxtnwG512RHitjhqKMvH',#282,$,$,(#254),#281);
#284=IFCPROPERTYSINGLEVALUE('Tubo_RS',$,IFCREAL(1025.8),$);
#285=IFCPROPERTYSINGLEVALUE('Esc_RS',$,IFCREAL(321.53),$);
#286=IFCPROPERTYSINGLEVALUE('Reat_RS',$,IFCREAL(192.8),$);
#287=IFCPROPERTYSINGLEVALUE('Pav_RS',$,IFCREAL(1490.81),$);
#288=IFCPROPERTYSINGLEVALUE('Total_RS',$,IFCREAL(3030.94),$);
#289=IFCOWNERHISTORY(#3,#4,.READWRITE.,.MODIFIED.,1774189819,#3,#4,1774189819);
#290=IFCFLOWSEGMENT('0sftDwmZD2aR1oyRUx8ZL6',#289,'T008_PI_22_PI_24',$,$,#306,#301,$);
#296=IFCCARTESIANPOINT((0.,0.,0.));
#297=IFCCARTESIANPOINT((2.61633437627461,6.76150377374142,5.176));
#298=IFCPOLYLINE((#296,#297));
#299=IFCSWEPTDISKSOLID(#298,0.1,0.09,$,$);
#300=IFCSHAPEREPRESENTATION(#16,'Body','SweptSolid',(#299));
#301=IFCPRODUCTDEFINITIONSHAPE($,$,(#300));
#302=IFCCARTESIANPOINT((770.950443997339,673.026523322798,85.146));
#303=IFCDIRECTION((0.,0.,1.));
#304=IFCDIRECTION((1.,0.,0.));
#305=IFCAXIS2PLACEMENT3D(#302,#303,#304);
#306=IFCLOCALPLACEMENT($,#305);
#307=IFCOWNERHISTORY(#3,#4,.READWRITE.,.ADDED.,1774189819,#3,#4,1774189819);
#308=IFCPROPERTYSET('0Is$gLvrbEew8avWm7rRKj',#307,'Dados',$,(#311,#312,#313,#314,#315));
#309=IFCOWNERHISTORY(#3,#4,.READWRITE.,.ADDED.,1774189819,#3,#4,1774189819);
#310=IFCRELDEFINESBYPROPERTIES('1GTFFgdEz5XvTvAQVyOZVF',#309,$,$,(#290),#308);
#311=IFCPROPERTYSINGLEVALUE('PV_Mont',$,IFCLABEL('PI_22'),$);
#312=IFCPROPERTYSINGLEVALUE('PV_Jus',$,IFCLABEL('PI_24'),$);
#313=IFCPROPERTYSINGLEVALUE('DN',$,IFCREAL(200.),$);
#314=IFCPROPERTYSINGLEVALUE('Mat',$,IFCLABEL('PVC'),$);
#315=IFCPROPERTYSINGLEVALUE('Ext_m',$,IFCREAL(7.25),$);
#316=IFCOWNERHISTORY(#3,#4,.READWRITE.,.ADDED.,1774189819,#3,#4,1774189819);
#317=IFCPROPERTYSET('1Ge6FG5lvBsPT3zPq3OJSl',#316,'Custo5D',$,(#320,#321,#322,#323,#324));
#318=IFCOWNERHISTORY(#3,#4,.READWRITE.,.ADDED.,1774189819,#3,#4,1774189819);
#319=IFCRELDEFINESBYPROPERTIES('2sAPHRDYP009_HDU4DLG3m',#318,$,$,(#290),#317);
#320=IFCPROPERTYSINGLEVALUE('Tubo_RS',$,IFCREAL(341.62),$);
#321=IFCPROPERTYSINGLEVALUE('Esc_RS',$,IFCREAL(107.08),$);
#322=IFCPROPERTYSINGLEVALUE('Reat_RS',$,IFCREAL(64.21),$);
#323=IFCPROPERTYSINGLEVALUE('Pav_RS',$,IFCREAL(496.48),$);
#324=IFCPROPERTYSINGLEVALUE('Total_RS',$,IFCREAL(1009.39),$);
#325=IFCOWNERHISTORY(#3,#4,.READWRITE.,.MODIFIED.,1774189819,#3,#4,1774189819);
#326=IFCFLOWSEGMENT('3bkyxxv2926gmauX87d6k4',#325,'T009_PI_23_PI_25',$,$,#342,#337,$);
#332=IFCCARTESIANPOINT((0.,0.,0.));
#333=IFCCARTESIANPOINT((-1.38081289810361,11.8468774426728,6.218));
#334=IFCPOLYLINE((#332,#333));
#335=IFCSWEPTDISKSOLID(#334,0.1,0.09,$,$);
#336=IFCSHAPEREPRESENTATION(#16,'Body','SweptSolid',(#335));
#337=IFCPRODUCTDEFINITIONSHAPE($,$,(#336));
#338=IFCCARTESIANPOINT((773.860722830403,682.097337551415,86.807));
#339=IFCDIRECTION((0.,0.,1.));
#340=IFCDIRECTION((1.,0.,0.));
#341=IFCAXIS2PLACEMENT3D(#338,#339,#340);
#342=IFCLOCALPLACEMENT($,#341);
#343=IFCOWNERHISTORY(#3,#4,.READWRITE.,.ADDED.,1774189819,#3,#4,1774189819);
#344=IFCPROPERTYSET('1EQ_9O7xnFhvdEPxQOxmfv',#343,'Dados',$,(#347,#348,#349,#350,#351));
#345=IFCOWNERHISTORY(#3,#4,.READWRITE.,.ADDED.,1774189819,#3,#4,1774189819);
#346=IFCRELDEFINESBYPROPERTIES('2gwyRZ0q51t9ionoijvQvS',#345,$,$,(#326),#344);
#347=IFCPROPERTYSINGLEVALUE('PV_Mont',$,IFCLABEL('PI_23'),$);
#348=IFCPROPERTYSINGLEVALUE('PV_Jus',$,IFCLABEL('PI_25'),$);
#349=IFCPROPERTYSINGLEVALUE('DN',$,IFCREAL(200.),$);
#350=IFCPROPERTYSINGLEVALUE('Mat',$,IFCLABEL('PVC'),$);
#351=IFCPROPERTYSINGLEVALUE('Ext_m',$,IFCREAL(11.93),$);
#352=IFCOWNERHISTORY(#3,#4,.READWRITE.,.ADDED.,1774189819,#3,#4,1774189819);
#353=IFCPROPERTYSET('0LIvU_tgzCBg7yHfFoQzh$',#352,'Custo5D',$,(#356,#357,#358,#359,#360));
#354=IFCOWNERHISTORY(#3,#4,.READWRITE.,.ADDED.,1774189819,#3,#4,1774189819);
#355=IFCRELDEFINESBYPROPERTIES('1CAyAdt8X4hvO4NI907OIr',#354,$,$,(#326),#353);
#356=IFCPROPERTYSINGLEVALUE('Tubo_RS',$,IFCREAL(562.14),$);
#357=IFCPROPERTYSINGLEVALUE('Esc_RS',$,IFCREAL(176.2),$);
#358=IFCPROPERTYSINGLEVALUE('Reat_RS',$,IFCREAL(105.65),$);
#359=IFCPROPERTYSINGLEVALUE('Pav_RS',$,IFCREAL(816.97),$);
#360=IFCPROPERTYSINGLEVALUE('Total_RS',$,IFCREAL(1660.96),$);
#361=IFCOWNERHISTORY(#3,#4,.READWRITE.,.MODIFIED.,1774189819,#3,#4,1774189819);
#362=IFCFLOWSEGMENT('0ytxeuKRDDmQHMPuDCuCIp',#361,'T010_PI_28_PI_30',$,$,#378,#373,$);
#368=IFCCARTESIANPOINT((0.,0.,0.));
#369=IFCCARTESIANPOINT((11.4488351673353,2.44168558716774,1.96199999999999));
#370=IFCPOLYLINE((#368,#369));
#371=IFCSWEPTDISKSOLID(#370,0.1,0.09,$,$);
#372=IFCSHAPEREPRESENTATION(#16,'Body','SweptSolid',(#371));
#373=IFCPRODUCTDEFINITIONSHAPE($,$,(#372));
#374=IFCCARTESIANPOINT((806.413448506501,735.701216346584,98.775));
#375=IFCDIRECTION((0.,0.,1.));
#376=IFCDIRECTION((1.,0.,0.));
#377=IFCAXIS2PLACEMENT3D(#374,#375,#376);
#378=IFCLOCALPLACEMENT($,#377);
#379=IFCOWNERHISTORY(#3,#4,.READWRITE.,.ADDED.,1774189819,#3,#4,1774189819);
#380=IFCPROPERTYSET('37tdV4DoH7jxnF_E82gCGj',#379,'Dados',$,(#383,#384,#385,#386,#387));
#381=IFCOWNERHISTORY(#3,#4,.READWRITE.,.ADDED.,1774189819,#3,#4,1774189819);
#382=IFCRELDEFINESBYPROPERTIES('1ubkb$uLb8Rw4IeXNtFia5',#381,$,$,(#362),#380);
#383=IFCPROPERTYSINGLEVALUE('PV_Mont',$,IFCLABEL('PI_28'),$);
#384=IFCPROPERTYSINGLEVALUE('PV_Jus',$,IFCLABEL('PI_30'),$);
#385=IFCPROPERTYSINGLEVALUE('DN',$,IFCREAL(200.),$);
#386=IFCPROPERTYSINGLEVALUE('Mat',$,IFCLABEL('PVC'),$);
#387=IFCPROPERTYSINGLEVALUE('Ext_m',$,IFCREAL(10.62),$);
#388=IFCOWNERHISTORY(#3,#4,.READWRITE.,.ADDED.,1774189819,#3,#4,1774189819);
#389=IFCPROPERTYSET('0P_FtP7QnF8fFCkVMuwu3H',#388,'Custo5D',$,(#392,#393,#394,#395,#396));
#390=IFCOWNERHISTORY(#3,#4,.READWRITE.,.ADDED.,1774189819,#3,#4,1774189819);
#391=IFCRELDEFINESBYPROPERTIES('1J9Cs2ubr9ogXLSVT1PK6D',#390,$,$,(#362),#389);
#392=IFCPROPERTYSINGLEVALUE('Tubo_RS',$,IFCREAL(500.41),$);
#393=IFCPROPERTYSINGLEVALUE('Esc_RS',$,IFCREAL(156.85),$);
#394=IFCPROPERTYSINGLEVALUE('Reat_RS',$,IFCREAL(94.05),$);
#395=IFCPROPERTYSINGLEVALUE('Pav_RS',$,IFCREAL(727.26),$);
#396=IFCPROPERTYSINGLEVALUE('Total_RS',$,IFCREAL(1478.58),$);
#397=IFCOWNERHISTORY(#3,#4,.READWRITE.,.MODIFIED.,1774189819,#3,#4,1774189819);
#398=IFCFLOWSEGMENT('0KjuRRfe18B8LatAs_kqxL',#397,'T011_PI_31_PI_30',$,$,#414,#409,$);
#404=IFCCARTESIANPOINT((0.,0.,0.));
#405=IFCCARTESIANPOINT((-32.9866975999903,-6.20490474998951,5.774));
#406=IFCPOLYLINE((#404,#405));
#407=IFCSWEPTDISKSOLID(#406,0.1,0.09,$,$);
#408=IFCSHAPEREPRESENTATION(#16,'Body','SweptSolid',(#407));
#409=IFCPRODUCTDEFINITIONSHAPE($,$,(#408));
#410=IFCCARTESIANPOINT((850.848981273826,744.347806683742,94.963));
#411=IFCDIRECTION((0.,0.,1.));
#412=IFCDIRECTION((1.,0.,0.));
#413=IFCAXIS2PLACEMENT3D(#410,#411,#412);
#414=IFCLOCALPLACEMENT($,#413);
#415=IFCOWNERHISTORY(#3,#4,.READWRITE.,.ADDED.,1774189819,#3,#4,1774189819);
#416=IFCPROPERTYSET('2xySl1MT9ECRdmbOwVwk3M',#415,'Dados',$,(#419,#420,#421,#422,#423));
#417=IFCOWNERHISTORY(#3,#4,.READWRITE.,.ADDED.,1774189819,#3,#4,1774189819);
#418=IFCRELDEFINESBYPROPERTIES('3CZ0DRNY54UR5bWSmlSlW6',#417,$,$,(#398),#416);
#419=IFCPROPERTYSINGLEVALUE('PV_Mont',$,IFCLABEL('PI_31'),$);
#420=IFCPROPERTYSINGLEVALUE('PV_Jus',$,IFCLABEL('PI_30'),$);
#421=IFCPROPERTYSINGLEVALUE('DN',$,IFCREAL(200.),$);
#422=IFCPROPERTYSINGLEVALUE('Mat',$,IFCLABEL('PVC'),$);
#423=IFCPROPERTYSINGLEVALUE('Ext_m',$,IFCREAL(32.27),$);
#424=IFCOWNERHISTORY(#3,#4,.READWRITE.,.ADDED.,1774189819,#3,#4,1774189819);
#425=IFCPROPERTYSET('0XIq9blD17LwNNuvWQ994b',#424,'Custo5D',$,(#428,#429,#430,#431,#432));
#426=IFCOWNERHISTORY(#3,#4,.READWRITE.,.ADDED.,1774189819,#3,#4,1774189819);
#427=IFCRELDEFINESBYPROPERTIES('2O8ub2x5P9FwG5rWshjJXB',#426,$,$,(#398),#425);
#428=IFCPROPERTYSINGLEVALUE('Tubo_RS',$,IFCREAL(1520.56),$);
#429=IFCPROPERTYSINGLEVALUE('Esc_RS',$,IFCREAL(476.61),$);
#430=IFCPROPERTYSINGLEVALUE('Reat_RS',$,IFCREAL(285.78),$);
#431=IFCPROPERTYSINGLEVALUE('Pav_RS',$,IFCREAL(2209.85),$);
#432=IFCPROPERTYSINGLEVALUE('Total_RS',$,IFCREAL(4492.81),$);
#433=IFCOWNERHISTORY(#3,#4,.READWRITE.,.MODIFIED.,1774189819,#3,#4,1774189819);
#434=IFCFLOWSEGMENT('3QFP$ac0v7T97mt8dhg$H3',#433,'T012_N_006_PI_35',$,$,#450,#445,$);
#440=IFCCARTESIANPOINT((0.,0.,0.));
#441=IFCCARTESIANPOINT((6.26807408221066,15.8114608358592,16.277));
#442=IFCPOLYLINE((#440,#441));
#443=IFCSWEPTDISKSOLID(#442,0.1,0.09,$,$);
#444=IFCSHAPEREPRESENTATION(#16,'Body','SweptSolid',(#443));
#445=IFCPRODUCTDEFINITIONSHAPE($,$,(#444));
#446=IFCCARTESIANPOINT((516.613923801808,475.854132256471,-1.5));
#447=IFCDIRECTION((0.,0.,1.));
#448=IFCDIRECTION((1.,0.,0.));
#449=IFCAXIS2PLACEMENT3D(#446,#447,#448);
#450=IFCLOCALPLACEMENT($,#449);
#451=IFCOWNERHISTORY(#3,#4,.READWRITE.,.ADDED.,1774189819,#3,#4,1774189819);
#452=IFCPROPERTYSET('1I8qSxEx12yQo_$PFxFMWV',#451,'Dados',$,(#455,#456,#457,#458,#459));
#453=IFCOWNERHISTORY(#3,#4,.READWRITE.,.ADDED.,1774189819,#3,#4,1774189819);
#454=IFCRELDEFINESBYPROPERTIES('2VS9SYGxfEKPMjlk1Ww0gY',#453,$,$,(#434),#452);
#455=IFCPROPERTYSINGLEVALUE('PV_Mont',$,IFCLABEL('N_006'),$);
#456=IFCPROPERTYSINGLEVALUE('PV_Jus',$,IFCLABEL('PI_35'),$);
#457=IFCPROPERTYSINGLEVALUE('DN',$,IFCREAL(200.),$);
#458=IFCPROPERTYSINGLEVALUE('Mat',$,IFCLABEL('PVC'),$);
#459=IFCPROPERTYSINGLEVALUE('Ext_m',$,IFCREAL(16.14),$);
#460=IFCOWNERHISTORY(#3,#4,.READWRITE.,.ADDED.,1774189819,#3,#4,1774189819);
#461=IFCPROPERTYSET('2gSU8aSdb1uulbq_EsTSUc',#460,'Custo5D',$,(#464,#465,#466,#467,#468));
#462=IFCOWNERHISTORY(#3,#4,.READWRITE.,.ADDED.,1774189819,#3,#4,1774189819);
#463=IFCRELDEFINESBYPROPERTIES('0LxnOuuUv63AxFV8o1kCOV',#462,$,$,(#434),#461);
#464=IFCPROPERTYSINGLEVALUE('Tubo_RS',$,IFCREAL(760.52),$);
#465=IFCPROPERTYSINGLEVALUE('Esc_RS',$,IFCREAL(595.95),$);
#466=IFCPROPERTYSINGLEVALUE('Reat_RS',$,IFCREAL(357.34),$);
#467=IFCPROPERTYSINGLEVALUE('Pav_RS',$,IFCREAL(1105.27),$);
#468=IFCPROPERTYSINGLEVALUE('Total_RS',$,IFCREAL(2819.08),$);
#469=IFCOWNERHISTORY(#3,#4,.READWRITE.,.MODIFIED.,1774189819,#3,#4,1774189819);
#470=IFCFLOWSEGMENT('2bTKCtdT95x9lO7FDQ4T3J',#469,'T013_PI_40_PI_36',$,$,#486,#481,$);
#476=IFCCARTESIANPOINT((0.,0.,0.));
#477=IFCCARTESIANPOINT((9.85758579772664,5.72669156547636,-1.931));
#478=IFCPOLYLINE((#476,#477));
#479=IFCSWEPTDISKSOLID(#478,0.1,0.09,$,$);
#480=IFCSHAPEREPRESENTATION(#16,'Body','SweptSolid',(#479));
#481=IFCPRODUCTDEFINITIONSHAPE($,$,(#480));
#482=IFCCARTESIANPOINT((530.55252619501,497.283288339153,18.97));
#483=IFCDIRECTION((0.,0.,1.));
#484=IFCDIRECTION((1.,0.,0.));
#485=IFCAXIS2PLACEMENT3D(#482,#483,#484);
#486=IFCLOCALPLACEMENT($,#485);
#487=IFCOWNERHISTORY(#3,#4,.READWRITE.,.ADDED.,1774189819,#3,#4,1774189819);
#488=IFCPROPERTYSET('0qEWISPBf8UfafGZ6DK67x',#487,'Dados',$,(#491,#492,#493,#494,#495));
#489=IFCOWNERHISTORY(#3,#4,.READWRITE.,.ADDED.,1774189819,#3,#4,1774189819);
#490=IFCRELDEFINESBYPROPERTIES('211I27pRfCMv3K82q4RLox',#489,$,$,(#470),#488);
#491=IFCPROPERTYSINGLEVALUE('PV_Mont',$,IFCLABEL('PI_40'),$);
#492=IFCPROPERTYSINGLEVALUE('PV_Jus',$,IFCLABEL('PI_36'),$);
#493=IFCPROPERTYSINGLEVALUE('DN',$,IFCREAL(200.),$);
#494=IFCPROPERTYSINGLEVALUE('Mat',$,IFCLABEL('PVC'),$);
#495=IFCPROPERTYSINGLEVALUE('Ext_m',$,IFCREAL(10.29),$);
#496=IFCOWNERHISTORY(#3,#4,.READWRITE.,.ADDED.,1774189819,#3,#4,1774189819);
#497=IFCPROPERTYSET('0z2LONwYHFrBt8S9Osc6sn',#496,'Custo5D',$,(#500,#501,#502,#503,#504));
#498=IFCOWNERHISTORY(#3,#4,.READWRITE.,.ADDED.,1774189819,#3,#4,1774189819);
#499=IFCRELDEFINESBYPROPERTIES('3u3kI9O$z3e9ddLpR$Dh3F',#498,$,$,(#470),#497);
#500=IFCPROPERTYSINGLEVALUE('Tubo_RS',$,IFCREAL(484.86),$);
#501=IFCPROPERTYSINGLEVALUE('Esc_RS',$,IFCREAL(151.98),$);
#502=IFCPROPERTYSINGLEVALUE('Reat_RS',$,IFCREAL(91.13),$);
#503=IFCPROPERTYSINGLEVALUE('Pav_RS',$,IFCREAL(704.66),$);
#504=IFCPROPERTYSINGLEVALUE('Total_RS',$,IFCREAL(1432.63),$);
#505=IFCOWNERHISTORY(#3,#4,.READWRITE.,.MODIFIED.,1774189819,#3,#4,1774189819);
#506=IFCFLOWSEGMENT('0y47MlfLD1luEvR_JcEDyq',#505,'T014_PI_37_PI_38',$,$,#522,#517,$);
#512=IFCCARTESIANPOINT((0.,0.,0.));
#513=IFCCARTESIANPOINT((9.90481821581488,9.32129648886621,1.862));
#514=IFCPOLYLINE((#512,#513));
#515=IFCSWEPTDISKSOLID(#514,0.1,0.09,$,$);
#516=IFCSHAPEREPRESENTATION(#16,'Body','SweptSolid',(#515));
#517=IFCPRODUCTDEFINITIONSHAPE($,$,(#516));
#518=IFCCARTESIANPOINT((542.406390123302,503.609123636968,19.914));
#519=IFCDIRECTION((0.,0.,1.));
#520=IFCDIRECTION((1.,0.,0.));
#521=IFCAXIS2PLACEMENT3D(#518,#519,#520);
#522=IFCLOCALPLACEMENT($,#521);
#523=IFCOWNERHISTORY(#3,#4,.READWRITE.,.ADDED.,1774189819,#3,#4,1774189819);
#524=IFCPROPERTYSET('0dAKO$2CP90PNV0jdZxOve',#523,'Dados',$,(#527,#528,#529,#530,#531));
#525=IFCOWNERHISTORY(#3,#4,.READWRITE.,.ADDED.,1774189819,#3,#4,1774189819);
#526=IFCRELDEFINESBYPROPERTIES('2xG9LQXn1CxRndTghHDq09',#525,$,$,(#506),#524);
#527=IFCPROPERTYSINGLEVALUE('PV_Mont',$,IFCLABEL('PI_37'),$);
#528=IFCPROPERTYSINGLEVALUE('PV_Jus',$,IFCLABEL('PI_38'),$);
#529=IFCPROPERTYSINGLEVALUE('DN',$,IFCREAL(200.),$);
#530=IFCPROPERTYSINGLEVALUE('Mat',$,IFCLABEL('PVC'),$);
#531=IFCPROPERTYSINGLEVALUE('Ext_m',$,IFCREAL(13.12),$);
#532=IFCOWNERHISTORY(#3,#4,.READWRITE.,.ADDED.,1774189819,#3,#4,1774189819);
#533=IFCPROPERTYSET('2NLdj1zUn2mR640P_Qp$j_',#532,'Custo5D',$,(#536,#537,#538,#539,#540));
#534=IFCOWNERHISTORY(#3,#4,.READWRITE.,.ADDED.,1774189819,#3,#4,1774189819);
#535=IFCRELDEFINESBYPROPERTIES('2fAOxJHWr7bvezrJFkrXG7',#534,$,$,(#506),#533);
#536=IFCPROPERTYSINGLEVALUE('Tubo_RS',$,IFCREAL(618.21),$);
#537=IFCPROPERTYSINGLEVALUE('Esc_RS',$,IFCREAL(193.78),$);
#538=IFCPROPERTYSINGLEVALUE('Reat_RS',$,IFCREAL(116.19),$);
#539=IFCPROPERTYSINGLEVALUE('Pav_RS',$,IFCREAL(898.46),$);
#540=IFCPROPERTYSINGLEVALUE('Total_RS',$,IFCREAL(1826.64),$);
#541=IFCOWNERHISTORY(#3,#4,.READWRITE.,.MODIFIED.,1774189819,#3,#4,1774189819);
#542=IFCFLOWSEGMENT('1nhQ7SNYf5Pv8CBJW6BRUx',#541,'T015_PI_37_PI_39',$,$,#558,#553,$);
#548=IFCCARTESIANPOINT((0.,0.,0.));
#549=IFCCARTESIANPOINT((5.45160820020828,-4.72664810437709,2.053));
#550=IFCPOLYLINE((#548,#549));
#551=IFCSWEPTDISKSOLID(#550,0.1,0.09,$,$);
#552=IFCSHAPEREPRESENTATION(#16,'Body','SweptSolid',(#551));
#553=IFCPRODUCTDEFINITIONSHAPE($,$,(#552));
#554=IFCCARTESIANPOINT((542.406390123302,503.609123636968,19.914));
#555=IFCDIRECTION((0.,0.,1.));
#556=IFCDIRECTION((1.,0.,0.));
#557=IFCAXIS2PLACEMENT3D(#554,#555,#556);
#558=IFCLOCALPLACEMENT($,#557);
#559=IFCOWNERHISTORY(#3,#4,.READWRITE.,.ADDED.,1774189819,#3,#4,1774189819);
#560=IFCPROPERTYSET('2xbldKoDj0O8lVi2xmG2cX',#559,'Dados',$,(#563,#564,#565,#566,#567));
#561=IFCOWNERHISTORY(#3,#4,.READWRITE.,.ADDED.,1774189819,#3,#4,1774189819);
#562=IFCRELDEFINESBYPROPERTIES('0O9_BFU1TClek5PP$UBHm9',#561,$,$,(#542),#560);
#563=IFCPROPERTYSINGLEVALUE('PV_Mont',$,IFCLABEL('PI_37'),$);
#564=IFCPROPERTYSINGLEVALUE('PV_Jus',$,IFCLABEL('PI_39'),$);
#565=IFCPROPERTYSINGLEVALUE('DN',$,IFCREAL(200.),$);
#566=IFCPROPERTYSINGLEVALUE('Mat',$,IFCLABEL('PVC'),$);
#567=IFCPROPERTYSINGLEVALUE('Ext_m',$,IFCREAL(6.73),$);
#568=IFCOWNERHISTORY(#3,#4,.READWRITE.,.ADDED.,1774189819,#3,#4,1774189819);
#569=IFCPROPERTYSET('2CA2P$eef5avDMuAnchWIe',#568,'Custo5D',$,(#572,#573,#574,#575,#576));
#570=IFCOWNERHISTORY(#3,#4,.READWRITE.,.ADDED.,1774189819,#3,#4,1774189819);
#571=IFCRELDEFINESBYPROPERTIES('1kl$lie$L6MfW2W$bgeqkj',#570,$,$,(#542),#569);
#572=IFCPROPERTYSINGLEVALUE('Tubo_RS',$,IFCREAL(317.12),$);
#573=IFCPROPERTYSINGLEVALUE('Esc_RS',$,IFCREAL(99.4),$);
#574=IFCPROPERTYSINGLEVALUE('Reat_RS',$,IFCREAL(59.6),$);
#575=IFCPROPERTYSINGLEVALUE('Pav_RS',$,IFCREAL(460.87),$);
#576=IFCPROPERTYSINGLEVALUE('Total_RS',$,IFCREAL(936.99),$);
#577=IFCOWNERHISTORY(#3,#4,.READWRITE.,.MODIFIED.,1774189819,#3,#4,1774189819);
#578=IFCFLOWSEGMENT('2gQpWUjxP92B5ma6JfgC40',#577,'T016_PI_40_PI_42',$,$,#594,#589,$);
#584=IFCCARTESIANPOINT((0.,0.,0.));
#585=IFCCARTESIANPOINT((6.81294576032087,-7.65148961730301,-2.87));
#586=IFCPOLYLINE((#584,#585));
#587=IFCSWEPTDISKSOLID(#586,0.1,0.09,$,$);
#588=IFCSHAPEREPRESENTATION(#16,'Body','SweptSolid',(#587));
#589=IFCPRODUCTDEFINITIONSHAPE($,$,(#588));
#590=IFCCARTESIANPOINT((530.55252619501,497.283288339153,18.97));
#591=IFCDIRECTION((0.,0.,1.));
#592=IFCDIRECTION((1.,0.,0.));
#593=IFCAXIS2PLACEMENT3D(#590,#591,#592);
#594=IFCLOCALPLACEMENT($,#593);
#595=IFCOWNERHISTORY(#3,#4,.READWRITE.,.ADDED.,1774189819,#3,#4,1774189819);
#596=IFCPROPERTYSET('35iicL8s56kelEE05F4EHJ',#595,'Dados',$,(#599,#600,#601,#602,#603));
#597=IFCOWNERHISTORY(#3,#4,.READWRITE.,.ADDED.,1774189819,#3,#4,1774189819);
#598=IFCRELDEFINESBYPROPERTIES('3$wv0kOnb0ve8HMBYYLLcW',#597,$,$,(#578),#596);
#599=IFCPROPERTYSINGLEVALUE('PV_Mont',$,IFCLABEL('PI_40'),$);
#600=IFCPROPERTYSINGLEVALUE('PV_Jus',$,IFCLABEL('PI_42'),$);
#601=IFCPROPERTYSINGLEVALUE('DN',$,IFCREAL(200.),$);
#602=IFCPROPERTYSINGLEVALUE('Mat',$,IFCLABEL('PVC'),$);
#603=IFCPROPERTYSINGLEVALUE('Ext_m',$,IFCREAL(9.49),$);
#604=IFCOWNERHISTORY(#3,#4,.READWRITE.,.ADDED.,1774189819,#3,#4,1774189819);
#605=IFCPROPERTYSET('1kJomBghbBYe$LbljMzVgB',#604,'Custo5D',$,(#608,#609,#610,#611,#612));
#606=IFCOWNERHISTORY(#3,#4,.READWRITE.,.ADDED.,1774189819,#3,#4,1774189819);
#607=IFCRELDEFINESBYPROPERTIES('0Sdo4yEwnFL9wSgLwS7HCr',#606,$,$,(#578),#605);
#608=IFCPROPERTYSINGLEVALUE('Tubo_RS',$,IFCREAL(447.17),$);
#609=IFCPROPERTYSINGLEVALUE('Esc_RS',$,IFCREAL(140.16),$);
#610=IFCPROPERTYSINGLEVALUE('Reat_RS',$,IFCREAL(84.04),$);
#611=IFCPROPERTYSINGLEVALUE('Pav_RS',$,IFCREAL(649.88),$);
#612=IFCPROPERTYSINGLEVALUE('Total_RS',$,IFCREAL(1321.25),$);
#613=IFCOWNERHISTORY(#3,#4,.READWRITE.,.MODIFIED.,1774189819,#3,#4,1774189819);
#614=IFCFLOWSEGMENT('0sqX6EqIrAnuoognVXJDVd',#613,'T017_N_006_N_007',$,$,#630,#625,$);
#620=IFCCARTESIANPOINT((0.,0.,0.));
#621=IFCCARTESIANPOINT((5.02943739981856,-2.99644934572279,0.));
#622=IFCPOLYLINE((#620,#621));
#623=IFCSWEPTDISKSOLID(#622,0.1,0.09,$,$);
#624=IFCSHAPEREPRESENTATION(#16,'Body','SweptSolid',(#623));
#625=IFCPRODUCTDEFINITIONSHAPE($,$,(#624));
#626=IFCCARTESIANPOINT((516.613923801808,475.854132256471,-1.5));
#627=IFCDIRECTION((0.,0.,1.));
#628=IFCDIRECTION((1.,0.,0.));
#629=IFCAXIS2PLACEMENT3D(#626,#627,#628);
#630=IFCLOCALPLACEMENT($,#629);
#631=IFCOWNERHISTORY(#3,#4,.READWRITE.,.ADDED.,1774189819,#3,#4,1774189819);
#632=IFCPROPERTYSET('3UGFrypar7bBWjb6Rva3EE',#631,'Dados',$,(#635,#636,#637,#638,#639));
#633=IFCOWNERHISTORY(#3,#4,.READWRITE.,.ADDED.,1774189819,#3,#4,1774189819);
#634=IFCRELDEFINESBYPROPERTIES('0QRfu3gFL84QY96htHp3Af',#633,$,$,(#614),#632);
#635=IFCPROPERTYSINGLEVALUE('PV_Mont',$,IFCLABEL('N_006'),$);
#636=IFCPROPERTYSINGLEVALUE('PV_Jus',$,IFCLABEL('N_007'),$);
#637=IFCPROPERTYSINGLEVALUE('DN',$,IFCREAL(200.),$);
#638=IFCPROPERTYSINGLEVALUE('Mat',$,IFCLABEL('PVC'),$);
#639=IFCPROPERTYSINGLEVALUE('Ext_m',$,IFCREAL(3.97),$);
#640=IFCOWNERHISTORY(#3,#4,.READWRITE.,.ADDED.,1774189819,#3,#4,1774189819);
#641=IFCPROPERTYSET('1s4Ea222L5Nu3dN$WcMUpu',#640,'Custo5D',$,(#644,#645,#646,#647,#648));
#642=IFCOWNERHISTORY(#3,#4,.READWRITE.,.ADDED.,1774189819,#3,#4,1774189819);
#643=IFCRELDEFINESBYPROPERTIES('3cdRySSj90jQNIhkX9CVTH',#642,$,$,(#614),#641);
#644=IFCPROPERTYSINGLEVALUE('Tubo_RS',$,IFCREAL(187.07),$);
#645=IFCPROPERTYSINGLEVALUE('Esc_RS',$,IFCREAL(146.59),$);
#646=IFCPROPERTYSINGLEVALUE('Reat_RS',$,IFCREAL(87.9),$);
#647=IFCPROPERTYSINGLEVALUE('Pav_RS',$,IFCREAL(271.87),$);
#648=IFCPROPERTYSINGLEVALUE('Total_RS',$,IFCREAL(693.42),$);
#649=IFCOWNERHISTORY(#3,#4,.READWRITE.,.MODIFIED.,1774189819,#3,#4,1774189819);
#650=IFCFLOWSEGMENT('3pr29iF5r5Qfn7EqsTqRFk',#649,'T018_PI_69_PI_45',$,$,#666,#661,$);
#656=IFCCARTESIANPOINT((0.,0.,0.));
#657=IFCCARTESIANPOINT((5.95184635848273,-0.619821227155626,-3.442));
#658=IFCPOLYLINE((#656,#657));
#659=IFCSWEPTDISKSOLID(#658,0.1,0.09,$,$);
#660=IFCSHAPEREPRESENTATION(#16,'Body','SweptSolid',(#659));
#661=IFCPRODUCTDEFINITIONSHAPE($,$,(#660));
#662=IFCCARTESIANPOINT((556.756901923916,471.870222964324,26.552));
#663=IFCDIRECTION((0.,0.,1.));
#664=IFCDIRECTION((1.,0.,0.));
#665=IFCAXIS2PLACEMENT3D(#662,#663,#664);
#666=IFCLOCALPLACEMENT($,#665);
#667=IFCOWNERHISTORY(#3,#4,.READWRITE.,.ADDED.,1774189819,#3,#4,1774189819);
#668=IFCPROPERTYSET('3OSkb0sZL5R9Mck0MyGXfi',#667,'Dados',$,(#671,#672,#673,#674,#675));
#669=IFCOWNERHISTORY(#3,#4,.READWRITE.,.ADDED.,1774189819,#3,#4,1774189819);
#670=IFCRELDEFINESBYPROPERTIES('1W9_E1OPv1meulZVsU0xiy',#669,$,$,(#650),#668);
#671=IFCPROPERTYSINGLEVALUE('PV_Mont',$,IFCLABEL('PI_69'),$);
#672=IFCPROPERTYSINGLEVALUE('PV_Jus',$,IFCLABEL('PI_45'),$);
#673=IFCPROPERTYSINGLEVALUE('DN',$,IFCREAL(200.),$);
#674=IFCPROPERTYSINGLEVALUE('Mat',$,IFCLABEL('PVC'),$);
#675=IFCPROPERTYSINGLEVALUE('Ext_m',$,IFCREAL(5.98),$);
#676=IFCOWNERHISTORY(#3,#4,.READWRITE.,.ADDED.,1774189819,#3,#4,1774189819);
#677=IFCPROPERTYSET('14$eaDz_9BzwLK88QVez65',#676,'Custo5D',$,(#680,#681,#682,#683,#684));
#678=IFCOWNERHISTORY(#3,#4,.READWRITE.,.ADDED.,1774189819,#3,#4,1774189819);
#679=IFCRELDEFINESBYPROPERTIES('3K6zuD$j93UR3zrfBf4Zzc',#678,$,$,(#650),#677);
#680=IFCPROPERTYSINGLEVALUE('Tubo_RS',$,IFCREAL(281.78),$);
#681=IFCPROPERTYSINGLEVALUE('Esc_RS',$,IFCREAL(88.32),$);
#682=IFCPROPERTYSINGLEVALUE('Reat_RS',$,IFCREAL(52.96),$);
#683=IFCPROPERTYSINGLEVALUE('Pav_RS',$,IFCREAL(409.51),$);
#684=IFCPROPERTYSINGLEVALUE('Total_RS',$,IFCREAL(832.57),$);
#685=IFCOWNERHISTORY(#3,#4,.READWRITE.,.MODIFIED.,1774189819,#3,#4,1774189819);
#686=IFCFLOWSEGMENT('2IFYSZCBf7SQwTpPxPjuJq',#685,'T019_PI_44_PI_47',$,$,#702,#697,$);
#692=IFCCARTESIANPOINT((0.,0.,0.));
#693=IFCCARTESIANPOINT((5.94446260971017,2.90740899275988,8.163));
#694=IFCPOLYLINE((#692,#693));
#695=IFCSWEPTDISKSOLID(#694,0.1,0.09,$,$);
#696=IFCSHAPEREPRESENTATION(#16,'Body','SweptSolid',(#695));
#697=IFCPRODUCTDEFINITIONSHAPE($,$,(#696));
#698=IFCCARTESIANPOINT((564.978883046017,471.653074962087,20.972));
#699=IFCDIRECTION((0.,0.,1.));
#700=IFCDIRECTION((1.,0.,0.));
#701=IFCAXIS2PLACEMENT3D(#698,#699,#700);
#702=IFCLOCALPLACEMENT($,#701);
#703=IFCOWNERHISTORY(#3,#4,.READWRITE.,.ADDED.,1774189819,#3,#4,1774189819);
#704=IFCPROPERTYSET('1ScoHvoir20BT$hSW3I6Ud',#703,'Dados',$,(#707,#708,#709,#710,#711));
#705=IFCOWNERHISTORY(#3,#4,.READWRITE.,.ADDED.,1774189819,#3,#4,1774189819);
#706=IFCRELDEFINESBYPROPERTIES('1McUYWpcX4ugvWuBiqrPA0',#705,$,$,(#686),#704);
#707=IFCPROPERTYSINGLEVALUE('PV_Mont',$,IFCLABEL('PI_44'),$);
#708=IFCPROPERTYSINGLEVALUE('PV_Jus',$,IFCLABEL('PI_47'),$);
#709=IFCPROPERTYSINGLEVALUE('DN',$,IFCREAL(200.),$);
#710=IFCPROPERTYSINGLEVALUE('Mat',$,IFCLABEL('PVC'),$);
#711=IFCPROPERTYSINGLEVALUE('Ext_m',$,IFCREAL(6.62),$);
#712=IFCOWNERHISTORY(#3,#4,.READWRITE.,.ADDED.,1774189819,#3,#4,1774189819);
#713=IFCPROPERTYSET('2PauaJlDvBb9bMXMkFjSdW',#712,'Custo5D',$,(#716,#717,#718,#719,#720));
#714=IFCOWNERHISTORY(#3,#4,.READWRITE.,.ADDED.,1774189819,#3,#4,1774189819);
#715=IFCRELDEFINESBYPROPERTIES('0Wftcwssv8EBhqmXBJm3Gf',#714,$,$,(#686),#713);
#716=IFCPROPERTYSINGLEVALUE('Tubo_RS',$,IFCREAL(311.93),$);
#717=IFCPROPERTYSINGLEVALUE('Esc_RS',$,IFCREAL(97.77),$);
#718=IFCPROPERTYSINGLEVALUE('Reat_RS',$,IFCREAL(58.63),$);
#719=IFCPROPERTYSINGLEVALUE('Pav_RS',$,IFCREAL(453.34),$);
#720=IFCPROPERTYSINGLEVALUE('Total_RS',$,IFCREAL(921.67),$);
#721=IFCOWNERHISTORY(#3,#4,.READWRITE.,.MODIFIED.,1774189819,#3,#4,1774189819);
#722=IFCFLOWSEGMENT('0PfXtP$6LAvOjr3Jc4mbh8',#721,'T020_PI_272_PI_68',$,$,#738,#733,$);
#728=IFCCARTESIANPOINT((0.,0.,0.));
#729=IFCCARTESIANPOINT((4.50813191320049,-2.41766424663365,2.726));
#730=IFCPOLYLINE((#728,#729));
#731=IFCSWEPTDISKSOLID(#730,0.1,0.09,$,$);
#732=IFCSHAPEREPRESENTATION(#16,'Body','SweptSolid',(#731));
#733=IFCPRODUCTDEFINITIONSHAPE($,$,(#732));
#734=IFCCARTESIANPOINT((572.98479349463,474.400938855484,26.133));
#735=IFCDIRECTION((0.,0.,1.));
#736=IFCDIRECTION((1.,0.,0.));
#737=IFCAXIS2PLACEMENT3D(#734,#735,#736);
#738=IFCLOCALPLACEMENT($,#737);
#739=IFCOWNERHISTORY(#3,#4,.READWRITE.,.ADDED.,1774189819,#3,#4,1774189819);
#740=IFCPROPERTYSET('3Yg$j8PCf43gExnw26hHpr',#739,'Dados',$,(#743,#744,#745,#746,#747));
#741=IFCOWNERHISTORY(#3,#4,.READWRITE.,.ADDED.,1774189819,#3,#4,1774189819);
#742=IFCRELDEFINESBYPROPERTIES('1EBgBlTN1FFALduhCDaoaM',#741,$,$,(#722),#740);
#743=IFCPROPERTYSINGLEVALUE('PV_Mont',$,IFCLABEL('PI_272'),$);
#744=IFCPROPERTYSINGLEVALUE('PV_Jus',$,IFCLABEL('PI_68'),$);
#745=IFCPROPERTYSINGLEVALUE('DN',$,IFCREAL(200.),$);
#746=IFCPROPERTYSINGLEVALUE('Mat',$,IFCLABEL('PVC'),$);
#747=IFCPROPERTYSINGLEVALUE('Ext_m',$,IFCREAL(4.42),$);
#748=IFCOWNERHISTORY(#3,#4,.READWRITE.,.ADDED.,1774189819,#3,#4,1774189819);
#749=IFCPROPERTYSET('1IMwCkpKj2mfqiAaFbeliA',#748,'Custo5D',$,(#752,#753,#754,#755,#756));
#750=IFCOWNERHISTORY(#3,#4,.READWRITE.,.ADDED.,1774189819,#3,#4,1774189819);
#751=IFCRELDEFINESBYPROPERTIES('3httA51bjCoQN8CnklFUwM',#750,$,$,(#722),#749);
#752=IFCPROPERTYSINGLEVALUE('Tubo_RS',$,IFCREAL(208.27),$);
#753=IFCPROPERTYSINGLEVALUE('Esc_RS',$,IFCREAL(65.28),$);
#754=IFCPROPERTYSINGLEVALUE('Reat_RS',$,IFCREAL(39.14),$);
#755=IFCPROPERTYSINGLEVALUE('Pav_RS',$,IFCREAL(302.68),$);
#756=IFCPROPERTYSINGLEVALUE('Total_RS',$,IFCREAL(615.38),$);
#757=IFCOWNERHISTORY(#3,#4,.READWRITE.,.MODIFIED.,1774189819,#3,#4,1774189819);
#758=IFCFLOWSEGMENT('0rJq5iktv5xf$KHd3$DdV6',#757,'T021_PI_68_N_005',$,$,#774,#769,$);
#764=IFCCARTESIANPOINT((0.,0.,0.));
#765=IFCCARTESIANPOINT((4.15003356040688,3.41929521039128,-30.359));
#766=IFCPOLYLINE((#764,#765));
#767=IFCSWEPTDISKSOLID(#766,0.1,0.09,$,$);
#768=IFCSHAPEREPRESENTATION(#16,'Body','SweptSolid',(#767));
#769=IFCPRODUCTDEFINITIONSHAPE($,$,(#768));
#770=IFCCARTESIANPOINT((577.492925407831,471.98327460885,28.859));
#771=IFCDIRECTION((0.,0.,1.));
#772=IFCDIRECTION((1.,0.,0.));
#773=IFCAXIS2PLACEMENT3D(#770,#771,#772);
#774=IFCLOCALPLACEMENT($,#773);
#775=IFCOWNERHISTORY(#3,#4,.READWRITE.,.ADDED.,1774189819,#3,#4,1774189819);
#776=IFCPROPERTYSET('2Bc6x7wyTFPfepDDvDj05j',#775,'Dados',$,(#779,#780,#781,#782,#783));
#777=IFCOWNERHISTORY(#3,#4,.READWRITE.,.ADDED.,1774189819,#3,#4,1774189819);
#778=IFCRELDEFINESBYPROPERTIES('3yFy4zlHP59BGb7XBioufR',#777,$,$,(#758),#776);
#779=IFCPROPERTYSINGLEVALUE('PV_Mont',$,IFCLABEL('PI_68'),$);
#780=IFCPROPERTYSINGLEVALUE('PV_Jus',$,IFCLABEL('N_005'),$);
#781=IFCPROPERTYSINGLEVALUE('DN',$,IFCREAL(200.),$);
#782=IFCPROPERTYSINGLEVALUE('Mat',$,IFCLABEL('PVC'),$);
#783=IFCPROPERTYSINGLEVALUE('Ext_m',$,IFCREAL(3.47),$);
#784=IFCOWNERHISTORY(#3,#4,.READWRITE.,.ADDED.,1774189819,#3,#4,1774189819);
#785=IFCPROPERTYSET('2klRM8YPDAgOuvkFlzfzat',#784,'Custo5D',$,(#788,#789,#790,#791,#792));
#786=IFCOWNERHISTORY(#3,#4,.READWRITE.,.ADDED.,1774189819,#3,#4,1774189819);
#787=IFCRELDEFINESBYPROPERTIES('0oCnvZDMP6xxNA7JqI7XB$',#786,$,$,(#758),#785);
#788=IFCPROPERTYSINGLEVALUE('Tubo_RS',$,IFCREAL(163.51),$);
#789=IFCPROPERTYSINGLEVALUE('Esc_RS',$,IFCREAL(128.13),$);
#790=IFCPROPERTYSINGLEVALUE('Reat_RS',$,IFCREAL(76.83),$);
#791=IFCPROPERTYSINGLEVALUE('Pav_RS',$,IFCREAL(237.63),$);
#792=IFCPROPERTYSINGLEVALUE('Total_RS',$,IFCREAL(606.08),$);
#793=IFCOWNERHISTORY(#3,#4,.READWRITE.,.MODIFIED.,1774189819,#3,#4,1774189819);
#794=IFCFLOWSEGMENT('3uQsNcgwL2Cxyl$D4l$PJ8',#793,'T022_N_005_PI_50',$,$,#810,#805,$);
#800=IFCCARTESIANPOINT((0.,0.,0.));
#801=IFCCARTESIANPOINT((9.91803746641381,23.2864003842697,34.129));
#802=IFCPOLYLINE((#800,#801));
#803=IFCSWEPTDISKSOLID(#802,0.1,0.09,$,$);
#804=IFCSHAPEREPRESENTATION(#16,'Body','SweptSolid',(#803));
#805=IFCPRODUCTDEFINITIONSHAPE($,$,(#804));
#806=IFCCARTESIANPOINT((581.642958968238,475.402569819242,-1.5));
#807=IFCDIRECTION((0.,0.,1.));
#808=IFCDIRECTION((1.,0.,0.));
#809=IFCAXIS2PLACEMENT3D(#806,#807,#808);
#810=IFCLOCALPLACEMENT($,#809);
#811=IFCOWNERHISTORY(#3,#4,.READWRITE.,.ADDED.,1774189819,#3,#4,1774189819);
#812=IFCPROPERTYSET('3X7Y0TS_D48vixbXNnykpd',#811,'Dados',$,(#815,#816,#817,#818,#819));
#813=IFCOWNERHISTORY(#3,#4,.READWRITE.,.ADDED.,1774189819,#3,#4,1774189819);
#814=IFCRELDEFINESBYPROPERTIES('2umYXkLobAOvCOWtbiY8d$',#813,$,$,(#794),#812);
#815=IFCPROPERTYSINGLEVALUE('PV_Mont',$,IFCLABEL('N_005'),$);
#816=IFCPROPERTYSINGLEVALUE('PV_Jus',$,IFCLABEL('PI_50'),$);
#817=IFCPROPERTYSINGLEVALUE('DN',$,IFCREAL(200.),$);
#818=IFCPROPERTYSINGLEVALUE('Mat',$,IFCLABEL('PVC'),$);
#819=IFCPROPERTYSINGLEVALUE('Ext_m',$,IFCREAL(24.),$);
#820=IFCOWNERHISTORY(#3,#4,.READWRITE.,.ADDED.,1774189819,#3,#4,1774189819);
#821=IFCPROPERTYSET('3lfQDpJufFaOopw4x8wtMu',#820,'Custo5D',$,(#824,#825,#826,#827,#828));
#822=IFCOWNERHISTORY(#3,#4,.READWRITE.,.ADDED.,1774189819,#3,#4,1774189819);
#823=IFCRELDEFINESBYPROPERTIES('1uvJ81VYr1tvaQN9NMv9BD',#822,$,$,(#794),#821);
#824=IFCPROPERTYSINGLEVALUE('Tubo_RS',$,IFCREAL(1130.88),$);
#825=IFCPROPERTYSINGLEVALUE('Esc_RS',$,IFCREAL(886.18),$);
#826=IFCPROPERTYSINGLEVALUE('Reat_RS',$,IFCREAL(531.36),$);
#827=IFCPROPERTYSINGLEVALUE('Pav_RS',$,IFCREAL(1643.52),$);
#828=IFCPROPERTYSINGLEVALUE('Total_RS',$,IFCREAL(4191.94),$);
#829=IFCOWNERHISTORY(#3,#4,.READWRITE.,.MODIFIED.,1774189819,#3,#4,1774189819);
#830=IFCFLOWSEGMENT('3uzs4CAjTDbeMEr7a8nLcU',#829,'T023_PI_64_PI_51',$,$,#846,#841,$);
#836=IFCCARTESIANPOINT((0.,0.,0.));
#837=IFCCARTESIANPOINT((6.02482616662746,17.8949011266232,-7.064));
#838=IFCPOLYLINE((#836,#837));
#839=IFCSWEPTDISKSOLID(#838,0.1,0.09,$,$);
#840=IFCSHAPEREPRESENTATION(#16,'Body','SweptSolid',(#839));
#841=IFCPRODUCTDEFINITIONSHAPE($,$,(#840));
#842=IFCCARTESIANPOINT((592.424742414209,500.923711728305,41.939));
#843=IFCDIRECTION((0.,0.,1.));
#844=IFCDIRECTION((1.,0.,0.));
#845=IFCAXIS2PLACEMENT3D(#842,#843,#844);
#846=IFCLOCALPLACEMENT($,#845);
#847=IFCOWNERHISTORY(#3,#4,.READWRITE.,.ADDED.,1774189819,#3,#4,1774189819);
#848=IFCPROPERTYSET('2jt4UApC1Cvu6Zt3mu7Hbx',#847,'Dados',$,(#851,#852,#853,#854,#855));
#849=IFCOWNERHISTORY(#3,#4,.READWRITE.,.ADDED.,1774189819,#3,#4,1774189819);
#850=IFCRELDEFINESBYPROPERTIES('1fWv1WwG1BMwkxihx4xK$R',#849,$,$,(#830),#848);
#851=IFCPROPERTYSINGLEVALUE('PV_Mont',$,IFCLABEL('PI_64'),$);
#852=IFCPROPERTYSINGLEVALUE('PV_Jus',$,IFCLABEL('PI_51'),$);
#853=IFCPROPERTYSINGLEVALUE('DN',$,IFCREAL(200.),$);
#854=IFCPROPERTYSINGLEVALUE('Mat',$,IFCLABEL('PVC'),$);
#855=IFCPROPERTYSINGLEVALUE('Ext_m',$,IFCREAL(18.88),$);
#856=IFCOWNERHISTORY(#3,#4,.READWRITE.,.ADDED.,1774189819,#3,#4,1774189819);
#857=IFCPROPERTYSET('3$qUXemebFLg4XQPvVzy4p',#856,'Custo5D',$,(#860,#861,#862,#863,#864));
#858=IFCOWNERHISTORY(#3,#4,.READWRITE.,.ADDED.,1774189819,#3,#4,1774189819);
#859=IFCRELDEFINESBYPROPERTIES('2iju6GfE5BZePtMlNZgk_1',#858,$,$,(#830),#857);
#860=IFCPROPERTYSINGLEVALUE('Tubo_RS',$,IFCREAL(889.63),$);
#861=IFCPROPERTYSINGLEVALUE('Esc_RS',$,IFCREAL(278.85),$);
#862=IFCPROPERTYSINGLEVALUE('Reat_RS',$,IFCREAL(167.2),$);
#863=IFCPROPERTYSINGLEVALUE('Pav_RS',$,IFCREAL(1292.9),$);
#864=IFCPROPERTYSINGLEVALUE('Total_RS',$,IFCREAL(2628.58),$);
#865=IFCOWNERHISTORY(#3,#4,.READWRITE.,.MODIFIED.,1774189819,#3,#4,1774189819);
#866=IFCFLOWSEGMENT('2ll_RztlT9D8IhEwdZKIi$',#865,'T024_PI_52_PI_54',$,$,#882,#877,$);
#872=IFCCARTESIANPOINT((0.,0.,0.));
#873=IFCCARTESIANPOINT((12.8855725503527,11.5722732646391,2.882));
#874=IFCPOLYLINE((#872,#873));
#875=IFCSWEPTDISKSOLID(#874,0.1,0.09,$,$);
#876=IFCSHAPEREPRESENTATION(#16,'Body','SweptSolid',(#875));
#877=IFCPRODUCTDEFINITIONSHAPE($,$,(#876));
#878=IFCCARTESIANPOINT((599.724541000149,520.755699303001,35.866));
#879=IFCDIRECTION((0.,0.,1.));
#880=IFCDIRECTION((1.,0.,0.));
#881=IFCAXIS2PLACEMENT3D(#878,#879,#880);
#882=IFCLOCALPLACEMENT($,#881);
#883=IFCOWNERHISTORY(#3,#4,.READWRITE.,.ADDED.,1774189819,#3,#4,1774189819);
#884=IFCPROPERTYSET('2inVQbUbf5j8PMl25AHpx7',#883,'Dados',$,(#887,#888,#889,#890,#891));
#885=IFCOWNERHISTORY(#3,#4,.READWRITE.,.ADDED.,1774189819,#3,#4,1774189819);
#886=IFCRELDEFINESBYPROPERTIES('06edmOvN16dB1hQOeBnmac',#885,$,$,(#866),#884);
#887=IFCPROPERTYSINGLEVALUE('PV_Mont',$,IFCLABEL('PI_52'),$);
#888=IFCPROPERTYSINGLEVALUE('PV_Jus',$,IFCLABEL('PI_54'),$);
#889=IFCPROPERTYSINGLEVALUE('DN',$,IFCREAL(200.),$);
#890=IFCPROPERTYSINGLEVALUE('Mat',$,IFCLABEL('PVC'),$);
#891=IFCPROPERTYSINGLEVALUE('Ext_m',$,IFCREAL(16.45),$);
#892=IFCOWNERHISTORY(#3,#4,.READWRITE.,.ADDED.,1774189819,#3,#4,1774189819);
#893=IFCPROPERTYSET('1z0vZqCm17Zhsvj4_tZPAB',#892,'Custo5D',$,(#896,#897,#898,#899,#900));
#894=IFCOWNERHISTORY(#3,#4,.READWRITE.,.ADDED.,1774189819,#3,#4,1774189819);
#895=IFCRELDEFINESBYPROPERTIES('2yL2c3anbB8w4nfGdliJGI',#894,$,$,(#866),#893);
#896=IFCPROPERTYSINGLEVALUE('Tubo_RS',$,IFCREAL(775.12),$);
#897=IFCPROPERTYSINGLEVALUE('Esc_RS',$,IFCREAL(242.96),$);
#898=IFCPROPERTYSINGLEVALUE('Reat_RS',$,IFCREAL(145.68),$);
#899=IFCPROPERTYSINGLEVALUE('Pav_RS',$,IFCREAL(1126.5),$);
#900=IFCPROPERTYSINGLEVALUE('Total_RS',$,IFCREAL(2290.26),$);
#901=IFCOWNERHISTORY(#3,#4,.READWRITE.,.MODIFIED.,1774189819,#3,#4,1774189819);
#902=IFCFLOWSEGMENT('3ZkdbrE_zBBQLROIt9ma$4',#901,'T025_PI_54_PI_07',$,$,#918,#913,$);
#908=IFCCARTESIANPOINT((0.,0.,0.));
#909=IFCCARTESIANPOINT((-15.5731737494934,17.222960902378,-13.029));
#910=IFCPOLYLINE((#908,#909));
#911=IFCSWEPTDISKSOLID(#910,0.1,0.09,$,$);
#912=IFCSHAPEREPRESENTATION(#16,'Body','SweptSolid',(#911));
#913=IFCPRODUCTDEFINITIONSHAPE($,$,(#912));
#914=IFCCARTESIANPOINT((612.610113550501,532.32797256764,38.748));
#915=IFCDIRECTION((0.,0.,1.));
#916=IFCDIRECTION((1.,0.,0.));
#917=IFCAXIS2PLACEMENT3D(#914,#915,#916);
#918=IFCLOCALPLACEMENT($,#917);
#919=IFCOWNERHISTORY(#3,#4,.READWRITE.,.ADDED.,1774189819,#3,#4,1774189819);
#920=IFCPROPERTYSET('1qderGoLz9dwGM9feyFxzU',#919,'Dados',$,(#923,#924,#925,#926,#927));
#921=IFCOWNERHISTORY(#3,#4,.READWRITE.,.ADDED.,1774189819,#3,#4,1774189819);
#922=IFCRELDEFINESBYPROPERTIES('39G3ImiQLFLgGvPxi7uxqx',#921,$,$,(#902),#920);
#923=IFCPROPERTYSINGLEVALUE('PV_Mont',$,IFCLABEL('PI_54'),$);
#924=IFCPROPERTYSINGLEVALUE('PV_Jus',$,IFCLABEL('PI_07'),$);
#925=IFCPROPERTYSINGLEVALUE('DN',$,IFCREAL(200.),$);
#926=IFCPROPERTYSINGLEVALUE('Mat',$,IFCLABEL('PVC'),$);
#927=IFCPROPERTYSINGLEVALUE('Ext_m',$,IFCREAL(22.03),$);
#928=IFCOWNERHISTORY(#3,#4,.READWRITE.,.ADDED.,1774189819,#3,#4,1774189819);
#929=IFCPROPERTYSET('1Lu4q3GtrBVeA6HcLcMg53',#928,'Custo5D',$,(#932,#933,#934,#935,#936));
#930=IFCOWNERHISTORY(#3,#4,.READWRITE.,.ADDED.,1774189819,#3,#4,1774189819);
#931=IFCRELDEFINESBYPROPERTIES('0s4zMZX5DDPOZ95f2UA$6V',#930,$,$,(#902),#929);
#932=IFCPROPERTYSINGLEVALUE('Tubo_RS',$,IFCREAL(1038.05),$);
#933=IFCPROPERTYSINGLEVALUE('Esc_RS',$,IFCREAL(325.37),$);
#934=IFCPROPERTYSINGLEVALUE('Reat_RS',$,IFCREAL(195.1),$);
#935=IFCPROPERTYSINGLEVALUE('Pav_RS',$,IFCREAL(1508.61),$);
#936=IFCPROPERTYSINGLEVALUE('Total_RS',$,IFCREAL(3067.14),$);
#937=IFCOWNERHISTORY(#3,#4,.READWRITE.,.MODIFIED.,1774189819,#3,#4,1774189819);
#938=IFCFLOWSEGMENT('1Lppeswzz8Be85O2Vnyqzn',#937,'T026_PI_08_N_004',$,$,#954,#949,$);
#944=IFCCARTESIANPOINT((0.,0.,0.));
#945=IFCCARTESIANPOINT((-6.19402785017155,0.394159677438438,-28.432));
#946=IFCPOLYLINE((#944,#945));
#947=IFCSWEPTDISKSOLID(#946,0.1,0.09,$,$);
#948=IFCSHAPEREPRESENTATION(#16,'Body','SweptSolid',(#947));
#949=IFCPRODUCTDEFINITIONSHAPE($,$,(#948));
#950=IFCCARTESIANPOINT((595.02105804655,550.414068741724,26.932));
#951=IFCDIRECTION((0.,0.,1.));
#952=IFCDIRECTION((1.,0.,0.));
#953=IFCAXIS2PLACEMENT3D(#950,#951,#952);
#954=IFCLOCALPLACEMENT($,#953);
#955=IFCOWNERHISTORY(#3,#4,.READWRITE.,.ADDED.,1774189819,#3,#4,1774189819);
#956=IFCPROPERTYSET('36pyEeEcf09wLzIdmRsovX',#955,'Dados',$,(#959,#960,#961,#962,#963));
#957=IFCOWNERHISTORY(#3,#4,.READWRITE.,.ADDED.,1774189819,#3,#4,1774189819);
#958=IFCRELDEFINESBYPROPERTIES('1p1O85sUzBogrQC4RKGhiU',#957,$,$,(#938),#956);
#959=IFCPROPERTYSINGLEVALUE('PV_Mont',$,IFCLABEL('PI_08'),$);
#960=IFCPROPERTYSINGLEVALUE('PV_Jus',$,IFCLABEL('N_004'),$);
#961=IFCPROPERTYSINGLEVALUE('DN',$,IFCREAL(200.),$);
#962=IFCPROPERTYSINGLEVALUE('Mat',$,IFCLABEL('PVC'),$);
#963=IFCPROPERTYSINGLEVALUE('Ext_m',$,IFCREAL(5.96),$);
#964=IFCOWNERHISTORY(#3,#4,.READWRITE.,.ADDED.,1774189819,#3,#4,1774189819);
#965=IFCPROPERTYSET('1Vk0nEVZT6Sh6_Wvldl245',#964,'Custo5D',$,(#968,#969,#970,#971,#972));
#966=IFCOWNERHISTORY(#3,#4,.READWRITE.,.ADDED.,1774189819,#3,#4,1774189819);
#967=IFCRELDEFINESBYPROPERTIES('2V$K9WNNn5PBnSpcv5HKn1',#966,$,$,(#938),#965);
#968=IFCPROPERTYSINGLEVALUE('Tubo_RS',$,IFCREAL(280.84),$);
#969=IFCPROPERTYSINGLEVALUE('Esc_RS',$,IFCREAL(220.07),$);
#970=IFCPROPERTYSINGLEVALUE('Reat_RS',$,IFCREAL(131.95),$);
#971=IFCPROPERTYSINGLEVALUE('Pav_RS',$,IFCREAL(408.14),$);
#972=IFCPROPERTYSINGLEVALUE('Total_RS',$,IFCREAL(1041.),$);
#973=IFCOWNERHISTORY(#3,#4,.READWRITE.,.MODIFIED.,1774189819,#3,#4,1774189819);
#974=IFCFLOWSEGMENT('3y7ADmbRH2jARvKYtuGWyn',#973,'T027_PI_54_PI_56',$,$,#990,#985,$);
#980=IFCCARTESIANPOINT((0.,0.,0.));
#981=IFCCARTESIANPOINT((4.88396821462084,-3.23040759284049,5.062));
#982=IFCPOLYLINE((#980,#981));
#983=IFCSWEPTDISKSOLID(#982,0.1,0.09,$,$);
#984=IFCSHAPEREPRESENTATION(#16,'Body','SweptSolid',(#983));
#985=IFCPRODUCTDEFINITIONSHAPE($,$,(#984));
#986=IFCCARTESIANPOINT((612.610113550501,532.32797256764,38.748));
#987=IFCDIRECTION((0.,0.,1.));
#988=IFCDIRECTION((1.,0.,0.));
#989=IFCAXIS2PLACEMENT3D(#986,#987,#988);
#990=IFCLOCALPLACEMENT($,#989);
#991=IFCOWNERHISTORY(#3,#4,.READWRITE.,.ADDED.,1774189819,#3,#4,1774189819);
#992=IFCPROPERTYSET('2KDVfGXlnEyOt8T5f54SvQ',#991,'Dados',$,(#995,#996,#997,#998,#999));
#993=IFCOWNERHISTORY(#3,#4,.READWRITE.,.ADDED.,1774189819,#3,#4,1774189819);
#994=IFCRELDEFINESBYPROPERTIES('21KRkbR211JRfQNBOZ4ygv',#993,$,$,(#974),#992);
#995=IFCPROPERTYSINGLEVALUE('PV_Mont',$,IFCLABEL('PI_54'),$);
#996=IFCPROPERTYSINGLEVALUE('PV_Jus',$,IFCLABEL('PI_56'),$);
#997=IFCPROPERTYSINGLEVALUE('DN',$,IFCREAL(200.),$);
#998=IFCPROPERTYSINGLEVALUE('Mat',$,IFCLABEL('PVC'),$);
#999=IFCPROPERTYSINGLEVALUE('Ext_m',$,IFCREAL(4.58),$);
#1000=IFCOWNERHISTORY(#3,#4,.READWRITE.,.ADDED.,1774189819,#3,#4,1774189819);
#1001=IFCPROPERTYSET('3J7Qvuey57Rfvk_8UF5AKa',#1000,'Custo5D',$,(#1004,#1005,#1006,#1007,#1008));
#1002=IFCOWNERHISTORY(#3,#4,.READWRITE.,.ADDED.,1774189819,#3,#4,1774189819);
#1003=IFCRELDEFINESBYPROPERTIES('1BYMxMF$n7MRUBlJ_MkgUG',#1002,$,$,(#974),#1001);
#1004=IFCPROPERTYSINGLEVALUE('Tubo_RS',$,IFCREAL(215.81),$);
#1005=IFCPROPERTYSINGLEVALUE('Esc_RS',$,IFCREAL(67.64),$);
#1006=IFCPROPERTYSINGLEVALUE('Reat_RS',$,IFCREAL(40.56),$);
#1007=IFCPROPERTYSINGLEVALUE('Pav_RS',$,IFCREAL(313.64),$);
#1008=IFCPROPERTYSINGLEVALUE('Total_RS',$,IFCREAL(637.65),$);
#1009=IFCOWNERHISTORY(#3,#4,.READWRITE.,.MODIFIED.,1774189819,#3,#4,1774189819);
#1010=IFCFLOWSEGMENT('1xsO0uyyX158r_c_Ec2oZ0',#1009,'T028_PI_63_N_011',$,$,#1026,#1021,$);
#1016=IFCCARTESIANPOINT((0.,0.,0.));
#1017=IFCCARTESIANPOINT((-1.42045009625144,-15.7066562445834,-44.066));
#1018=IFCPOLYLINE((#1016,#1017));
#1019=IFCSWEPTDISKSOLID(#1018,0.1,0.09,$,$);
#1020=IFCSHAPEREPRESENTATION(#16,'Body','SweptSolid',(#1019));
#1021=IFCPRODUCTDEFINITIONSHAPE($,$,(#1020));
#1022=IFCCARTESIANPOINT((618.318482607254,527.191587219015,42.566));
#1023=IFCDIRECTION((0.,0.,1.));
#1024=IFCDIRECTION((1.,0.,0.));
#1025=IFCAXIS2PLACEMENT3D(#1022,#1023,#1024);
#1026=IFCLOCALPLACEMENT($,#1025);
#1027=IFCOWNERHISTORY(#3,#4,.READWRITE.,.ADDED.,1774189819,#3,#4,1774189819);
#1028=IFCPROPERTYSET('1p6hzoYDzAvxKTK7ETjlWt',#1027,'Dados',$,(#1031,#1032,#1033,#1034,#1035));
#1029=IFCOWNERHISTORY(#3,#4,.READWRITE.,.ADDED.,1774189819,#3,#4,1774189819);
#1030=IFCRELDEFINESBYPROPERTIES('1PSECEdAz0Lv_w0ES3_0I9',#1029,$,$,(#1010),#1028);
#1031=IFCPROPERTYSINGLEVALUE('PV_Mont',$,IFCLABEL('PI_63'),$);
#1032=IFCPROPERTYSINGLEVALUE('PV_Jus',$,IFCLABEL('N_011'),$);
#1033=IFCPROPERTYSINGLEVALUE('DN',$,IFCREAL(200.),$);
#1034=IFCPROPERTYSINGLEVALUE('Mat',$,IFCLABEL('PVC'),$);
#1035=IFCPROPERTYSINGLEVALUE('Ext_m',$,IFCREAL(15.61),$);
#1036=IFCOWNERHISTORY(#3,#4,.READWRITE.,.ADDED.,1774189819,#3,#4,1774189819);
#1037=IFCPROPERTYSET('1hmwe7JEr2w9Pd_XQUOtlN',#1036,'Custo5D',$,(#1040,#1041,#1042,#1043,#1044));
#1038=IFCOWNERHISTORY(#3,#4,.READWRITE.,.ADDED.,1774189819,#3,#4,1774189819);
#1039=IFCRELDEFINESBYPROPERTIES('3i7Pg_d1DDBOzqADvl2IRP',#1038,$,$,(#1010),#1037);
#1040=IFCPROPERTYSINGLEVALUE('Tubo_RS',$,IFCREAL(735.54),$);
#1041=IFCPROPERTYSINGLEVALUE('Esc_RS',$,IFCREAL(576.38),$);
#1042=IFCPROPERTYSINGLEVALUE('Reat_RS',$,IFCREAL(345.61),$);
#1043=IFCPROPERTYSINGLEVALUE('Pav_RS',$,IFCREAL(1068.97),$);
#1044=IFCPROPERTYSINGLEVALUE('Total_RS',$,IFCREAL(2726.51),$);
#1045=IFCOWNERHISTORY(#3,#4,.READWRITE.,.MODIFIED.,1774189819,#3,#4,1774189819);
#1046=IFCFLOWSEGMENT('2QMhZH8EzB59gIe$0RyIda',#1045,'T029_N_020_PI_59',$,$,#1062,#1057,$);
#1052=IFCCARTESIANPOINT((0.,0.,0.));
#1053=IFCCARTESIANPOINT((2.33858395763673,7.85801855754107,42.789));
#1054=IFCPOLYLINE((#1052,#1053));
#1055=IFCSWEPTDISKSOLID(#1054,0.1,0.09,$,$);
#1056=IFCSHAPEREPRESENTATION(#16,'Body','SweptSolid',(#1055));
#1057=IFCPRODUCTDEFINITIONSHAPE($,$,(#1056));
#1058=IFCCARTESIANPOINT((641.083463502873,536.330153847113,-1.5));
#1059=IFCDIRECTION((0.,0.,1.));
#1060=IFCDIRECTION((1.,0.,0.));
#1061=IFCAXIS2PLACEMENT3D(#1058,#1059,#1060);
#1062=IFCLOCALPLACEMENT($,#1061);
#1063=IFCOWNERHISTORY(#3,#4,.READWRITE.,.ADDED.,1774189819,#3,#4,1774189819);
#1064=IFCPROPERTYSET('2aBBGMjwPAyAIn34aGlkuc',#1063,'Dados',$,(#1067,#1068,#1069,#1070,#1071));
#1065=IFCOWNERHISTORY(#3,#4,.READWRITE.,.ADDED.,1774189819,#3,#4,1774189819);
#1066=IFCRELDEFINESBYPROPERTIES('3LkfU2dxP1Oxhn0P0wpc82',#1065,$,$,(#1046),#1064);
#1067=IFCPROPERTYSINGLEVALUE('PV_Mont',$,IFCLABEL('N_020'),$);
#1068=IFCPROPERTYSINGLEVALUE('PV_Jus',$,IFCLABEL('PI_59'),$);
#1069=IFCPROPERTYSINGLEVALUE('DN',$,IFCREAL(200.),$);
#1070=IFCPROPERTYSINGLEVALUE('Mat',$,IFCLABEL('PVC'),$);
#1071=IFCPROPERTYSINGLEVALUE('Ext_m',$,IFCREAL(7.),$);
#1072=IFCOWNERHISTORY(#3,#4,.READWRITE.,.ADDED.,1774189819,#3,#4,1774189819);
#1073=IFCPROPERTYSET('0pzIf_CQ115xcrjPYmWFHz',#1072,'Custo5D',$,(#1076,#1077,#1078,#1079,#1080));
#1074=IFCOWNERHISTORY(#3,#4,.READWRITE.,.ADDED.,1774189819,#3,#4,1774189819);
#1075=IFCRELDEFINESBYPROPERTIES('3YgUCJCifFWArSkjGkc9ja',#1074,$,$,(#1046),#1073);
#1076=IFCPROPERTYSINGLEVALUE('Tubo_RS',$,IFCREAL(329.84),$);
#1077=IFCPROPERTYSINGLEVALUE('Esc_RS',$,IFCREAL(258.47),$);
#1078=IFCPROPERTYSINGLEVALUE('Reat_RS',$,IFCREAL(154.98),$);
#1079=IFCPROPERTYSINGLEVALUE('Pav_RS',$,IFCREAL(479.36),$);
#1080=IFCPROPERTYSINGLEVALUE('Total_RS',$,IFCREAL(1222.65),$);
#1081=IFCOWNERHISTORY(#3,#4,.READWRITE.,.MODIFIED.,1774189819,#3,#4,1774189819);
#1082=IFCFLOWSEGMENT('2Hn4TQbWT3BOg1524Ii2fA',#1081,'T030_PI_225_PI_256',$,$,#1098,#1093,$);
#1088=IFCCARTESIANPOINT((0.,0.,0.));
#1089=IFCCARTESIANPOINT((-3.08490495674778,5.92482138052583,5.48699999999999));
#1090=IFCPOLYLINE((#1088,#1089));
#1091=IFCSWEPTDISKSOLID(#1090,0.1,0.09,$,$);
#1092=IFCSHAPEREPRESENTATION(#16,'Body','SweptSolid',(#1091));
#1093=IFCPRODUCTDEFINITIONSHAPE($,$,(#1092));
#1094=IFCCARTESIANPOINT((643.170007765526,546.336811111309,49.444));
#1095=IFCDIRECTION((0.,0.,1.));
#1096=IFCDIRECTION((1.,0.,0.));
#1097=IFCAXIS2PLACEMENT3D(#1094,#1095,#1096);
#1098=IFCLOCALPLACEMENT($,#1097);
#1099=IFCOWNERHISTORY(#3,#4,.READWRITE.,.ADDED.,1774189819,#3,#4,1774189819);
#1100=IFCPROPERTYSET('0RMkk0ug58xuQkvM4ny9YJ',#1099,'Dados',$,(#1103,#1104,#1105,#1106,#1107));
#1101=IFCOWNERHISTORY(#3,#4,.READWRITE.,.ADDED.,1774189819,#3,#4,1774189819);
#1102=IFCRELDEFINESBYPROPERTIES('2YKwwADiPBovCy8cVwt2Yn',#1101,$,$,(#1082),#1100);
#1103=IFCPROPERTYSINGLEVALUE('PV_Mont',$,IFCLABEL('PI_225'),$);
#1104=IFCPROPERTYSINGLEVALUE('PV_Jus',$,IFCLABEL('PI_256'),$);
#1105=IFCPROPERTYSINGLEVALUE('DN',$,IFCREAL(200.),$);
#1106=IFCPROPERTYSINGLEVALUE('Mat',$,IFCLABEL('PVC'),$);
#1107=IFCPROPERTYSINGLEVALUE('Ext_m',$,IFCREAL(5.82),$);
#1108=IFCOWNERHISTORY(#3,#4,.READWRITE.,.ADDED.,1774189819,#3,#4,1774189819);
#1109=IFCPROPERTYSET('0NdGvByN98nQgyoohHXW$H',#1108,'Custo5D',$,(#1112,#1113,#1114,#1115,#1116));
#1110=IFCOWNERHISTORY(#3,#4,.READWRITE.,.ADDED.,1774189819,#3,#4,1774189819);
#1111=IFCRELDEFINESBYPROPERTIES('2xz_pniNf1E9lr_XmN6q17',#1110,$,$,(#1082),#1109);
#1112=IFCPROPERTYSINGLEVALUE('Tubo_RS',$,IFCREAL(274.24),$);
#1113=IFCPROPERTYSINGLEVALUE('Esc_RS',$,IFCREAL(85.96),$);
#1114=IFCPROPERTYSINGLEVALUE('Reat_RS',$,IFCREAL(51.54),$);
#1115=IFCPROPERTYSINGLEVALUE('Pav_RS',$,IFCREAL(398.55),$);
#1116=IFCPROPERTYSINGLEVALUE('Total_RS',$,IFCREAL(810.29),$);
#1117=IFCOWNERHISTORY(#3,#4,.READWRITE.,.MODIFIED.,1774189819,#3,#4,1774189819);
#1118=IFCFLOWSEGMENT('0a$pZXxl5ApOCTmErknJ29',#1117,'T031_PI_256_PI_57',$,$,#1134,#1129,$);
#1124=IFCCARTESIANPOINT((0.,0.,0.));
#1125=IFCCARTESIANPOINT((2.22714946919587,5.18652948178351,-10.077));
#1126=IFCPOLYLINE((#1124,#1125));
#1127=IFCSWEPTDISKSOLID(#1126,0.1,0.09,$,$);
#1128=IFCSHAPEREPRESENTATION(#16,'Body','SweptSolid',(#1127));
#1129=IFCPRODUCTDEFINITIONSHAPE($,$,(#1128));
#1130=IFCCARTESIANPOINT((640.085102808778,552.261632491834,54.931));
#1131=IFCDIRECTION((0.,0.,1.));
#1132=IFCDIRECTION((1.,0.,0.));
#1133=IFCAXIS2PLACEMENT3D(#1130,#1131,#1132);
#1134=IFCLOCALPLACEMENT($,#1133);
#1135=IFCOWNERHISTORY(#3,#4,.READWRITE.,.ADDED.,1774189819,#3,#4,1774189819);
#1136=IFCPROPERTYSET('3HmrYBX9b7nxLIGcW8P6XN',#1135,'Dados',$,(#1139,#1140,#1141,#1142,#1143));
#1137=IFCOWNERHISTORY(#3,#4,.READWRITE.,.ADDED.,1774189819,#3,#4,1774189819);
#1138=IFCRELDEFINESBYPROPERTIES('0liG6fvVD4uhxTpXrvwnYi',#1137,$,$,(#1118),#1136);
#1139=IFCPROPERTYSINGLEVALUE('PV_Mont',$,IFCLABEL('PI_256'),$);
#1140=IFCPROPERTYSINGLEVALUE('PV_Jus',$,IFCLABEL('PI_57'),$);
#1141=IFCPROPERTYSINGLEVALUE('DN',$,IFCREAL(200.),$);
#1142=IFCPROPERTYSINGLEVALUE('Mat',$,IFCLABEL('PVC'),$);
#1143=IFCPROPERTYSINGLEVALUE('Ext_m',$,IFCREAL(4.01),$);
#1144=IFCOWNERHISTORY(#3,#4,.READWRITE.,.ADDED.,1774189819,#3,#4,1774189819);
#1145=IFCPROPERTYSET('1XSPvEuo5D3BfpWI$LF7lX',#1144,'Custo5D',$,(#1148,#1149,#1150,#1151,#1152));
#1146=IFCOWNERHISTORY(#3,#4,.READWRITE.,.ADDED.,1774189819,#3,#4,1774189819);
#1147=IFCRELDEFINESBYPROPERTIES('0ueuggmKPDUh82D9R4MAkr',#1146,$,$,(#1118),#1145);
#1148=IFCPROPERTYSINGLEVALUE('Tubo_RS',$,IFCREAL(188.95),$);
#1149=IFCPROPERTYSINGLEVALUE('Esc_RS',$,IFCREAL(59.23),$);
#1150=IFCPROPERTYSINGLEVALUE('Reat_RS',$,IFCREAL(35.51),$);
#1151=IFCPROPERTYSINGLEVALUE('Pav_RS',$,IFCREAL(274.6),$);
#1152=IFCPROPERTYSINGLEVALUE('Total_RS',$,IFCREAL(558.29),$);
#1153=IFCOWNERHISTORY(#3,#4,.READWRITE.,.MODIFIED.,1774189819,#3,#4,1774189819);
#1154=IFCFLOWSEGMENT('1vJt6g5KP8Fvazv9T$0b11',#1153,'T032_PI_57_PI_60',$,$,#1170,#1165,$);
#1160=IFCCARTESIANPOINT((0.,0.,0.));
#1161=IFCCARTESIANPOINT((-3.19453011546284,3.8456491343677,-4.883));
#1162=IFCPOLYLINE((#1160,#1161));
#1163=IFCSWEPTDISKSOLID(#1162,0.1,0.09,$,$);
#1164=IFCSHAPEREPRESENTATION(#16,'Body','SweptSolid',(#1163));
#1165=IFCPRODUCTDEFINITIONSHAPE($,$,(#1164));
#1166=IFCCARTESIANPOINT((642.312252277974,557.448161973618,44.854));
#1167=IFCDIRECTION((0.,0.,1.));
#1168=IFCDIRECTION((1.,0.,0.));
#1169=IFCAXIS2PLACEMENT3D(#1166,#1167,#1168);
#1170=IFCLOCALPLACEMENT($,#1169);
#1171=IFCOWNERHISTORY(#3,#4,.READWRITE.,.ADDED.,1774189819,#3,#4,1774189819);
#1172=IFCPROPERTYSET('0QezB7w3DDwvxQjWoS4Ghf',#1171,'Dados',$,(#1175,#1176,#1177,#1178,#1179));
#1173=IFCOWNERHISTORY(#3,#4,.READWRITE.,.ADDED.,1774189819,#3,#4,1774189819);
#1174=IFCRELDEFINESBYPROPERTIES('3nEZ1WoSnEmRKLNPVPEUji',#1173,$,$,(#1154),#1172);
#1175=IFCPROPERTYSINGLEVALUE('PV_Mont',$,IFCLABEL('PI_57'),$);
#1176=IFCPROPERTYSINGLEVALUE('PV_Jus',$,IFCLABEL('PI_60'),$);
#1177=IFCPROPERTYSINGLEVALUE('DN',$,IFCREAL(200.),$);
#1178=IFCPROPERTYSINGLEVALUE('Mat',$,IFCLABEL('PVC'),$);
#1179=IFCPROPERTYSINGLEVALUE('Ext_m',$,IFCREAL(4.28),$);
#1180=IFCOWNERHISTORY(#3,#4,.READWRITE.,.ADDED.,1774189819,#3,#4,1774189819);
#1181=IFCPROPERTYSET('1gX2AWM5n58f4iHPNa8TWS',#1180,'Custo5D',$,(#1184,#1185,#1186,#1187,#1188));
#1182=IFCOWNERHISTORY(#3,#4,.READWRITE.,.ADDED.,1774189819,#3,#4,1774189819);
#1183=IFCRELDEFINESBYPROPERTIES('1sxJsW9gTCOBRNsl$6CNpW',#1182,$,$,(#1154),#1181);
#1184=IFCPROPERTYSINGLEVALUE('Tubo_RS',$,IFCREAL(201.67),$);
#1185=IFCPROPERTYSINGLEVALUE('Esc_RS',$,IFCREAL(63.21),$);
#1186=IFCPROPERTYSINGLEVALUE('Reat_RS',$,IFCREAL(37.9),$);
#1187=IFCPROPERTYSINGLEVALUE('Pav_RS',$,IFCREAL(293.09),$);
#1188=IFCPROPERTYSINGLEVALUE('Total_RS',$,IFCREAL(595.89),$);
#1189=IFCOWNERHISTORY(#3,#4,.READWRITE.,.MODIFIED.,1774189819,#3,#4,1774189819);
#1190=IFCFLOWSEGMENT('2mXEs0Hor7Sf2ktzL4jN5x',#1189,'T033_N_013_N_014',$,$,#1206,#1201,$);
#1196=IFCCARTESIANPOINT((0.,0.,0.));
#1197=IFCCARTESIANPOINT((3.23741735838121,-3.75441093649715,0.));
#1198=IFCPOLYLINE((#1196,#1197));
#1199=IFCSWEPTDISKSOLID(#1198,0.1,0.09,$,$);
#1200=IFCSHAPEREPRESENTATION(#16,'Body','SweptSolid',(#1199));
#1201=IFCPRODUCTDEFINITIONSHAPE($,$,(#1200));
#1202=IFCCARTESIANPOINT((613.875818971195,504.473790576681,-1.5));
#1203=IFCDIRECTION((0.,0.,1.));
#1204=IFCDIRECTION((1.,0.,0.));
#1205=IFCAXIS2PLACEMENT3D(#1202,#1203,#1204);
#1206=IFCLOCALPLACEMENT($,#1205);
#1207=IFCOWNERHISTORY(#3,#4,.READWRITE.,.ADDED.,1774189819,#3,#4,1774189819);
#1208=IFCPROPERTYSET('1jfBhramX3xPfs_Z52Wv7C',#1207,'Dados',$,(#1211,#1212,#1213,#1214,#1215));
#1209=IFCOWNERHISTORY(#3,#4,.READWRITE.,.ADDED.,1774189819,#3,#4,1774189819);
#1210=IFCRELDEFINESBYPROPERTIES('1zvkzSnRH5u8sA4KHtKcN6',#1209,$,$,(#1190),#1208);
#1211=IFCPROPERTYSINGLEVALUE('PV_Mont',$,IFCLABEL('N_013'),$);
#1212=IFCPROPERTYSINGLEVALUE('PV_Jus',$,IFCLABEL('N_014'),$);
#1213=IFCPROPERTYSINGLEVALUE('DN',$,IFCREAL(200.),$);
#1214=IFCPROPERTYSINGLEVALUE('Mat',$,IFCLABEL('PVC'),$);
#1215=IFCPROPERTYSINGLEVALUE('Ext_m',$,IFCREAL(2.95),$);
#1216=IFCOWNERHISTORY(#3,#4,.READWRITE.,.ADDED.,1774189819,#3,#4,1774189819);
#1217=IFCPROPERTYSET('0WuTXG991Fwfb_t7K_VE8a',#1216,'Custo5D',$,(#1220,#1221,#1222,#1223,#1224));
#1218=IFCOWNERHISTORY(#3,#4,.READWRITE.,.ADDED.,1774189819,#3,#4,1774189819);
#1219=IFCRELDEFINESBYPROPERTIES('3cN1LQaUDFexS2S0eZCj6V',#1218,$,$,(#1190),#1217);
#1220=IFCPROPERTYSINGLEVALUE('Tubo_RS',$,IFCREAL(139.),$);
#1221=IFCPROPERTYSINGLEVALUE('Esc_RS',$,IFCREAL(108.93),$);
#1222=IFCPROPERTYSINGLEVALUE('Reat_RS',$,IFCREAL(65.31),$);
#1223=IFCPROPERTYSINGLEVALUE('Pav_RS',$,IFCREAL(202.02),$);
#1224=IFCPROPERTYSINGLEVALUE('Total_RS',$,IFCREAL(515.26),$);
#1225=IFCOWNERHISTORY(#3,#4,.READWRITE.,.MODIFIED.,1774189819,#3,#4,1774189819);
#1226=IFCFLOWSEGMENT('1JBe911zD0bQR6rZmH7Pvv',#1225,'T034_N_014_N_012',$,$,#1242,#1237,$);
#1232=IFCCARTESIANPOINT((0.,0.,0.));
#1233=IFCCARTESIANPOINT((-2.90451037633466,-4.82770159840584,0.));
#1234=IFCPOLYLINE((#1232,#1233));
#1235=IFCSWEPTDISKSOLID(#1234,0.1,0.09,$,$);
#1236=IFCSHAPEREPRESENTATION(#16,'Body','SweptSolid',(#1235));
#1237=IFCPRODUCTDEFINITIONSHAPE($,$,(#1236));
#1238=IFCCARTESIANPOINT((617.113236329576,500.719379640184,-1.5));
#1239=IFCDIRECTION((0.,0.,1.));
#1240=IFCDIRECTION((1.,0.,0.));
#1241=IFCAXIS2PLACEMENT3D(#1238,#1239,#1240);
#1242=IFCLOCALPLACEMENT($,#1241);
#1243=IFCOWNERHISTORY(#3,#4,.READWRITE.,.ADDED.,1774189819,#3,#4,1774189819);
#1244=IFCPROPERTYSET('0CMr5Bjlz2BffP$hFba9tu',#1243,'Dados',$,(#1247,#1248,#1249,#1250,#1251));
#1245=IFCOWNERHISTORY(#3,#4,.READWRITE.,.ADDED.,1774189819,#3,#4,1774189819);
#1246=IFCRELDEFINESBYPROPERTIES('2zuHS_MCv9EAJs$M7WJNSi',#1245,$,$,(#1226),#1244);
#1247=IFCPROPERTYSINGLEVALUE('PV_Mont',$,IFCLABEL('N_014'),$);
#1248=IFCPROPERTYSINGLEVALUE('PV_Jus',$,IFCLABEL('N_012'),$);
#1249=IFCPROPERTYSINGLEVALUE('DN',$,IFCREAL(200.),$);
#1250=IFCPROPERTYSINGLEVALUE('Mat',$,IFCLABEL('PVC'),$);
#1251=IFCPROPERTYSINGLEVALUE('Ext_m',$,IFCREAL(3.53),$);
#1252=IFCOWNERHISTORY(#3,#4,.READWRITE.,.ADDED.,1774189819,#3,#4,1774189819);
#1253=IFCPROPERTYSET('22gizJXvXA6vTsmCNev3q4',#1252,'Custo5D',$,(#1256,#1257,#1258,#1259,#1260));
#1254=IFCOWNERHISTORY(#3,#4,.READWRITE.,.ADDED.,1774189819,#3,#4,1774189819);
#1255=IFCRELDEFINESBYPROPERTIES('3Jj$QtMXT9$9yiYpEiw6ML',#1254,$,$,(#1226),#1253);
#1256=IFCPROPERTYSINGLEVALUE('Tubo_RS',$,IFCREAL(166.33),$);
#1257=IFCPROPERTYSINGLEVALUE('Esc_RS',$,IFCREAL(130.34),$);
#1258=IFCPROPERTYSINGLEVALUE('Reat_RS',$,IFCREAL(78.15),$);
#1259=IFCPROPERTYSINGLEVALUE('Pav_RS',$,IFCREAL(241.73),$);
#1260=IFCPROPERTYSINGLEVALUE('Total_RS',$,IFCREAL(616.56),$);
#1261=IFCOWNERHISTORY(#3,#4,.READWRITE.,.MODIFIED.,1774189819,#3,#4,1774189819);
#1262=IFCFLOWSEGMENT('1fgLGpV6PDsP5dW$TF$dDv',#1261,'T035_N_012_PI_66',$,$,#1278,#1273,$);
#1268=IFCCARTESIANPOINT((0.,0.,0.));
#1269=IFCCARTESIANPOINT((-5.52523188170744,-7.10749930515885,40.253));
#1270=IFCPOLYLINE((#1268,#1269));
#1271=IFCSWEPTDISKSOLID(#1270,0.1,0.09,$,$);
#1272=IFCSHAPEREPRESENTATION(#16,'Body','SweptSolid',(#1271));
#1273=IFCPRODUCTDEFINITIONSHAPE($,$,(#1272));
#1274=IFCCARTESIANPOINT((614.208725953242,495.891678041779,-1.5));
#1275=IFCDIRECTION((0.,0.,1.));
#1276=IFCDIRECTION((1.,0.,0.));
#1277=IFCAXIS2PLACEMENT3D(#1274,#1275,#1276);
#1278=IFCLOCALPLACEMENT($,#1277);
#1279=IFCOWNERHISTORY(#3,#4,.READWRITE.,.ADDED.,1774189819,#3,#4,1774189819);
#1280=IFCPROPERTYSET('1txS5xQ1T0K88PliPWsE4V',#1279,'Dados',$,(#1283,#1284,#1285,#1286,#1287));
#1281=IFCOWNERHISTORY(#3,#4,.READWRITE.,.ADDED.,1774189819,#3,#4,1774189819);
#1282=IFCRELDEFINESBYPROPERTIES('2qtuw6MlH8VfUtchsC_WKM',#1281,$,$,(#1262),#1280);
#1283=IFCPROPERTYSINGLEVALUE('PV_Mont',$,IFCLABEL('N_012'),$);
#1284=IFCPROPERTYSINGLEVALUE('PV_Jus',$,IFCLABEL('PI_66'),$);
#1285=IFCPROPERTYSINGLEVALUE('DN',$,IFCREAL(200.),$);
#1286=IFCPROPERTYSINGLEVALUE('Mat',$,IFCLABEL('PVC'),$);
#1287=IFCPROPERTYSINGLEVALUE('Ext_m',$,IFCREAL(7.77),$);
#1288=IFCOWNERHISTORY(#3,#4,.READWRITE.,.ADDED.,1774189819,#3,#4,1774189819);
#1289=IFCPROPERTYSET('2bWY90GFD0n8L9pmXmXyZS',#1288,'Custo5D',$,(#1292,#1293,#1294,#1295,#1296));
#1290=IFCOWNERHISTORY(#3,#4,.READWRITE.,.ADDED.,1774189819,#3,#4,1774189819);
#1291=IFCRELDEFINESBYPROPERTIES('3dxoq7yXnDJQVr4HuN7Xm5',#1290,$,$,(#1262),#1289);
#1292=IFCPROPERTYSINGLEVALUE('Tubo_RS',$,IFCREAL(366.12),$);
#1293=IFCPROPERTYSINGLEVALUE('Esc_RS',$,IFCREAL(286.9),$);
#1294=IFCPROPERTYSINGLEVALUE('Reat_RS',$,IFCREAL(172.03),$);
#1295=IFCPROPERTYSINGLEVALUE('Pav_RS',$,IFCREAL(532.09),$);
#1296=IFCPROPERTYSINGLEVALUE('Total_RS',$,IFCREAL(1357.14),$);
#1297=IFCOWNERHISTORY(#3,#4,.READWRITE.,.MODIFIED.,1774189819,#3,#4,1774189819);
#1298=IFCFLOWSEGMENT('3PahWa1X14VexjEHO$PioN',#1297,'T036_PI_65_PI_67',$,$,#1314,#1309,$);
#1304=IFCCARTESIANPOINT((0.,0.,0.));
#1305=IFCCARTESIANPOINT((-18.8641977946972,-17.514000271447,-7.11600000000001));
#1306=IFCPOLYLINE((#1304,#1305));
#1307=IFCSWEPTDISKSOLID(#1306,0.15,0.135,$,$);
#1308=IFCSHAPEREPRESENTATION(#16,'Body','SweptSolid',(#1307));
#1309=IFCPRODUCTDEFINITIONSHAPE($,$,(#1308));
#1310=IFCCARTESIANPOINT((607.122443959408,486.977340658195,40.773));
#1311=IFCDIRECTION((0.,0.,1.));
#1312=IFCDIRECTION((1.,0.,0.));
#1313=IFCAXIS2PLACEMENT3D(#1310,#1311,#1312);
#1314=IFCLOCALPLACEMENT($,#1313);
#1315=IFCOWNERHISTORY(#3,#4,.READWRITE.,.ADDED.,1774189819,#3,#4,1774189819);
#1316=IFCPROPERTYSET('1QmFLOCVX0WuIFXvyOJHWv',#1315,'Dados',$,(#1319,#1320,#1321,#1322,#1323));
#1317=IFCOWNERHISTORY(#3,#4,.READWRITE.,.ADDED.,1774189819,#3,#4,1774189819);
#1318=IFCRELDEFINESBYPROPERTIES('0oqt1ubi52HBU2cRAgmnpz',#1317,$,$,(#1298),#1316);
#1319=IFCPROPERTYSINGLEVALUE('PV_Mont',$,IFCLABEL('PI_65'),$);
#1320=IFCPROPERTYSINGLEVALUE('PV_Jus',$,IFCLABEL('PI_67'),$);
#1321=IFCPROPERTYSINGLEVALUE('DN',$,IFCREAL(300.),$);
#1322=IFCPROPERTYSINGLEVALUE('Mat',$,IFCLABEL('PVC'),$);
#1323=IFCPROPERTYSINGLEVALUE('Ext_m',$,IFCREAL(24.51),$);
#1324=IFCOWNERHISTORY(#3,#4,.READWRITE.,.ADDED.,1774189819,#3,#4,1774189819);
#1325=IFCPROPERTYSET('2CcxYMJgj5G9epGdeqnQs9',#1324,'Custo5D',$,(#1328,#1329,#1330,#1331,#1332));
#1326=IFCOWNERHISTORY(#3,#4,.READWRITE.,.ADDED.,1774189819,#3,#4,1774189819);
#1327=IFCRELDEFINESBYPROPERTIES('2q$H4EY5v4PfniGSzWO57c',#1326,$,$,(#1298),#1325);
#1328=IFCPROPERTYSINGLEVALUE('Tubo_RS',$,IFCREAL(2192.42),$);
#1329=IFCPROPERTYSINGLEVALUE('Esc_RS',$,IFCREAL(362.),$);
#1330=IFCPROPERTYSINGLEVALUE('Reat_RS',$,IFCREAL(217.06),$);
#1331=IFCPROPERTYSINGLEVALUE('Pav_RS',$,IFCREAL(1678.44),$);
#1332=IFCPROPERTYSINGLEVALUE('Total_RS',$,IFCREAL(4449.93),$);
#1333=IFCOWNERHISTORY(#3,#4,.READWRITE.,.MODIFIED.,1774189819,#3,#4,1774189819);
#1334=IFCFLOWSEGMENT('28q_KToOfB18lX0oE83jR_',#1333,'T037_PI_70_PI_72',$,$,#1350,#1345,$);
#1340=IFCCARTESIANPOINT((0.,0.,0.));
#1341=IFCCARTESIANPOINT((-19.1656697528088,-11.142052995041,-11.786));
#1342=IFCPOLYLINE((#1340,#1341));
#1343=IFCSWEPTDISKSOLID(#1342,0.1,0.09,$,$);
#1344=IFCSHAPEREPRESENTATION(#16,'Body','SweptSolid',(#1343));
#1345=IFCPRODUCTDEFINITIONSHAPE($,$,(#1344));
#1346=IFCCARTESIANPOINT((555.988695431908,434.892788267694,23.872));
#1347=IFCDIRECTION((0.,0.,1.));
#1348=IFCDIRECTION((1.,0.,0.));
#1349=IFCAXIS2PLACEMENT3D(#1346,#1347,#1348);
#1350=IFCLOCALPLACEMENT($,#1349);
#1351=IFCOWNERHISTORY(#3,#4,.READWRITE.,.ADDED.,1774189819,#3,#4,1774189819);
#1352=IFCPROPERTYSET('0euKZP7VX0COzmm2SbvTb0',#1351,'Dados',$,(#1355,#1356,#1357,#1358,#1359));
#1353=IFCOWNERHISTORY(#3,#4,.READWRITE.,.ADDED.,1774189819,#3,#4,1774189819);
#1354=IFCRELDEFINESBYPROPERTIES('3wn4Qc8_993P8WbpDmGZ1_',#1353,$,$,(#1334),#1352);
#1355=IFCPROPERTYSINGLEVALUE('PV_Mont',$,IFCLABEL('PI_70'),$);
#1356=IFCPROPERTYSINGLEVALUE('PV_Jus',$,IFCLABEL('PI_72'),$);
#1357=IFCPROPERTYSINGLEVALUE('DN',$,IFCREAL(200.),$);
#1358=IFCPROPERTYSINGLEVALUE('Mat',$,IFCLABEL('PVC'),$);
#1359=IFCPROPERTYSINGLEVALUE('Ext_m',$,IFCREAL(22.17),$);
#1360=IFCOWNERHISTORY(#3,#4,.READWRITE.,.ADDED.,1774189819,#3,#4,1774189819);
#1361=IFCPROPERTYSET('01glSwJFTECw4PmyqbazH5',#1360,'Custo5D',$,(#1364,#1365,#1366,#1367,#1368));
#1362=IFCOWNERHISTORY(#3,#4,.READWRITE.,.ADDED.,1774189819,#3,#4,1774189819);
#1363=IFCRELDEFINESBYPROPERTIES('0wjymawXLFehLsorBetEqH',#1362,$,$,(#1334),#1361);
#1364=IFCPROPERTYSINGLEVALUE('Tubo_RS',$,IFCREAL(1044.65),$);
#1365=IFCPROPERTYSINGLEVALUE('Esc_RS',$,IFCREAL(327.44),$);
#1366=IFCPROPERTYSINGLEVALUE('Reat_RS',$,IFCREAL(196.34),$);
#1367=IFCPROPERTYSINGLEVALUE('Pav_RS',$,IFCREAL(1518.2),$);
#1368=IFCPROPERTYSINGLEVALUE('Total_RS',$,IFCREAL(3086.63),$);
#1369=IFCOWNERHISTORY(#3,#4,.READWRITE.,.MODIFIED.,1774189819,#3,#4,1774189819);
#1370=IFCFLOWSEGMENT('0M3ZcF9tT1IPgGswC$7JjX',#1369,'T038_PI_74_PI_85',$,$,#1386,#1381,$);
#1376=IFCCARTESIANPOINT((0.,0.,0.));
#1377=IFCCARTESIANPOINT((-11.898204879195,-5.91111058369279,3.435));
#1378=IFCPOLYLINE((#1376,#1377));
#1379=IFCSWEPTDISKSOLID(#1378,0.1,0.09,$,$);
#1380=IFCSHAPEREPRESENTATION(#16,'Body','SweptSolid',(#1379));
#1381=IFCPRODUCTDEFINITIONSHAPE($,$,(#1380));
#1382=IFCCARTESIANPOINT((534.688823832606,422.663097297773,4.702));
#1383=IFCDIRECTION((0.,0.,1.));
#1384=IFCDIRECTION((1.,0.,0.));
#1385=IFCAXIS2PLACEMENT3D(#1382,#1383,#1384);
#1386=IFCLOCALPLACEMENT($,#1385);
#1387=IFCOWNERHISTORY(#3,#4,.READWRITE.,.ADDED.,1774189819,#3,#4,1774189819);
#1388=IFCPROPERTYSET('3L7VqgOHP1xA_4CwBVbWsj',#1387,'Dados',$,(#1391,#1392,#1393,#1394,#1395));
#1389=IFCOWNERHISTORY(#3,#4,.READWRITE.,.ADDED.,1774189819,#3,#4,1774189819);
#1390=IFCRELDEFINESBYPROPERTIES('1D6yMmDKD88PhbP2$uzt9q',#1389,$,$,(#1370),#1388);
#1391=IFCPROPERTYSINGLEVALUE('PV_Mont',$,IFCLABEL('PI_74'),$);
#1392=IFCPROPERTYSINGLEVALUE('PV_Jus',$,IFCLABEL('PI_85'),$);
#1393=IFCPROPERTYSINGLEVALUE('DN',$,IFCREAL(200.),$);
#1394=IFCPROPERTYSINGLEVALUE('Mat',$,IFCLABEL('PVC'),$);
#1395=IFCPROPERTYSINGLEVALUE('Ext_m',$,IFCREAL(12.64),$);
#1396=IFCOWNERHISTORY(#3,#4,.READWRITE.,.ADDED.,1774189819,#3,#4,1774189819);
#1397=IFCPROPERTYSET('365F5OlqHC18NU0V05FYr1',#1396,'Custo5D',$,(#1400,#1401,#1402,#1403,#1404));
#1398=IFCOWNERHISTORY(#3,#4,.READWRITE.,.ADDED.,1774189819,#3,#4,1774189819);
#1399=IFCRELDEFINESBYPROPERTIES('2JICIDHd55YBjVRi532dSW',#1398,$,$,(#1370),#1397);
#1400=IFCPROPERTYSINGLEVALUE('Tubo_RS',$,IFCREAL(595.6),$);
#1401=IFCPROPERTYSINGLEVALUE('Esc_RS',$,IFCREAL(248.92),$);
#1402=IFCPROPERTYSINGLEVALUE('Reat_RS',$,IFCREAL(149.25),$);
#1403=IFCPROPERTYSINGLEVALUE('Pav_RS',$,IFCREAL(865.59),$);
#1404=IFCPROPERTYSINGLEVALUE('Total_RS',$,IFCREAL(1859.35),$);
#1405=IFCOWNERHISTORY(#3,#4,.READWRITE.,.MODIFIED.,1774189819,#3,#4,1774189819);
#1406=IFCFLOWSEGMENT('26ZNXwbXHB9AVzbaFX70se',#1405,'T039_PI_85_N_003',$,$,#1422,#1417,$);
#1412=IFCCARTESIANPOINT((0.,0.,0.));
#1413=IFCCARTESIANPOINT((4.6448405344272,-14.1041383249685,-9.637));
#1414=IFCPOLYLINE((#1412,#1413));
#1415=IFCSWEPTDISKSOLID(#1414,0.1,0.09,$,$);
#1416=IFCSHAPEREPRESENTATION(#16,'Body','SweptSolid',(#1415));
#1417=IFCPRODUCTDEFINITIONSHAPE($,$,(#1416));
#1418=IFCCARTESIANPOINT((522.790618953411,416.75198671408,8.137));
#1419=IFCDIRECTION((0.,0.,1.));
#1420=IFCDIRECTION((1.,0.,0.));
#1421=IFCAXIS2PLACEMENT3D(#1418,#1419,#1420);
#1422=IFCLOCALPLACEMENT($,#1421);
#1423=IFCOWNERHISTORY(#3,#4,.READWRITE.,.ADDED.,1774189819,#3,#4,1774189819);
#1424=IFCPROPERTYSET('2OF81mamvDPA2v5TetEknm',#1423,'Dados',$,(#1427,#1428,#1429,#1430,#1431));
#1425=IFCOWNERHISTORY(#3,#4,.READWRITE.,.ADDED.,1774189819,#3,#4,1774189819);
#1426=IFCRELDEFINESBYPROPERTIES('2Ahk6o_bD9ZR44Mz4KKDrz',#1425,$,$,(#1406),#1424);
#1427=IFCPROPERTYSINGLEVALUE('PV_Mont',$,IFCLABEL('PI_85'),$);
#1428=IFCPROPERTYSINGLEVALUE('PV_Jus',$,IFCLABEL('N_003'),$);
#1429=IFCPROPERTYSINGLEVALUE('DN',$,IFCREAL(200.),$);
#1430=IFCPROPERTYSINGLEVALUE('Mat',$,IFCLABEL('PVC'),$);
#1431=IFCPROPERTYSINGLEVALUE('Ext_m',$,IFCREAL(13.34),$);
#1432=IFCOWNERHISTORY(#3,#4,.READWRITE.,.ADDED.,1774189819,#3,#4,1774189819);
#1433=IFCPROPERTYSET('3BNWjZE_z7pvzXusBdtMLt',#1432,'Custo5D',$,(#1436,#1437,#1438,#1439,#1440));
#1434=IFCOWNERHISTORY(#3,#4,.READWRITE.,.ADDED.,1774189819,#3,#4,1774189819);
#1435=IFCRELDEFINESBYPROPERTIES('0I_78dyDn1XP2j4Ivp37nt',#1434,$,$,(#1406),#1433);
#1436=IFCPROPERTYSINGLEVALUE('Tubo_RS',$,IFCREAL(628.58),$);
#1437=IFCPROPERTYSINGLEVALUE('Esc_RS',$,IFCREAL(492.57),$);
#1438=IFCPROPERTYSINGLEVALUE('Reat_RS',$,IFCREAL(295.35),$);
#1439=IFCPROPERTYSINGLEVALUE('Pav_RS',$,IFCREAL(913.52),$);
#1440=IFCPROPERTYSINGLEVALUE('Total_RS',$,IFCREAL(2330.02),$);
#1441=IFCOWNERHISTORY(#3,#4,.READWRITE.,.MODIFIED.,1774189819,#3,#4,1774189819);
#1442=IFCFLOWSEGMENT('0crue6ZKrFVxgFQbJxFmej',#1441,'T040_N_003_PI_75',$,$,#1458,#1453,$);
#1448=IFCCARTESIANPOINT((0.,0.,0.));
#1449=IFCCARTESIANPOINT((-21.3968907202943,-13.8220632728189,4.762));
#1450=IFCPOLYLINE((#1448,#1449));
#1451=IFCSWEPTDISKSOLID(#1450,0.1,0.09,$,$);
#1452=IFCSHAPEREPRESENTATION(#16,'Body','SweptSolid',(#1451));
#1453=IFCPRODUCTDEFINITIONSHAPE($,$,(#1452));
#1454=IFCCARTESIANPOINT((527.435459487839,402.647848389111,-1.5));
#1455=IFCDIRECTION((0.,0.,1.));
#1456=IFCDIRECTION((1.,0.,0.));
#1457=IFCAXIS2PLACEMENT3D(#1454,#1455,#1456);
#1458=IFCLOCALPLACEMENT($,#1457);
#1459=IFCOWNERHISTORY(#3,#4,.READWRITE.,.ADDED.,1774189819,#3,#4,1774189819);
#1460=IFCPROPERTYSET('33UF3q3cX1chAl4iktEW08',#1459,'Dados',$,(#1463,#1464,#1465,#1466,#1467));
#1461=IFCOWNERHISTORY(#3,#4,.READWRITE.,.ADDED.,1774189819,#3,#4,1774189819);
#1462=IFCRELDEFINESBYPROPERTIES('2akyqdXxjAuxLE4jyVCpmZ',#1461,$,$,(#1442),#1460);
#1463=IFCPROPERTYSINGLEVALUE('PV_Mont',$,IFCLABEL('N_003'),$);
#1464=IFCPROPERTYSINGLEVALUE('PV_Jus',$,IFCLABEL('PI_75'),$);
#1465=IFCPROPERTYSINGLEVALUE('DN',$,IFCREAL(200.),$);
#1466=IFCPROPERTYSINGLEVALUE('Mat',$,IFCLABEL('PVC'),$);
#1467=IFCPROPERTYSINGLEVALUE('Ext_m',$,IFCREAL(23.49),$);
#1468=IFCOWNERHISTORY(#3,#4,.READWRITE.,.ADDED.,1774189819,#3,#4,1774189819);
#1469=IFCPROPERTYSET('3nfObKEd9B282CGHTbsaYG',#1468,'Custo5D',$,(#1472,#1473,#1474,#1475,#1476));
#1470=IFCOWNERHISTORY(#3,#4,.READWRITE.,.ADDED.,1774189819,#3,#4,1774189819);
#1471=IFCRELDEFINESBYPROPERTIES('2V_atLUKv7o9cKL0aye9_T',#1470,$,$,(#1442),#1469);
#1472=IFCPROPERTYSINGLEVALUE('Tubo_RS',$,IFCREAL(1106.85),$);
#1473=IFCPROPERTYSINGLEVALUE('Esc_RS',$,IFCREAL(867.34),$);
#1474=IFCPROPERTYSINGLEVALUE('Reat_RS',$,IFCREAL(520.07),$);
#1475=IFCPROPERTYSINGLEVALUE('Pav_RS',$,IFCREAL(1608.6),$);
#1476=IFCPROPERTYSINGLEVALUE('Total_RS',$,IFCREAL(4102.86),$);
#1477=IFCOWNERHISTORY(#3,#4,.READWRITE.,.MODIFIED.,1774189819,#3,#4,1774189819);
#1478=IFCFLOWSEGMENT('11pHcX3IT6r9qFm8NHXs4H',#1477,'T041_PI_75_PI_76',$,$,#1494,#1489,$);
#1484=IFCCARTESIANPOINT((0.,0.,0.));
#1485=IFCCARTESIANPOINT((1.68314881675178,-7.58906540647149,-0.175));
#1486=IFCPOLYLINE((#1484,#1485));
#1487=IFCSWEPTDISKSOLID(#1486,0.1,0.09,$,$);
#1488=IFCSHAPEREPRESENTATION(#16,'Body','SweptSolid',(#1487));
#1489=IFCPRODUCTDEFINITIONSHAPE($,$,(#1488));
#1490=IFCCARTESIANPOINT((506.038568767544,388.825785116293,3.262));
#1491=IFCDIRECTION((0.,0.,1.));
#1492=IFCDIRECTION((1.,0.,0.));
#1493=IFCAXIS2PLACEMENT3D(#1490,#1491,#1492);
#1494=IFCLOCALPLACEMENT($,#1493);
#1495=IFCOWNERHISTORY(#3,#4,.READWRITE.,.ADDED.,1774189819,#3,#4,1774189819);
#1496=IFCPROPERTYSET('0IGOjJ2Z1CZ8ls4tL9VdRd',#1495,'Dados',$,(#1499,#1500,#1501,#1502,#1503));
#1497=IFCOWNERHISTORY(#3,#4,.READWRITE.,.ADDED.,1774189819,#3,#4,1774189819);
#1498=IFCRELDEFINESBYPROPERTIES('2TFsjo3RT5QRWTWvN8ITtp',#1497,$,$,(#1478),#1496);
#1499=IFCPROPERTYSINGLEVALUE('PV_Mont',$,IFCLABEL('PI_75'),$);
#1500=IFCPROPERTYSINGLEVALUE('PV_Jus',$,IFCLABEL('PI_76'),$);
#1501=IFCPROPERTYSINGLEVALUE('DN',$,IFCREAL(200.),$);
#1502=IFCPROPERTYSINGLEVALUE('Mat',$,IFCLABEL('PVC'),$);
#1503=IFCPROPERTYSINGLEVALUE('Ext_m',$,IFCREAL(6.28),$);
#1504=IFCOWNERHISTORY(#3,#4,.READWRITE.,.ADDED.,1774189819,#3,#4,1774189819);
#1505=IFCPROPERTYSET('1tF_eq5x55N9O5GpZ5WRjH',#1504,'Custo5D',$,(#1508,#1509,#1510,#1511,#1512));
#1506=IFCOWNERHISTORY(#3,#4,.READWRITE.,.ADDED.,1774189819,#3,#4,1774189819);
#1507=IFCRELDEFINESBYPROPERTIES('1JX95xIaD8YATNAas9mucW',#1506,$,$,(#1478),#1505);
#1508=IFCPROPERTYSINGLEVALUE('Tubo_RS',$,IFCREAL(295.91),$);
#1509=IFCPROPERTYSINGLEVALUE('Esc_RS',$,IFCREAL(92.75),$);
#1510=IFCPROPERTYSINGLEVALUE('Reat_RS',$,IFCREAL(55.62),$);
#1511=IFCPROPERTYSINGLEVALUE('Pav_RS',$,IFCREAL(430.05),$);
#1512=IFCPROPERTYSINGLEVALUE('Total_RS',$,IFCREAL(874.34),$);
#1513=IFCOWNERHISTORY(#3,#4,.READWRITE.,.MODIFIED.,1774189819,#3,#4,1774189819);
#1514=IFCFLOWSEGMENT('2zW_zgudf62e$tmvXCrrTz',#1513,'T042_PI_76_PI_77',$,$,#1530,#1525,$);
#1520=IFCCARTESIANPOINT((0.,0.,0.));
#1521=IFCCARTESIANPOINT((-4.60018184303772,-4.12955680582672,-0.283));
#1522=IFCPOLYLINE((#1520,#1521));
#1523=IFCSWEPTDISKSOLID(#1522,0.1,0.09,$,$);
#1524=IFCSHAPEREPRESENTATION(#16,'Body','SweptSolid',(#1523));
#1525=IFCPRODUCTDEFINITIONSHAPE($,$,(#1524));
#1526=IFCCARTESIANPOINT((507.721717584296,381.236719709821,3.087));
#1527=IFCDIRECTION((0.,0.,1.));
#1528=IFCDIRECTION((1.,0.,0.));
#1529=IFCAXIS2PLACEMENT3D(#1526,#1527,#1528);
#1530=IFCLOCALPLACEMENT($,#1529);
#1531=IFCOWNERHISTORY(#3,#4,.READWRITE.,.ADDED.,1774189819,#3,#4,1774189819);
#1532=IFCPROPERTYSET('0IZj21w9X9VhNnuWVb3IGm',#1531,'Dados',$,(#1535,#1536,#1537,#1538,#1539));
#1533=IFCOWNERHISTORY(#3,#4,.READWRITE.,.ADDED.,1774189819,#3,#4,1774189819);
#1534=IFCRELDEFINESBYPROPERTIES('3qZHWAIJf8pf9ayKBRcj$5',#1533,$,$,(#1514),#1532);
#1535=IFCPROPERTYSINGLEVALUE('PV_Mont',$,IFCLABEL('PI_76'),$);
#1536=IFCPROPERTYSINGLEVALUE('PV_Jus',$,IFCLABEL('PI_77'),$);
#1537=IFCPROPERTYSINGLEVALUE('DN',$,IFCREAL(200.),$);
#1538=IFCPROPERTYSINGLEVALUE('Mat',$,IFCLABEL('PVC'),$);
#1539=IFCPROPERTYSINGLEVALUE('Ext_m',$,IFCREAL(4.69),$);
#1540=IFCOWNERHISTORY(#3,#4,.READWRITE.,.ADDED.,1774189819,#3,#4,1774189819);
#1541=IFCPROPERTYSET('2CVgZOqyH2KPB6UjtXdtXh',#1540,'Custo5D',$,(#1544,#1545,#1546,#1547,#1548));
#1542=IFCOWNERHISTORY(#3,#4,.READWRITE.,.ADDED.,1774189819,#3,#4,1774189819);
#1543=IFCRELDEFINESBYPROPERTIES('3n7WS1Wun9RPiZG9QTV3sG',#1542,$,$,(#1514),#1541);
#1544=IFCPROPERTYSINGLEVALUE('Tubo_RS',$,IFCREAL(220.99),$);
#1545=IFCPROPERTYSINGLEVALUE('Esc_RS',$,IFCREAL(69.27),$);
#1546=IFCPROPERTYSINGLEVALUE('Reat_RS',$,IFCREAL(41.53),$);
#1547=IFCPROPERTYSINGLEVALUE('Pav_RS',$,IFCREAL(321.17),$);
#1548=IFCPROPERTYSINGLEVALUE('Total_RS',$,IFCREAL(652.97),$);
#1549=IFCOWNERHISTORY(#3,#4,.READWRITE.,.MODIFIED.,1774189819,#3,#4,1774189819);
#1550=IFCFLOWSEGMENT('2gT27O6bz4rBTVKQl9rOci',#1549,'T043_PI_77_PI_78',$,$,#1566,#1561,$);
#1556=IFCCARTESIANPOINT((0.,0.,0.));
#1557=IFCCARTESIANPOINT((5.16713081923081,-13.1623347308487,-0.0759999999999996));
#1558=IFCPOLYLINE((#1556,#1557));
#1559=IFCSWEPTDISKSOLID(#1558,0.1,0.09,$,$);
#1560=IFCSHAPEREPRESENTATION(#16,'Body','SweptSolid',(#1559));
#1561=IFCPRODUCTDEFINITIONSHAPE($,$,(#1560));
#1562=IFCCARTESIANPOINT((503.121535741258,377.107162903994,2.804));
#1563=IFCDIRECTION((0.,0.,1.));
#1564=IFCDIRECTION((1.,0.,0.));
#1565=IFCAXIS2PLACEMENT3D(#1562,#1563,#1564);
#1566=IFCLOCALPLACEMENT($,#1565);
#1567=IFCOWNERHISTORY(#3,#4,.READWRITE.,.ADDED.,1774189819,#3,#4,1774189819);
#1568=IFCPROPERTYSET('3_tinNAfb0Vg9xa1B6RxFt',#1567,'Dados',$,(#1571,#1572,#1573,#1574,#1575));
#1569=IFCOWNERHISTORY(#3,#4,.READWRITE.,.ADDED.,1774189819,#3,#4,1774189819);
#1570=IFCRELDEFINESBYPROPERTIES('13yd38kFD8Pehrv4xj883b',#1569,$,$,(#1550),#1568);
#1571=IFCPROPERTYSINGLEVALUE('PV_Mont',$,IFCLABEL('PI_77'),$);
#1572=IFCPROPERTYSINGLEVALUE('PV_Jus',$,IFCLABEL('PI_78'),$);
#1573=IFCPROPERTYSINGLEVALUE('DN',$,IFCREAL(200.),$);
#1574=IFCPROPERTYSINGLEVALUE('Mat',$,IFCLABEL('PVC'),$);
#1575=IFCPROPERTYSINGLEVALUE('Ext_m',$,IFCREAL(12.66),$);
#1576=IFCOWNERHISTORY(#3,#4,.READWRITE.,.ADDED.,1774189819,#3,#4,1774189819);
#1577=IFCPROPERTYSET('0cFmyRk$PAMhZQRxPTz5cW',#1576,'Custo5D',$,(#1580,#1581,#1582,#1583,#1584));
#1578=IFCOWNERHISTORY(#3,#4,.READWRITE.,.ADDED.,1774189819,#3,#4,1774189819);
#1579=IFCRELDEFINESBYPROPERTIES('2oDKMVTQX5w8QDeFe1SQQB',#1578,$,$,(#1550),#1577);
#1580=IFCPROPERTYSINGLEVALUE('Tubo_RS',$,IFCREAL(596.54),$);
#1581=IFCPROPERTYSINGLEVALUE('Esc_RS',$,IFCREAL(194.93),$);
#1582=IFCPROPERTYSINGLEVALUE('Reat_RS',$,IFCREAL(116.88),$);
#1583=IFCPROPERTYSINGLEVALUE('Pav_RS',$,IFCREAL(866.96),$);
#1584=IFCPROPERTYSINGLEVALUE('Total_RS',$,IFCREAL(1775.31),$);
#1585=IFCOWNERHISTORY(#3,#4,.READWRITE.,.MODIFIED.,1774189819,#3,#4,1774189819);
#1586=IFCFLOWSEGMENT('3vZKvgWwX74BqPPyFy4aHm',#1585,'T044_PI_00_PI_78',$,$,#1602,#1597,$);
#1592=IFCCARTESIANPOINT((0.,0.,0.));
#1593=IFCCARTESIANPOINT((16.710209287703,5.54907526355237,0.458));
#1594=IFCPOLYLINE((#1592,#1593));
#1595=IFCSWEPTDISKSOLID(#1594,0.15,0.135,$,$);
#1596=IFCSHAPEREPRESENTATION(#16,'Body','SweptSolid',(#1595));
#1597=IFCPRODUCTDEFINITIONSHAPE($,$,(#1596));
#1598=IFCCARTESIANPOINT((491.578457272786,358.395752909593,2.27));
#1599=IFCDIRECTION((0.,0.,1.));
#1600=IFCDIRECTION((1.,0.,0.));
#1601=IFCAXIS2PLACEMENT3D(#1598,#1599,#1600);
#1602=IFCLOCALPLACEMENT($,#1601);
#1603=IFCOWNERHISTORY(#3,#4,.READWRITE.,.ADDED.,1774189819,#3,#4,1774189819);
#1604=IFCPROPERTYSET('0riLWt4tH4BufZuWqVBvlg',#1603,'Dados',$,(#1607,#1608,#1609,#1610,#1611));
#1605=IFCOWNERHISTORY(#3,#4,.READWRITE.,.ADDED.,1774189819,#3,#4,1774189819);
#1606=IFCRELDEFINESBYPROPERTIES('1$ZZ8oHv9Ea9mCt0jyyPM3',#1605,$,$,(#1586),#1604);
#1607=IFCPROPERTYSINGLEVALUE('PV_Mont',$,IFCLABEL('PI_00'),$);
#1608=IFCPROPERTYSINGLEVALUE('PV_Jus',$,IFCLABEL('PI_78'),$);
#1609=IFCPROPERTYSINGLEVALUE('DN',$,IFCREAL(300.),$);
#1610=IFCPROPERTYSINGLEVALUE('Mat',$,IFCLABEL('PVC'),$);
#1611=IFCPROPERTYSINGLEVALUE('Ext_m',$,IFCREAL(15.35),$);
#1612=IFCOWNERHISTORY(#3,#4,.READWRITE.,.ADDED.,1774189819,#3,#4,1774189819);
#1613=IFCPROPERTYSET('1OhYAqihf6W9K9W7aLRZcx',#1612,'Custo5D',$,(#1616,#1617,#1618,#1619,#1620));
#1614=IFCOWNERHISTORY(#3,#4,.READWRITE.,.ADDED.,1774189819,#3,#4,1774189819);
#1615=IFCRELDEFINESBYPROPERTIES('3V05PrCzP9W97FNwDoFvvJ',#1614,$,$,(#1586),#1613);
#1616=IFCPROPERTYSINGLEVALUE('Tubo_RS',$,IFCREAL(1373.06),$);
#1617=IFCPROPERTYSINGLEVALUE('Esc_RS',$,IFCREAL(236.35),$);
#1618=IFCPROPERTYSINGLEVALUE('Reat_RS',$,IFCREAL(141.72),$);
#1619=IFCPROPERTYSINGLEVALUE('Pav_RS',$,IFCREAL(1051.17),$);
#1620=IFCPROPERTYSINGLEVALUE('Total_RS',$,IFCREAL(2802.29),$);
#1621=IFCOWNERHISTORY(#3,#4,.READWRITE.,.MODIFIED.,1774189819,#3,#4,1774189819);
#1622=IFCFLOWSEGMENT('08x0N9oFv8aPFt7g6DLcWQ',#1621,'T045_N_005_PI_67',$,$,#1638,#1633,$);
#1628=IFCCARTESIANPOINT((0.,0.,0.));
#1629=IFCCARTESIANPOINT((6.61528719647322,-5.93922943249345,35.157));
#1630=IFCPOLYLINE((#1628,#1629));
#1631=IFCSWEPTDISKSOLID(#1630,0.1,0.09,$,$);
#1632=IFCSHAPEREPRESENTATION(#16,'Body','SweptSolid',(#1631));
#1633=IFCPRODUCTDEFINITIONSHAPE($,$,(#1632));
#1634=IFCCARTESIANPOINT((581.642958968238,475.402569819242,-1.5));
#1635=IFCDIRECTION((0.,0.,1.));
#1636=IFCDIRECTION((1.,0.,0.));
#1637=IFCAXIS2PLACEMENT3D(#1634,#1635,#1636);
#1638=IFCLOCALPLACEMENT($,#1637);
#1639=IFCOWNERHISTORY(#3,#4,.READWRITE.,.ADDED.,1774189819,#3,#4,1774189819);
#1640=IFCPROPERTYSET('2a1OD9Qqb5vfZwp949oeNu',#1639,'Dados',$,(#1643,#1644,#1645,#1646,#1647));
#1641=IFCOWNERHISTORY(#3,#4,.READWRITE.,.ADDED.,1774189819,#3,#4,1774189819);
#1642=IFCRELDEFINESBYPROPERTIES('3PXYFWk0L8B8EICE5tW2p7',#1641,$,$,(#1622),#1640);
#1643=IFCPROPERTYSINGLEVALUE('PV_Mont',$,IFCLABEL('N_005'),$);
#1644=IFCPROPERTYSINGLEVALUE('PV_Jus',$,IFCLABEL('PI_67'),$);
#1645=IFCPROPERTYSINGLEVALUE('DN',$,IFCREAL(200.),$);
#1646=IFCPROPERTYSINGLEVALUE('Mat',$,IFCLABEL('PVC'),$);
#1647=IFCPROPERTYSINGLEVALUE('Ext_m',$,IFCREAL(7.13),$);
#1648=IFCOWNERHISTORY(#3,#4,.READWRITE.,.ADDED.,1774189819,#3,#4,1774189819);
#1649=IFCPROPERTYSET('3eRpmXy2H9HA3w6Y9720Qj',#1648,'Custo5D',$,(#1652,#1653,#1654,#1655,#1656));
#1650=IFCOWNERHISTORY(#3,#4,.READWRITE.,.ADDED.,1774189819,#3,#4,1774189819);
#1651=IFCRELDEFINESBYPROPERTIES('2V_nJ$WfjDixVsZkqqmYkw',#1650,$,$,(#1622),#1649);
#1652=IFCPROPERTYSINGLEVALUE('Tubo_RS',$,IFCREAL(335.97),$);
#1653=IFCPROPERTYSINGLEVALUE('Esc_RS',$,IFCREAL(263.27),$);
#1654=IFCPROPERTYSINGLEVALUE('Reat_RS',$,IFCREAL(157.86),$);
#1655=IFCPROPERTYSINGLEVALUE('Pav_RS',$,IFCREAL(488.26),$);
#1656=IFCPROPERTYSINGLEVALUE('Total_RS',$,IFCREAL(1245.35),$);
#1657=IFCOWNERHISTORY(#3,#4,.READWRITE.,.MODIFIED.,1774189819,#3,#4,1774189819);
#1658=IFCFLOWSEGMENT('30$sWBAEX1Quylr0ovVkiR',#1657,'T046_N_001_PI_02',$,$,#1674,#1669,$);
#1664=IFCCARTESIANPOINT((0.,0.,0.));
#1665=IFCCARTESIANPOINT((6.78893242345657,-4.48004673514515,12.195));
#1666=IFCPOLYLINE((#1664,#1665));
#1667=IFCSWEPTDISKSOLID(#1666,0.1,0.09,$,$);
#1668=IFCSHAPEREPRESENTATION(#16,'Body','SweptSolid',(#1667));
#1669=IFCPRODUCTDEFINITIONSHAPE($,$,(#1668));
#1670=IFCCARTESIANPOINT((460.573224585794,514.595748437569,-1.5));
#1671=IFCDIRECTION((0.,0.,1.));
#1672=IFCDIRECTION((1.,0.,0.));
#1673=IFCAXIS2PLACEMENT3D(#1670,#1671,#1672);
#1674=IFCLOCALPLACEMENT($,#1673);
#1675=IFCOWNERHISTORY(#3,#4,.READWRITE.,.ADDED.,1774189819,#3,#4,1774189819);
#1676=IFCPROPERTYSET('0C7v1syOj0heVM6sMLjKhg',#1675,'Dados',$,(#1679,#1680,#1681,#1682,#1683));
#1677=IFCOWNERHISTORY(#3,#4,.READWRITE.,.ADDED.,1774189819,#3,#4,1774189819);
#1678=IFCRELDEFINESBYPROPERTIES('3yCMn$1cn98gzuoeRPL1LN',#1677,$,$,(#1658),#1676);
#1679=IFCPROPERTYSINGLEVALUE('PV_Mont',$,IFCLABEL('N_001'),$);
#1680=IFCPROPERTYSINGLEVALUE('PV_Jus',$,IFCLABEL('PI_02'),$);
#1681=IFCPROPERTYSINGLEVALUE('DN',$,IFCREAL(200.),$);
#1682=IFCPROPERTYSINGLEVALUE('Mat',$,IFCLABEL('PVC'),$);
#1683=IFCPROPERTYSINGLEVALUE('Ext_m',$,IFCREAL(7.94),$);
#1684=IFCOWNERHISTORY(#3,#4,.READWRITE.,.ADDED.,1774189819,#3,#4,1774189819);
#1685=IFCPROPERTYSET('3scU4SB5n4xRpFu$COMtFM',#1684,'Custo5D',$,(#1688,#1689,#1690,#1691,#1692));
#1686=IFCOWNERHISTORY(#3,#4,.READWRITE.,.ADDED.,1774189819,#3,#4,1774189819);
#1687=IFCRELDEFINESBYPROPERTIES('38iICe0cH8XfamqSBCj2r1',#1686,$,$,(#1658),#1685);
#1688=IFCPROPERTYSINGLEVALUE('Tubo_RS',$,IFCREAL(374.13),$);
#1689=IFCPROPERTYSINGLEVALUE('Esc_RS',$,IFCREAL(293.18),$);
#1690=IFCPROPERTYSINGLEVALUE('Reat_RS',$,IFCREAL(175.79),$);
#1691=IFCPROPERTYSINGLEVALUE('Pav_RS',$,IFCREAL(543.73),$);
#1692=IFCPROPERTYSINGLEVALUE('Total_RS',$,IFCREAL(1386.83),$);
#1693=IFCOWNERHISTORY(#3,#4,.READWRITE.,.MODIFIED.,1774189819,#3,#4,1774189819);
#1694=IFCFLOWSEGMENT('3UCrgPgWzCducb5wQCXa7s',#1693,'T047_N_007_PI_80',$,$,#1710,#1705,$);
#1700=IFCCARTESIANPOINT((0.,0.,0.));
#1701=IFCCARTESIANPOINT((-3.33760831411928,-10.8085128236562,11.981));
#1702=IFCPOLYLINE((#1700,#1701));
#1703=IFCSWEPTDISKSOLID(#1702,0.1,0.09,$,$);
#1704=IFCSHAPEREPRESENTATION(#16,'Body','SweptSolid',(#1703));
#1705=IFCPRODUCTDEFINITIONSHAPE($,$,(#1704));
#1706=IFCCARTESIANPOINT((521.643361201626,472.857682910748,-1.5));
#1707=IFCDIRECTION((0.,0.,1.));
#1708=IFCDIRECTION((1.,0.,0.));
#1709=IFCAXIS2PLACEMENT3D(#1706,#1707,#1708);
#1710=IFCLOCALPLACEMENT($,#1709);
#1711=IFCOWNERHISTORY(#3,#4,.READWRITE.,.ADDED.,1774189819,#3,#4,1774189819);
#1712=IFCPROPERTYSET('2acf7lIYvDIASqc1HBFCFL',#1711,'Dados',$,(#1715,#1716,#1717,#1718,#1719));
#1713=IFCOWNERHISTORY(#3,#4,.READWRITE.,.ADDED.,1774189819,#3,#4,1774189819);
#1714=IFCRELDEFINESBYPROPERTIES('01ISttcQzAJvoBFs4sTU5p',#1713,$,$,(#1694),#1712);
#1715=IFCPROPERTYSINGLEVALUE('PV_Mont',$,IFCLABEL('N_007'),$);
#1716=IFCPROPERTYSINGLEVALUE('PV_Jus',$,IFCLABEL('PI_80'),$);
#1717=IFCPROPERTYSINGLEVALUE('DN',$,IFCREAL(200.),$);
#1718=IFCPROPERTYSINGLEVALUE('Mat',$,IFCLABEL('PVC'),$);
#1719=IFCPROPERTYSINGLEVALUE('Ext_m',$,IFCREAL(10.68),$);
#1720=IFCOWNERHISTORY(#3,#4,.READWRITE.,.ADDED.,1774189819,#3,#4,1774189819);
#1721=IFCPROPERTYSET('2J8AynW2jA$hJii96gwLYe',#1720,'Custo5D',$,(#1724,#1725,#1726,#1727,#1728));
#1722=IFCOWNERHISTORY(#3,#4,.READWRITE.,.ADDED.,1774189819,#3,#4,1774189819);
#1723=IFCRELDEFINESBYPROPERTIES('3I8mLCtC19rwR$xBP8u5NZ',#1722,$,$,(#1694),#1721);
#1724=IFCPROPERTYSINGLEVALUE('Tubo_RS',$,IFCREAL(503.24),$);
#1725=IFCPROPERTYSINGLEVALUE('Esc_RS',$,IFCREAL(394.35),$);
#1726=IFCPROPERTYSINGLEVALUE('Reat_RS',$,IFCREAL(236.46),$);
#1727=IFCPROPERTYSINGLEVALUE('Pav_RS',$,IFCREAL(731.37),$);
#1728=IFCPROPERTYSINGLEVALUE('Total_RS',$,IFCREAL(1865.41),$);
#1729=IFCOWNERHISTORY(#3,#4,.READWRITE.,.MODIFIED.,1774189819,#3,#4,1774189819);
#1730=IFCFLOWSEGMENT('1vzh7t3rT4MgrIIz4BXgRI',#1729,'T048_PI_81_PI_41',$,$,#1746,#1741,$);
#1736=IFCCARTESIANPOINT((0.,0.,0.));
#1737=IFCCARTESIANPOINT((-4.8511442685849,-2.70926402229816,4.897));
#1738=IFCPOLYLINE((#1736,#1737));
#1739=IFCSWEPTDISKSOLID(#1738,0.1,0.09,$,$);
#1740=IFCSHAPEREPRESENTATION(#16,'Body','SweptSolid',(#1739));
#1741=IFCPRODUCTDEFINITIONSHAPE($,$,(#1740));
#1742=IFCCARTESIANPOINT((516.844366868201,460.33831596002,8.161));
#1743=IFCDIRECTION((0.,0.,1.));
#1744=IFCDIRECTION((1.,0.,0.));
#1745=IFCAXIS2PLACEMENT3D(#1742,#1743,#1744);
#1746=IFCLOCALPLACEMENT($,#1745);
#1747=IFCOWNERHISTORY(#3,#4,.READWRITE.,.ADDED.,1774189819,#3,#4,1774189819);
#1748=IFCPROPERTYSET('16hK5lKS55CvYXAQQxMRKP',#1747,'Dados',$,(#1751,#1752,#1753,#1754,#1755));
#1749=IFCOWNERHISTORY(#3,#4,.READWRITE.,.ADDED.,1774189819,#3,#4,1774189819);
#1750=IFCRELDEFINESBYPROPERTIES('02rXz3s7525REyGqvM2fOj',#1749,$,$,(#1730),#1748);
#1751=IFCPROPERTYSINGLEVALUE('PV_Mont',$,IFCLABEL('PI_81'),$);
#1752=IFCPROPERTYSINGLEVALUE('PV_Jus',$,IFCLABEL('PI_41'),$);
#1753=IFCPROPERTYSINGLEVALUE('DN',$,IFCREAL(200.),$);
#1754=IFCPROPERTYSINGLEVALUE('Mat',$,IFCLABEL('PVC'),$);
#1755=IFCPROPERTYSINGLEVALUE('Ext_m',$,IFCREAL(5.56),$);
#1756=IFCOWNERHISTORY(#3,#4,.READWRITE.,.ADDED.,1774189819,#3,#4,1774189819);
#1757=IFCPROPERTYSET('1t7XkSvK5AXAq4l6k1wsfI',#1756,'Custo5D',$,(#1760,#1761,#1762,#1763,#1764));
#1758=IFCOWNERHISTORY(#3,#4,.READWRITE.,.ADDED.,1774189819,#3,#4,1774189819);
#1759=IFCRELDEFINESBYPROPERTIES('2NlueV7550ewcG$cA17nfW',#1758,$,$,(#1730),#1757);
#1760=IFCPROPERTYSINGLEVALUE('Tubo_RS',$,IFCREAL(261.99),$);
#1761=IFCPROPERTYSINGLEVALUE('Esc_RS',$,IFCREAL(82.12),$);
#1762=IFCPROPERTYSINGLEVALUE('Reat_RS',$,IFCREAL(49.24),$);
#1763=IFCPROPERTYSINGLEVALUE('Pav_RS',$,IFCREAL(380.75),$);
#1764=IFCPROPERTYSINGLEVALUE('Total_RS',$,IFCREAL(774.09),$);
#1765=IFCOWNERHISTORY(#3,#4,.READWRITE.,.MODIFIED.,1774189819,#3,#4,1774189819);
#1766=IFCFLOWSEGMENT('3CcPa00Tf61xXIv$k2flJB',#1765,'T049_PI_82_PI_83',$,$,#1782,#1777,$);
#1772=IFCCARTESIANPOINT((0.,0.,0.));
#1773=IFCCARTESIANPOINT((-15.9112350369105,-2.97340235114098,-0.619));
#1774=IFCPOLYLINE((#1772,#1773));
#1775=IFCSWEPTDISKSOLID(#1774,0.1,0.09,$,$);
#1776=IFCSHAPEREPRESENTATION(#16,'Body','SweptSolid',(#1775));
#1777=IFCPRODUCTDEFINITIONSHAPE($,$,(#1776));
#1778=IFCCARTESIANPOINT((495.619309531001,452.301883295178,3.673));
#1779=IFCDIRECTION((0.,0.,1.));
#1780=IFCDIRECTION((1.,0.,0.));
#1781=IFCAXIS2PLACEMENT3D(#1778,#1779,#1780);
#1782=IFCLOCALPLACEMENT($,#1781);
#1783=IFCOWNERHISTORY(#3,#4,.READWRITE.,.ADDED.,1774189819,#3,#4,1774189819);
#1784=IFCPROPERTYSET('0R1AH5vnXFOhWdRZf1r_lx',#1783,'Dados',$,(#1787,#1788,#1789,#1790,#1791));
#1785=IFCOWNERHISTORY(#3,#4,.READWRITE.,.ADDED.,1774189819,#3,#4,1774189819);
#1786=IFCRELDEFINESBYPROPERTIES('2Z3EoOuDLBq9cMFQPE$wOb',#1785,$,$,(#1766),#1784);
#1787=IFCPROPERTYSINGLEVALUE('PV_Mont',$,IFCLABEL('PI_82'),$);
#1788=IFCPROPERTYSINGLEVALUE('PV_Jus',$,IFCLABEL('PI_83'),$);
#1789=IFCPROPERTYSINGLEVALUE('DN',$,IFCREAL(200.),$);
#1790=IFCPROPERTYSINGLEVALUE('Mat',$,IFCLABEL('PVC'),$);
#1791=IFCPROPERTYSINGLEVALUE('Ext_m',$,IFCREAL(13.78),$);
#1792=IFCOWNERHISTORY(#3,#4,.READWRITE.,.ADDED.,1774189819,#3,#4,1774189819);
#1793=IFCPROPERTYSET('0O1TAS6Zj0PPATuhgAN7P$',#1792,'Custo5D',$,(#1796,#1797,#1798,#1799,#1800));
#1794=IFCOWNERHISTORY(#3,#4,.READWRITE.,.ADDED.,1774189819,#3,#4,1774189819);
#1795=IFCRELDEFINESBYPROPERTIES('0IS_qVCdT5axDjlJJRlVyG',#1794,$,$,(#1766),#1793);
#1796=IFCPROPERTYSINGLEVALUE('Tubo_RS',$,IFCREAL(649.31),$);
#1797=IFCPROPERTYSINGLEVALUE('Esc_RS',$,IFCREAL(203.53),$);
#1798=IFCPROPERTYSINGLEVALUE('Reat_RS',$,IFCREAL(122.04),$);
#1799=IFCPROPERTYSINGLEVALUE('Pav_RS',$,IFCREAL(943.65),$);
#1800=IFCPROPERTYSINGLEVALUE('Total_RS',$,IFCREAL(1918.53),$);
#1801=IFCOWNERHISTORY(#3,#4,.READWRITE.,.MODIFIED.,1774189819,#3,#4,1774189819);
#1802=IFCFLOWSEGMENT('1bM4J$aB94yRHb$z2nisf7',#1801,'T050_N_003_PI_87',$,$,#1818,#1813,$);
#1808=IFCCARTESIANPOINT((0.,0.,0.));
#1809=IFCCARTESIANPOINT((13.4963928692159,4.97062663640827,15.281));
#1810=IFCPOLYLINE((#1808,#1809));
#1811=IFCSWEPTDISKSOLID(#1810,0.1,0.09,$,$);
#1812=IFCSHAPEREPRESENTATION(#16,'Body','SweptSolid',(#1811));
#1813=IFCPRODUCTDEFINITIONSHAPE($,$,(#1812));
#1814=IFCCARTESIANPOINT((527.435459487839,402.647848389111,-1.5));
#1815=IFCDIRECTION((0.,0.,1.));
#1816=IFCDIRECTION((1.,0.,0.));
#1817=IFCAXIS2PLACEMENT3D(#1814,#1815,#1816);
#1818=IFCLOCALPLACEMENT($,#1817);
#1819=IFCOWNERHISTORY(#3,#4,.READWRITE.,.ADDED.,1774189819,#3,#4,1774189819);
#1820=IFCPROPERTYSET('04CkCFfpv3FvFzDlJpuxZ3',#1819,'Dados',$,(#1823,#1824,#1825,#1826,#1827));
#1821=IFCOWNERHISTORY(#3,#4,.READWRITE.,.ADDED.,1774189819,#3,#4,1774189819);
#1822=IFCRELDEFINESBYPROPERTIES('1Wb3aVfcfFRAzUgvEZECZ9',#1821,$,$,(#1802),#1820);
#1823=IFCPROPERTYSINGLEVALUE('PV_Mont',$,IFCLABEL('N_003'),$);
#1824=IFCPROPERTYSINGLEVALUE('PV_Jus',$,IFCLABEL('PI_87'),$);
#1825=IFCPROPERTYSINGLEVALUE('DN',$,IFCREAL(200.),$);
#1826=IFCPROPERTYSINGLEVALUE('Mat',$,IFCLABEL('PVC'),$);
#1827=IFCPROPERTYSINGLEVALUE('Ext_m',$,IFCREAL(13.19),$);
#1828=IFCOWNERHISTORY(#3,#4,.READWRITE.,.ADDED.,1774189819,#3,#4,1774189819);
#1829=IFCPROPERTYSET('0VVQnwHvPEjf$V9Ls80D99',#1828,'Custo5D',$,(#1832,#1833,#1834,#1835,#1836));
#1830=IFCOWNERHISTORY(#3,#4,.READWRITE.,.ADDED.,1774189819,#3,#4,1774189819);
#1831=IFCRELDEFINESBYPROPERTIES('2qb2PuJQrF6BlmhhTF$ySm',#1830,$,$,(#1802),#1829);
#1832=IFCPROPERTYSINGLEVALUE('Tubo_RS',$,IFCREAL(621.51),$);
#1833=IFCPROPERTYSINGLEVALUE('Esc_RS',$,IFCREAL(487.03),$);
#1834=IFCPROPERTYSINGLEVALUE('Reat_RS',$,IFCREAL(292.03),$);
#1835=IFCPROPERTYSINGLEVALUE('Pav_RS',$,IFCREAL(903.25),$);
#1836=IFCPROPERTYSINGLEVALUE('Total_RS',$,IFCREAL(2303.82),$);
#1837=IFCOWNERHISTORY(#3,#4,.READWRITE.,.MODIFIED.,1774189819,#3,#4,1774189819);
#1838=IFCFLOWSEGMENT('0ct4rRUaPA$AacIAw9_co1',#1837,'T051_PI_82_PI_92',$,$,#1854,#1849,$);
#1844=IFCCARTESIANPOINT((0.,0.,0.));
#1845=IFCCARTESIANPOINT((4.58470401220256,-23.961612932384,0.507));
#1846=IFCPOLYLINE((#1844,#1845));
#1847=IFCSWEPTDISKSOLID(#1846,0.1,0.09,$,$);
#1848=IFCSHAPEREPRESENTATION(#16,'Body','SweptSolid',(#1847));
#1849=IFCPRODUCTDEFINITIONSHAPE($,$,(#1848));
#1850=IFCCARTESIANPOINT((495.619309531001,452.301883295178,3.673));
#1851=IFCDIRECTION((0.,0.,1.));
#1852=IFCDIRECTION((1.,0.,0.));
#1853=IFCAXIS2PLACEMENT3D(#1850,#1851,#1852);
#1854=IFCLOCALPLACEMENT($,#1853);
#1855=IFCOWNERHISTORY(#3,#4,.READWRITE.,.ADDED.,1774189819,#3,#4,1774189819);
#1856=IFCPROPERTYSET('21hvCvy3nFmxOJ1zEGyWi4',#1855,'Dados',$,(#1859,#1860,#1861,#1862,#1863));
#1857=IFCOWNERHISTORY(#3,#4,.READWRITE.,.ADDED.,1774189819,#3,#4,1774189819);
#1858=IFCRELDEFINESBYPROPERTIES('2O1pbvwBr1Ehi0qjaDpEQD',#1857,$,$,(#1838),#1856);
#1859=IFCPROPERTYSINGLEVALUE('PV_Mont',$,IFCLABEL('PI_82'),$);
#1860=IFCPROPERTYSINGLEVALUE('PV_Jus',$,IFCLABEL('PI_92'),$);
#1861=IFCPROPERTYSINGLEVALUE('DN',$,IFCREAL(200.),$);
#1862=IFCPROPERTYSINGLEVALUE('Mat',$,IFCLABEL('PVC'),$);
#1863=IFCPROPERTYSINGLEVALUE('Ext_m',$,IFCREAL(23.58),$);
#1864=IFCOWNERHISTORY(#3,#4,.READWRITE.,.ADDED.,1774189819,#3,#4,1774189819);
#1865=IFCPROPERTYSET('3l6WLDfCDAyQCJgkNqlHTc',#1864,'Custo5D',$,(#1868,#1869,#1870,#1871,#1872));
#1866=IFCOWNERHISTORY(#3,#4,.READWRITE.,.ADDED.,1774189819,#3,#4,1774189819);
#1867=IFCRELDEFINESBYPROPERTIES('01KQvPKVb4oxETc$wAv7rW',#1866,$,$,(#1838),#1865);
#1868=IFCPROPERTYSINGLEVALUE('Tubo_RS',$,IFCREAL(1111.09),$);
#1869=IFCPROPERTYSINGLEVALUE('Esc_RS',$,IFCREAL(348.27),$);
#1870=IFCPROPERTYSINGLEVALUE('Reat_RS',$,IFCREAL(208.82),$);
#1871=IFCPROPERTYSINGLEVALUE('Pav_RS',$,IFCREAL(1614.76),$);
#1872=IFCPROPERTYSINGLEVALUE('Total_RS',$,IFCREAL(3282.94),$);
#1873=IFCOWNERHISTORY(#3,#4,.READWRITE.,.MODIFIED.,1774189819,#3,#4,1774189819);
#1874=IFCFLOWSEGMENT('29ZR$QIVf9CxxWs3C8t_zr',#1873,'T052_PI_32_PI_94',$,$,#1890,#1885,$);
#1880=IFCCARTESIANPOINT((0.,0.,0.));
#1881=IFCCARTESIANPOINT((-4.62710904778214,0.92032184265554,0.185));
#1882=IFCPOLYLINE((#1880,#1881));
#1883=IFCSWEPTDISKSOLID(#1882,0.1,0.09,$,$);
#1884=IFCSHAPEREPRESENTATION(#16,'Body','SweptSolid',(#1883));
#1885=IFCPRODUCTDEFINITIONSHAPE($,$,(#1884));
#1886=IFCCARTESIANPOINT((471.36985611805,480.151361320168,3.982));
#1887=IFCDIRECTION((0.,0.,1.));
#1888=IFCDIRECTION((1.,0.,0.));
#1889=IFCAXIS2PLACEMENT3D(#1886,#1887,#1888);
#1890=IFCLOCALPLACEMENT($,#1889);
#1891=IFCOWNERHISTORY(#3,#4,.READWRITE.,.ADDED.,1774189819,#3,#4,1774189819);
#1892=IFCPROPERTYSET('1VadiTPNTEJgI2yqpsNJUr',#1891,'Dados',$,(#1895,#1896,#1897,#1898,#1899));
#1893=IFCOWNERHISTORY(#3,#4,.READWRITE.,.ADDED.,1774189819,#3,#4,1774189819);
#1894=IFCRELDEFINESBYPROPERTIES('1fVw9C4Pr9IvhMzDQe3Vkd',#1893,$,$,(#1874),#1892);
#1895=IFCPROPERTYSINGLEVALUE('PV_Mont',$,IFCLABEL('PI_32'),$);
#1896=IFCPROPERTYSINGLEVALUE('PV_Jus',$,IFCLABEL('PI_94'),$);
#1897=IFCPROPERTYSINGLEVALUE('DN',$,IFCREAL(200.),$);
#1898=IFCPROPERTYSINGLEVALUE('Mat',$,IFCLABEL('PVC'),$);
#1899=IFCPROPERTYSINGLEVALUE('Ext_m',$,IFCREAL(2.15),$);
#1900=IFCOWNERHISTORY(#3,#4,.READWRITE.,.ADDED.,1774189819,#3,#4,1774189819);
#1901=IFCPROPERTYSET('3iNfYa8zT46uU4Fo9tPMQ_',#1900,'Custo5D',$,(#1904,#1905,#1906,#1907,#1908));
#1902=IFCOWNERHISTORY(#3,#4,.READWRITE.,.ADDED.,1774189819,#3,#4,1774189819);
#1903=IFCRELDEFINESBYPROPERTIES('2w74CKKMX0LgqnMVIMzFsb',#1902,$,$,(#1874),#1901);
#1904=IFCPROPERTYSINGLEVALUE('Tubo_RS',$,IFCREAL(101.31),$);
#1905=IFCPROPERTYSINGLEVALUE('Esc_RS',$,IFCREAL(31.75),$);
#1906=IFCPROPERTYSINGLEVALUE('Reat_RS',$,IFCREAL(19.04),$);
#1907=IFCPROPERTYSINGLEVALUE('Pav_RS',$,IFCREAL(147.23),$);
#1908=IFCPROPERTYSINGLEVALUE('Total_RS',$,IFCREAL(299.34),$);
#1909=IFCOWNERHISTORY(#3,#4,.READWRITE.,.MODIFIED.,1774189819,#3,#4,1774189819);
#1910=IFCFLOWSEGMENT('1BOmASDPT5zRzhheHO7Wsr',#1909,'T053_PI_32_PI_83',$,$,#1926,#1921,$);
#1916=IFCCARTESIANPOINT((0.,0.,0.));
#1917=IFCCARTESIANPOINT((8.33821837604046,-30.8228803761303,-0.928));
#1918=IFCPOLYLINE((#1916,#1917));
#1919=IFCSWEPTDISKSOLID(#1918,0.1,0.09,$,$);
#1920=IFCSHAPEREPRESENTATION(#16,'Body','SweptSolid',(#1919));
#1921=IFCPRODUCTDEFINITIONSHAPE($,$,(#1920));
#1922=IFCCARTESIANPOINT((471.36985611805,480.151361320168,3.982));
#1923=IFCDIRECTION((0.,0.,1.));
#1924=IFCDIRECTION((1.,0.,0.));
#1925=IFCAXIS2PLACEMENT3D(#1922,#1923,#1924);
#1926=IFCLOCALPLACEMENT($,#1925);
#1927=IFCOWNERHISTORY(#3,#4,.READWRITE.,.ADDED.,1774189819,#3,#4,1774189819);
#1928=IFCPROPERTYSET('06VXzBQ5nEgh7q4jeGpP2B',#1927,'Dados',$,(#1931,#1932,#1933,#1934,#1935));
#1929=IFCOWNERHISTORY(#3,#4,.READWRITE.,.ADDED.,1774189819,#3,#4,1774189819);
#1930=IFCRELDEFINESBYPROPERTIES('2NLt8dQhX67fFNyx25Mxtc',#1929,$,$,(#1910),#1928);
#1931=IFCPROPERTYSINGLEVALUE('PV_Mont',$,IFCLABEL('PI_32'),$);
#1932=IFCPROPERTYSINGLEVALUE('PV_Jus',$,IFCLABEL('PI_83'),$);
#1933=IFCPROPERTYSINGLEVALUE('DN',$,IFCREAL(200.),$);
#1934=IFCPROPERTYSINGLEVALUE('Mat',$,IFCLABEL('PVC'),$);
#1935=IFCPROPERTYSINGLEVALUE('Ext_m',$,IFCREAL(30.36),$);
#1936=IFCOWNERHISTORY(#3,#4,.READWRITE.,.ADDED.,1774189819,#3,#4,1774189819);
#1937=IFCPROPERTYSET('3F1ZNYsTzFsOEDLVh9QV$N',#1936,'Custo5D',$,(#1940,#1941,#1942,#1943,#1944));
#1938=IFCOWNERHISTORY(#3,#4,.READWRITE.,.ADDED.,1774189819,#3,#4,1774189819);
#1939=IFCRELDEFINESBYPROPERTIES('1IPc0L75XENwqg0YufLVmM',#1938,$,$,(#1910),#1937);
#1940=IFCPROPERTYSINGLEVALUE('Tubo_RS',$,IFCREAL(1430.56),$);
#1941=IFCPROPERTYSINGLEVALUE('Esc_RS',$,IFCREAL(448.41),$);
#1942=IFCPROPERTYSINGLEVALUE('Reat_RS',$,IFCREAL(268.87),$);
#1943=IFCPROPERTYSINGLEVALUE('Pav_RS',$,IFCREAL(2079.05),$);
#1944=IFCPROPERTYSINGLEVALUE('Total_RS',$,IFCREAL(4226.89),$);
#1945=IFCOWNERHISTORY(#3,#4,.READWRITE.,.MODIFIED.,1774189819,#3,#4,1774189819);
#1946=IFCFLOWSEGMENT('0RpdASGMf9GOZpLQVuFOJp',#1945,'T054_PI_06_PI_95',$,$,#1962,#1957,$);
#1952=IFCCARTESIANPOINT((0.,0.,0.));
#1953=IFCCARTESIANPOINT((6.7694364117342,-15.6008416563272,2.714));
#1954=IFCPOLYLINE((#1952,#1953));
#1955=IFCSWEPTDISKSOLID(#1954,0.1,0.09,$,$);
#1956=IFCSHAPEREPRESENTATION(#16,'Body','SweptSolid',(#1955));
#1957=IFCPRODUCTDEFINITIONSHAPE($,$,(#1956));
#1958=IFCCARTESIANPOINT((564.354568555078,537.907605244778,21.323));
#1959=IFCDIRECTION((0.,0.,1.));
#1960=IFCDIRECTION((1.,0.,0.));
#1961=IFCAXIS2PLACEMENT3D(#1958,#1959,#1960);
#1962=IFCLOCALPLACEMENT($,#1961);
#1963=IFCOWNERHISTORY(#3,#4,.READWRITE.,.ADDED.,1774189819,#3,#4,1774189819);
#1964=IFCPROPERTYSET('0D91AMcFrEqB83G1LjyGxS',#1963,'Dados',$,(#1967,#1968,#1969,#1970,#1971));
#1965=IFCOWNERHISTORY(#3,#4,.READWRITE.,.ADDED.,1774189819,#3,#4,1774189819);
#1966=IFCRELDEFINESBYPROPERTIES('2TPV_L7c1CGRE0kpkQzT_n',#1965,$,$,(#1946),#1964);
#1967=IFCPROPERTYSINGLEVALUE('PV_Mont',$,IFCLABEL('PI_06'),$);
#1968=IFCPROPERTYSINGLEVALUE('PV_Jus',$,IFCLABEL('PI_95'),$);
#1969=IFCPROPERTYSINGLEVALUE('DN',$,IFCREAL(200.),$);
#1970=IFCPROPERTYSINGLEVALUE('Mat',$,IFCLABEL('PVC'),$);
#1971=IFCPROPERTYSINGLEVALUE('Ext_m',$,IFCREAL(15.51),$);
#1972=IFCOWNERHISTORY(#3,#4,.READWRITE.,.ADDED.,1774189819,#3,#4,1774189819);
#1973=IFCPROPERTYSET('2fDzf6spf6ovYBDYtaChfX',#1972,'Custo5D',$,(#1976,#1977,#1978,#1979,#1980));
#1974=IFCOWNERHISTORY(#3,#4,.READWRITE.,.ADDED.,1774189819,#3,#4,1774189819);
#1975=IFCRELDEFINESBYPROPERTIES('3FC9pHWzH4S8$Vb61cAbMR',#1974,$,$,(#1946),#1973);
#1976=IFCPROPERTYSINGLEVALUE('Tubo_RS',$,IFCREAL(730.83),$);
#1977=IFCPROPERTYSINGLEVALUE('Esc_RS',$,IFCREAL(229.08),$);
#1978=IFCPROPERTYSINGLEVALUE('Reat_RS',$,IFCREAL(137.36),$);
#1979=IFCPROPERTYSINGLEVALUE('Pav_RS',$,IFCREAL(1062.12),$);
#1980=IFCPROPERTYSINGLEVALUE('Total_RS',$,IFCREAL(2159.39),$);
#1981=IFCOWNERHISTORY(#3,#4,.READWRITE.,.MODIFIED.,1774189819,#3,#4,1774189819);
#1982=IFCFLOWSEGMENT('0AGglPWIb2VO5d9O8u5Xho',#1981,'T055_PI_95_PI_96',$,$,#1998,#1993,$);
#1988=IFCCARTESIANPOINT((0.,0.,0.));
#1989=IFCCARTESIANPOINT((9.38840166007867,2.18020027130842,3.45));
#1990=IFCPOLYLINE((#1988,#1989));
#1991=IFCSWEPTDISKSOLID(#1990,0.1,0.09,$,$);
#1992=IFCSHAPEREPRESENTATION(#16,'Body','SweptSolid',(#1991));
#1993=IFCPRODUCTDEFINITIONSHAPE($,$,(#1992));
#1994=IFCCARTESIANPOINT((571.124004966812,522.306763588451,24.037));
#1995=IFCDIRECTION((0.,0.,1.));
#1996=IFCDIRECTION((1.,0.,0.));
#1997=IFCAXIS2PLACEMENT3D(#1994,#1995,#1996);
#1998=IFCLOCALPLACEMENT($,#1997);
#1999=IFCOWNERHISTORY(#3,#4,.READWRITE.,.ADDED.,1774189819,#3,#4,1774189819);
#2000=IFCPROPERTYSET('3xzx8CVRT0wO3mk9e4flg5',#1999,'Dados',$,(#2003,#2004,#2005,#2006,#2007));
#2001=IFCOWNERHISTORY(#3,#4,.READWRITE.,.ADDED.,1774189819,#3,#4,1774189819);
#2002=IFCRELDEFINESBYPROPERTIES('2aMFtMzTL9Ev8myFHujMOP',#2001,$,$,(#1982),#2000);
#2003=IFCPROPERTYSINGLEVALUE('PV_Mont',$,IFCLABEL('PI_95'),$);
#2004=IFCPROPERTYSINGLEVALUE('PV_Jus',$,IFCLABEL('PI_96'),$);
#2005=IFCPROPERTYSINGLEVALUE('DN',$,IFCREAL(200.),$);
#2006=IFCPROPERTYSINGLEVALUE('Mat',$,IFCLABEL('PVC'),$);
#2007=IFCPROPERTYSINGLEVALUE('Ext_m',$,IFCREAL(8.62),$);
#2008=IFCOWNERHISTORY(#3,#4,.READWRITE.,.ADDED.,1774189819,#3,#4,1774189819);
#2009=IFCPROPERTYSET('1ei2N6S0vAhvOHWLoyYw8l',#2008,'Custo5D',$,(#2012,#2013,#2014,#2015,#2016));
#2010=IFCOWNERHISTORY(#3,#4,.READWRITE.,.ADDED.,1774189819,#3,#4,1774189819);
#2011=IFCRELDEFINESBYPROPERTIES('1zUXu4JVv2CxeuKlj9G4jR',#2010,$,$,(#1982),#2009);
#2012=IFCPROPERTYSINGLEVALUE('Tubo_RS',$,IFCREAL(406.17),$);
#2013=IFCPROPERTYSINGLEVALUE('Esc_RS',$,IFCREAL(148.53),$);
#2014=IFCPROPERTYSINGLEVALUE('Reat_RS',$,IFCREAL(89.06),$);
#2015=IFCPROPERTYSINGLEVALUE('Pav_RS',$,IFCREAL(590.3),$);
#2016=IFCPROPERTYSINGLEVALUE('Total_RS',$,IFCREAL(1234.07),$);
#2017=IFCOWNERHISTORY(#3,#4,.READWRITE.,.MODIFIED.,1774189819,#3,#4,1774189819);
#2018=IFCFLOWSEGMENT('1dzUPz$qz2CwDt$nMOg9bd',#2017,'T056_PI_96_PI_97',$,$,#2034,#2029,$);
#2024=IFCCARTESIANPOINT((0.,0.,0.));
#2025=IFCCARTESIANPOINT((-1.0035370036494,-12.829038743861,0.204000000000001));
#2026=IFCPOLYLINE((#2024,#2025));
#2027=IFCSWEPTDISKSOLID(#2026,0.1,0.09,$,$);
#2028=IFCSHAPEREPRESENTATION(#16,'Body','SweptSolid',(#2027));
#2029=IFCPRODUCTDEFINITIONSHAPE($,$,(#2028));
#2030=IFCCARTESIANPOINT((580.512406626891,524.486963859759,27.487));
#2031=IFCDIRECTION((0.,0.,1.));
#2032=IFCDIRECTION((1.,0.,0.));
#2033=IFCAXIS2PLACEMENT3D(#2030,#2031,#2032);
#2034=IFCLOCALPLACEMENT($,#2033);
#2035=IFCOWNERHISTORY(#3,#4,.READWRITE.,.ADDED.,1774189819,#3,#4,1774189819);
#2036=IFCPROPERTYSET('3SSw_sTTL4vBsFjh1qL$o9',#2035,'Dados',$,(#2039,#2040,#2041,#2042,#2043));
#2037=IFCOWNERHISTORY(#3,#4,.READWRITE.,.ADDED.,1774189819,#3,#4,1774189819);
#2038=IFCRELDEFINESBYPROPERTIES('38fWTYkJrDIg9rohmAYe0l',#2037,$,$,(#2018),#2036);
#2039=IFCPROPERTYSINGLEVALUE('PV_Mont',$,IFCLABEL('PI_96'),$);
#2040=IFCPROPERTYSINGLEVALUE('PV_Jus',$,IFCLABEL('PI_97'),$);
#2041=IFCPROPERTYSINGLEVALUE('DN',$,IFCREAL(200.),$);
#2042=IFCPROPERTYSINGLEVALUE('Mat',$,IFCLABEL('PVC'),$);
#2043=IFCPROPERTYSINGLEVALUE('Ext_m',$,IFCREAL(12.53),$);
#2044=IFCOWNERHISTORY(#3,#4,.READWRITE.,.ADDED.,1774189819,#3,#4,1774189819);
#2045=IFCPROPERTYSET('0zd1abmwf2Ixfrd890IZUe',#2044,'Custo5D',$,(#2048,#2049,#2050,#2051,#2052));
#2046=IFCOWNERHISTORY(#3,#4,.READWRITE.,.ADDED.,1774189819,#3,#4,1774189819);
#2047=IFCRELDEFINESBYPROPERTIES('3HraVB3UHFaw_PYzHootBl',#2046,$,$,(#2018),#2045);
#2048=IFCPROPERTYSINGLEVALUE('Tubo_RS',$,IFCREAL(590.41),$);
#2049=IFCPROPERTYSINGLEVALUE('Esc_RS',$,IFCREAL(215.91),$);
#2050=IFCPROPERTYSINGLEVALUE('Reat_RS',$,IFCREAL(129.46),$);
#2051=IFCPROPERTYSINGLEVALUE('Pav_RS',$,IFCREAL(858.05),$);
#2052=IFCPROPERTYSINGLEVALUE('Total_RS',$,IFCREAL(1793.83),$);
#2053=IFCOWNERHISTORY(#3,#4,.READWRITE.,.MODIFIED.,1774189819,#3,#4,1774189819);
#2054=IFCFLOWSEGMENT('2r2nQw0CfAxQefjIlpejXV',#2053,'T057_PI_91_PI_102',$,$,#2070,#2065,$);
#2060=IFCCARTESIANPOINT((0.,0.,0.));
#2061=IFCCARTESIANPOINT((10.5528443122748,4.67891048267484,3.108));
#2062=IFCPOLYLINE((#2060,#2061));
#2063=IFCSWEPTDISKSOLID(#2062,0.1,0.09,$,$);
#2064=IFCSHAPEREPRESENTATION(#16,'Body','SweptSolid',(#2063));
#2065=IFCPRODUCTDEFINITIONSHAPE($,$,(#2064));
#2066=IFCCARTESIANPOINT((595.231794983556,430.490574847907,18.694));
#2067=IFCDIRECTION((0.,0.,1.));
#2068=IFCDIRECTION((1.,0.,0.));
#2069=IFCAXIS2PLACEMENT3D(#2066,#2067,#2068);
#2070=IFCLOCALPLACEMENT($,#2069);
#2071=IFCOWNERHISTORY(#3,#4,.READWRITE.,.ADDED.,1774189819,#3,#4,1774189819);
#2072=IFCPROPERTYSET('37stU$Wub8PQvQXmoWBSU9',#2071,'Dados',$,(#2075,#2076,#2077,#2078,#2079));
#2073=IFCOWNERHISTORY(#3,#4,.READWRITE.,.ADDED.,1774189819,#3,#4,1774189819);
#2074=IFCRELDEFINESBYPROPERTIES('3wnOHE4nz2gO65ttoHqZkT',#2073,$,$,(#2054),#2072);
#2075=IFCPROPERTYSINGLEVALUE('PV_Mont',$,IFCLABEL('PI_91'),$);
#2076=IFCPROPERTYSINGLEVALUE('PV_Jus',$,IFCLABEL('PI_102'),$);
#2077=IFCPROPERTYSINGLEVALUE('DN',$,IFCREAL(200.),$);
#2078=IFCPROPERTYSINGLEVALUE('Mat',$,IFCLABEL('PVC'),$);
#2079=IFCPROPERTYSINGLEVALUE('Ext_m',$,IFCREAL(10.76),$);
#2080=IFCOWNERHISTORY(#3,#4,.READWRITE.,.ADDED.,1774189819,#3,#4,1774189819);
#2081=IFCPROPERTYSET('39T_XY0i52AgBQT4nHuWJo',#2080,'Custo5D',$,(#2084,#2085,#2086,#2087,#2088));
#2082=IFCOWNERHISTORY(#3,#4,.READWRITE.,.ADDED.,1774189819,#3,#4,1774189819);
#2083=IFCRELDEFINESBYPROPERTIES('0vsoRXFI18O9k10th0VMA7',#2082,$,$,(#2054),#2081);
#2084=IFCPROPERTYSINGLEVALUE('Tubo_RS',$,IFCREAL(507.01),$);
#2085=IFCPROPERTYSINGLEVALUE('Esc_RS',$,IFCREAL(158.92),$);
#2086=IFCPROPERTYSINGLEVALUE('Reat_RS',$,IFCREAL(95.29),$);
#2087=IFCPROPERTYSINGLEVALUE('Pav_RS',$,IFCREAL(736.84),$);
#2088=IFCPROPERTYSINGLEVALUE('Total_RS',$,IFCREAL(1498.07),$);
#2089=IFCOWNERHISTORY(#3,#4,.READWRITE.,.MODIFIED.,1774189819,#3,#4,1774189819);
#2090=IFCFLOWSEGMENT('0Zv9UKZmz8bO53S27QSpON',#2089,'T058_PI_101_PI_103',$,$,#2106,#2101,$);
#2096=IFCCARTESIANPOINT((0.,0.,0.));
#2097=IFCCARTESIANPOINT((13.1840370654245,8.74457589630038,7.884));
#2098=IFCPOLYLINE((#2096,#2097));
#2099=IFCSWEPTDISKSOLID(#2098,0.1,0.09,$,$);
#2100=IFCSHAPEREPRESENTATION(#16,'Body','SweptSolid',(#2099));
#2101=IFCPRODUCTDEFINITIONSHAPE($,$,(#2100));
#2102=IFCCARTESIANPOINT((607.854350030015,436.372246894054,18.83));
#2103=IFCDIRECTION((0.,0.,1.));
#2104=IFCDIRECTION((1.,0.,0.));
#2105=IFCAXIS2PLACEMENT3D(#2102,#2103,#2104);
#2106=IFCLOCALPLACEMENT($,#2105);
#2107=IFCOWNERHISTORY(#3,#4,.READWRITE.,.ADDED.,1774189819,#3,#4,1774189819);
#2108=IFCPROPERTYSET('2ndIMXFcb8sBogTYhkA2$J',#2107,'Dados',$,(#2111,#2112,#2113,#2114,#2115));
#2109=IFCOWNERHISTORY(#3,#4,.READWRITE.,.ADDED.,1774189819,#3,#4,1774189819);
#2110=IFCRELDEFINESBYPROPERTIES('2Sj9UM9V56DAnYXxD0G7DH',#2109,$,$,(#2090),#2108);
#2111=IFCPROPERTYSINGLEVALUE('PV_Mont',$,IFCLABEL('PI_101'),$);
#2112=IFCPROPERTYSINGLEVALUE('PV_Jus',$,IFCLABEL('PI_103'),$);
#2113=IFCPROPERTYSINGLEVALUE('DN',$,IFCREAL(200.),$);
#2114=IFCPROPERTYSINGLEVALUE('Mat',$,IFCLABEL('PVC'),$);
#2115=IFCPROPERTYSINGLEVALUE('Ext_m',$,IFCREAL(15.82),$);
#2116=IFCOWNERHISTORY(#3,#4,.READWRITE.,.ADDED.,1774189819,#3,#4,1774189819);
#2117=IFCPROPERTYSET('0W32NP4oD2GfjbPvx7PFtl',#2116,'Custo5D',$,(#2120,#2121,#2122,#2123,#2124));
#2118=IFCOWNERHISTORY(#3,#4,.READWRITE.,.ADDED.,1774189819,#3,#4,1774189819);
#2119=IFCRELDEFINESBYPROPERTIES('3IOhJRrCvDVf1B_l20mwQO',#2118,$,$,(#2090),#2117);
#2120=IFCPROPERTYSINGLEVALUE('Tubo_RS',$,IFCREAL(745.44),$);
#2121=IFCPROPERTYSINGLEVALUE('Esc_RS',$,IFCREAL(233.66),$);
#2122=IFCPROPERTYSINGLEVALUE('Reat_RS',$,IFCREAL(140.1),$);
#2123=IFCPROPERTYSINGLEVALUE('Pav_RS',$,IFCREAL(1083.35),$);
#2124=IFCPROPERTYSINGLEVALUE('Total_RS',$,IFCREAL(2202.55),$);
#2125=IFCOWNERHISTORY(#3,#4,.READWRITE.,.MODIFIED.,1774189819,#3,#4,1774189819);
#2126=IFCFLOWSEGMENT('2P5wCor6j9bv9Qk_BHzEZb',#2125,'T059_PI_104_PI_106',$,$,#2142,#2137,$);
#2132=IFCCARTESIANPOINT((0.,0.,0.));
#2133=IFCCARTESIANPOINT((9.26108825771371,5.08512724656612,5.538));
#2134=IFCPOLYLINE((#2132,#2133));
#2135=IFCSWEPTDISKSOLID(#2134,0.1,0.09,$,$);
#2136=IFCSHAPEREPRESENTATION(#16,'Body','SweptSolid',(#2135));
#2137=IFCPRODUCTDEFINITIONSHAPE($,$,(#2136));
#2138=IFCCARTESIANPOINT((623.088752452808,446.356746478938,28.132));
#2139=IFCDIRECTION((0.,0.,1.));
#2140=IFCDIRECTION((1.,0.,0.));
#2141=IFCAXIS2PLACEMENT3D(#2138,#2139,#2140);
#2142=IFCLOCALPLACEMENT($,#2141);
#2143=IFCOWNERHISTORY(#3,#4,.READWRITE.,.ADDED.,1774189819,#3,#4,1774189819);
#2144=IFCPROPERTYSET('1TbmHQtSv8mhZESA9Paoky',#2143,'Dados',$,(#2147,#2148,#2149,#2150,#2151));
#2145=IFCOWNERHISTORY(#3,#4,.READWRITE.,.ADDED.,1774189819,#3,#4,1774189819);
#2146=IFCRELDEFINESBYPROPERTIES('1Nw$XHAQn9$B46uVF3UuJZ',#2145,$,$,(#2126),#2144);
#2147=IFCPROPERTYSINGLEVALUE('PV_Mont',$,IFCLABEL('PI_104'),$);
#2148=IFCPROPERTYSINGLEVALUE('PV_Jus',$,IFCLABEL('PI_106'),$);
#2149=IFCPROPERTYSINGLEVALUE('DN',$,IFCREAL(200.),$);
#2150=IFCPROPERTYSINGLEVALUE('Mat',$,IFCLABEL('PVC'),$);
#2151=IFCPROPERTYSINGLEVALUE('Ext_m',$,IFCREAL(10.57),$);
#2152=IFCOWNERHISTORY(#3,#4,.READWRITE.,.ADDED.,1774189819,#3,#4,1774189819);
#2153=IFCPROPERTYSET('1412jjoHL01e1DhOyFW3OS',#2152,'Custo5D',$,(#2156,#2157,#2158,#2159,#2160));
#2154=IFCOWNERHISTORY(#3,#4,.READWRITE.,.ADDED.,1774189819,#3,#4,1774189819);
#2155=IFCRELDEFINESBYPROPERTIES('3S4Jv3TyDBt93ZYDKpg56a',#2154,$,$,(#2126),#2153);
#2156=IFCPROPERTYSINGLEVALUE('Tubo_RS',$,IFCREAL(498.06),$);
#2157=IFCPROPERTYSINGLEVALUE('Esc_RS',$,IFCREAL(156.11),$);
#2158=IFCPROPERTYSINGLEVALUE('Reat_RS',$,IFCREAL(93.61),$);
#2159=IFCPROPERTYSINGLEVALUE('Pav_RS',$,IFCREAL(723.83),$);
#2160=IFCPROPERTYSINGLEVALUE('Total_RS',$,IFCREAL(1471.61),$);
#2161=IFCOWNERHISTORY(#3,#4,.READWRITE.,.MODIFIED.,1774189819,#3,#4,1774189819);
#2162=IFCFLOWSEGMENT('3X2MKqxC12JPQlLPPgOguL',#2161,'T060_N_012_PI_112',$,$,#2178,#2173,$);
#2168=IFCCARTESIANPOINT((0.,0.,0.));
#2169=IFCCARTESIANPOINT((11.434545500204,-7.05691138468683,45.602));
#2170=IFCPOLYLINE((#2168,#2169));
#2171=IFCSWEPTDISKSOLID(#2170,0.1,0.09,$,$);
#2172=IFCSHAPEREPRESENTATION(#16,'Body','SweptSolid',(#2171));
#2173=IFCPRODUCTDEFINITIONSHAPE($,$,(#2172));
#2174=IFCCARTESIANPOINT((614.208725953242,495.891678041779,-1.5));
#2175=IFCDIRECTION((0.,0.,1.));
#2176=IFCDIRECTION((1.,0.,0.));
#2177=IFCAXIS2PLACEMENT3D(#2174,#2175,#2176);
#2178=IFCLOCALPLACEMENT($,#2177);
#2179=IFCOWNERHISTORY(#3,#4,.READWRITE.,.ADDED.,1774189819,#3,#4,1774189819);
#2180=IFCPROPERTYSET('3aNUZgLcP79BjlmewoFTkp',#2179,'Dados',$,(#2183,#2184,#2185,#2186,#2187));
#2181=IFCOWNERHISTORY(#3,#4,.READWRITE.,.ADDED.,1774189819,#3,#4,1774189819);
#2182=IFCRELDEFINESBYPROPERTIES('2htdAsSMn3AuPQRXC7ecgK',#2181,$,$,(#2162),#2180);
#2183=IFCPROPERTYSINGLEVALUE('PV_Mont',$,IFCLABEL('N_012'),$);
#2184=IFCPROPERTYSINGLEVALUE('PV_Jus',$,IFCLABEL('PI_112'),$);
#2185=IFCPROPERTYSINGLEVALUE('DN',$,IFCREAL(200.),$);
#2186=IFCPROPERTYSINGLEVALUE('Mat',$,IFCLABEL('PVC'),$);
#2187=IFCPROPERTYSINGLEVALUE('Ext_m',$,IFCREAL(12.64),$);
#2188=IFCOWNERHISTORY(#3,#4,.READWRITE.,.ADDED.,1774189819,#3,#4,1774189819);
#2189=IFCPROPERTYSET('3gISrNEiHDdP2h_bFnzNFq',#2188,'Custo5D',$,(#2192,#2193,#2194,#2195,#2196));
#2190=IFCOWNERHISTORY(#3,#4,.READWRITE.,.ADDED.,1774189819,#3,#4,1774189819);
#2191=IFCRELDEFINESBYPROPERTIES('1jpVayIevCyP_hPIrTPkqm',#2190,$,$,(#2162),#2189);
#2192=IFCPROPERTYSINGLEVALUE('Tubo_RS',$,IFCREAL(595.6),$);
#2193=IFCPROPERTYSINGLEVALUE('Esc_RS',$,IFCREAL(466.72),$);
#2194=IFCPROPERTYSINGLEVALUE('Reat_RS',$,IFCREAL(279.85),$);
#2195=IFCPROPERTYSINGLEVALUE('Pav_RS',$,IFCREAL(865.59),$);
#2196=IFCPROPERTYSINGLEVALUE('Total_RS',$,IFCREAL(2207.75),$);
#2197=IFCOWNERHISTORY(#3,#4,.READWRITE.,.MODIFIED.,1774189819,#3,#4,1774189819);
#2198=IFCFLOWSEGMENT('2_r_glLhT0Rxlvqg8pPSjP',#2197,'T061_N_014_PI_111',$,$,#2214,#2209,$);
#2204=IFCCARTESIANPOINT((0.,0.,0.));
#2205=IFCCARTESIANPOINT((5.66034225292969,-2.06855111103505,43.709));
#2206=IFCPOLYLINE((#2204,#2205));
#2207=IFCSWEPTDISKSOLID(#2206,0.1,0.09,$,$);
#2208=IFCSHAPEREPRESENTATION(#16,'Body','SweptSolid',(#2207));
#2209=IFCPRODUCTDEFINITIONSHAPE($,$,(#2208));
#2210=IFCCARTESIANPOINT((617.113236329576,500.719379640184,-1.5));
#2211=IFCDIRECTION((0.,0.,1.));
#2212=IFCDIRECTION((1.,0.,0.));
#2213=IFCAXIS2PLACEMENT3D(#2210,#2211,#2212);
#2214=IFCLOCALPLACEMENT($,#2213);
#2215=IFCOWNERHISTORY(#3,#4,.READWRITE.,.ADDED.,1774189819,#3,#4,1774189819);
#2216=IFCPROPERTYSET('2tddvVjVvBWvIFcRWBXGGS',#2215,'Dados',$,(#2219,#2220,#2221,#2222,#2223));
#2217=IFCOWNERHISTORY(#3,#4,.READWRITE.,.ADDED.,1774189819,#3,#4,1774189819);
#2218=IFCRELDEFINESBYPROPERTIES('13kvCXGrrAFwkK2YLT5__B',#2217,$,$,(#2198),#2216);
#2219=IFCPROPERTYSINGLEVALUE('PV_Mont',$,IFCLABEL('N_014'),$);
#2220=IFCPROPERTYSINGLEVALUE('PV_Jus',$,IFCLABEL('PI_111'),$);
#2221=IFCPROPERTYSINGLEVALUE('DN',$,IFCREAL(200.),$);
#2222=IFCPROPERTYSINGLEVALUE('Mat',$,IFCLABEL('PVC'),$);
#2223=IFCPROPERTYSINGLEVALUE('Ext_m',$,IFCREAL(4.75),$);
#2224=IFCOWNERHISTORY(#3,#4,.READWRITE.,.ADDED.,1774189819,#3,#4,1774189819);
#2225=IFCPROPERTYSET('0CXXOpTVHF_xL8xyZW$pUB',#2224,'Custo5D',$,(#2228,#2229,#2230,#2231,#2232));
#2226=IFCOWNERHISTORY(#3,#4,.READWRITE.,.ADDED.,1774189819,#3,#4,1774189819);
#2227=IFCRELDEFINESBYPROPERTIES('2dyuYk5j90ABM2guKtsckF',#2226,$,$,(#2198),#2225);
#2228=IFCPROPERTYSINGLEVALUE('Tubo_RS',$,IFCREAL(223.82),$);
#2229=IFCPROPERTYSINGLEVALUE('Esc_RS',$,IFCREAL(175.39),$);
#2230=IFCPROPERTYSINGLEVALUE('Reat_RS',$,IFCREAL(105.16),$);
#2231=IFCPROPERTYSINGLEVALUE('Pav_RS',$,IFCREAL(325.28),$);
#2232=IFCPROPERTYSINGLEVALUE('Total_RS',$,IFCREAL(829.65),$);
#2233=IFCOWNERHISTORY(#3,#4,.READWRITE.,.MODIFIED.,1774189819,#3,#4,1774189819);
#2234=IFCFLOWSEGMENT('0HA6fsSIv0IuOpzUQltze7',#2233,'T062_PI_113_N_015',$,$,#2250,#2245,$);
#2240=IFCCARTESIANPOINT((0.,0.,0.));
#2241=IFCCARTESIANPOINT((11.6014872599626,0.145228186622262,-45.638));
#2242=IFCPOLYLINE((#2240,#2241));
#2243=IFCSWEPTDISKSOLID(#2242,0.1,0.09,$,$);
#2244=IFCSHAPEREPRESENTATION(#16,'Body','SweptSolid',(#2243));
#2245=IFCPRODUCTDEFINITIONSHAPE($,$,(#2244));
#2246=IFCCARTESIANPOINT((625.076139536453,498.263150020503,44.138));
#2247=IFCDIRECTION((0.,0.,1.));
#2248=IFCDIRECTION((1.,0.,0.));
#2249=IFCAXIS2PLACEMENT3D(#2246,#2247,#2248);
#2250=IFCLOCALPLACEMENT($,#2249);
#2251=IFCOWNERHISTORY(#3,#4,.READWRITE.,.ADDED.,1774189819,#3,#4,1774189819);
#2252=IFCPROPERTYSET('3lhZxud4v2hAK7oCZBS6_z',#2251,'Dados',$,(#2255,#2256,#2257,#2258,#2259));
#2253=IFCOWNERHISTORY(#3,#4,.READWRITE.,.ADDED.,1774189819,#3,#4,1774189819);
#2254=IFCRELDEFINESBYPROPERTIES('2THyZ33n1Ch83P$NyCLqU8',#2253,$,$,(#2234),#2252);
#2255=IFCPROPERTYSINGLEVALUE('PV_Mont',$,IFCLABEL('PI_113'),$);
#2256=IFCPROPERTYSINGLEVALUE('PV_Jus',$,IFCLABEL('N_015'),$);
#2257=IFCPROPERTYSINGLEVALUE('DN',$,IFCREAL(200.),$);
#2258=IFCPROPERTYSINGLEVALUE('Mat',$,IFCLABEL('PVC'),$);
#2259=IFCPROPERTYSINGLEVALUE('Ext_m',$,IFCREAL(10.85),$);
#2260=IFCOWNERHISTORY(#3,#4,.READWRITE.,.ADDED.,1774189819,#3,#4,1774189819);
#2261=IFCPROPERTYSET('1zhMy24Zv9JgUK8RveCda0',#2260,'Custo5D',$,(#2264,#2265,#2266,#2267,#2268));
#2262=IFCOWNERHISTORY(#3,#4,.READWRITE.,.ADDED.,1774189819,#3,#4,1774189819);
#2263=IFCRELDEFINESBYPROPERTIES('0Mu3zDAr9ABOntyhHa21ka',#2262,$,$,(#2234),#2261);
#2264=IFCPROPERTYSINGLEVALUE('Tubo_RS',$,IFCREAL(511.25),$);
#2265=IFCPROPERTYSINGLEVALUE('Esc_RS',$,IFCREAL(400.63),$);
#2266=IFCPROPERTYSINGLEVALUE('Reat_RS',$,IFCREAL(240.22),$);
#2267=IFCPROPERTYSINGLEVALUE('Pav_RS',$,IFCREAL(743.01),$);
#2268=IFCPROPERTYSINGLEVALUE('Total_RS',$,IFCREAL(1895.1),$);
#2269=IFCOWNERHISTORY(#3,#4,.READWRITE.,.MODIFIED.,1774189819,#3,#4,1774189819);
#2270=IFCFLOWSEGMENT('0DRozrfEr9pw7u3P4IfMJr',#2269,'T063_N_015_PI_248',$,$,#2286,#2281,$);
#2276=IFCCARTESIANPOINT((0.,0.,0.));
#2277=IFCCARTESIANPOINT((2.66144639404956,-4.78495374042541,49.296));
#2278=IFCPOLYLINE((#2276,#2277));
#2279=IFCSWEPTDISKSOLID(#2278,0.1,0.09,$,$);
#2280=IFCSHAPEREPRESENTATION(#16,'Body','SweptSolid',(#2279));
#2281=IFCPRODUCTDEFINITIONSHAPE($,$,(#2280));
#2282=IFCCARTESIANPOINT((636.677626796416,498.408378207125,-1.5));
#2283=IFCDIRECTION((0.,0.,1.));
#2284=IFCDIRECTION((1.,0.,0.));
#2285=IFCAXIS2PLACEMENT3D(#2282,#2283,#2284);
#2286=IFCLOCALPLACEMENT($,#2285);
#2287=IFCOWNERHISTORY(#3,#4,.READWRITE.,.ADDED.,1774189819,#3,#4,1774189819);
#2288=IFCPROPERTYSET('37gQ_vTpT73x_lcTbK5mzO',#2287,'Dados',$,(#2291,#2292,#2293,#2294,#2295));
#2289=IFCOWNERHISTORY(#3,#4,.READWRITE.,.ADDED.,1774189819,#3,#4,1774189819);
#2290=IFCRELDEFINESBYPROPERTIES('3FUAbntsv5N8XiK_Pe7mzB',#2289,$,$,(#2270),#2288);
#2291=IFCPROPERTYSINGLEVALUE('PV_Mont',$,IFCLABEL('N_015'),$);
#2292=IFCPROPERTYSINGLEVALUE('PV_Jus',$,IFCLABEL('PI_248'),$);
#2293=IFCPROPERTYSINGLEVALUE('DN',$,IFCREAL(200.),$);
#2294=IFCPROPERTYSINGLEVALUE('Mat',$,IFCLABEL('PVC'),$);
#2295=IFCPROPERTYSINGLEVALUE('Ext_m',$,IFCREAL(3.91),$);
#2296=IFCOWNERHISTORY(#3,#4,.READWRITE.,.ADDED.,1774189819,#3,#4,1774189819);
#2297=IFCPROPERTYSET('3_ixL8cuLEfAq_OWVHT3fq',#2296,'Custo5D',$,(#2300,#2301,#2302,#2303,#2304));
#2298=IFCOWNERHISTORY(#3,#4,.READWRITE.,.ADDED.,1774189819,#3,#4,1774189819);
#2299=IFCRELDEFINESBYPROPERTIES('0jq0LFKmL6eAC89a0VnX92',#2298,$,$,(#2270),#2297);
#2300=IFCPROPERTYSINGLEVALUE('Tubo_RS',$,IFCREAL(184.24),$);
#2301=IFCPROPERTYSINGLEVALUE('Esc_RS',$,IFCREAL(144.37),$);
#2302=IFCPROPERTYSINGLEVALUE('Reat_RS',$,IFCREAL(86.57),$);
#2303=IFCPROPERTYSINGLEVALUE('Pav_RS',$,IFCREAL(267.76),$);
#2304=IFCPROPERTYSINGLEVALUE('Total_RS',$,IFCREAL(682.94),$);
#2305=IFCOWNERHISTORY(#3,#4,.READWRITE.,.MODIFIED.,1774189819,#3,#4,1774189819);
#2306=IFCFLOWSEGMENT('0Mp$_OGGv8nOU7okp5JB_c',#2305,'T064_PI_230_PI_114',$,$,#2322,#2317,$);
#2312=IFCCARTESIANPOINT((0.,0.,0.));
#2313=IFCCARTESIANPOINT((2.81549103313591,-10.6054594200104,-6.21100000000001));
#2314=IFCPOLYLINE((#2312,#2313));
#2315=IFCSWEPTDISKSOLID(#2314,0.1,0.09,$,$);
#2316=IFCSHAPEREPRESENTATION(#16,'Body','SweptSolid',(#2315));
#2317=IFCPRODUCTDEFINITIONSHAPE($,$,(#2316));
#2318=IFCCARTESIANPOINT((655.024914153735,494.31618946977,49.084));
#2319=IFCDIRECTION((0.,0.,1.));
#2320=IFCDIRECTION((1.,0.,0.));
#2321=IFCAXIS2PLACEMENT3D(#2318,#2319,#2320);
#2322=IFCLOCALPLACEMENT($,#2321);
#2323=IFCOWNERHISTORY(#3,#4,.READWRITE.,.ADDED.,1774189819,#3,#4,1774189819);
#2324=IFCPROPERTYSET('0ArkCSs5z4dOzzA$WGQp1$',#2323,'Dados',$,(#2327,#2328,#2329,#2330,#2331));
#2325=IFCOWNERHISTORY(#3,#4,.READWRITE.,.ADDED.,1774189819,#3,#4,1774189819);
#2326=IFCRELDEFINESBYPROPERTIES('3s7pDlVs95fQOpKpbT$BdU',#2325,$,$,(#2306),#2324);
#2327=IFCPROPERTYSINGLEVALUE('PV_Mont',$,IFCLABEL('PI_230'),$);
#2328=IFCPROPERTYSINGLEVALUE('PV_Jus',$,IFCLABEL('PI_114'),$);
#2329=IFCPROPERTYSINGLEVALUE('DN',$,IFCREAL(200.),$);
#2330=IFCPROPERTYSINGLEVALUE('Mat',$,IFCLABEL('PVC'),$);
#2331=IFCPROPERTYSINGLEVALUE('Ext_m',$,IFCREAL(9.39),$);
#2332=IFCOWNERHISTORY(#3,#4,.READWRITE.,.ADDED.,1774189819,#3,#4,1774189819);
#2333=IFCPROPERTYSET('1MWOgU9v14kxLivcdNFAgY',#2332,'Custo5D',$,(#2336,#2337,#2338,#2339,#2340));
#2334=IFCOWNERHISTORY(#3,#4,.READWRITE.,.ADDED.,1774189819,#3,#4,1774189819);
#2335=IFCRELDEFINESBYPROPERTIES('2_Dwkw_N52hB5KWOQeCZZx',#2334,$,$,(#2306),#2333);
#2336=IFCPROPERTYSINGLEVALUE('Tubo_RS',$,IFCREAL(442.46),$);
#2337=IFCPROPERTYSINGLEVALUE('Esc_RS',$,IFCREAL(300.6),$);
#2338=IFCPROPERTYSINGLEVALUE('Reat_RS',$,IFCREAL(180.24),$);
#2339=IFCPROPERTYSINGLEVALUE('Pav_RS',$,IFCREAL(643.03),$);
#2340=IFCPROPERTYSINGLEVALUE('Total_RS',$,IFCREAL(1566.33),$);
#2341=IFCOWNERHISTORY(#3,#4,.READWRITE.,.MODIFIED.,1774189819,#3,#4,1774189819);
#2342=IFCFLOWSEGMENT('2Cwq04Bpj4KuWGw1WFdyJ8',#2341,'T065_PI_114_PI_108',$,$,#2358,#2353,$);
#2348=IFCCARTESIANPOINT((0.,0.,0.));
#2349=IFCCARTESIANPOINT((-9.86394615011523,-4.96426109224558,-5.185));
#2350=IFCPOLYLINE((#2348,#2349));
#2351=IFCSWEPTDISKSOLID(#2350,0.1,0.09,$,$);
#2352=IFCSHAPEREPRESENTATION(#16,'Body','SweptSolid',(#2351));
#2353=IFCPRODUCTDEFINITIONSHAPE($,$,(#2352));
#2354=IFCCARTESIANPOINT((657.840405186871,483.710730049759,42.873));
#2355=IFCDIRECTION((0.,0.,1.));
#2356=IFCDIRECTION((1.,0.,0.));
#2357=IFCAXIS2PLACEMENT3D(#2354,#2355,#2356);
#2358=IFCLOCALPLACEMENT($,#2357);
#2359=IFCOWNERHISTORY(#3,#4,.READWRITE.,.ADDED.,1774189819,#3,#4,1774189819);
#2360=IFCPROPERTYSET('2LvG$1Gpn8tuaq4Qrv92SO',#2359,'Dados',$,(#2363,#2364,#2365,#2366,#2367));
#2361=IFCOWNERHISTORY(#3,#4,.READWRITE.,.ADDED.,1774189819,#3,#4,1774189819);
#2362=IFCRELDEFINESBYPROPERTIES('1DFmU2JafEt8gHaZQN0sv7',#2361,$,$,(#2342),#2360);
#2363=IFCPROPERTYSINGLEVALUE('PV_Mont',$,IFCLABEL('PI_114'),$);
#2364=IFCPROPERTYSINGLEVALUE('PV_Jus',$,IFCLABEL('PI_108'),$);
#2365=IFCPROPERTYSINGLEVALUE('DN',$,IFCREAL(200.),$);
#2366=IFCPROPERTYSINGLEVALUE('Mat',$,IFCLABEL('PVC'),$);
#2367=IFCPROPERTYSINGLEVALUE('Ext_m',$,IFCREAL(9.76),$);
#2368=IFCOWNERHISTORY(#3,#4,.READWRITE.,.ADDED.,1774189819,#3,#4,1774189819);
#2369=IFCPROPERTYSET('0F2jt29pj2$Ovv5n6J$ndZ',#2368,'Custo5D',$,(#2372,#2373,#2374,#2375,#2376));
#2370=IFCOWNERHISTORY(#3,#4,.READWRITE.,.ADDED.,1774189819,#3,#4,1774189819);
#2371=IFCRELDEFINESBYPROPERTIES('0HRyp7x8rBxOnJcd8qrS27',#2370,$,$,(#2342),#2369);
#2372=IFCPROPERTYSINGLEVALUE('Tubo_RS',$,IFCREAL(459.89),$);
#2373=IFCPROPERTYSINGLEVALUE('Esc_RS',$,IFCREAL(288.3),$);
#2374=IFCPROPERTYSINGLEVALUE('Reat_RS',$,IFCREAL(172.87),$);
#2375=IFCPROPERTYSINGLEVALUE('Pav_RS',$,IFCREAL(668.36),$);
#2376=IFCPROPERTYSINGLEVALUE('Total_RS',$,IFCREAL(1589.43),$);
#2377=IFCOWNERHISTORY(#3,#4,.READWRITE.,.MODIFIED.,1774189819,#3,#4,1774189819);
#2378=IFCFLOWSEGMENT('0suhCP7IrDHh7diujki7MR',#2377,'T066_PI_249_PI_107',$,$,#2394,#2389,$);
#2384=IFCCARTESIANPOINT((0.,0.,0.));
#2385=IFCCARTESIANPOINT((-6.62763533706311,-1.0358407869935,-7.977));
#2386=IFCPOLYLINE((#2384,#2385));
#2387=IFCSWEPTDISKSOLID(#2386,0.1,0.09,$,$);
#2388=IFCSHAPEREPRESENTATION(#16,'Body','SweptSolid',(#2387));
#2389=IFCPRODUCTDEFINITIONSHAPE($,$,(#2388));
#2390=IFCCARTESIANPOINT((645.699702040642,478.105147937313,42.907));
#2391=IFCDIRECTION((0.,0.,1.));
#2392=IFCDIRECTION((1.,0.,0.));
#2393=IFCAXIS2PLACEMENT3D(#2390,#2391,#2392);
#2394=IFCLOCALPLACEMENT($,#2393);
#2395=IFCOWNERHISTORY(#3,#4,.READWRITE.,.ADDED.,1774189819,#3,#4,1774189819);
#2396=IFCPROPERTYSET('2borEMxtTDqf3g$YRHppli',#2395,'Dados',$,(#2399,#2400,#2401,#2402,#2403));
#2397=IFCOWNERHISTORY(#3,#4,.READWRITE.,.ADDED.,1774189819,#3,#4,1774189819);
#2398=IFCRELDEFINESBYPROPERTIES('010gAJF0D58fGxwJXt2DxD',#2397,$,$,(#2378),#2396);
#2399=IFCPROPERTYSINGLEVALUE('PV_Mont',$,IFCLABEL('PI_249'),$);
#2400=IFCPROPERTYSINGLEVALUE('PV_Jus',$,IFCLABEL('PI_107'),$);
#2401=IFCPROPERTYSINGLEVALUE('DN',$,IFCREAL(200.),$);
#2402=IFCPROPERTYSINGLEVALUE('Mat',$,IFCLABEL('PVC'),$);
#2403=IFCPROPERTYSINGLEVALUE('Ext_m',$,IFCREAL(5.47),$);
#2404=IFCOWNERHISTORY(#3,#4,.READWRITE.,.ADDED.,1774189819,#3,#4,1774189819);
#2405=IFCPROPERTYSET('0XOh7iJS591fC6vAQjkn0F',#2404,'Custo5D',$,(#2408,#2409,#2410,#2411,#2412));
#2406=IFCOWNERHISTORY(#3,#4,.READWRITE.,.ADDED.,1774189819,#3,#4,1774189819);
#2407=IFCRELDEFINESBYPROPERTIES('0$C8XG3j51Rfrc7jrlOUgO',#2406,$,$,(#2378),#2405);
#2408=IFCPROPERTYSINGLEVALUE('Tubo_RS',$,IFCREAL(257.75),$);
#2409=IFCPROPERTYSINGLEVALUE('Esc_RS',$,IFCREAL(67.32),$);
#2410=IFCPROPERTYSINGLEVALUE('Reat_RS',$,IFCREAL(40.37),$);
#2411=IFCPROPERTYSINGLEVALUE('Pav_RS',$,IFCREAL(374.59),$);
#2412=IFCPROPERTYSINGLEVALUE('Total_RS',$,IFCREAL(740.03),$);
#2413=IFCOWNERHISTORY(#3,#4,.READWRITE.,.MODIFIED.,1774189819,#3,#4,1774189819);
#2414=IFCFLOWSEGMENT('2fL3rEBCPCQv1kSnBRqucs',#2413,'T067_PI_114_PI_117',$,$,#2430,#2425,$);
#2420=IFCCARTESIANPOINT((0.,0.,0.));
#2421=IFCCARTESIANPOINT((11.9073794326396,1.34332204144448,-2.692));
#2422=IFCPOLYLINE((#2420,#2421));
#2423=IFCSWEPTDISKSOLID(#2422,0.1,0.09,$,$);
#2424=IFCSHAPEREPRESENTATION(#16,'Body','SweptSolid',(#2423));
#2425=IFCPRODUCTDEFINITIONSHAPE($,$,(#2424));
#2426=IFCCARTESIANPOINT((657.840405186871,483.710730049759,42.873));
#2427=IFCDIRECTION((0.,0.,1.));
#2428=IFCDIRECTION((1.,0.,0.));
#2429=IFCAXIS2PLACEMENT3D(#2426,#2427,#2428);
#2430=IFCLOCALPLACEMENT($,#2429);
#2431=IFCOWNERHISTORY(#3,#4,.READWRITE.,.ADDED.,1774189819,#3,#4,1774189819);
#2432=IFCPROPERTYSET('1OrYnARaz9jgh1V8w4_sCq',#2431,'Dados',$,(#2435,#2436,#2437,#2438,#2439));
#2433=IFCOWNERHISTORY(#3,#4,.READWRITE.,.ADDED.,1774189819,#3,#4,1774189819);
#2434=IFCRELDEFINESBYPROPERTIES('0f4ox9YTb9c88LN1c8Fdp9',#2433,$,$,(#2414),#2432);
#2435=IFCPROPERTYSINGLEVALUE('PV_Mont',$,IFCLABEL('PI_114'),$);
#2436=IFCPROPERTYSINGLEVALUE('PV_Jus',$,IFCLABEL('PI_117'),$);
#2437=IFCPROPERTYSINGLEVALUE('DN',$,IFCREAL(200.),$);
#2438=IFCPROPERTYSINGLEVALUE('Mat',$,IFCLABEL('PVC'),$);
#2439=IFCPROPERTYSINGLEVALUE('Ext_m',$,IFCREAL(10.77),$);
#2440=IFCOWNERHISTORY(#3,#4,.READWRITE.,.ADDED.,1774189819,#3,#4,1774189819);
#2441=IFCPROPERTYSET('3pNw0m7Q1FhvfsNN0IvEf4',#2440,'Custo5D',$,(#2444,#2445,#2446,#2447,#2448));
#2442=IFCOWNERHISTORY(#3,#4,.READWRITE.,.ADDED.,1774189819,#3,#4,1774189819);
#2443=IFCRELDEFINESBYPROPERTIES('2IGNS5VDP1X80xe$JgcEgz',#2442,$,$,(#2414),#2441);
#2444=IFCPROPERTYSINGLEVALUE('Tubo_RS',$,IFCREAL(507.48),$);
#2445=IFCPROPERTYSINGLEVALUE('Esc_RS',$,IFCREAL(318.14),$);
#2446=IFCPROPERTYSINGLEVALUE('Reat_RS',$,IFCREAL(190.76),$);
#2447=IFCPROPERTYSINGLEVALUE('Pav_RS',$,IFCREAL(737.53),$);
#2448=IFCPROPERTYSINGLEVALUE('Total_RS',$,IFCREAL(1753.91),$);
#2449=IFCOWNERHISTORY(#3,#4,.READWRITE.,.MODIFIED.,1774189819,#3,#4,1774189819);
#2450=IFCFLOWSEGMENT('2V4EwbNmz9vuhBgUfanJ0N',#2449,'T068_PI_115_PI_118',$,$,#2466,#2461,$);
#2456=IFCCARTESIANPOINT((0.,0.,0.));
#2457=IFCCARTESIANPOINT((3.28455685201334,-1.84563269559294,0.509));
#2458=IFCPOLYLINE((#2456,#2457));
#2459=IFCSWEPTDISKSOLID(#2458,0.1,0.09,$,$);
#2460=IFCSHAPEREPRESENTATION(#16,'Body','SweptSolid',(#2459));
#2461=IFCPRODUCTDEFINITIONSHAPE($,$,(#2460));
#2462=IFCCARTESIANPOINT((671.882987878751,484.481302448548,39.744));
#2463=IFCDIRECTION((0.,0.,1.));
#2464=IFCDIRECTION((1.,0.,0.));
#2465=IFCAXIS2PLACEMENT3D(#2462,#2463,#2464);
#2466=IFCLOCALPLACEMENT($,#2465);
#2467=IFCOWNERHISTORY(#3,#4,.READWRITE.,.ADDED.,1774189819,#3,#4,1774189819);
#2468=IFCPROPERTYSET('0QaI9aUDb92wEbg0jhtTPg',#2467,'Dados',$,(#2471,#2472,#2473,#2474,#2475));
#2469=IFCOWNERHISTORY(#3,#4,.READWRITE.,.ADDED.,1774189819,#3,#4,1774189819);
#2470=IFCRELDEFINESBYPROPERTIES('3GJmevEMH37hWU4d_0bnah',#2469,$,$,(#2450),#2468);
#2471=IFCPROPERTYSINGLEVALUE('PV_Mont',$,IFCLABEL('PI_115'),$);
#2472=IFCPROPERTYSINGLEVALUE('PV_Jus',$,IFCLABEL('PI_118'),$);
#2473=IFCPROPERTYSINGLEVALUE('DN',$,IFCREAL(200.),$);
#2474=IFCPROPERTYSINGLEVALUE('Mat',$,IFCLABEL('PVC'),$);
#2475=IFCPROPERTYSINGLEVALUE('Ext_m',$,IFCREAL(2.9),$);
#2476=IFCOWNERHISTORY(#3,#4,.READWRITE.,.ADDED.,1774189819,#3,#4,1774189819);
#2477=IFCPROPERTYSET('3PEjq3aAz229ML517B9kcm',#2476,'Custo5D',$,(#2480,#2481,#2482,#2483,#2484));
#2478=IFCOWNERHISTORY(#3,#4,.READWRITE.,.ADDED.,1774189819,#3,#4,1774189819);
#2479=IFCRELDEFINESBYPROPERTIES('2yNkkO$IbFpusxbPPpONez',#2478,$,$,(#2450),#2477);
#2480=IFCPROPERTYSINGLEVALUE('Tubo_RS',$,IFCREAL(136.65),$);
#2481=IFCPROPERTYSINGLEVALUE('Esc_RS',$,IFCREAL(42.83),$);
#2482=IFCPROPERTYSINGLEVALUE('Reat_RS',$,IFCREAL(25.68),$);
#2483=IFCPROPERTYSINGLEVALUE('Pav_RS',$,IFCREAL(198.59),$);
#2484=IFCPROPERTYSINGLEVALUE('Total_RS',$,IFCREAL(403.75),$);
#2485=IFCOWNERHISTORY(#3,#4,.READWRITE.,.MODIFIED.,1774189819,#3,#4,1774189819);
#2486=IFCFLOWSEGMENT('3723fleLrBAOcmx148P8$k',#2485,'T069_PI_119_PI_120',$,$,#2502,#2497,$);
#2492=IFCCARTESIANPOINT((0.,0.,0.));
#2493=IFCCARTESIANPOINT((30.9864285729127,10.8904043920338,4.116));
#2494=IFCPOLYLINE((#2492,#2493));
#2495=IFCSWEPTDISKSOLID(#2494,0.1,0.09,$,$);
#2496=IFCSHAPEREPRESENTATION(#16,'Body','SweptSolid',(#2495));
#2497=IFCPRODUCTDEFINITIONSHAPE($,$,(#2496));
#2498=IFCCARTESIANPOINT((716.086013725435,505.454435187392,43.982));
#2499=IFCDIRECTION((0.,0.,1.));
#2500=IFCDIRECTION((1.,0.,0.));
#2501=IFCAXIS2PLACEMENT3D(#2498,#2499,#2500);
#2502=IFCLOCALPLACEMENT($,#2501);
#2503=IFCOWNERHISTORY(#3,#4,.READWRITE.,.ADDED.,1774189819,#3,#4,1774189819);
#2504=IFCPROPERTYSET('048_EdlJXD6BkwVPoYnDas',#2503,'Dados',$,(#2507,#2508,#2509,#2510,#2511));
#2505=IFCOWNERHISTORY(#3,#4,.READWRITE.,.ADDED.,1774189819,#3,#4,1774189819);
#2506=IFCRELDEFINESBYPROPERTIES('3pdP3yADH1hgm1xTtMM_kY',#2505,$,$,(#2486),#2504);
#2507=IFCPROPERTYSINGLEVALUE('PV_Mont',$,IFCLABEL('PI_119'),$);
#2508=IFCPROPERTYSINGLEVALUE('PV_Jus',$,IFCLABEL('PI_120'),$);
#2509=IFCPROPERTYSINGLEVALUE('DN',$,IFCREAL(200.),$);
#2510=IFCPROPERTYSINGLEVALUE('Mat',$,IFCLABEL('PVC'),$);
#2511=IFCPROPERTYSINGLEVALUE('Ext_m',$,IFCREAL(32.84),$);
#2512=IFCOWNERHISTORY(#3,#4,.READWRITE.,.ADDED.,1774189819,#3,#4,1774189819);
#2513=IFCPROPERTYSET('0fyh_2YxD5ruaV4SvMP6XU',#2512,'Custo5D',$,(#2516,#2517,#2518,#2519,#2520));
#2514=IFCOWNERHISTORY(#3,#4,.READWRITE.,.ADDED.,1774189819,#3,#4,1774189819);
#2515=IFCRELDEFINESBYPROPERTIES('3PmKuRhcD4kPMbjDcQwFTo',#2514,$,$,(#2486),#2513);
#2516=IFCPROPERTYSINGLEVALUE('Tubo_RS',$,IFCREAL(1547.42),$);
#2517=IFCPROPERTYSINGLEVALUE('Esc_RS',$,IFCREAL(485.03),$);
#2518=IFCPROPERTYSINGLEVALUE('Reat_RS',$,IFCREAL(290.83),$);
#2519=IFCPROPERTYSINGLEVALUE('Pav_RS',$,IFCREAL(2248.88),$);
#2520=IFCPROPERTYSINGLEVALUE('Total_RS',$,IFCREAL(4572.17),$);
#2521=IFCOWNERHISTORY(#3,#4,.READWRITE.,.MODIFIED.,1774189819,#3,#4,1774189819);
#2522=IFCFLOWSEGMENT('0S1Np1OXb7dBI_qk8_GpDn',#2521,'T070_PI_121_PI_122',$,$,#2538,#2533,$);
#2528=IFCCARTESIANPOINT((0.,0.,0.));
#2529=IFCCARTESIANPOINT((-34.0931179175968,3.20811908598989,5.865));
#2530=IFCPOLYLINE((#2528,#2529));
#2531=IFCSWEPTDISKSOLID(#2530,0.1,0.09,$,$);
#2532=IFCSHAPEREPRESENTATION(#16,'Body','SweptSolid',(#2531));
#2533=IFCPRODUCTDEFINITIONSHAPE($,$,(#2532));
#2534=IFCCARTESIANPOINT((760.611765206209,524.161963571794,51.195));
#2535=IFCDIRECTION((0.,0.,1.));
#2536=IFCDIRECTION((1.,0.,0.));
#2537=IFCAXIS2PLACEMENT3D(#2534,#2535,#2536);
#2538=IFCLOCALPLACEMENT($,#2537);
#2539=IFCOWNERHISTORY(#3,#4,.READWRITE.,.ADDED.,1774189819,#3,#4,1774189819);
#2540=IFCPROPERTYSET('3c8DdJqR92_OZWZfw1FgvR',#2539,'Dados',$,(#2543,#2544,#2545,#2546,#2547));
#2541=IFCOWNERHISTORY(#3,#4,.READWRITE.,.ADDED.,1774189819,#3,#4,1774189819);
#2542=IFCRELDEFINESBYPROPERTIES('0HfWqF0Xv1tgeExqBef4Hf',#2541,$,$,(#2522),#2540);
#2543=IFCPROPERTYSINGLEVALUE('PV_Mont',$,IFCLABEL('PI_121'),$);
#2544=IFCPROPERTYSINGLEVALUE('PV_Jus',$,IFCLABEL('PI_122'),$);
#2545=IFCPROPERTYSINGLEVALUE('DN',$,IFCREAL(200.),$);
#2546=IFCPROPERTYSINGLEVALUE('Mat',$,IFCLABEL('PVC'),$);
#2547=IFCPROPERTYSINGLEVALUE('Ext_m',$,IFCREAL(34.14),$);
#2548=IFCOWNERHISTORY(#3,#4,.READWRITE.,.ADDED.,1774189819,#3,#4,1774189819);
#2549=IFCPROPERTYSET('2PLYTN1iXAj8_Qf_AgyLCG',#2548,'Custo5D',$,(#2552,#2553,#2554,#2555,#2556));
#2550=IFCOWNERHISTORY(#3,#4,.READWRITE.,.ADDED.,1774189819,#3,#4,1774189819);
#2551=IFCRELDEFINESBYPROPERTIES('1$ESyqvlLEAhy3iXyJr5MY',#2550,$,$,(#2522),#2549);
#2552=IFCPROPERTYSINGLEVALUE('Tubo_RS',$,IFCREAL(1608.68),$);
#2553=IFCPROPERTYSINGLEVALUE('Esc_RS',$,IFCREAL(504.23),$);
#2554=IFCPROPERTYSINGLEVALUE('Reat_RS',$,IFCREAL(302.34),$);
#2555=IFCPROPERTYSINGLEVALUE('Pav_RS',$,IFCREAL(2337.91),$);
#2556=IFCPROPERTYSINGLEVALUE('Total_RS',$,IFCREAL(4753.16),$);
#2557=IFCOWNERHISTORY(#3,#4,.READWRITE.,.MODIFIED.,1774189819,#3,#4,1774189819);
#2558=IFCFLOWSEGMENT('2ElAXC9EH8Evp5$6ODf0IW',#2557,'T071_PI_131_PI_132',$,$,#2574,#2569,$);
#2564=IFCCARTESIANPOINT((0.,0.,0.));
#2565=IFCCARTESIANPOINT((-10.2532758563757,10.191363058053,0.0810000000000031));
#2566=IFCPOLYLINE((#2564,#2565));
#2567=IFCSWEPTDISKSOLID(#2566,0.1,0.09,$,$);
#2568=IFCSHAPEREPRESENTATION(#16,'Body','SweptSolid',(#2567));
#2569=IFCPRODUCTDEFINITIONSHAPE($,$,(#2568));
#2570=IFCCARTESIANPOINT((738.000778672926,575.700034645386,83.356));
#2571=IFCDIRECTION((0.,0.,1.));
#2572=IFCDIRECTION((1.,0.,0.));
#2573=IFCAXIS2PLACEMENT3D(#2570,#2571,#2572);
#2574=IFCLOCALPLACEMENT($,#2573);
#2575=IFCOWNERHISTORY(#3,#4,.READWRITE.,.ADDED.,1774189819,#3,#4,1774189819);
#2576=IFCPROPERTYSET('3pOEJJ58L6UgfJHVpw6cxb',#2575,'Dados',$,(#2579,#2580,#2581,#2582,#2583));
#2577=IFCOWNERHISTORY(#3,#4,.READWRITE.,.ADDED.,1774189819,#3,#4,1774189819);
#2578=IFCRELDEFINESBYPROPERTIES('3HI8oxS1XA0Ab9Jv_no8LA',#2577,$,$,(#2558),#2576);
#2579=IFCPROPERTYSINGLEVALUE('PV_Mont',$,IFCLABEL('PI_131'),$);
#2580=IFCPROPERTYSINGLEVALUE('PV_Jus',$,IFCLABEL('PI_132'),$);
#2581=IFCPROPERTYSINGLEVALUE('DN',$,IFCREAL(200.),$);
#2582=IFCPROPERTYSINGLEVALUE('Mat',$,IFCLABEL('PVC'),$);
#2583=IFCPROPERTYSINGLEVALUE('Ext_m',$,IFCREAL(13.77),$);
#2584=IFCOWNERHISTORY(#3,#4,.READWRITE.,.ADDED.,1774189819,#3,#4,1774189819);
#2585=IFCPROPERTYSET('23cWvH_UDB5A9ys6a83jEz',#2584,'Custo5D',$,(#2588,#2589,#2590,#2591,#2592));
#2586=IFCOWNERHISTORY(#3,#4,.READWRITE.,.ADDED.,1774189819,#3,#4,1774189819);
#2587=IFCRELDEFINESBYPROPERTIES('3_l3tIcoTFsw6mXUPHQFbl',#2586,$,$,(#2558),#2585);
#2588=IFCPROPERTYSINGLEVALUE('Tubo_RS',$,IFCREAL(648.84),$);
#2589=IFCPROPERTYSINGLEVALUE('Esc_RS',$,IFCREAL(539.12),$);
#2590=IFCPROPERTYSINGLEVALUE('Reat_RS',$,IFCREAL(323.26),$);
#2591=IFCPROPERTYSINGLEVALUE('Pav_RS',$,IFCREAL(942.97),$);
#2592=IFCPROPERTYSINGLEVALUE('Total_RS',$,IFCREAL(2454.19),$);
#2593=IFCOWNERHISTORY(#3,#4,.READWRITE.,.MODIFIED.,1774189819,#3,#4,1774189819);
#2594=IFCFLOWSEGMENT('1Xe$_wWr96LwxSXPAHTCL1',#2593,'T072_PI_133_PI_134',$,$,#2610,#2605,$);
#2600=IFCCARTESIANPOINT((0.,0.,0.));
#2601=IFCCARTESIANPOINT((0.444601613213308,7.90678582992405,3.94300000000001));
#2602=IFCPOLYLINE((#2600,#2601));
#2603=IFCSWEPTDISKSOLID(#2602,0.1,0.09,$,$);
#2604=IFCSHAPEREPRESENTATION(#16,'Body','SweptSolid',(#2603));
#2605=IFCPRODUCTDEFINITIONSHAPE($,$,(#2604));
#2606=IFCCARTESIANPOINT((726.930443866935,587.897872271016,83.567));
#2607=IFCDIRECTION((0.,0.,1.));
#2608=IFCDIRECTION((1.,0.,0.));
#2609=IFCAXIS2PLACEMENT3D(#2606,#2607,#2608);
#2610=IFCLOCALPLACEMENT($,#2609);
#2611=IFCOWNERHISTORY(#3,#4,.READWRITE.,.ADDED.,1774189819,#3,#4,1774189819);
#2612=IFCPROPERTYSET('28K3CImobDIulOAJOSSWz_',#2611,'Dados',$,(#2615,#2616,#2617,#2618,#2619));
#2613=IFCOWNERHISTORY(#3,#4,.READWRITE.,.ADDED.,1774189819,#3,#4,1774189819);
#2614=IFCRELDEFINESBYPROPERTIES('2YvYv4ijTEhPKfkMtDYprs',#2613,$,$,(#2594),#2612);
#2615=IFCPROPERTYSINGLEVALUE('PV_Mont',$,IFCLABEL('PI_133'),$);
#2616=IFCPROPERTYSINGLEVALUE('PV_Jus',$,IFCLABEL('PI_134'),$);
#2617=IFCPROPERTYSINGLEVALUE('DN',$,IFCREAL(200.),$);
#2618=IFCPROPERTYSINGLEVALUE('Mat',$,IFCLABEL('PVC'),$);
#2619=IFCPROPERTYSINGLEVALUE('Ext_m',$,IFCREAL(7.92),$);
#2620=IFCOWNERHISTORY(#3,#4,.READWRITE.,.ADDED.,1774189819,#3,#4,1774189819);
#2621=IFCPROPERTYSET('0JEIvPOsr1d9cAwO2cUNWN',#2620,'Custo5D',$,(#2624,#2625,#2626,#2627,#2628));
#2622=IFCOWNERHISTORY(#3,#4,.READWRITE.,.ADDED.,1774189819,#3,#4,1774189819);
#2623=IFCRELDEFINESBYPROPERTIES('1RwQM0vxv5Av6MMjO0aAoa',#2622,$,$,(#2594),#2621);
#2624=IFCPROPERTYSINGLEVALUE('Tubo_RS',$,IFCREAL(373.19),$);
#2625=IFCPROPERTYSINGLEVALUE('Esc_RS',$,IFCREAL(136.47),$);
#2626=IFCPROPERTYSINGLEVALUE('Reat_RS',$,IFCREAL(81.83),$);
#2627=IFCPROPERTYSINGLEVALUE('Pav_RS',$,IFCREAL(542.36),$);
#2628=IFCPROPERTYSINGLEVALUE('Total_RS',$,IFCREAL(1133.85),$);
#2629=IFCOWNERHISTORY(#3,#4,.READWRITE.,.MODIFIED.,1774189819,#3,#4,1774189819);
#2630=IFCFLOWSEGMENT('2NvpcB6jfFjgmOHYIHqdSe',#2629,'T073_N_010_PI_137',$,$,#2646,#2641,$);
#2636=IFCCARTESIANPOINT((0.,0.,0.));
#2637=IFCCARTESIANPOINT((2.67151897103759,7.06278048269451,92.262));
#2638=IFCPOLYLINE((#2636,#2637));
#2639=IFCSWEPTDISKSOLID(#2638,0.1,0.09,$,$);
#2640=IFCSHAPEREPRESENTATION(#16,'Body','SweptSolid',(#2639));
#2641=IFCPRODUCTDEFINITIONSHAPE($,$,(#2640));
#2642=IFCCARTESIANPOINT((742.509771493264,603.010722063482,-1.5));
#2643=IFCDIRECTION((0.,0.,1.));
#2644=IFCDIRECTION((1.,0.,0.));
#2645=IFCAXIS2PLACEMENT3D(#2642,#2643,#2644);
#2646=IFCLOCALPLACEMENT($,#2645);
#2647=IFCOWNERHISTORY(#3,#4,.READWRITE.,.ADDED.,1774189819,#3,#4,1774189819);
#2648=IFCPROPERTYSET('14L8hmd757XQVCaMj0HDC7',#2647,'Dados',$,(#2651,#2652,#2653,#2654,#2655));
#2649=IFCOWNERHISTORY(#3,#4,.READWRITE.,.ADDED.,1774189819,#3,#4,1774189819);
#2650=IFCRELDEFINESBYPROPERTIES('24yIjgGLX7Gf4wAL9Gj7P4',#2649,$,$,(#2630),#2648);
#2651=IFCPROPERTYSINGLEVALUE('PV_Mont',$,IFCLABEL('N_010'),$);
#2652=IFCPROPERTYSINGLEVALUE('PV_Jus',$,IFCLABEL('PI_137'),$);
#2653=IFCPROPERTYSINGLEVALUE('DN',$,IFCREAL(200.),$);
#2654=IFCPROPERTYSINGLEVALUE('Mat',$,IFCLABEL('PVC'),$);
#2655=IFCPROPERTYSINGLEVALUE('Ext_m',$,IFCREAL(5.67),$);
#2656=IFCOWNERHISTORY(#3,#4,.READWRITE.,.ADDED.,1774189819,#3,#4,1774189819);
#2657=IFCPROPERTYSET('3vKb3jYG1BEhpsEhTFo5qz',#2656,'Custo5D',$,(#2660,#2661,#2662,#2663,#2664));
#2658=IFCOWNERHISTORY(#3,#4,.READWRITE.,.ADDED.,1774189819,#3,#4,1774189819);
#2659=IFCRELDEFINESBYPROPERTIES('2EBrVpeEj6DwZqqEqp$Fk3',#2658,$,$,(#2630),#2657);
#2660=IFCPROPERTYSINGLEVALUE('Tubo_RS',$,IFCREAL(267.17),$);
#2661=IFCPROPERTYSINGLEVALUE('Esc_RS',$,IFCREAL(209.36),$);
#2662=IFCPROPERTYSINGLEVALUE('Reat_RS',$,IFCREAL(125.53),$);
#2663=IFCPROPERTYSINGLEVALUE('Pav_RS',$,IFCREAL(388.28),$);
#2664=IFCPROPERTYSINGLEVALUE('Total_RS',$,IFCREAL(990.34),$);
#2665=IFCOWNERHISTORY(#3,#4,.READWRITE.,.MODIFIED.,1774189819,#3,#4,1774189819);
#2666=IFCFLOWSEGMENT('2jHiJO1MT3VQd7oHKtEtzc',#2665,'T074_PI_137_PI_138',$,$,#2682,#2677,$);
#2672=IFCCARTESIANPOINT((0.,0.,0.));
#2673=IFCCARTESIANPOINT((5.19793556752848,16.1161873675883,1.654));
#2674=IFCPOLYLINE((#2672,#2673));
#2675=IFCSWEPTDISKSOLID(#2674,0.1,0.09,$,$);
#2676=IFCSHAPEREPRESENTATION(#16,'Body','SweptSolid',(#2675));
#2677=IFCPRODUCTDEFINITIONSHAPE($,$,(#2676));
#2678=IFCCARTESIANPOINT((745.181290464301,610.073502546176,90.762));
#2679=IFCDIRECTION((0.,0.,1.));
#2680=IFCDIRECTION((1.,0.,0.));
#2681=IFCAXIS2PLACEMENT3D(#2678,#2679,#2680);
#2682=IFCLOCALPLACEMENT($,#2681);
#2683=IFCOWNERHISTORY(#3,#4,.READWRITE.,.ADDED.,1774189819,#3,#4,1774189819);
#2684=IFCPROPERTYSET('3wuJ0D36f7zQzwRrS8HBlY',#2683,'Dados',$,(#2687,#2688,#2689,#2690,#2691));
#2685=IFCOWNERHISTORY(#3,#4,.READWRITE.,.ADDED.,1774189819,#3,#4,1774189819);
#2686=IFCRELDEFINESBYPROPERTIES('1z2KrdUC5008NRl$k2L_bC',#2685,$,$,(#2666),#2684);
#2687=IFCPROPERTYSINGLEVALUE('PV_Mont',$,IFCLABEL('PI_137'),$);
#2688=IFCPROPERTYSINGLEVALUE('PV_Jus',$,IFCLABEL('PI_138'),$);
#2689=IFCPROPERTYSINGLEVALUE('DN',$,IFCREAL(200.),$);
#2690=IFCPROPERTYSINGLEVALUE('Mat',$,IFCLABEL('PVC'),$);
#2691=IFCPROPERTYSINGLEVALUE('Ext_m',$,IFCREAL(15.79),$);
#2692=IFCOWNERHISTORY(#3,#4,.READWRITE.,.ADDED.,1774189819,#3,#4,1774189819);
#2693=IFCPROPERTYSET('2aAmn4xrX278qtey6uNDtm',#2692,'Custo5D',$,(#2696,#2697,#2698,#2699,#2700));
#2694=IFCOWNERHISTORY(#3,#4,.READWRITE.,.ADDED.,1774189819,#3,#4,1774189819);
#2695=IFCRELDEFINESBYPROPERTIES('2XXytW4lf95uqJXxdld9fe',#2694,$,$,(#2666),#2693);
#2696=IFCPROPERTYSINGLEVALUE('Tubo_RS',$,IFCREAL(744.02),$);
#2697=IFCPROPERTYSINGLEVALUE('Esc_RS',$,IFCREAL(233.21),$);
#2698=IFCPROPERTYSINGLEVALUE('Reat_RS',$,IFCREAL(139.84),$);
#2699=IFCPROPERTYSINGLEVALUE('Pav_RS',$,IFCREAL(1081.3),$);
#2700=IFCPROPERTYSINGLEVALUE('Total_RS',$,IFCREAL(2198.37),$);
#2701=IFCOWNERHISTORY(#3,#4,.READWRITE.,.MODIFIED.,1774189819,#3,#4,1774189819);
#2702=IFCFLOWSEGMENT('2qCo1tjfHDluQe6UyXZcoj',#2701,'T075_PI_139_N_021',$,$,#2718,#2713,$);
#2708=IFCCARTESIANPOINT((0.,0.,0.));
#2709=IFCCARTESIANPOINT((8.8379077038262,14.2306172689423,-93.432));
#2710=IFCPOLYLINE((#2708,#2709));
#2711=IFCSWEPTDISKSOLID(#2710,0.1,0.09,$,$);
#2712=IFCSHAPEREPRESENTATION(#16,'Body','SweptSolid',(#2711));
#2713=IFCPRODUCTDEFINITIONSHAPE($,$,(#2712));
#2714=IFCCARTESIANPOINT((751.390246772033,628.35211659316,91.932));
#2715=IFCDIRECTION((0.,0.,1.));
#2716=IFCDIRECTION((1.,0.,0.));
#2717=IFCAXIS2PLACEMENT3D(#2714,#2715,#2716);
#2718=IFCLOCALPLACEMENT($,#2717);
#2719=IFCOWNERHISTORY(#3,#4,.READWRITE.,.ADDED.,1774189819,#3,#4,1774189819);
#2720=IFCPROPERTYSET('1rHNbV3qf0dxYakDGCo7q1',#2719,'Dados',$,(#2723,#2724,#2725,#2726,#2727));
#2721=IFCOWNERHISTORY(#3,#4,.READWRITE.,.ADDED.,1774189819,#3,#4,1774189819);
#2722=IFCRELDEFINESBYPROPERTIES('1Ao_t42FrEWeDMZ7oN0lsh',#2721,$,$,(#2702),#2720);
#2723=IFCPROPERTYSINGLEVALUE('PV_Mont',$,IFCLABEL('PI_139'),$);
#2724=IFCPROPERTYSINGLEVALUE('PV_Jus',$,IFCLABEL('N_021'),$);
#2725=IFCPROPERTYSINGLEVALUE('DN',$,IFCREAL(200.),$);
#2726=IFCPROPERTYSINGLEVALUE('Mat',$,IFCLABEL('PVC'),$);
#2727=IFCPROPERTYSINGLEVALUE('Ext_m',$,IFCREAL(15.6),$);
#2728=IFCOWNERHISTORY(#3,#4,.READWRITE.,.ADDED.,1774189819,#3,#4,1774189819);
#2729=IFCPROPERTYSET('3r2xF1Fhr7RPXC6Qdnhdsl',#2728,'Custo5D',$,(#2732,#2733,#2734,#2735,#2736));
#2730=IFCOWNERHISTORY(#3,#4,.READWRITE.,.ADDED.,1774189819,#3,#4,1774189819);
#2731=IFCRELDEFINESBYPROPERTIES('254gqS$NLATQJI4N7zJP4d',#2730,$,$,(#2702),#2729);
#2732=IFCPROPERTYSINGLEVALUE('Tubo_RS',$,IFCREAL(735.07),$);
#2733=IFCPROPERTYSINGLEVALUE('Esc_RS',$,IFCREAL(576.01),$);
#2734=IFCPROPERTYSINGLEVALUE('Reat_RS',$,IFCREAL(345.38),$);
#2735=IFCPROPERTYSINGLEVALUE('Pav_RS',$,IFCREAL(1068.29),$);
#2736=IFCPROPERTYSINGLEVALUE('Total_RS',$,IFCREAL(2724.76),$);
#2737=IFCOWNERHISTORY(#3,#4,.READWRITE.,.MODIFIED.,1774189819,#3,#4,1774189819);
#2738=IFCFLOWSEGMENT('3Hb9353V57iBFAMgaQcADx',#2737,'T076_N_021_PI_143',$,$,#2754,#2749,$);
#2744=IFCCARTESIANPOINT((0.,0.,0.));
#2745=IFCCARTESIANPOINT((10.6258623904432,-7.96589581947774,99.725));
#2746=IFCPOLYLINE((#2744,#2745));
#2747=IFCSWEPTDISKSOLID(#2746,0.1,0.09,$,$);
#2748=IFCSHAPEREPRESENTATION(#16,'Body','SweptSolid',(#2747));
#2749=IFCPRODUCTDEFINITIONSHAPE($,$,(#2748));
#2750=IFCCARTESIANPOINT((760.228154475859,642.582733862102,-1.5));
#2751=IFCDIRECTION((0.,0.,1.));
#2752=IFCDIRECTION((1.,0.,0.));
#2753=IFCAXIS2PLACEMENT3D(#2750,#2751,#2752);
#2754=IFCLOCALPLACEMENT($,#2753);
#2755=IFCOWNERHISTORY(#3,#4,.READWRITE.,.ADDED.,1774189819,#3,#4,1774189819);
#2756=IFCPROPERTYSET('0rmHAXkiL9aBKqeoKPr3At',#2755,'Dados',$,(#2759,#2760,#2761,#2762,#2763));
#2757=IFCOWNERHISTORY(#3,#4,.READWRITE.,.ADDED.,1774189819,#3,#4,1774189819);
#2758=IFCRELDEFINESBYPROPERTIES('0_0bMeaFn39RnmEw_9jUIS',#2757,$,$,(#2738),#2756);
#2759=IFCPROPERTYSINGLEVALUE('PV_Mont',$,IFCLABEL('N_021'),$);
#2760=IFCPROPERTYSINGLEVALUE('PV_Jus',$,IFCLABEL('PI_143'),$);
#2761=IFCPROPERTYSINGLEVALUE('DN',$,IFCREAL(200.),$);
#2762=IFCPROPERTYSINGLEVALUE('Mat',$,IFCLABEL('PVC'),$);
#2763=IFCPROPERTYSINGLEVALUE('Ext_m',$,IFCREAL(12.41),$);
#2764=IFCOWNERHISTORY(#3,#4,.READWRITE.,.ADDED.,1774189819,#3,#4,1774189819);
#2765=IFCPROPERTYSET('3OLmRPHSv8t9f2DeIy1tl2',#2764,'Custo5D',$,(#2768,#2769,#2770,#2771,#2772));
#2766=IFCOWNERHISTORY(#3,#4,.READWRITE.,.ADDED.,1774189819,#3,#4,1774189819);
#2767=IFCRELDEFINESBYPROPERTIES('29IgU0f_91aw0FQUqnGh7k',#2766,$,$,(#2738),#2765);
#2768=IFCPROPERTYSINGLEVALUE('Tubo_RS',$,IFCREAL(584.76),$);
#2769=IFCPROPERTYSINGLEVALUE('Esc_RS',$,IFCREAL(458.23),$);
#2770=IFCPROPERTYSINGLEVALUE('Reat_RS',$,IFCREAL(274.76),$);
#2771=IFCPROPERTYSINGLEVALUE('Pav_RS',$,IFCREAL(849.84),$);
#2772=IFCPROPERTYSINGLEVALUE('Total_RS',$,IFCREAL(2167.58),$);
#2773=IFCOWNERHISTORY(#3,#4,.READWRITE.,.MODIFIED.,1774189819,#3,#4,1774189819);
#2774=IFCFLOWSEGMENT('1dHsEwQrb48uxvL6x_Hynb',#2773,'T077_PI_145_PI_146',$,$,#2790,#2785,$);
#2780=IFCCARTESIANPOINT((0.,0.,0.));
#2781=IFCCARTESIANPOINT((34.8383454649593,18.8246921729296,6.22399999999999));
#2782=IFCPOLYLINE((#2780,#2781));
#2783=IFCSWEPTDISKSOLID(#2782,0.1,0.09,$,$);
#2784=IFCSHAPEREPRESENTATION(#16,'Body','SweptSolid',(#2783));
#2785=IFCPRODUCTDEFINITIONSHAPE($,$,(#2784));
#2786=IFCCARTESIANPOINT((822.998435071378,640.010678353719,118.022));
#2787=IFCDIRECTION((0.,0.,1.));
#2788=IFCDIRECTION((1.,0.,0.));
#2789=IFCAXIS2PLACEMENT3D(#2786,#2787,#2788);
#2790=IFCLOCALPLACEMENT($,#2789);
#2791=IFCOWNERHISTORY(#3,#4,.READWRITE.,.ADDED.,1774189819,#3,#4,1774189819);
#2792=IFCPROPERTYSET('1DXjQZ7Tj5aASkNy0U2W0w',#2791,'Dados',$,(#2795,#2796,#2797,#2798,#2799));
#2793=IFCOWNERHISTORY(#3,#4,.READWRITE.,.ADDED.,1774189819,#3,#4,1774189819);
#2794=IFCRELDEFINESBYPROPERTIES('348zuKf29DNR6XZpjWpQYB',#2793,$,$,(#2774),#2792);
#2795=IFCPROPERTYSINGLEVALUE('PV_Mont',$,IFCLABEL('PI_145'),$);
#2796=IFCPROPERTYSINGLEVALUE('PV_Jus',$,IFCLABEL('PI_146'),$);
#2797=IFCPROPERTYSINGLEVALUE('DN',$,IFCREAL(200.),$);
#2798=IFCPROPERTYSINGLEVALUE('Mat',$,IFCLABEL('PVC'),$);
#2799=IFCPROPERTYSINGLEVALUE('Ext_m',$,IFCREAL(38.54),$);
#2800=IFCOWNERHISTORY(#3,#4,.READWRITE.,.ADDED.,1774189819,#3,#4,1774189819);
#2801=IFCPROPERTYSET('24tzgX$LH3VOTHz4AUqUXk',#2800,'Custo5D',$,(#2804,#2805,#2806,#2807,#2808));
#2802=IFCOWNERHISTORY(#3,#4,.READWRITE.,.ADDED.,1774189819,#3,#4,1774189819);
#2803=IFCRELDEFINESBYPROPERTIES('0tyKpaU2fBkApMz99U2IZY',#2802,$,$,(#2774),#2801);
#2804=IFCPROPERTYSINGLEVALUE('Tubo_RS',$,IFCREAL(1816.),$);
#2805=IFCPROPERTYSINGLEVALUE('Esc_RS',$,IFCREAL(569.22),$);
#2806=IFCPROPERTYSINGLEVALUE('Reat_RS',$,IFCREAL(341.31),$);
#2807=IFCPROPERTYSINGLEVALUE('Pav_RS',$,IFCREAL(2639.22),$);
#2808=IFCPROPERTYSINGLEVALUE('Total_RS',$,IFCREAL(5365.75),$);
#2809=IFCOWNERHISTORY(#3,#4,.READWRITE.,.MODIFIED.,1774189819,#3,#4,1774189819);
#2810=IFCFLOWSEGMENT('2e1Uu19VP7cfPjriR1TOaE',#2809,'T078_PI_146_PI_147',$,$,#2826,#2821,$);
#2816=IFCCARTESIANPOINT((0.,0.,0.));
#2817=IFCCARTESIANPOINT((-2.22399469983066,6.65556493867189,-0.10499999999999));
#2818=IFCPOLYLINE((#2816,#2817));
#2819=IFCSWEPTDISKSOLID(#2818,0.1,0.09,$,$);
#2820=IFCSHAPEREPRESENTATION(#16,'Body','SweptSolid',(#2819));
#2821=IFCPRODUCTDEFINITIONSHAPE($,$,(#2820));
#2822=IFCCARTESIANPOINT((857.836780536338,658.835370526649,124.246));
#2823=IFCDIRECTION((0.,0.,1.));
#2824=IFCDIRECTION((1.,0.,0.));
#2825=IFCAXIS2PLACEMENT3D(#2822,#2823,#2824);
#2826=IFCLOCALPLACEMENT($,#2825);
#2827=IFCOWNERHISTORY(#3,#4,.READWRITE.,.ADDED.,1774189819,#3,#4,1774189819);
#2828=IFCPROPERTYSET('0TZJLT0i53QgjObEm9qtII',#2827,'Dados',$,(#2831,#2832,#2833,#2834,#2835));
#2829=IFCOWNERHISTORY(#3,#4,.READWRITE.,.ADDED.,1774189819,#3,#4,1774189819);
#2830=IFCRELDEFINESBYPROPERTIES('3DjkZ1iQDD1hidt00CyM6_',#2829,$,$,(#2810),#2828);
#2831=IFCPROPERTYSINGLEVALUE('PV_Mont',$,IFCLABEL('PI_146'),$);
#2832=IFCPROPERTYSINGLEVALUE('PV_Jus',$,IFCLABEL('PI_147'),$);
#2833=IFCPROPERTYSINGLEVALUE('DN',$,IFCREAL(200.),$);
#2834=IFCPROPERTYSINGLEVALUE('Mat',$,IFCLABEL('PVC'),$);
#2835=IFCPROPERTYSINGLEVALUE('Ext_m',$,IFCREAL(6.34),$);
#2836=IFCOWNERHISTORY(#3,#4,.READWRITE.,.ADDED.,1774189819,#3,#4,1774189819);
#2837=IFCPROPERTYSET('0ZwLGG2EP9Pgv3_wp6lQb$',#2836,'Custo5D',$,(#2840,#2841,#2842,#2843,#2844));
#2838=IFCOWNERHISTORY(#3,#4,.READWRITE.,.ADDED.,1774189819,#3,#4,1774189819);
#2839=IFCRELDEFINESBYPROPERTIES('0SsqvZDDP6KRYCIysOzOjA',#2838,$,$,(#2810),#2837);
#2840=IFCPROPERTYSINGLEVALUE('Tubo_RS',$,IFCREAL(298.74),$);
#2841=IFCPROPERTYSINGLEVALUE('Esc_RS',$,IFCREAL(93.64),$);
#2842=IFCPROPERTYSINGLEVALUE('Reat_RS',$,IFCREAL(56.15),$);
#2843=IFCPROPERTYSINGLEVALUE('Pav_RS',$,IFCREAL(434.16),$);
#2844=IFCPROPERTYSINGLEVALUE('Total_RS',$,IFCREAL(882.69),$);
#2845=IFCOWNERHISTORY(#3,#4,.READWRITE.,.MODIFIED.,1774189819,#3,#4,1774189819);
#2846=IFCFLOWSEGMENT('0qNmA7YOv64hnlxfbkcUcL',#2845,'T079_PI_148_PI_150',$,$,#2862,#2857,$);
#2852=IFCCARTESIANPOINT((0.,0.,0.));
#2853=IFCCARTESIANPOINT((3.31739334115991,23.4637356130406,-7.571));
#2854=IFCPOLYLINE((#2852,#2853));
#2855=IFCSWEPTDISKSOLID(#2854,0.1,0.09,$,$);
#2856=IFCSHAPEREPRESENTATION(#16,'Body','SweptSolid',(#2855));
#2857=IFCPRODUCTDEFINITIONSHAPE($,$,(#2856));
#2858=IFCCARTESIANPOINT((813.521903931745,695.299132361077,112.961));
#2859=IFCDIRECTION((0.,0.,1.));
#2860=IFCDIRECTION((1.,0.,0.));
#2861=IFCAXIS2PLACEMENT3D(#2858,#2859,#2860);
#2862=IFCLOCALPLACEMENT($,#2861);
#2863=IFCOWNERHISTORY(#3,#4,.READWRITE.,.ADDED.,1774189819,#3,#4,1774189819);
#2864=IFCPROPERTYSET('2VwH0CvJP9_Qk1wFltL0Rh',#2863,'Dados',$,(#2867,#2868,#2869,#2870,#2871));
#2865=IFCOWNERHISTORY(#3,#4,.READWRITE.,.ADDED.,1774189819,#3,#4,1774189819);
#2866=IFCRELDEFINESBYPROPERTIES('1npKI_iFzB6fIN_f0xzHPf',#2865,$,$,(#2846),#2864);
#2867=IFCPROPERTYSINGLEVALUE('PV_Mont',$,IFCLABEL('PI_148'),$);
#2868=IFCPROPERTYSINGLEVALUE('PV_Jus',$,IFCLABEL('PI_150'),$);
#2869=IFCPROPERTYSINGLEVALUE('DN',$,IFCREAL(200.),$);
#2870=IFCPROPERTYSINGLEVALUE('Mat',$,IFCLABEL('PVC'),$);
#2871=IFCPROPERTYSINGLEVALUE('Ext_m',$,IFCREAL(21.21),$);
#2872=IFCOWNERHISTORY(#3,#4,.READWRITE.,.ADDED.,1774189819,#3,#4,1774189819);
#2873=IFCPROPERTYSET('3Rfz6yrub5R9J67SMN1dZQ',#2872,'Custo5D',$,(#2876,#2877,#2878,#2879,#2880));
#2874=IFCOWNERHISTORY(#3,#4,.READWRITE.,.ADDED.,1774189819,#3,#4,1774189819);
#2875=IFCRELDEFINESBYPROPERTIES('018sP1tEHCPAtFzS1ajzSI',#2874,$,$,(#2846),#2873);
#2876=IFCPROPERTYSINGLEVALUE('Tubo_RS',$,IFCREAL(999.42),$);
#2877=IFCPROPERTYSINGLEVALUE('Esc_RS',$,IFCREAL(313.26),$);
#2878=IFCPROPERTYSINGLEVALUE('Reat_RS',$,IFCREAL(187.84),$);
#2879=IFCPROPERTYSINGLEVALUE('Pav_RS',$,IFCREAL(1452.46),$);
#2880=IFCPROPERTYSINGLEVALUE('Total_RS',$,IFCREAL(2952.97),$);
#2881=IFCOWNERHISTORY(#3,#4,.READWRITE.,.MODIFIED.,1774189819,#3,#4,1774189819);
#2882=IFCFLOWSEGMENT('1NmSv8o7v5OOdDQqXiEcQM',#2881,'T080_PI_150_PI_151',$,$,#2898,#2893,$);
#2888=IFCCARTESIANPOINT((0.,0.,0.));
#2889=IFCCARTESIANPOINT((54.7644289946766,-15.6595516847447,10.17));
#2890=IFCPOLYLINE((#2888,#2889));
#2891=IFCSWEPTDISKSOLID(#2890,0.1,0.09,$,$);
#2892=IFCSHAPEREPRESENTATION(#16,'Body','SweptSolid',(#2891));
#2893=IFCPRODUCTDEFINITIONSHAPE($,$,(#2892));
#2894=IFCCARTESIANPOINT((816.839297272905,718.762867974117,105.39));
#2895=IFCDIRECTION((0.,0.,1.));
#2896=IFCDIRECTION((1.,0.,0.));
#2897=IFCAXIS2PLACEMENT3D(#2894,#2895,#2896);
#2898=IFCLOCALPLACEMENT($,#2897);
#2899=IFCOWNERHISTORY(#3,#4,.READWRITE.,.ADDED.,1774189819,#3,#4,1774189819);
#2900=IFCPROPERTYSET('01EicSsiLFBvn0dKC3UIzl',#2899,'Dados',$,(#2903,#2904,#2905,#2906,#2907));
#2901=IFCOWNERHISTORY(#3,#4,.READWRITE.,.ADDED.,1774189819,#3,#4,1774189819);
#2902=IFCRELDEFINESBYPROPERTIES('0H1TVX_l5BHgADp6aCEQNC',#2901,$,$,(#2882),#2900);
#2903=IFCPROPERTYSINGLEVALUE('PV_Mont',$,IFCLABEL('PI_150'),$);
#2904=IFCPROPERTYSINGLEVALUE('PV_Jus',$,IFCLABEL('PI_151'),$);
#2905=IFCPROPERTYSINGLEVALUE('DN',$,IFCREAL(200.),$);
#2906=IFCPROPERTYSINGLEVALUE('Mat',$,IFCLABEL('PVC'),$);
#2907=IFCPROPERTYSINGLEVALUE('Ext_m',$,IFCREAL(55.54),$);
#2908=IFCOWNERHISTORY(#3,#4,.READWRITE.,.ADDED.,1774189819,#3,#4,1774189819);
#2909=IFCPROPERTYSET('2kB_5OlOfE08HCUqqlS8N5',#2908,'Custo5D',$,(#2912,#2913,#2914,#2915,#2916));
#2910=IFCOWNERHISTORY(#3,#4,.READWRITE.,.ADDED.,1774189819,#3,#4,1774189819);
#2911=IFCRELDEFINESBYPROPERTIES('2YO8p9bwD3jeSgGiGPE$lB',#2910,$,$,(#2882),#2909);
#2912=IFCPROPERTYSINGLEVALUE('Tubo_RS',$,IFCREAL(2617.04),$);
#2913=IFCPROPERTYSINGLEVALUE('Esc_RS',$,IFCREAL(820.3),$);
#2914=IFCPROPERTYSINGLEVALUE('Reat_RS',$,IFCREAL(491.86),$);
#2915=IFCPROPERTYSINGLEVALUE('Pav_RS',$,IFCREAL(3803.38),$);
#2916=IFCPROPERTYSINGLEVALUE('Total_RS',$,IFCREAL(7732.59),$);
#2917=IFCOWNERHISTORY(#3,#4,.READWRITE.,.MODIFIED.,1774189819,#3,#4,1774189819);
#2918=IFCFLOWSEGMENT('0RIwEBqML4phjX4idrNaFA',#2917,'T081_PI_151_PI_152',$,$,#2934,#2929,$);
#2924=IFCCARTESIANPOINT((0.,0.,0.));
#2925=IFCCARTESIANPOINT((-1.9908057533321,-8.88596887979656,4.346));
#2926=IFCPOLYLINE((#2924,#2925));
#2927=IFCSWEPTDISKSOLID(#2926,0.1,0.09,$,$);
#2928=IFCSHAPEREPRESENTATION(#16,'Body','SweptSolid',(#2927));
#2929=IFCPRODUCTDEFINITIONSHAPE($,$,(#2928));
#2930=IFCCARTESIANPOINT((871.603726267582,703.103316289373,115.56));
#2931=IFCDIRECTION((0.,0.,1.));
#2932=IFCDIRECTION((1.,0.,0.));
#2933=IFCAXIS2PLACEMENT3D(#2930,#2931,#2932);
#2934=IFCLOCALPLACEMENT($,#2933);
#2935=IFCOWNERHISTORY(#3,#4,.READWRITE.,.ADDED.,1774189819,#3,#4,1774189819);
#2936=IFCPROPERTYSET('1pm8DmMUvAugavCdLjqLDI',#2935,'Dados',$,(#2939,#2940,#2941,#2942,#2943));
#2937=IFCOWNERHISTORY(#3,#4,.READWRITE.,.ADDED.,1774189819,#3,#4,1774189819);
#2938=IFCRELDEFINESBYPROPERTIES('0Myc_6yDXDKOdiPestwtd3',#2937,$,$,(#2918),#2936);
#2939=IFCPROPERTYSINGLEVALUE('PV_Mont',$,IFCLABEL('PI_151'),$);
#2940=IFCPROPERTYSINGLEVALUE('PV_Jus',$,IFCLABEL('PI_152'),$);
#2941=IFCPROPERTYSINGLEVALUE('DN',$,IFCREAL(200.),$);
#2942=IFCPROPERTYSINGLEVALUE('Mat',$,IFCLABEL('PVC'),$);
#2943=IFCPROPERTYSINGLEVALUE('Ext_m',$,IFCREAL(8.5),$);
#2944=IFCOWNERHISTORY(#3,#4,.READWRITE.,.ADDED.,1774189819,#3,#4,1774189819);
#2945=IFCPROPERTYSET('0l52Jj03933x2lot5nGv2l',#2944,'Custo5D',$,(#2948,#2949,#2950,#2951,#2952));
#2946=IFCOWNERHISTORY(#3,#4,.READWRITE.,.ADDED.,1774189819,#3,#4,1774189819);
#2947=IFCRELDEFINESBYPROPERTIES('3MiTcWx311PAbdWH$Ra5$e',#2946,$,$,(#2918),#2945);
#2948=IFCPROPERTYSINGLEVALUE('Tubo_RS',$,IFCREAL(400.52),$);
#2949=IFCPROPERTYSINGLEVALUE('Esc_RS',$,IFCREAL(125.54),$);
#2950=IFCPROPERTYSINGLEVALUE('Reat_RS',$,IFCREAL(75.28),$);
#2951=IFCPROPERTYSINGLEVALUE('Pav_RS',$,IFCREAL(582.08),$);
#2952=IFCPROPERTYSINGLEVALUE('Total_RS',$,IFCREAL(1183.42),$);
#2953=IFCOWNERHISTORY(#3,#4,.READWRITE.,.MODIFIED.,1774189819,#3,#4,1774189819);
#2954=IFCFLOWSEGMENT('1faR$h3tD05PIYPPKVClSz',#2953,'T082_PI_148_PI_156',$,$,#2970,#2965,$);
#2960=IFCCARTESIANPOINT((0.,0.,0.));
#2961=IFCCARTESIANPOINT((16.0971661355579,-21.2642684606835,6.12));
#2962=IFCPOLYLINE((#2960,#2961));
#2963=IFCSWEPTDISKSOLID(#2962,0.1,0.09,$,$);
#2964=IFCSHAPEREPRESENTATION(#16,'Body','SweptSolid',(#2963));
#2965=IFCPRODUCTDEFINITIONSHAPE($,$,(#2964));
#2966=IFCCARTESIANPOINT((813.521903931745,695.299132361077,112.961));
#2967=IFCDIRECTION((0.,0.,1.));
#2968=IFCDIRECTION((1.,0.,0.));
#2969=IFCAXIS2PLACEMENT3D(#2966,#2967,#2968);
#2970=IFCLOCALPLACEMENT($,#2969);
#2971=IFCOWNERHISTORY(#3,#4,.READWRITE.,.ADDED.,1774189819,#3,#4,1774189819);
#2972=IFCPROPERTYSET('2W7Ie_ko9AJRonIJQlXYw9',#2971,'Dados',$,(#2975,#2976,#2977,#2978,#2979));
#2973=IFCOWNERHISTORY(#3,#4,.READWRITE.,.ADDED.,1774189819,#3,#4,1774189819);
#2974=IFCRELDEFINESBYPROPERTIES('06700VYKH8PgByh8A5$cJv',#2973,$,$,(#2954),#2972);
#2975=IFCPROPERTYSINGLEVALUE('PV_Mont',$,IFCLABEL('PI_148'),$);
#2976=IFCPROPERTYSINGLEVALUE('PV_Jus',$,IFCLABEL('PI_156'),$);
#2977=IFCPROPERTYSINGLEVALUE('DN',$,IFCREAL(200.),$);
#2978=IFCPROPERTYSINGLEVALUE('Mat',$,IFCLABEL('PVC'),$);
#2979=IFCPROPERTYSINGLEVALUE('Ext_m',$,IFCREAL(25.95),$);
#2980=IFCOWNERHISTORY(#3,#4,.READWRITE.,.ADDED.,1774189819,#3,#4,1774189819);
#2981=IFCPROPERTYSET('2o3mJyCejCy8OQV0YtC_us',#2980,'Custo5D',$,(#2984,#2985,#2986,#2987,#2988));
#2982=IFCOWNERHISTORY(#3,#4,.READWRITE.,.ADDED.,1774189819,#3,#4,1774189819);
#2983=IFCRELDEFINESBYPROPERTIES('3B9tldYuPFZ93BwSfmfOc7',#2982,$,$,(#2954),#2981);
#2984=IFCPROPERTYSINGLEVALUE('Tubo_RS',$,IFCREAL(1222.76),$);
#2985=IFCPROPERTYSINGLEVALUE('Esc_RS',$,IFCREAL(383.27),$);
#2986=IFCPROPERTYSINGLEVALUE('Reat_RS',$,IFCREAL(229.81),$);
#2987=IFCPROPERTYSINGLEVALUE('Pav_RS',$,IFCREAL(1777.06),$);
#2988=IFCPROPERTYSINGLEVALUE('Total_RS',$,IFCREAL(3612.9),$);
#2989=IFCOWNERHISTORY(#3,#4,.READWRITE.,.MODIFIED.,1774189819,#3,#4,1774189819);
#2990=IFCFLOWSEGMENT('1MkkZOACzEChrT$FFVx$xL',#2989,'T083_PI_149_PI_148',$,$,#3006,#3001,$);
#2996=IFCCARTESIANPOINT((0.,0.,0.));
#2997=IFCCARTESIANPOINT((1.31296732689952,13.9913249947131,2.384));
#2998=IFCPOLYLINE((#2996,#2997));
#2999=IFCSWEPTDISKSOLID(#2998,0.1,0.09,$,$);
#3000=IFCSHAPEREPRESENTATION(#16,'Body','SweptSolid',(#2999));
#3001=IFCPRODUCTDEFINITIONSHAPE($,$,(#3000));
#3002=IFCCARTESIANPOINT((812.208936604846,681.307807366364,110.577));
#3003=IFCDIRECTION((0.,0.,1.));
#3004=IFCDIRECTION((1.,0.,0.));
#3005=IFCAXIS2PLACEMENT3D(#3002,#3003,#3004);
#3006=IFCLOCALPLACEMENT($,#3005);
#3007=IFCOWNERHISTORY(#3,#4,.READWRITE.,.ADDED.,1774189819,#3,#4,1774189819);
#3008=IFCPROPERTYSET('3OSkGuv6f4pvBkHJ_wcJH1',#3007,'Dados',$,(#3011,#3012,#3013,#3014,#3015));
#3009=IFCOWNERHISTORY(#3,#4,.READWRITE.,.ADDED.,1774189819,#3,#4,1774189819);
#3010=IFCRELDEFINESBYPROPERTIES('3ehPSzgjf2xxVD3rxUDgVs',#3009,$,$,(#2990),#3008);
#3011=IFCPROPERTYSINGLEVALUE('PV_Mont',$,IFCLABEL('PI_149'),$);
#3012=IFCPROPERTYSINGLEVALUE('PV_Jus',$,IFCLABEL('PI_148'),$);
#3013=IFCPROPERTYSINGLEVALUE('DN',$,IFCREAL(200.),$);
#3014=IFCPROPERTYSINGLEVALUE('Mat',$,IFCLABEL('PVC'),$);
#3015=IFCPROPERTYSINGLEVALUE('Ext_m',$,IFCREAL(13.03),$);
#3016=IFCOWNERHISTORY(#3,#4,.READWRITE.,.ADDED.,1774189819,#3,#4,1774189819);
#3017=IFCPROPERTYSET('12hlp5CZX4vwNdAajBxPbG',#3016,'Custo5D',$,(#3020,#3021,#3022,#3023,#3024));
#3018=IFCOWNERHISTORY(#3,#4,.READWRITE.,.ADDED.,1774189819,#3,#4,1774189819);
#3019=IFCRELDEFINESBYPROPERTIES('1VhSCIM29F0ARvWJPYBTeg',#3018,$,$,(#2990),#3017);
#3020=IFCPROPERTYSINGLEVALUE('Tubo_RS',$,IFCREAL(613.97),$);
#3021=IFCPROPERTYSINGLEVALUE('Esc_RS',$,IFCREAL(192.45),$);
#3022=IFCPROPERTYSINGLEVALUE('Reat_RS',$,IFCREAL(115.39),$);
#3023=IFCPROPERTYSINGLEVALUE('Pav_RS',$,IFCREAL(892.29),$);
#3024=IFCPROPERTYSINGLEVALUE('Total_RS',$,IFCREAL(1814.11),$);
#3025=IFCOWNERHISTORY(#3,#4,.READWRITE.,.MODIFIED.,1774189819,#3,#4,1774189819);
#3026=IFCFLOWSEGMENT('37FIUj80T0uPS7d9leoj$d',#3025,'T084_PI_30_PI_150',$,$,#3042,#3037,$);
#3032=IFCCARTESIANPOINT((0.,0.,0.));
#3033=IFCCARTESIANPOINT((-1.02298640093068,-19.3800339596346,4.65300000000001));
#3034=IFCPOLYLINE((#3032,#3033));
#3035=IFCSWEPTDISKSOLID(#3034,0.1,0.09,$,$);
#3036=IFCSHAPEREPRESENTATION(#16,'Body','SweptSolid',(#3035));
#3037=IFCPRODUCTDEFINITIONSHAPE($,$,(#3036));
#3038=IFCCARTESIANPOINT((817.862283673836,738.142901933752,100.737));
#3039=IFCDIRECTION((0.,0.,1.));
#3040=IFCDIRECTION((1.,0.,0.));
#3041=IFCAXIS2PLACEMENT3D(#3038,#3039,#3040);
#3042=IFCLOCALPLACEMENT($,#3041);
#3043=IFCOWNERHISTORY(#3,#4,.READWRITE.,.ADDED.,1774189819,#3,#4,1774189819);
#3044=IFCPROPERTYSET('1NpvX5DGf9qQ7FGx9gpXTu',#3043,'Dados',$,(#3047,#3048,#3049,#3050,#3051));
#3045=IFCOWNERHISTORY(#3,#4,.READWRITE.,.ADDED.,1774189819,#3,#4,1774189819);
#3046=IFCRELDEFINESBYPROPERTIES('27ujuAtEvD1uuEHS97Ym4L',#3045,$,$,(#3026),#3044);
#3047=IFCPROPERTYSINGLEVALUE('PV_Mont',$,IFCLABEL('PI_30'),$);
#3048=IFCPROPERTYSINGLEVALUE('PV_Jus',$,IFCLABEL('PI_150'),$);
#3049=IFCPROPERTYSINGLEVALUE('DN',$,IFCREAL(200.),$);
#3050=IFCPROPERTYSINGLEVALUE('Mat',$,IFCLABEL('PVC'),$);
#3051=IFCPROPERTYSINGLEVALUE('Ext_m',$,IFCREAL(17.36),$);
#3052=IFCOWNERHISTORY(#3,#4,.READWRITE.,.ADDED.,1774189819,#3,#4,1774189819);
#3053=IFCPROPERTYSET('1RHrK7ePf4sfC6jBfx$Feh',#3052,'Custo5D',$,(#3056,#3057,#3058,#3059,#3060));
#3054=IFCOWNERHISTORY(#3,#4,.READWRITE.,.ADDED.,1774189819,#3,#4,1774189819);
#3055=IFCRELDEFINESBYPROPERTIES('2UjBPDRcjC9BUOToLW93MY',#3054,$,$,(#3026),#3053);
#3056=IFCPROPERTYSINGLEVALUE('Tubo_RS',$,IFCREAL(818.),$);
#3057=IFCPROPERTYSINGLEVALUE('Esc_RS',$,IFCREAL(256.4),$);
#3058=IFCPROPERTYSINGLEVALUE('Reat_RS',$,IFCREAL(153.74),$);
#3059=IFCPROPERTYSINGLEVALUE('Pav_RS',$,IFCREAL(1188.81),$);
#3060=IFCPROPERTYSINGLEVALUE('Total_RS',$,IFCREAL(2416.96),$);
#3061=IFCOWNERHISTORY(#3,#4,.READWRITE.,.MODIFIED.,1774189819,#3,#4,1774189819);
#3062=IFCFLOWSEGMENT('2DA13zbqT79wkcLvE1QBBN',#3061,'T085_PI_162_PI_163',$,$,#3078,#3073,$);
#3068=IFCCARTESIANPOINT((0.,0.,0.));
#3069=IFCCARTESIANPOINT((56.7864897364052,24.8110765125602,5.827));
#3070=IFCPOLYLINE((#3068,#3069));
#3071=IFCSWEPTDISKSOLID(#3070,0.15,0.135,$,$);
#3072=IFCSHAPEREPRESENTATION(#16,'Body','SweptSolid',(#3071));
#3073=IFCPRODUCTDEFINITIONSHAPE($,$,(#3072));
#3074=IFCCARTESIANPOINT((596.124857261719,393.856600059196,5.247));
#3075=IFCDIRECTION((0.,0.,1.));
#3076=IFCDIRECTION((1.,0.,0.));
#3077=IFCAXIS2PLACEMENT3D(#3074,#3075,#3076);
#3078=IFCLOCALPLACEMENT($,#3077);
#3079=IFCOWNERHISTORY(#3,#4,.READWRITE.,.ADDED.,1774189819,#3,#4,1774189819);
#3080=IFCPROPERTYSET('1Srrqw56HDWhbKmOCi9hVj',#3079,'Dados',$,(#3083,#3084,#3085,#3086,#3087));
#3081=IFCOWNERHISTORY(#3,#4,.READWRITE.,.ADDED.,1774189819,#3,#4,1774189819);
#3082=IFCRELDEFINESBYPROPERTIES('0osqqpbsv31fy5LyetFeE7',#3081,$,$,(#3062),#3080);
#3083=IFCPROPERTYSINGLEVALUE('PV_Mont',$,IFCLABEL('PI_162'),$);
#3084=IFCPROPERTYSINGLEVALUE('PV_Jus',$,IFCLABEL('PI_163'),$);
#3085=IFCPROPERTYSINGLEVALUE('DN',$,IFCREAL(300.),$);
#3086=IFCPROPERTYSINGLEVALUE('Mat',$,IFCLABEL('PVC'),$);
#3087=IFCPROPERTYSINGLEVALUE('Ext_m',$,IFCREAL(60.67),$);
#3088=IFCOWNERHISTORY(#3,#4,.READWRITE.,.ADDED.,1774189819,#3,#4,1774189819);
#3089=IFCPROPERTYSET('3aIOfcO4H3eOeU4WgNYbXq',#3088,'Custo5D',$,(#3092,#3093,#3094,#3095,#3096));
#3090=IFCOWNERHISTORY(#3,#4,.READWRITE.,.ADDED.,1774189819,#3,#4,1774189819);
#3091=IFCRELDEFINESBYPROPERTIES('01QTdi68b0qw3VPTr6fG1Z',#3090,$,$,(#3062),#3089);
#3092=IFCPROPERTYSINGLEVALUE('Tubo_RS',$,IFCREAL(5426.93),$);
#3093=IFCPROPERTYSINGLEVALUE('Esc_RS',$,IFCREAL(896.07),$);
#3094=IFCPROPERTYSINGLEVALUE('Reat_RS',$,IFCREAL(537.29),$);
#3095=IFCPROPERTYSINGLEVALUE('Pav_RS',$,IFCREAL(4154.68),$);
#3096=IFCPROPERTYSINGLEVALUE('Total_RS',$,IFCREAL(11014.98),$);
#3097=IFCOWNERHISTORY(#3,#4,.READWRITE.,.MODIFIED.,1774189819,#3,#4,1774189819);
#3098=IFCFLOWSEGMENT('3Z67Ow3aH0BeRQDPTlOZka',#3097,'T086_PI_164_PI_165',$,$,#3114,#3109,$);
#3104=IFCCARTESIANPOINT((0.,0.,0.));
#3105=IFCCARTESIANPOINT((23.6961004632176,16.9962517125532,4.057));
#3106=IFCPOLYLINE((#3104,#3105));
#3107=IFCSWEPTDISKSOLID(#3106,0.1,0.09,$,$);
#3108=IFCSHAPEREPRESENTATION(#16,'Body','SweptSolid',(#3107));
#3109=IFCPRODUCTDEFINITIONSHAPE($,$,(#3108));
#3110=IFCCARTESIANPOINT((724.77769663831,458.146256674081,25.079));
#3111=IFCDIRECTION((0.,0.,1.));
#3112=IFCDIRECTION((1.,0.,0.));
#3113=IFCAXIS2PLACEMENT3D(#3110,#3111,#3112);
#3114=IFCLOCALPLACEMENT($,#3113);
#3115=IFCOWNERHISTORY(#3,#4,.READWRITE.,.ADDED.,1774189819,#3,#4,1774189819);
#3116=IFCPROPERTYSET('2FEdLOOlrDXAUru5IvXjOF',#3115,'Dados',$,(#3119,#3120,#3121,#3122,#3123));
#3117=IFCOWNERHISTORY(#3,#4,.READWRITE.,.ADDED.,1774189819,#3,#4,1774189819);
#3118=IFCRELDEFINESBYPROPERTIES('2UzdZv5fzEE9Eda_T1iJC3',#3117,$,$,(#3098),#3116);
#3119=IFCPROPERTYSINGLEVALUE('PV_Mont',$,IFCLABEL('PI_164'),$);
#3120=IFCPROPERTYSINGLEVALUE('PV_Jus',$,IFCLABEL('PI_165'),$);
#3121=IFCPROPERTYSINGLEVALUE('DN',$,IFCREAL(200.),$);
#3122=IFCPROPERTYSINGLEVALUE('Mat',$,IFCLABEL('PVC'),$);
#3123=IFCPROPERTYSINGLEVALUE('Ext_m',$,IFCREAL(29.16),$);
#3124=IFCOWNERHISTORY(#3,#4,.READWRITE.,.ADDED.,1774189819,#3,#4,1774189819);
#3125=IFCPROPERTYSET('2kzqXVtJL7$xkdsl7$1L12',#3124,'Custo5D',$,(#3128,#3129,#3130,#3131,#3132));
#3126=IFCOWNERHISTORY(#3,#4,.READWRITE.,.ADDED.,1774189819,#3,#4,1774189819);
#3127=IFCRELDEFINESBYPROPERTIES('1M$vy_AEv4pvUaITeDWK6z',#3126,$,$,(#3098),#3125);
#3128=IFCPROPERTYSINGLEVALUE('Tubo_RS',$,IFCREAL(1374.02),$);
#3129=IFCPROPERTYSINGLEVALUE('Esc_RS',$,IFCREAL(430.68),$);
#3130=IFCPROPERTYSINGLEVALUE('Reat_RS',$,IFCREAL(258.24),$);
#3131=IFCPROPERTYSINGLEVALUE('Pav_RS',$,IFCREAL(1996.88),$);
#3132=IFCPROPERTYSINGLEVALUE('Total_RS',$,IFCREAL(4059.82),$);
#3133=IFCOWNERHISTORY(#3,#4,.READWRITE.,.MODIFIED.,1774189819,#3,#4,1774189819);
#3134=IFCFLOWSEGMENT('0Qc1PiJUb9cRPEtExjpwcC',#3133,'T087_PV_15_PV_16',$,$,#3150,#3145,$);
#3140=IFCCARTESIANPOINT((0.,0.,0.));
#3141=IFCCARTESIANPOINT((36.4691088992404,10.8639874868095,2.294));
#3142=IFCPOLYLINE((#3140,#3141));
#3143=IFCSWEPTDISKSOLID(#3142,0.1,0.09,$,$);
#3144=IFCSHAPEREPRESENTATION(#16,'Body','SweptSolid',(#3143));
#3145=IFCPRODUCTDEFINITIONSHAPE($,$,(#3144));
#3146=IFCCARTESIANPOINT((750.593922168133,476.195557969622,29.674));
#3147=IFCDIRECTION((0.,0.,1.));
#3148=IFCDIRECTION((1.,0.,0.));
#3149=IFCAXIS2PLACEMENT3D(#3146,#3147,#3148);
#3150=IFCLOCALPLACEMENT($,#3149);
#3151=IFCOWNERHISTORY(#3,#4,.READWRITE.,.ADDED.,1774189819,#3,#4,1774189819);
#3152=IFCPROPERTYSET('0KLbsxC$98lvi_UejAEG1Q',#3151,'Dados',$,(#3155,#3156,#3157,#3158,#3159));
#3153=IFCOWNERHISTORY(#3,#4,.READWRITE.,.ADDED.,1774189819,#3,#4,1774189819);
#3154=IFCRELDEFINESBYPROPERTIES('1oPD_kx6X1tOmR0HmzxVjT',#3153,$,$,(#3134),#3152);
#3155=IFCPROPERTYSINGLEVALUE('PV_Mont',$,IFCLABEL('PV_15'),$);
#3156=IFCPROPERTYSINGLEVALUE('PV_Jus',$,IFCLABEL('PV_16'),$);
#3157=IFCPROPERTYSINGLEVALUE('DN',$,IFCREAL(200.),$);
#3158=IFCPROPERTYSINGLEVALUE('Mat',$,IFCLABEL('PVC'),$);
#3159=IFCPROPERTYSINGLEVALUE('Ext_m',$,IFCREAL(36.73),$);
#3160=IFCOWNERHISTORY(#3,#4,.READWRITE.,.ADDED.,1774189819,#3,#4,1774189819);
#3161=IFCPROPERTYSET('1FP8vckTD2mxRafTPc0uqb',#3160,'Custo5D',$,(#3164,#3165,#3166,#3167,#3168));
#3162=IFCOWNERHISTORY(#3,#4,.READWRITE.,.ADDED.,1774189819,#3,#4,1774189819);
#3163=IFCRELDEFINESBYPROPERTIES('2QyC_oTFn3Sg3qeyg_RY5W',#3162,$,$,(#3134),#3161);
#3164=IFCPROPERTYSINGLEVALUE('Tubo_RS',$,IFCREAL(1730.72),$);
#3165=IFCPROPERTYSINGLEVALUE('Esc_RS',$,IFCREAL(542.49),$);
#3166=IFCPROPERTYSINGLEVALUE('Reat_RS',$,IFCREAL(325.28),$);
#3167=IFCPROPERTYSINGLEVALUE('Pav_RS',$,IFCREAL(2515.27),$);
#3168=IFCPROPERTYSINGLEVALUE('Total_RS',$,IFCREAL(5113.76),$);
#3169=IFCOWNERHISTORY(#3,#4,.READWRITE.,.MODIFIED.,1774189819,#3,#4,1774189819);
#3170=IFCFLOWSEGMENT('0ggAfb7nj0RO94nwWcEUe_',#3169,'T088_PV_16_PI_167',$,$,#3186,#3181,$);
#3176=IFCCARTESIANPOINT((0.,0.,0.));
#3177=IFCCARTESIANPOINT((36.9980663036695,11.0523694679141,6.987));
#3178=IFCPOLYLINE((#3176,#3177));
#3179=IFCSWEPTDISKSOLID(#3178,0.1,0.09,$,$);
#3180=IFCSHAPEREPRESENTATION(#16,'Body','SweptSolid',(#3179));
#3181=IFCPRODUCTDEFINITIONSHAPE($,$,(#3180));
#3182=IFCCARTESIANPOINT((787.063031067373,487.059545456432,31.968));
#3183=IFCDIRECTION((0.,0.,1.));
#3184=IFCDIRECTION((1.,0.,0.));
#3185=IFCAXIS2PLACEMENT3D(#3182,#3183,#3184);
#3186=IFCLOCALPLACEMENT($,#3185);
#3187=IFCOWNERHISTORY(#3,#4,.READWRITE.,.ADDED.,1774189819,#3,#4,1774189819);
#3188=IFCPROPERTYSET('2J$xt5Kr99bfNVdWKWYtWF',#3187,'Dados',$,(#3191,#3192,#3193,#3194,#3195));
#3189=IFCOWNERHISTORY(#3,#4,.READWRITE.,.ADDED.,1774189819,#3,#4,1774189819);
#3190=IFCRELDEFINESBYPROPERTIES('2OH5wdOsLBCPdE7hZW$fE1',#3189,$,$,(#3170),#3188);
#3191=IFCPROPERTYSINGLEVALUE('PV_Mont',$,IFCLABEL('PV_16'),$);
#3192=IFCPROPERTYSINGLEVALUE('PV_Jus',$,IFCLABEL('PI_167'),$);
#3193=IFCPROPERTYSINGLEVALUE('DN',$,IFCREAL(200.),$);
#3194=IFCPROPERTYSINGLEVALUE('Mat',$,IFCLABEL('PVC'),$);
#3195=IFCPROPERTYSINGLEVALUE('Ext_m',$,IFCREAL(37.55),$);
#3196=IFCOWNERHISTORY(#3,#4,.READWRITE.,.ADDED.,1774189819,#3,#4,1774189819);
#3197=IFCPROPERTYSET('12m8R4uBP2E9qelP0S0D$8',#3196,'Custo5D',$,(#3200,#3201,#3202,#3203,#3204));
#3198=IFCOWNERHISTORY(#3,#4,.READWRITE.,.ADDED.,1774189819,#3,#4,1774189819);
#3199=IFCRELDEFINESBYPROPERTIES('3zkcAFh2j5qRV7cslKJAOW',#3198,$,$,(#3170),#3197);
#3200=IFCPROPERTYSINGLEVALUE('Tubo_RS',$,IFCREAL(1769.36),$);
#3201=IFCPROPERTYSINGLEVALUE('Esc_RS',$,IFCREAL(554.6),$);
#3202=IFCPROPERTYSINGLEVALUE('Reat_RS',$,IFCREAL(332.54),$);
#3203=IFCPROPERTYSINGLEVALUE('Pav_RS',$,IFCREAL(2571.42),$);
#3204=IFCPROPERTYSINGLEVALUE('Total_RS',$,IFCREAL(5227.92),$);
#3205=IFCOWNERHISTORY(#3,#4,.READWRITE.,.MODIFIED.,1774189819,#3,#4,1774189819);
#3206=IFCFLOWSEGMENT('29pJ80m_z1ePiNzs58yJmK',#3205,'T089_PI_210_PI_172',$,$,#3222,#3217,$);
#3212=IFCCARTESIANPOINT((0.,0.,0.));
#3213=IFCCARTESIANPOINT((0.667590496130288,4.53707912378013,14.848));
#3214=IFCPOLYLINE((#3212,#3213));
#3215=IFCSWEPTDISKSOLID(#3214,0.1,0.09,$,$);
#3216=IFCSHAPEREPRESENTATION(#16,'Body','SweptSolid',(#3215));
#3217=IFCPRODUCTDEFINITIONSHAPE($,$,(#3216));
#3218=IFCCARTESIANPOINT((862.995341310801,555.551495311782,50.971));
#3219=IFCDIRECTION((0.,0.,1.));
#3220=IFCDIRECTION((1.,0.,0.));
#3221=IFCAXIS2PLACEMENT3D(#3218,#3219,#3220);
#3222=IFCLOCALPLACEMENT($,#3221);
#3223=IFCOWNERHISTORY(#3,#4,.READWRITE.,.ADDED.,1774189819,#3,#4,1774189819);
#3224=IFCPROPERTYSET('0xcTvWpu55cRwvs9FbQXiV',#3223,'Dados',$,(#3227,#3228,#3229,#3230,#3231));
#3225=IFCOWNERHISTORY(#3,#4,.READWRITE.,.ADDED.,1774189819,#3,#4,1774189819);
#3226=IFCRELDEFINESBYPROPERTIES('33sKow_oD5pe5VZBuZy9vl',#3225,$,$,(#3206),#3224);
#3227=IFCPROPERTYSINGLEVALUE('PV_Mont',$,IFCLABEL('PI_210'),$);
#3228=IFCPROPERTYSINGLEVALUE('PV_Jus',$,IFCLABEL('PI_172'),$);
#3229=IFCPROPERTYSINGLEVALUE('DN',$,IFCREAL(200.),$);
#3230=IFCPROPERTYSINGLEVALUE('Mat',$,IFCLABEL('PVC'),$);
#3231=IFCPROPERTYSINGLEVALUE('Ext_m',$,IFCREAL(4.59),$);
#3232=IFCOWNERHISTORY(#3,#4,.READWRITE.,.ADDED.,1774189819,#3,#4,1774189819);
#3233=IFCPROPERTYSET('2mXcA_AFHE5w4muLx1QUU2',#3232,'Custo5D',$,(#3236,#3237,#3238,#3239,#3240));
#3234=IFCOWNERHISTORY(#3,#4,.READWRITE.,.ADDED.,1774189819,#3,#4,1774189819);
#3235=IFCRELDEFINESBYPROPERTIES('06Bs_pkY99TgF8vDLvFrtN',#3234,$,$,(#3206),#3233);
#3236=IFCPROPERTYSINGLEVALUE('Tubo_RS',$,IFCREAL(216.28),$);
#3237=IFCPROPERTYSINGLEVALUE('Esc_RS',$,IFCREAL(112.99),$);
#3238=IFCPROPERTYSINGLEVALUE('Reat_RS',$,IFCREAL(67.75),$);
#3239=IFCPROPERTYSINGLEVALUE('Pav_RS',$,IFCREAL(314.32),$);
#3240=IFCPROPERTYSINGLEVALUE('Total_RS',$,IFCREAL(711.34),$);
#3241=IFCOWNERHISTORY(#3,#4,.READWRITE.,.MODIFIED.,1774189819,#3,#4,1774189819);
#3242=IFCFLOWSEGMENT('0SNjI4CIz7hPJGVmPiEj1e',#3241,'T090_PI_174_PI_171',$,$,#3258,#3253,$);
#3248=IFCCARTESIANPOINT((0.,0.,0.));
#3249=IFCCARTESIANPOINT((-19.3174046545173,-13.1467628367245,-6.76800000000001));
#3250=IFCPOLYLINE((#3248,#3249));
#3251=IFCSWEPTDISKSOLID(#3250,0.1,0.09,$,$);
#3252=IFCSHAPEREPRESENTATION(#16,'Body','SweptSolid',(#3251));
#3253=IFCPRODUCTDEFINITIONSHAPE($,$,(#3252));
#3254=IFCCARTESIANPOINT((884.146441307443,575.096384637058,70.424));
#3255=IFCDIRECTION((0.,0.,1.));
#3256=IFCDIRECTION((1.,0.,0.));
#3257=IFCAXIS2PLACEMENT3D(#3254,#3255,#3256);
#3258=IFCLOCALPLACEMENT($,#3257);
#3259=IFCOWNERHISTORY(#3,#4,.READWRITE.,.ADDED.,1774189819,#3,#4,1774189819);
#3260=IFCPROPERTYSET('0k8$$Dbwb9BA7jkNDJTJD2',#3259,'Dados',$,(#3263,#3264,#3265,#3266,#3267));
#3261=IFCOWNERHISTORY(#3,#4,.READWRITE.,.ADDED.,1774189819,#3,#4,1774189819);
#3262=IFCRELDEFINESBYPROPERTIES('3r7tiwHEz6dfRg1cSblp7V',#3261,$,$,(#3242),#3260);
#3263=IFCPROPERTYSINGLEVALUE('PV_Mont',$,IFCLABEL('PI_174'),$);
#3264=IFCPROPERTYSINGLEVALUE('PV_Jus',$,IFCLABEL('PI_171'),$);
#3265=IFCPROPERTYSINGLEVALUE('DN',$,IFCREAL(200.),$);
#3266=IFCPROPERTYSINGLEVALUE('Mat',$,IFCLABEL('PVC'),$);
#3267=IFCPROPERTYSINGLEVALUE('Ext_m',$,IFCREAL(23.37),$);
#3268=IFCOWNERHISTORY(#3,#4,.READWRITE.,.ADDED.,1774189819,#3,#4,1774189819);
#3269=IFCPROPERTYSET('26YBrRZp9BhOjFlCkMFIud',#3268,'Custo5D',$,(#3272,#3273,#3274,#3275,#3276));
#3270=IFCOWNERHISTORY(#3,#4,.READWRITE.,.ADDED.,1774189819,#3,#4,1774189819);
#3271=IFCRELDEFINESBYPROPERTIES('3iVU71dC5DdAqI8En57vXU',#3270,$,$,(#3242),#3269);
#3272=IFCPROPERTYSINGLEVALUE('Tubo_RS',$,IFCREAL(1101.19),$);
#3273=IFCPROPERTYSINGLEVALUE('Esc_RS',$,IFCREAL(345.17),$);
#3274=IFCPROPERTYSINGLEVALUE('Reat_RS',$,IFCREAL(206.96),$);
#3275=IFCPROPERTYSINGLEVALUE('Pav_RS',$,IFCREAL(1600.38),$);
#3276=IFCPROPERTYSINGLEVALUE('Total_RS',$,IFCREAL(3253.7),$);
#3277=IFCOWNERHISTORY(#3,#4,.READWRITE.,.MODIFIED.,1774189819,#3,#4,1774189819);
#3278=IFCFLOWSEGMENT('0uqTs0zwH6D8s9_wZEUIOz',#3277,'T091_PI_202_PI_175',$,$,#3294,#3289,$);
#3284=IFCCARTESIANPOINT((0.,0.,0.));
#3285=IFCCARTESIANPOINT((22.0276790763019,11.596288616769,11.843));
#3286=IFCPOLYLINE((#3284,#3285));
#3287=IFCSWEPTDISKSOLID(#3286,0.1,0.09,$,$);
#3288=IFCSHAPEREPRESENTATION(#16,'Body','SweptSolid',(#3287));
#3289=IFCPRODUCTDEFINITIONSHAPE($,$,(#3288));
#3290=IFCCARTESIANPOINT((886.198851351102,576.329682453535,59.271));
#3291=IFCDIRECTION((0.,0.,1.));
#3292=IFCDIRECTION((1.,0.,0.));
#3293=IFCAXIS2PLACEMENT3D(#3290,#3291,#3292);
#3294=IFCLOCALPLACEMENT($,#3293);
#3295=IFCOWNERHISTORY(#3,#4,.READWRITE.,.ADDED.,1774189819,#3,#4,1774189819);
#3296=IFCPROPERTYSET('2HJNCQrab6yBxk_NO165um',#3295,'Dados',$,(#3299,#3300,#3301,#3302,#3303));
#3297=IFCOWNERHISTORY(#3,#4,.READWRITE.,.ADDED.,1774189819,#3,#4,1774189819);
#3298=IFCRELDEFINESBYPROPERTIES('2rJpcTfMPAmPi5Yf$HDWua',#3297,$,$,(#3278),#3296);
#3299=IFCPROPERTYSINGLEVALUE('PV_Mont',$,IFCLABEL('PI_202'),$);
#3300=IFCPROPERTYSINGLEVALUE('PV_Jus',$,IFCLABEL('PI_175'),$);
#3301=IFCPROPERTYSINGLEVALUE('DN',$,IFCREAL(200.),$);
#3302=IFCPROPERTYSINGLEVALUE('Mat',$,IFCLABEL('PVC'),$);
#3303=IFCPROPERTYSINGLEVALUE('Ext_m',$,IFCREAL(24.89),$);
#3304=IFCOWNERHISTORY(#3,#4,.READWRITE.,.ADDED.,1774189819,#3,#4,1774189819);
#3305=IFCPROPERTYSET('1S$p8ehzLEZxcGO72Yv701',#3304,'Custo5D',$,(#3308,#3309,#3310,#3311,#3312));
#3306=IFCOWNERHISTORY(#3,#4,.READWRITE.,.ADDED.,1774189819,#3,#4,1774189819);
#3307=IFCRELDEFINESBYPROPERTIES('3m_2Rk8prAwvpF7tshbZ0g',#3306,$,$,(#3278),#3305);
#3308=IFCPROPERTYSINGLEVALUE('Tubo_RS',$,IFCREAL(1172.82),$);
#3309=IFCPROPERTYSINGLEVALUE('Esc_RS',$,IFCREAL(367.62),$);
#3310=IFCPROPERTYSINGLEVALUE('Reat_RS',$,IFCREAL(220.43),$);
#3311=IFCPROPERTYSINGLEVALUE('Pav_RS',$,IFCREAL(1704.47),$);
#3312=IFCPROPERTYSINGLEVALUE('Total_RS',$,IFCREAL(3465.33),$);
#3313=IFCOWNERHISTORY(#3,#4,.READWRITE.,.MODIFIED.,1774189819,#3,#4,1774189819);
#3314=IFCFLOWSEGMENT('1tttT6rZ50MQq$c8gu5v07',#3313,'T092_PI_176_N_049',$,$,#3330,#3325,$);
#3320=IFCCARTESIANPOINT((0.,0.,0.));
#3321=IFCCARTESIANPOINT((8.32902021694463,8.40388251282275,-77.854));
#3322=IFCPOLYLINE((#3320,#3321));
#3323=IFCSWEPTDISKSOLID(#3322,0.1,0.09,$,$);
#3324=IFCSHAPEREPRESENTATION(#16,'Body','SweptSolid',(#3323));
#3325=IFCPRODUCTDEFINITIONSHAPE($,$,(#3324));
#3326=IFCCARTESIANPOINT((910.106124683807,589.360263017006,76.354));
#3327=IFCDIRECTION((0.,0.,1.));
#3328=IFCDIRECTION((1.,0.,0.));
#3329=IFCAXIS2PLACEMENT3D(#3326,#3327,#3328);
#3330=IFCLOCALPLACEMENT($,#3329);
#3331=IFCOWNERHISTORY(#3,#4,.READWRITE.,.ADDED.,1774189819,#3,#4,1774189819);
#3332=IFCPROPERTYSET('0CUkcTGjbAMu$UTvSdMyNS',#3331,'Dados',$,(#3335,#3336,#3337,#3338,#3339));
#3333=IFCOWNERHISTORY(#3,#4,.READWRITE.,.ADDED.,1774189819,#3,#4,1774189819);
#3334=IFCRELDEFINESBYPROPERTIES('0DWx$iOYv3Sx0qfJBXEHUh',#3333,$,$,(#3314),#3332);
#3335=IFCPROPERTYSINGLEVALUE('PV_Mont',$,IFCLABEL('PI_176'),$);
#3336=IFCPROPERTYSINGLEVALUE('PV_Jus',$,IFCLABEL('N_049'),$);
#3337=IFCPROPERTYSINGLEVALUE('DN',$,IFCREAL(200.),$);
#3338=IFCPROPERTYSINGLEVALUE('Mat',$,IFCLABEL('PVC'),$);
#3339=IFCPROPERTYSINGLEVALUE('Ext_m',$,IFCREAL(10.73),$);
#3340=IFCOWNERHISTORY(#3,#4,.READWRITE.,.ADDED.,1774189819,#3,#4,1774189819);
#3341=IFCPROPERTYSET('2r4d$pvIr22OWY6pR_OGz4',#3340,'Custo5D',$,(#3344,#3345,#3346,#3347,#3348));
#3342=IFCOWNERHISTORY(#3,#4,.READWRITE.,.ADDED.,1774189819,#3,#4,1774189819);
#3343=IFCRELDEFINESBYPROPERTIES('0jELaVPED5iP5deFXKnTdl',#3342,$,$,(#3314),#3341);
#3344=IFCPROPERTYSINGLEVALUE('Tubo_RS',$,IFCREAL(505.6),$);
#3345=IFCPROPERTYSINGLEVALUE('Esc_RS',$,IFCREAL(396.19),$);
#3346=IFCPROPERTYSINGLEVALUE('Reat_RS',$,IFCREAL(237.56),$);
#3347=IFCPROPERTYSINGLEVALUE('Pav_RS',$,IFCREAL(734.79),$);
#3348=IFCPROPERTYSINGLEVALUE('Total_RS',$,IFCREAL(1874.14),$);
#3349=IFCOWNERHISTORY(#3,#4,.READWRITE.,.MODIFIED.,1774189819,#3,#4,1774189819);
#3350=IFCFLOWSEGMENT('2rdKfPI_f8b9dXpQWGFOXW',#3349,'T093_PI_177_PI_179',$,$,#3366,#3361,$);
#3356=IFCCARTESIANPOINT((0.,0.,0.));
#3357=IFCCARTESIANPOINT((13.3664000068093,15.2123568188399,8.408));
#3358=IFCPOLYLINE((#3356,#3357));
#3359=IFCSWEPTDISKSOLID(#3358,0.1,0.09,$,$);
#3360=IFCSHAPEREPRESENTATION(#16,'Body','SweptSolid',(#3359));
#3361=IFCPRODUCTDEFINITIONSHAPE($,$,(#3360));
#3362=IFCCARTESIANPOINT((926.903182830545,621.521753227338,77.949));
#3363=IFCDIRECTION((0.,0.,1.));
#3364=IFCDIRECTION((1.,0.,0.));
#3365=IFCAXIS2PLACEMENT3D(#3362,#3363,#3364);
#3366=IFCLOCALPLACEMENT($,#3365);
#3367=IFCOWNERHISTORY(#3,#4,.READWRITE.,.ADDED.,1774189819,#3,#4,1774189819);
#3368=IFCPROPERTYSET('2xx7jfJu19yBvr2xL7o7mp',#3367,'Dados',$,(#3371,#3372,#3373,#3374,#3375));
#3369=IFCOWNERHISTORY(#3,#4,.READWRITE.,.ADDED.,1774189819,#3,#4,1774189819);
#3370=IFCRELDEFINESBYPROPERTIES('2p1CjETr93B9MbrcFL1kwp',#3369,$,$,(#3350),#3368);
#3371=IFCPROPERTYSINGLEVALUE('PV_Mont',$,IFCLABEL('PI_177'),$);
#3372=IFCPROPERTYSINGLEVALUE('PV_Jus',$,IFCLABEL('PI_179'),$);
#3373=IFCPROPERTYSINGLEVALUE('DN',$,IFCREAL(200.),$);
#3374=IFCPROPERTYSINGLEVALUE('Mat',$,IFCLABEL('PVC'),$);
#3375=IFCPROPERTYSINGLEVALUE('Ext_m',$,IFCREAL(20.25),$);
#3376=IFCOWNERHISTORY(#3,#4,.READWRITE.,.ADDED.,1774189819,#3,#4,1774189819);
#3377=IFCPROPERTYSET('33vpq0i_r5sBYz0q5O4np6',#3376,'Custo5D',$,(#3380,#3381,#3382,#3383,#3384));
#3378=IFCOWNERHISTORY(#3,#4,.READWRITE.,.ADDED.,1774189819,#3,#4,1774189819);
#3379=IFCRELDEFINESBYPROPERTIES('2zLmhgTr144B0KNJiTTPEu',#3378,$,$,(#3350),#3377);
#3380=IFCPROPERTYSINGLEVALUE('Tubo_RS',$,IFCREAL(954.18),$);
#3381=IFCPROPERTYSINGLEVALUE('Esc_RS',$,IFCREAL(299.08),$);
#3382=IFCPROPERTYSINGLEVALUE('Reat_RS',$,IFCREAL(179.33),$);
#3383=IFCPROPERTYSINGLEVALUE('Pav_RS',$,IFCREAL(1386.72),$);
#3384=IFCPROPERTYSINGLEVALUE('Total_RS',$,IFCREAL(2819.32),$);
#3385=IFCOWNERHISTORY(#3,#4,.READWRITE.,.MODIFIED.,1774189819,#3,#4,1774189819);
#3386=IFCFLOWSEGMENT('3ODLvFeDn9fwFg4PHQUUn3',#3385,'T094_PV_16_PI_183',$,$,#3402,#3397,$);
#3392=IFCCARTESIANPOINT((0.,0.,0.));
#3393=IFCCARTESIANPOINT((20.2271903824294,-28.2577284621075,3.038));
#3394=IFCPOLYLINE((#3392,#3393));
#3395=IFCSWEPTDISKSOLID(#3394,0.1,0.09,$,$);
#3396=IFCSHAPEREPRESENTATION(#16,'Body','SweptSolid',(#3395));
#3397=IFCPRODUCTDEFINITIONSHAPE($,$,(#3396));
#3398=IFCCARTESIANPOINT((787.063031067373,487.059545456432,31.968));
#3399=IFCDIRECTION((0.,0.,1.));
#3400=IFCDIRECTION((1.,0.,0.));
#3401=IFCAXIS2PLACEMENT3D(#3398,#3399,#3400);
#3402=IFCLOCALPLACEMENT($,#3401);
#3403=IFCOWNERHISTORY(#3,#4,.READWRITE.,.ADDED.,1774189819,#3,#4,1774189819);
#3404=IFCPROPERTYSET('10rgMVKVD1UgGOnjiO24nX',#3403,'Dados',$,(#3407,#3408,#3409,#3410,#3411));
#3405=IFCOWNERHISTORY(#3,#4,.READWRITE.,.ADDED.,1774189819,#3,#4,1774189819);
#3406=IFCRELDEFINESBYPROPERTIES('2FsVaWpV10ovazaM6umt0d',#3405,$,$,(#3386),#3404);
#3407=IFCPROPERTYSINGLEVALUE('PV_Mont',$,IFCLABEL('PV_16'),$);
#3408=IFCPROPERTYSINGLEVALUE('PV_Jus',$,IFCLABEL('PI_183'),$);
#3409=IFCPROPERTYSINGLEVALUE('DN',$,IFCREAL(200.),$);
#3410=IFCPROPERTYSINGLEVALUE('Mat',$,IFCLABEL('PVC'),$);
#3411=IFCPROPERTYSINGLEVALUE('Ext_m',$,IFCREAL(33.96),$);
#3412=IFCOWNERHISTORY(#3,#4,.READWRITE.,.ADDED.,1774189819,#3,#4,1774189819);
#3413=IFCPROPERTYSET('12tN8f4KH4dO7r3uTha9dE',#3412,'Custo5D',$,(#3416,#3417,#3418,#3419,#3420));
#3414=IFCOWNERHISTORY(#3,#4,.READWRITE.,.ADDED.,1774189819,#3,#4,1774189819);
#3415=IFCRELDEFINESBYPROPERTIES('2Y91bHXnH9ThjP86EHW9GA',#3414,$,$,(#3386),#3413);
#3416=IFCPROPERTYSINGLEVALUE('Tubo_RS',$,IFCREAL(1600.2),$);
#3417=IFCPROPERTYSINGLEVALUE('Esc_RS',$,IFCREAL(501.58),$);
#3418=IFCPROPERTYSINGLEVALUE('Reat_RS',$,IFCREAL(300.75),$);
#3419=IFCPROPERTYSINGLEVALUE('Pav_RS',$,IFCREAL(2325.58),$);
#3420=IFCPROPERTYSINGLEVALUE('Total_RS',$,IFCREAL(4728.1),$);
#3421=IFCOWNERHISTORY(#3,#4,.READWRITE.,.MODIFIED.,1774189819,#3,#4,1774189819);
#3422=IFCFLOWSEGMENT('06wH1XYFP5CPjyWNAAk1MM',#3421,'T095_PV_17_PI_184',$,$,#3438,#3433,$);
#3428=IFCCARTESIANPOINT((0.,0.,0.));
#3429=IFCCARTESIANPOINT((29.7729685503873,5.57409418281168,3.172));
#3430=IFCPOLYLINE((#3428,#3429));
#3431=IFCSWEPTDISKSOLID(#3430,0.1,0.09,$,$);
#3432=IFCSHAPEREPRESENTATION(#16,'Body','SweptSolid',(#3431));
#3433=IFCPRODUCTDEFINITIONSHAPE($,$,(#3432));
#3434=IFCCARTESIANPOINT((809.16737656435,458.047118411399,34.776));
#3435=IFCDIRECTION((0.,0.,1.));
#3436=IFCDIRECTION((1.,0.,0.));
#3437=IFCAXIS2PLACEMENT3D(#3434,#3435,#3436);
#3438=IFCLOCALPLACEMENT($,#3437);
#3439=IFCOWNERHISTORY(#3,#4,.READWRITE.,.ADDED.,1774189819,#3,#4,1774189819);
#3440=IFCPROPERTYSET('3jU5qokkr6yPYX1H4uvF0y',#3439,'Dados',$,(#3443,#3444,#3445,#3446,#3447));
#3441=IFCOWNERHISTORY(#3,#4,.READWRITE.,.ADDED.,1774189819,#3,#4,1774189819);
#3442=IFCRELDEFINESBYPROPERTIES('3JRKqevv59geqkDRaKUeeA',#3441,$,$,(#3422),#3440);
#3443=IFCPROPERTYSINGLEVALUE('PV_Mont',$,IFCLABEL('PV_17'),$);
#3444=IFCPROPERTYSINGLEVALUE('PV_Jus',$,IFCLABEL('PI_184'),$);
#3445=IFCPROPERTYSINGLEVALUE('DN',$,IFCREAL(200.),$);
#3446=IFCPROPERTYSINGLEVALUE('Mat',$,IFCLABEL('PVC'),$);
#3447=IFCPROPERTYSINGLEVALUE('Ext_m',$,IFCREAL(30.29),$);
#3448=IFCOWNERHISTORY(#3,#4,.READWRITE.,.ADDED.,1774189819,#3,#4,1774189819);
#3449=IFCPROPERTYSET('0h_qCioMD2K9nYiGPUle$O',#3448,'Custo5D',$,(#3452,#3453,#3454,#3455,#3456));
#3450=IFCOWNERHISTORY(#3,#4,.READWRITE.,.ADDED.,1774189819,#3,#4,1774189819);
#3451=IFCRELDEFINESBYPROPERTIES('3R2xTpSEHEcu6X1YWZ5O5P',#3450,$,$,(#3422),#3449);
#3452=IFCPROPERTYSINGLEVALUE('Tubo_RS',$,IFCREAL(1427.26),$);
#3453=IFCPROPERTYSINGLEVALUE('Esc_RS',$,IFCREAL(447.37),$);
#3454=IFCPROPERTYSINGLEVALUE('Reat_RS',$,IFCREAL(268.25),$);
#3455=IFCPROPERTYSINGLEVALUE('Pav_RS',$,IFCREAL(2074.26),$);
#3456=IFCPROPERTYSINGLEVALUE('Total_RS',$,IFCREAL(4217.14),$);
#3457=IFCOWNERHISTORY(#3,#4,.READWRITE.,.MODIFIED.,1774189819,#3,#4,1774189819);
#3458=IFCFLOWSEGMENT('34RA6DGRXEUve1u5ebXAXn',#3457,'T096_PI_186_PI_187',$,$,#3474,#3469,$);
#3464=IFCCARTESIANPOINT((0.,0.,0.));
#3465=IFCCARTESIANPOINT((4.25018160417676,-2.19515061751008,0.677999999999997));
#3466=IFCPOLYLINE((#3464,#3465));
#3467=IFCSWEPTDISKSOLID(#3466,0.1,0.09,$,$);
#3468=IFCSHAPEREPRESENTATION(#16,'Body','SweptSolid',(#3467));
#3469=IFCPRODUCTDEFINITIONSHAPE($,$,(#3468));
#3470=IFCCARTESIANPOINT((888.702830120164,493.312133372761,48.237));
#3471=IFCDIRECTION((0.,0.,1.));
#3472=IFCDIRECTION((1.,0.,0.));
#3473=IFCAXIS2PLACEMENT3D(#3470,#3471,#3472);
#3474=IFCLOCALPLACEMENT($,#3473);
#3475=IFCOWNERHISTORY(#3,#4,.READWRITE.,.ADDED.,1774189819,#3,#4,1774189819);
#3476=IFCPROPERTYSET('0N5xRD8YnE$OtlW05JGdmv',#3475,'Dados',$,(#3479,#3480,#3481,#3482,#3483));
#3477=IFCOWNERHISTORY(#3,#4,.READWRITE.,.ADDED.,1774189819,#3,#4,1774189819);
#3478=IFCRELDEFINESBYPROPERTIES('3CVsw2brz5SAQghf$wBtk0',#3477,$,$,(#3458),#3476);
#3479=IFCPROPERTYSINGLEVALUE('PV_Mont',$,IFCLABEL('PI_186'),$);
#3480=IFCPROPERTYSINGLEVALUE('PV_Jus',$,IFCLABEL('PI_187'),$);
#3481=IFCPROPERTYSINGLEVALUE('DN',$,IFCREAL(200.),$);
#3482=IFCPROPERTYSINGLEVALUE('Mat',$,IFCLABEL('PVC'),$);
#3483=IFCPROPERTYSINGLEVALUE('Ext_m',$,IFCREAL(3.27),$);
#3484=IFCOWNERHISTORY(#3,#4,.READWRITE.,.ADDED.,1774189819,#3,#4,1774189819);
#3485=IFCPROPERTYSET('2HXvOC4Fz6ggCXzj3QgUYx',#3484,'Custo5D',$,(#3488,#3489,#3490,#3491,#3492));
#3486=IFCOWNERHISTORY(#3,#4,.READWRITE.,.ADDED.,1774189819,#3,#4,1774189819);
#3487=IFCRELDEFINESBYPROPERTIES('1rrLfReZj7TQM9kHOr5I0h',#3486,$,$,(#3458),#3485);
#3488=IFCPROPERTYSINGLEVALUE('Tubo_RS',$,IFCREAL(154.08),$);
#3489=IFCPROPERTYSINGLEVALUE('Esc_RS',$,IFCREAL(48.3),$);
#3490=IFCPROPERTYSINGLEVALUE('Reat_RS',$,IFCREAL(28.96),$);
#3491=IFCPROPERTYSINGLEVALUE('Pav_RS',$,IFCREAL(223.93),$);
#3492=IFCPROPERTYSINGLEVALUE('Total_RS',$,IFCREAL(455.27),$);
#3493=IFCOWNERHISTORY(#3,#4,.READWRITE.,.MODIFIED.,1774189819,#3,#4,1774189819);
#3494=IFCFLOWSEGMENT('3sTAVHWKX2XBsIfVQv4KyZ',#3493,'T097_PI_187_PI_188',$,$,#3510,#3505,$);
#3500=IFCCARTESIANPOINT((0.,0.,0.));
#3501=IFCCARTESIANPOINT((4.19742246560054,3.78104497119784,2.221));
#3502=IFCPOLYLINE((#3500,#3501));
#3503=IFCSWEPTDISKSOLID(#3502,0.1,0.09,$,$);
#3504=IFCSHAPEREPRESENTATION(#16,'Body','SweptSolid',(#3503));
#3505=IFCPRODUCTDEFINITIONSHAPE($,$,(#3504));
#3506=IFCCARTESIANPOINT((892.953011724341,491.116982755251,48.915));
#3507=IFCDIRECTION((0.,0.,1.));
#3508=IFCDIRECTION((1.,0.,0.));
#3509=IFCAXIS2PLACEMENT3D(#3506,#3507,#3508);
#3510=IFCLOCALPLACEMENT($,#3509);
#3511=IFCOWNERHISTORY(#3,#4,.READWRITE.,.ADDED.,1774189819,#3,#4,1774189819);
#3512=IFCPROPERTYSET('2Ep3DY$DT9nvtzyros3j8O',#3511,'Dados',$,(#3515,#3516,#3517,#3518,#3519));
#3513=IFCOWNERHISTORY(#3,#4,.READWRITE.,.ADDED.,1774189819,#3,#4,1774189819);
#3514=IFCRELDEFINESBYPROPERTIES('3G9enuZL92gfAhd1sX8H$M',#3513,$,$,(#3494),#3512);
#3515=IFCPROPERTYSINGLEVALUE('PV_Mont',$,IFCLABEL('PI_187'),$);
#3516=IFCPROPERTYSINGLEVALUE('PV_Jus',$,IFCLABEL('PI_188'),$);
#3517=IFCPROPERTYSINGLEVALUE('DN',$,IFCREAL(200.),$);
#3518=IFCPROPERTYSINGLEVALUE('Mat',$,IFCLABEL('PVC'),$);
#3519=IFCPROPERTYSINGLEVALUE('Ext_m',$,IFCREAL(5.01),$);
#3520=IFCOWNERHISTORY(#3,#4,.READWRITE.,.ADDED.,1774189819,#3,#4,1774189819);
#3521=IFCPROPERTYSET('3fpLQyQEb68Q8_6A6DI13y',#3520,'Custo5D',$,(#3524,#3525,#3526,#3527,#3528));
#3522=IFCOWNERHISTORY(#3,#4,.READWRITE.,.ADDED.,1774189819,#3,#4,1774189819);
#3523=IFCRELDEFINESBYPROPERTIES('0Vf$XuSxL7kRs9AthB3Do$',#3522,$,$,(#3494),#3521);
#3524=IFCPROPERTYSINGLEVALUE('Tubo_RS',$,IFCREAL(236.07),$);
#3525=IFCPROPERTYSINGLEVALUE('Esc_RS',$,IFCREAL(74.),$);
#3526=IFCPROPERTYSINGLEVALUE('Reat_RS',$,IFCREAL(44.37),$);
#3527=IFCPROPERTYSINGLEVALUE('Pav_RS',$,IFCREAL(343.08),$);
#3528=IFCPROPERTYSINGLEVALUE('Total_RS',$,IFCREAL(697.52),$);
#3529=IFCOWNERHISTORY(#3,#4,.READWRITE.,.MODIFIED.,1774189819,#3,#4,1774189819);
#3530=IFCFLOWSEGMENT('0ieUXc4Z1FPPN6oMmLBo4$',#3529,'T098_PI_189_PI_190',$,$,#3546,#3541,$);
#3536=IFCCARTESIANPOINT((0.,0.,0.));
#3537=IFCCARTESIANPOINT((11.7944181143539,-2.92172241210938,5.165));
#3538=IFCPOLYLINE((#3536,#3537));
#3539=IFCSWEPTDISKSOLID(#3538,0.1,0.09,$,$);
#3540=IFCSHAPEREPRESENTATION(#16,'Body','SweptSolid',(#3539));
#3541=IFCPRODUCTDEFINITIONSHAPE($,$,(#3540));
#3542=IFCCARTESIANPOINT((898.780522573274,496.192585985176,52.326));
#3543=IFCDIRECTION((0.,0.,1.));
#3544=IFCDIRECTION((1.,0.,0.));
#3545=IFCAXIS2PLACEMENT3D(#3542,#3543,#3544);
#3546=IFCLOCALPLACEMENT($,#3545);
#3547=IFCOWNERHISTORY(#3,#4,.READWRITE.,.ADDED.,1774189819,#3,#4,1774189819);
#3548=IFCPROPERTYSET('2svShFI5n52PazfGcdEMWt',#3547,'Dados',$,(#3551,#3552,#3553,#3554,#3555));
#3549=IFCOWNERHISTORY(#3,#4,.READWRITE.,.ADDED.,1774189819,#3,#4,1774189819);
#3550=IFCRELDEFINESBYPROPERTIES('0KeeDxv6f2B9OfQ8NHuS7o',#3549,$,$,(#3530),#3548);
#3551=IFCPROPERTYSINGLEVALUE('PV_Mont',$,IFCLABEL('PI_189'),$);
#3552=IFCPROPERTYSINGLEVALUE('PV_Jus',$,IFCLABEL('PI_190'),$);
#3553=IFCPROPERTYSINGLEVALUE('DN',$,IFCREAL(200.),$);
#3554=IFCPROPERTYSINGLEVALUE('Mat',$,IFCLABEL('PVC'),$);
#3555=IFCPROPERTYSINGLEVALUE('Ext_m',$,IFCREAL(10.95),$);
#3556=IFCOWNERHISTORY(#3,#4,.READWRITE.,.ADDED.,1774189819,#3,#4,1774189819);
#3557=IFCPROPERTYSET('1g5S5D3RLFPvKe7isn1P_S',#3556,'Custo5D',$,(#3560,#3561,#3562,#3563,#3564));
#3558=IFCOWNERHISTORY(#3,#4,.READWRITE.,.ADDED.,1774189819,#3,#4,1774189819);
#3559=IFCRELDEFINESBYPROPERTIES('0GBSw$SdH6CvSk$Xh9nXWs',#3558,$,$,(#3530),#3557);
#3560=IFCPROPERTYSINGLEVALUE('Tubo_RS',$,IFCREAL(515.96),$);
#3561=IFCPROPERTYSINGLEVALUE('Esc_RS',$,IFCREAL(283.02),$);
#3562=IFCPROPERTYSINGLEVALUE('Reat_RS',$,IFCREAL(169.7),$);
#3563=IFCPROPERTYSINGLEVALUE('Pav_RS',$,IFCREAL(749.86),$);
#3564=IFCPROPERTYSINGLEVALUE('Total_RS',$,IFCREAL(1718.55),$);
#3565=IFCOWNERHISTORY(#3,#4,.READWRITE.,.MODIFIED.,1774189819,#3,#4,1774189819);
#3566=IFCFLOWSEGMENT('0dJz$hXt1BbewfJ9p3IQ1w',#3565,'T099_PI_190_PI_191',$,$,#3582,#3577,$);
#3572=IFCCARTESIANPOINT((0.,0.,0.));
#3573=IFCCARTESIANPOINT((4.06616264057811,7.61092526186258,0.276000000000003));
#3574=IFCPOLYLINE((#3572,#3573));
#3575=IFCSWEPTDISKSOLID(#3574,0.1,0.09,$,$);
#3576=IFCSHAPEREPRESENTATION(#16,'Body','SweptSolid',(#3575));
#3577=IFCPRODUCTDEFINITIONSHAPE($,$,(#3576));
#3578=IFCCARTESIANPOINT((910.574940687628,493.270863573067,57.491));
#3579=IFCDIRECTION((0.,0.,1.));
#3580=IFCDIRECTION((1.,0.,0.));
#3581=IFCAXIS2PLACEMENT3D(#3578,#3579,#3580);
#3582=IFCLOCALPLACEMENT($,#3581);
#3583=IFCOWNERHISTORY(#3,#4,.READWRITE.,.ADDED.,1774189819,#3,#4,1774189819);
#3584=IFCPROPERTYSET('3RwVhYOvPDaBl2VyxJJA7s',#3583,'Dados',$,(#3587,#3588,#3589,#3590,#3591));
#3585=IFCOWNERHISTORY(#3,#4,.READWRITE.,.ADDED.,1774189819,#3,#4,1774189819);
#3586=IFCRELDEFINESBYPROPERTIES('096sVHUDD7PukgP61oyPEt',#3585,$,$,(#3566),#3584);
#3587=IFCPROPERTYSINGLEVALUE('PV_Mont',$,IFCLABEL('PI_190'),$);
#3588=IFCPROPERTYSINGLEVALUE('PV_Jus',$,IFCLABEL('PI_191'),$);
#3589=IFCPROPERTYSINGLEVALUE('DN',$,IFCREAL(200.),$);
#3590=IFCPROPERTYSINGLEVALUE('Mat',$,IFCLABEL('PVC'),$);
#3591=IFCPROPERTYSINGLEVALUE('Ext_m',$,IFCREAL(7.9),$);
#3592=IFCOWNERHISTORY(#3,#4,.READWRITE.,.ADDED.,1774189819,#3,#4,1774189819);
#3593=IFCPROPERTYSET('28a32R$5TBZR1d7LENIOrq',#3592,'Custo5D',$,(#3596,#3597,#3598,#3599,#3600));
#3594=IFCOWNERHISTORY(#3,#4,.READWRITE.,.ADDED.,1774189819,#3,#4,1774189819);
#3595=IFCRELDEFINESBYPROPERTIES('3RyyuTsar1PAqO7fCWRG94',#3594,$,$,(#3566),#3593);
#3596=IFCPROPERTYSINGLEVALUE('Tubo_RS',$,IFCREAL(372.25),$);
#3597=IFCPROPERTYSINGLEVALUE('Esc_RS',$,IFCREAL(262.53),$);
#3598=IFCPROPERTYSINGLEVALUE('Reat_RS',$,IFCREAL(157.42),$);
#3599=IFCPROPERTYSINGLEVALUE('Pav_RS',$,IFCREAL(540.99),$);
#3600=IFCPROPERTYSINGLEVALUE('Total_RS',$,IFCREAL(1333.19),$);
#3601=IFCOWNERHISTORY(#3,#4,.READWRITE.,.MODIFIED.,1774189819,#3,#4,1774189819);
#3602=IFCFLOWSEGMENT('2$8z4R8Br11gyzQZhP9HzI',#3601,'T100_PI_208_N_036',$,$,#3618,#3613,$);
#3608=IFCCARTESIANPOINT((0.,0.,0.));
#3609=IFCCARTESIANPOINT((6.66204960667528,3.87456429097801,-63.505));
#3610=IFCPOLYLINE((#3608,#3609));
#3611=IFCSWEPTDISKSOLID(#3610,0.1,0.09,$,$);
#3612=IFCSHAPEREPRESENTATION(#16,'Body','SweptSolid',(#3611));
#3613=IFCPRODUCTDEFINITIONSHAPE($,$,(#3612));
#3614=IFCCARTESIANPOINT((937.575704885239,549.587324024178,62.005));
#3615=IFCDIRECTION((0.,0.,1.));
#3616=IFCDIRECTION((1.,0.,0.));
#3617=IFCAXIS2PLACEMENT3D(#3614,#3615,#3616);
#3618=IFCLOCALPLACEMENT($,#3617);
#3619=IFCOWNERHISTORY(#3,#4,.READWRITE.,.ADDED.,1774189819,#3,#4,1774189819);
#3620=IFCPROPERTYSET('2hVYgkNAzBUBXbQyfasvMX',#3619,'Dados',$,(#3623,#3624,#3625,#3626,#3627));
#3621=IFCOWNERHISTORY(#3,#4,.READWRITE.,.ADDED.,1774189819,#3,#4,1774189819);
#3622=IFCRELDEFINESBYPROPERTIES('3NwN9NLWzFSATLCp0BNwZx',#3621,$,$,(#3602),#3620);
#3623=IFCPROPERTYSINGLEVALUE('PV_Mont',$,IFCLABEL('PI_208'),$);
#3624=IFCPROPERTYSINGLEVALUE('PV_Jus',$,IFCLABEL('N_036'),$);
#3625=IFCPROPERTYSINGLEVALUE('DN',$,IFCREAL(200.),$);
#3626=IFCPROPERTYSINGLEVALUE('Mat',$,IFCLABEL('PVC'),$);
#3627=IFCPROPERTYSINGLEVALUE('Ext_m',$,IFCREAL(6.9),$);
#3628=IFCOWNERHISTORY(#3,#4,.READWRITE.,.ADDED.,1774189819,#3,#4,1774189819);
#3629=IFCPROPERTYSET('0Y6PeVYN1EA9fPCswSheRW',#3628,'Custo5D',$,(#3632,#3633,#3634,#3635,#3636));
#3630=IFCOWNERHISTORY(#3,#4,.READWRITE.,.ADDED.,1774189819,#3,#4,1774189819);
#3631=IFCRELDEFINESBYPROPERTIES('1dseR3r$nAb8HZrE5sgcUu',#3630,$,$,(#3602),#3629);
#3632=IFCPROPERTYSINGLEVALUE('Tubo_RS',$,IFCREAL(325.13),$);
#3633=IFCPROPERTYSINGLEVALUE('Esc_RS',$,IFCREAL(254.78),$);
#3634=IFCPROPERTYSINGLEVALUE('Reat_RS',$,IFCREAL(152.77),$);
#3635=IFCPROPERTYSINGLEVALUE('Pav_RS',$,IFCREAL(472.51),$);
#3636=IFCPROPERTYSINGLEVALUE('Total_RS',$,IFCREAL(1205.18),$);
#3637=IFCOWNERHISTORY(#3,#4,.READWRITE.,.MODIFIED.,1774189819,#3,#4,1774189819);
#3638=IFCFLOWSEGMENT('0k1gJA_mnEzxp$p4UmXox5',#3637,'T101_N_036_PI_197',$,$,#3654,#3649,$);
#3644=IFCCARTESIANPOINT((0.,0.,0.));
#3645=IFCCARTESIANPOINT((-3.90610361960717,7.63863168098032,70.348));
#3646=IFCPOLYLINE((#3644,#3645));
#3647=IFCSWEPTDISKSOLID(#3646,0.1,0.09,$,$);
#3648=IFCSHAPEREPRESENTATION(#16,'Body','SweptSolid',(#3647));
#3649=IFCPRODUCTDEFINITIONSHAPE($,$,(#3648));
#3650=IFCCARTESIANPOINT((944.237754491915,553.461888315156,-1.5));
#3651=IFCDIRECTION((0.,0.,1.));
#3652=IFCDIRECTION((1.,0.,0.));
#3653=IFCAXIS2PLACEMENT3D(#3650,#3651,#3652);
#3654=IFCLOCALPLACEMENT($,#3653);
#3655=IFCOWNERHISTORY(#3,#4,.READWRITE.,.ADDED.,1774189819,#3,#4,1774189819);
#3656=IFCPROPERTYSET('3x4SHdcDH4qgfCLJT1MQWa',#3655,'Dados',$,(#3659,#3660,#3661,#3662,#3663));
#3657=IFCOWNERHISTORY(#3,#4,.READWRITE.,.ADDED.,1774189819,#3,#4,1774189819);
#3658=IFCRELDEFINESBYPROPERTIES('2MMX2BWj1DsfxLs3cAhqup',#3657,$,$,(#3638),#3656);
#3659=IFCPROPERTYSINGLEVALUE('PV_Mont',$,IFCLABEL('N_036'),$);
#3660=IFCPROPERTYSINGLEVALUE('PV_Jus',$,IFCLABEL('PI_197'),$);
#3661=IFCPROPERTYSINGLEVALUE('DN',$,IFCREAL(200.),$);
#3662=IFCPROPERTYSINGLEVALUE('Mat',$,IFCLABEL('PVC'),$);
#3663=IFCPROPERTYSINGLEVALUE('Ext_m',$,IFCREAL(7.37),$);
#3664=IFCOWNERHISTORY(#3,#4,.READWRITE.,.ADDED.,1774189819,#3,#4,1774189819);
#3665=IFCPROPERTYSET('3mEVlnZ9v30OxtMLj6rxG8',#3664,'Custo5D',$,(#3668,#3669,#3670,#3671,#3672));
#3666=IFCOWNERHISTORY(#3,#4,.READWRITE.,.ADDED.,1774189819,#3,#4,1774189819);
#3667=IFCRELDEFINESBYPROPERTIES('0SSpodiU903vt4w4YEbkvL',#3666,$,$,(#3638),#3665);
#3668=IFCPROPERTYSINGLEVALUE('Tubo_RS',$,IFCREAL(347.27),$);
#3669=IFCPROPERTYSINGLEVALUE('Esc_RS',$,IFCREAL(272.13),$);
#3670=IFCPROPERTYSINGLEVALUE('Reat_RS',$,IFCREAL(163.17),$);
#3671=IFCPROPERTYSINGLEVALUE('Pav_RS',$,IFCREAL(504.7),$);
#3672=IFCPROPERTYSINGLEVALUE('Total_RS',$,IFCREAL(1287.27),$);
#3673=IFCOWNERHISTORY(#3,#4,.READWRITE.,.MODIFIED.,1774189819,#3,#4,1774189819);
#3674=IFCFLOWSEGMENT('05pxirLxX8Lvp7VGni7PFm',#3673,'T102_PV_27_N_026',$,$,#3690,#3685,$);
#3680=IFCCARTESIANPOINT((0.,0.,0.));
#3681=IFCCARTESIANPOINT((-1.04434252280043,5.31243170984089,-64.275));
#3682=IFCPOLYLINE((#3680,#3681));
#3683=IFCSWEPTDISKSOLID(#3682,0.1,0.09,$,$);
#3684=IFCSHAPEREPRESENTATION(#16,'Body','SweptSolid',(#3683));
#3685=IFCPRODUCTDEFINITIONSHAPE($,$,(#3684));
#3686=IFCCARTESIANPOINT((939.506348105846,563.319565377198,62.775));
#3687=IFCDIRECTION((0.,0.,1.));
#3688=IFCDIRECTION((1.,0.,0.));
#3689=IFCAXIS2PLACEMENT3D(#3686,#3687,#3688);
#3690=IFCLOCALPLACEMENT($,#3689);
#3691=IFCOWNERHISTORY(#3,#4,.READWRITE.,.ADDED.,1774189819,#3,#4,1774189819);
#3692=IFCPROPERTYSET('17uWzywMr4eeG7fTF9Dbek',#3691,'Dados',$,(#3695,#3696,#3697,#3698,#3699));
#3693=IFCOWNERHISTORY(#3,#4,.READWRITE.,.ADDED.,1774189819,#3,#4,1774189819);
#3694=IFCRELDEFINESBYPROPERTIES('1MoXPU5AL3VuMN$UdP74KW',#3693,$,$,(#3674),#3692);
#3695=IFCPROPERTYSINGLEVALUE('PV_Mont',$,IFCLABEL('PV_27'),$);
#3696=IFCPROPERTYSINGLEVALUE('PV_Jus',$,IFCLABEL('N_026'),$);
#3697=IFCPROPERTYSINGLEVALUE('DN',$,IFCREAL(200.),$);
#3698=IFCPROPERTYSINGLEVALUE('Mat',$,IFCLABEL('PVC'),$);
#3699=IFCPROPERTYSINGLEVALUE('Ext_m',$,IFCREAL(5.41),$);
#3700=IFCOWNERHISTORY(#3,#4,.READWRITE.,.ADDED.,1774189819,#3,#4,1774189819);
#3701=IFCPROPERTYSET('3WmPsfF_14zAzkerCroyV0',#3700,'Custo5D',$,(#3704,#3705,#3706,#3707,#3708));
#3702=IFCOWNERHISTORY(#3,#4,.READWRITE.,.ADDED.,1774189819,#3,#4,1774189819);
#3703=IFCRELDEFINESBYPROPERTIES('3XePTdYLL7JOYhSxu7OrKL',#3702,$,$,(#3674),#3701);
#3704=IFCPROPERTYSINGLEVALUE('Tubo_RS',$,IFCREAL(254.92),$);
#3705=IFCPROPERTYSINGLEVALUE('Esc_RS',$,IFCREAL(199.76),$);
#3706=IFCPROPERTYSINGLEVALUE('Reat_RS',$,IFCREAL(119.78),$);
#3707=IFCPROPERTYSINGLEVALUE('Pav_RS',$,IFCREAL(370.48),$);
#3708=IFCPROPERTYSINGLEVALUE('Total_RS',$,IFCREAL(944.93),$);
#3709=IFCOWNERHISTORY(#3,#4,.READWRITE.,.MODIFIED.,1774189819,#3,#4,1774189819);
#3710=IFCFLOWSEGMENT('2eCjE24lf9ivJDf06hkuuM',#3709,'T103_N_027_PI_198',$,$,#3726,#3721,$);
#3716=IFCCARTESIANPOINT((0.,0.,0.));
#3717=IFCCARTESIANPOINT((-3.13228564971359,2.86729588359594,71.659));
#3718=IFCPOLYLINE((#3716,#3717));
#3719=IFCSWEPTDISKSOLID(#3718,0.1,0.09,$,$);
#3720=IFCSHAPEREPRESENTATION(#16,'Body','SweptSolid',(#3719));
#3721=IFCPRODUCTDEFINITIONSHAPE($,$,(#3720));
#3722=IFCCARTESIANPOINT((937.346386987832,570.61816996336,-1.5));
#3723=IFCDIRECTION((0.,0.,1.));
#3724=IFCDIRECTION((1.,0.,0.));
#3725=IFCAXIS2PLACEMENT3D(#3722,#3723,#3724);
#3726=IFCLOCALPLACEMENT($,#3725);
#3727=IFCOWNERHISTORY(#3,#4,.READWRITE.,.ADDED.,1774189819,#3,#4,1774189819);
#3728=IFCPROPERTYSET('3TfyVNVrf9jxHY5hS1eKx5',#3727,'Dados',$,(#3731,#3732,#3733,#3734,#3735));
#3729=IFCOWNERHISTORY(#3,#4,.READWRITE.,.ADDED.,1774189819,#3,#4,1774189819);
#3730=IFCRELDEFINESBYPROPERTIES('3SwaHO9snCIAej8v_818Y8',#3729,$,$,(#3710),#3728);
#3731=IFCPROPERTYSINGLEVALUE('PV_Mont',$,IFCLABEL('N_027'),$);
#3732=IFCPROPERTYSINGLEVALUE('PV_Jus',$,IFCLABEL('PI_198'),$);
#3733=IFCPROPERTYSINGLEVALUE('DN',$,IFCREAL(200.),$);
#3734=IFCPROPERTYSINGLEVALUE('Mat',$,IFCLABEL('PVC'),$);
#3735=IFCPROPERTYSINGLEVALUE('Ext_m',$,IFCREAL(4.25),$);
#3736=IFCOWNERHISTORY(#3,#4,.READWRITE.,.ADDED.,1774189819,#3,#4,1774189819);
#3737=IFCPROPERTYSET('3Rv12F7Qj7DgLZuz4slscS',#3736,'Custo5D',$,(#3740,#3741,#3742,#3743,#3744));
#3738=IFCOWNERHISTORY(#3,#4,.READWRITE.,.ADDED.,1774189819,#3,#4,1774189819);
#3739=IFCRELDEFINESBYPROPERTIES('14jr0NAb18AgeyrqNeD1RJ',#3738,$,$,(#3710),#3737);
#3740=IFCPROPERTYSINGLEVALUE('Tubo_RS',$,IFCREAL(200.26),$);
#3741=IFCPROPERTYSINGLEVALUE('Esc_RS',$,IFCREAL(156.93),$);
#3742=IFCPROPERTYSINGLEVALUE('Reat_RS',$,IFCREAL(94.09),$);
#3743=IFCPROPERTYSINGLEVALUE('Pav_RS',$,IFCREAL(291.04),$);
#3744=IFCPROPERTYSINGLEVALUE('Total_RS',$,IFCREAL(742.32),$);
#3745=IFCOWNERHISTORY(#3,#4,.READWRITE.,.MODIFIED.,1774189819,#3,#4,1774189819);
#3746=IFCFLOWSEGMENT('0leoAwMKz2WgXhrtWdpf98',#3745,'T104_N_025_N_049',$,$,#3762,#3757,$);
#3752=IFCCARTESIANPOINT((0.,0.,0.));
#3753=IFCCARTESIANPOINT((-13.9917935439735,23.1077015176415,0.));
#3754=IFCPOLYLINE((#3752,#3753));
#3755=IFCSWEPTDISKSOLID(#3754,0.1,0.09,$,$);
#3756=IFCSHAPEREPRESENTATION(#16,'Body','SweptSolid',(#3755));
#3757=IFCPRODUCTDEFINITIONSHAPE($,$,(#3756));
#3758=IFCCARTESIANPOINT((932.426938444725,574.656444012187,-1.5));
#3759=IFCDIRECTION((0.,0.,1.));
#3760=IFCDIRECTION((1.,0.,0.));
#3761=IFCAXIS2PLACEMENT3D(#3758,#3759,#3760);
#3762=IFCLOCALPLACEMENT($,#3761);
#3763=IFCOWNERHISTORY(#3,#4,.READWRITE.,.ADDED.,1774189819,#3,#4,1774189819);
#3764=IFCPROPERTYSET('2DmIctwun84PofYWMqrYfv',#3763,'Dados',$,(#3767,#3768,#3769,#3770,#3771));
#3765=IFCOWNERHISTORY(#3,#4,.READWRITE.,.ADDED.,1774189819,#3,#4,1774189819);
#3766=IFCRELDEFINESBYPROPERTIES('0XbhdiEJz6yuuuVgsfBzAd',#3765,$,$,(#3746),#3764);
#3767=IFCPROPERTYSINGLEVALUE('PV_Mont',$,IFCLABEL('N_025'),$);
#3768=IFCPROPERTYSINGLEVALUE('PV_Jus',$,IFCLABEL('N_049'),$);
#3769=IFCPROPERTYSINGLEVALUE('DN',$,IFCREAL(200.),$);
#3770=IFCPROPERTYSINGLEVALUE('Mat',$,IFCLABEL('PVC'),$);
#3771=IFCPROPERTYSINGLEVALUE('Ext_m',$,IFCREAL(25.76),$);
#3772=IFCOWNERHISTORY(#3,#4,.READWRITE.,.ADDED.,1774189819,#3,#4,1774189819);
#3773=IFCPROPERTYSET('0sDdcwbIv4wPX7oYaLFLgi',#3772,'Custo5D',$,(#3776,#3777,#3778,#3779,#3780));
#3774=IFCOWNERHISTORY(#3,#4,.READWRITE.,.ADDED.,1774189819,#3,#4,1774189819);
#3775=IFCRELDEFINESBYPROPERTIES('2v54RCFpTFrPwKB_z3Zl7M',#3774,$,$,(#3746),#3773);
#3776=IFCPROPERTYSINGLEVALUE('Tubo_RS',$,IFCREAL(1213.81),$);
#3777=IFCPROPERTYSINGLEVALUE('Esc_RS',$,IFCREAL(951.16),$);
#3778=IFCPROPERTYSINGLEVALUE('Reat_RS',$,IFCREAL(570.33),$);
#3779=IFCPROPERTYSINGLEVALUE('Pav_RS',$,IFCREAL(1764.04),$);
#3780=IFCPROPERTYSINGLEVALUE('Total_RS',$,IFCREAL(4499.34),$);
#3781=IFCOWNERHISTORY(#3,#4,.READWRITE.,.MODIFIED.,1774189819,#3,#4,1774189819);
#3782=IFCFLOWSEGMENT('3urkM4a81CAvMnw7cgu9sE',#3781,'T105_N_025_PI_199',$,$,#3798,#3793,$);
#3788=IFCCARTESIANPOINT((0.,0.,0.));
#3789=IFCCARTESIANPOINT((-7.99468691507354,-2.57506155129522,69.307));
#3790=IFCPOLYLINE((#3788,#3789));
#3791=IFCSWEPTDISKSOLID(#3790,0.1,0.09,$,$);
#3792=IFCSHAPEREPRESENTATION(#16,'Body','SweptSolid',(#3791));
#3793=IFCPRODUCTDEFINITIONSHAPE($,$,(#3792));
#3794=IFCCARTESIANPOINT((932.426938444725,574.656444012187,-1.5));
#3795=IFCDIRECTION((0.,0.,1.));
#3796=IFCDIRECTION((1.,0.,0.));
#3797=IFCAXIS2PLACEMENT3D(#3794,#3795,#3796);
#3798=IFCLOCALPLACEMENT($,#3797);
#3799=IFCOWNERHISTORY(#3,#4,.READWRITE.,.ADDED.,1774189819,#3,#4,1774189819);
#3800=IFCPROPERTYSET('1AWEOgyc15wOv2f9AquN99',#3799,'Dados',$,(#3803,#3804,#3805,#3806,#3807));
#3801=IFCOWNERHISTORY(#3,#4,.READWRITE.,.ADDED.,1774189819,#3,#4,1774189819);
#3802=IFCRELDEFINESBYPROPERTIES('0uUSyDZU1B2xe0r6xqq5BH',#3801,$,$,(#3782),#3800);
#3803=IFCPROPERTYSINGLEVALUE('PV_Mont',$,IFCLABEL('N_025'),$);
#3804=IFCPROPERTYSINGLEVALUE('PV_Jus',$,IFCLABEL('PI_199'),$);
#3805=IFCPROPERTYSINGLEVALUE('DN',$,IFCREAL(200.),$);
#3806=IFCPROPERTYSINGLEVALUE('Mat',$,IFCLABEL('PVC'),$);
#3807=IFCPROPERTYSINGLEVALUE('Ext_m',$,IFCREAL(7.97),$);
#3808=IFCOWNERHISTORY(#3,#4,.READWRITE.,.ADDED.,1774189819,#3,#4,1774189819);
#3809=IFCPROPERTYSET('2h4wQP68D4lhNDOvsUe8Bi',#3808,'Custo5D',$,(#3812,#3813,#3814,#3815,#3816));
#3810=IFCOWNERHISTORY(#3,#4,.READWRITE.,.ADDED.,1774189819,#3,#4,1774189819);
#3811=IFCRELDEFINESBYPROPERTIES('1dJT9CHw58lP4bZt6vz8iE',#3810,$,$,(#3782),#3809);
#3812=IFCPROPERTYSINGLEVALUE('Tubo_RS',$,IFCREAL(375.55),$);
#3813=IFCPROPERTYSINGLEVALUE('Esc_RS',$,IFCREAL(294.28),$);
#3814=IFCPROPERTYSINGLEVALUE('Reat_RS',$,IFCREAL(176.46),$);
#3815=IFCPROPERTYSINGLEVALUE('Pav_RS',$,IFCREAL(545.79),$);
#3816=IFCPROPERTYSINGLEVALUE('Total_RS',$,IFCREAL(1392.07),$);
#3817=IFCOWNERHISTORY(#3,#4,.READWRITE.,.MODIFIED.,1774189819,#3,#4,1774189819);
#3818=IFCFLOWSEGMENT('38DHaos8rAiRNC3BrG$qJO',#3817,'T106_PI_196_PI_195',$,$,#3834,#3829,$);
#3824=IFCCARTESIANPOINT((0.,0.,0.));
#3825=IFCCARTESIANPOINT((-2.29442281945376,-6.38564438559115,-2.78099999999999));
#3826=IFCPOLYLINE((#3824,#3825));
#3827=IFCSWEPTDISKSOLID(#3826,0.1,0.09,$,$);
#3828=IFCSHAPEREPRESENTATION(#16,'Body','SweptSolid',(#3827));
#3829=IFCPRODUCTDEFINITIONSHAPE($,$,(#3828));
#3830=IFCCARTESIANPOINT((922.862769823405,570.662732823752,64.749));
#3831=IFCDIRECTION((0.,0.,1.));
#3832=IFCDIRECTION((1.,0.,0.));
#3833=IFCAXIS2PLACEMENT3D(#3830,#3831,#3832);
#3834=IFCLOCALPLACEMENT($,#3833);
#3835=IFCOWNERHISTORY(#3,#4,.READWRITE.,.ADDED.,1774189819,#3,#4,1774189819);
#3836=IFCPROPERTYSET('1CJb4YP0r9ZBKFoC5c4skH',#3835,'Dados',$,(#3839,#3840,#3841,#3842,#3843));
#3837=IFCOWNERHISTORY(#3,#4,.READWRITE.,.ADDED.,1774189819,#3,#4,1774189819);
#3838=IFCRELDEFINESBYPROPERTIES('1u$kbRg5j3LxUJF5ULuNgj',#3837,$,$,(#3818),#3836);
#3839=IFCPROPERTYSINGLEVALUE('PV_Mont',$,IFCLABEL('PI_196'),$);
#3840=IFCPROPERTYSINGLEVALUE('PV_Jus',$,IFCLABEL('PI_195'),$);
#3841=IFCPROPERTYSINGLEVALUE('DN',$,IFCREAL(200.),$);
#3842=IFCPROPERTYSINGLEVALUE('Mat',$,IFCLABEL('PVC'),$);
#3843=IFCPROPERTYSINGLEVALUE('Ext_m',$,IFCREAL(6.79),$);
#3844=IFCOWNERHISTORY(#3,#4,.READWRITE.,.ADDED.,1774189819,#3,#4,1774189819);
#3845=IFCPROPERTYSET('3Jy5kCRLf3ZecpcpvpWHFq',#3844,'Custo5D',$,(#3848,#3849,#3850,#3851,#3852));
#3846=IFCOWNERHISTORY(#3,#4,.READWRITE.,.ADDED.,1774189819,#3,#4,1774189819);
#3847=IFCRELDEFINESBYPROPERTIES('0u45fitdb3t9hjSQC8cujm',#3846,$,$,(#3818),#3845);
#3848=IFCPROPERTYSINGLEVALUE('Tubo_RS',$,IFCREAL(319.94),$);
#3849=IFCPROPERTYSINGLEVALUE('Esc_RS',$,IFCREAL(100.29),$);
#3850=IFCPROPERTYSINGLEVALUE('Reat_RS',$,IFCREAL(60.13),$);
#3851=IFCPROPERTYSINGLEVALUE('Pav_RS',$,IFCREAL(464.98),$);
#3852=IFCPROPERTYSINGLEVALUE('Total_RS',$,IFCREAL(945.34),$);
#3853=IFCOWNERHISTORY(#3,#4,.READWRITE.,.MODIFIED.,1774189819,#3,#4,1774189819);
#3854=IFCFLOWSEGMENT('3Ug6LNEKf57P4NUvnfGg$U',#3853,'T107_PI_200_N_024',$,$,#3870,#3865,$);
#3860=IFCCARTESIANPOINT((0.,0.,0.));
#3861=IFCCARTESIANPOINT((-7.53066452743951,-3.15904709324241,-63.819));
#3862=IFCPOLYLINE((#3860,#3861));
#3863=IFCSWEPTDISKSOLID(#3862,0.1,0.09,$,$);
#3864=IFCSHAPEREPRESENTATION(#16,'Body','SweptSolid',(#3863));
#3865=IFCPRODUCTDEFINITIONSHAPE($,$,(#3864));
#3866=IFCCARTESIANPOINT((898.297994034132,559.079505776986,62.319));
#3867=IFCDIRECTION((0.,0.,1.));
#3868=IFCDIRECTION((1.,0.,0.));
#3869=IFCAXIS2PLACEMENT3D(#3866,#3867,#3868);
#3870=IFCLOCALPLACEMENT($,#3869);
#3871=IFCOWNERHISTORY(#3,#4,.READWRITE.,.ADDED.,1774189819,#3,#4,1774189819);
#3872=IFCPROPERTYSET('3c3G5Ov6HCN8Qf5G6TQLZf',#3871,'Dados',$,(#3875,#3876,#3877,#3878,#3879));
#3873=IFCOWNERHISTORY(#3,#4,.READWRITE.,.ADDED.,1774189819,#3,#4,1774189819);
#3874=IFCRELDEFINESBYPROPERTIES('35H3dMiGj768XoKAl8X77_',#3873,$,$,(#3854),#3872);
#3875=IFCPROPERTYSINGLEVALUE('PV_Mont',$,IFCLABEL('PI_200'),$);
#3876=IFCPROPERTYSINGLEVALUE('PV_Jus',$,IFCLABEL('N_024'),$);
#3877=IFCPROPERTYSINGLEVALUE('DN',$,IFCREAL(200.),$);
#3878=IFCPROPERTYSINGLEVALUE('Mat',$,IFCLABEL('PVC'),$);
#3879=IFCPROPERTYSINGLEVALUE('Ext_m',$,IFCREAL(7.35),$);
#3880=IFCOWNERHISTORY(#3,#4,.READWRITE.,.ADDED.,1774189819,#3,#4,1774189819);
#3881=IFCPROPERTYSET('043zRJ3454UAY98KEhBYOm',#3880,'Custo5D',$,(#3884,#3885,#3886,#3887,#3888));
#3882=IFCOWNERHISTORY(#3,#4,.READWRITE.,.ADDED.,1774189819,#3,#4,1774189819);
#3883=IFCRELDEFINESBYPROPERTIES('3Deqo7guL0hAYyN7H2Vlwo',#3882,$,$,(#3854),#3881);
#3884=IFCPROPERTYSINGLEVALUE('Tubo_RS',$,IFCREAL(346.33),$);
#3885=IFCPROPERTYSINGLEVALUE('Esc_RS',$,IFCREAL(271.39),$);
#3886=IFCPROPERTYSINGLEVALUE('Reat_RS',$,IFCREAL(162.73),$);
#3887=IFCPROPERTYSINGLEVALUE('Pav_RS',$,IFCREAL(503.33),$);
#3888=IFCPROPERTYSINGLEVALUE('Total_RS',$,IFCREAL(1283.78),$);
#3889=IFCOWNERHISTORY(#3,#4,.READWRITE.,.MODIFIED.,1774189819,#3,#4,1774189819);
#3890=IFCFLOWSEGMENT('0JV5zHcZv3deh$1ivuo539',#3889,'T108_N_024_PI_203',$,$,#3906,#3901,$);
#3896=IFCCARTESIANPOINT((0.,0.,0.));
#3897=IFCCARTESIANPOINT((-0.571121033455711,-11.4344667987898,58.971));
#3898=IFCPOLYLINE((#3896,#3897));
#3899=IFCSWEPTDISKSOLID(#3898,0.1,0.09,$,$);
#3900=IFCSHAPEREPRESENTATION(#16,'Body','SweptSolid',(#3899));
#3901=IFCPRODUCTDEFINITIONSHAPE($,$,(#3900));
#3902=IFCCARTESIANPOINT((890.767329506692,555.920458683744,-1.5));
#3903=IFCDIRECTION((0.,0.,1.));
#3904=IFCDIRECTION((1.,0.,0.));
#3905=IFCAXIS2PLACEMENT3D(#3902,#3903,#3904);
#3906=IFCLOCALPLACEMENT($,#3905);
#3907=IFCOWNERHISTORY(#3,#4,.READWRITE.,.ADDED.,1774189819,#3,#4,1774189819);
#3908=IFCPROPERTYSET('14E2CH$drDogRrHHxqnePy',#3907,'Dados',$,(#3911,#3912,#3913,#3914,#3915));
#3909=IFCOWNERHISTORY(#3,#4,.READWRITE.,.ADDED.,1774189819,#3,#4,1774189819);
#3910=IFCRELDEFINESBYPROPERTIES('1bkk1nm41BXxgm_359F3vo',#3909,$,$,(#3890),#3908);
#3911=IFCPROPERTYSINGLEVALUE('PV_Mont',$,IFCLABEL('N_024'),$);
#3912=IFCPROPERTYSINGLEVALUE('PV_Jus',$,IFCLABEL('PI_203'),$);
#3913=IFCPROPERTYSINGLEVALUE('DN',$,IFCREAL(200.),$);
#3914=IFCPROPERTYSINGLEVALUE('Mat',$,IFCLABEL('PVC'),$);
#3915=IFCPROPERTYSINGLEVALUE('Ext_m',$,IFCREAL(10.64),$);
#3916=IFCOWNERHISTORY(#3,#4,.READWRITE.,.ADDED.,1774189819,#3,#4,1774189819);
#3917=IFCPROPERTYSET('2AU4zO2rXCgRGrpg77Lu0W',#3916,'Custo5D',$,(#3920,#3921,#3922,#3923,#3924));
#3918=IFCOWNERHISTORY(#3,#4,.READWRITE.,.ADDED.,1774189819,#3,#4,1774189819);
#3919=IFCRELDEFINESBYPROPERTIES('127Ub0kDL5gglKZZ5FZzPS',#3918,$,$,(#3890),#3917);
#3920=IFCPROPERTYSINGLEVALUE('Tubo_RS',$,IFCREAL(501.36),$);
#3921=IFCPROPERTYSINGLEVALUE('Esc_RS',$,IFCREAL(392.87),$);
#3922=IFCPROPERTYSINGLEVALUE('Reat_RS',$,IFCREAL(235.57),$);
#3923=IFCPROPERTYSINGLEVALUE('Pav_RS',$,IFCREAL(728.63),$);
#3924=IFCPROPERTYSINGLEVALUE('Total_RS',$,IFCREAL(1858.42),$);
#3925=IFCOWNERHISTORY(#3,#4,.READWRITE.,.MODIFIED.,1774189819,#3,#4,1774189819);
#3926=IFCFLOWSEGMENT('1_GhxBlQPAOBjYdiqm38Za',#3925,'T109_N_036_N_033',$,$,#3942,#3937,$);
#3932=IFCCARTESIANPOINT((0.,0.,0.));
#3933=IFCCARTESIANPOINT((4.39717341068899,-5.31744827982038,0.));
#3934=IFCPOLYLINE((#3932,#3933));
#3935=IFCSWEPTDISKSOLID(#3934,0.1,0.09,$,$);
#3936=IFCSHAPEREPRESENTATION(#16,'Body','SweptSolid',(#3935));
#3937=IFCPRODUCTDEFINITIONSHAPE($,$,(#3936));
#3938=IFCCARTESIANPOINT((944.237754491915,553.461888315156,-1.5));
#3939=IFCDIRECTION((0.,0.,1.));
#3940=IFCDIRECTION((1.,0.,0.));
#3941=IFCAXIS2PLACEMENT3D(#3938,#3939,#3940);
#3942=IFCLOCALPLACEMENT($,#3941);
#3943=IFCOWNERHISTORY(#3,#4,.READWRITE.,.ADDED.,1774189819,#3,#4,1774189819);
#3944=IFCPROPERTYSET('0v3zPIu_P1Qw4G1Qf8fH2l',#3943,'Dados',$,(#3947,#3948,#3949,#3950,#3951));
#3945=IFCOWNERHISTORY(#3,#4,.READWRITE.,.ADDED.,1774189819,#3,#4,1774189819);
#3946=IFCRELDEFINESBYPROPERTIES('0UEDWXXE53$exQtaTz0QYX',#3945,$,$,(#3926),#3944);
#3947=IFCPROPERTYSINGLEVALUE('PV_Mont',$,IFCLABEL('N_036'),$);
#3948=IFCPROPERTYSINGLEVALUE('PV_Jus',$,IFCLABEL('N_033'),$);
#3949=IFCPROPERTYSINGLEVALUE('DN',$,IFCREAL(200.),$);
#3950=IFCPROPERTYSINGLEVALUE('Mat',$,IFCLABEL('PVC'),$);
#3951=IFCPROPERTYSINGLEVALUE('Ext_m',$,IFCREAL(4.99),$);
#3952=IFCOWNERHISTORY(#3,#4,.READWRITE.,.ADDED.,1774189819,#3,#4,1774189819);
#3953=IFCPROPERTYSET('3bBDEkBhT9_eHrODcuK2dR',#3952,'Custo5D',$,(#3956,#3957,#3958,#3959,#3960));
#3954=IFCOWNERHISTORY(#3,#4,.READWRITE.,.ADDED.,1774189819,#3,#4,1774189819);
#3955=IFCRELDEFINESBYPROPERTIES('1EDo3zqT13wu2fvYfY2Z3r',#3954,$,$,(#3926),#3953);
#3956=IFCPROPERTYSINGLEVALUE('Tubo_RS',$,IFCREAL(235.13),$);
#3957=IFCPROPERTYSINGLEVALUE('Esc_RS',$,IFCREAL(184.25),$);
#3958=IFCPROPERTYSINGLEVALUE('Reat_RS',$,IFCREAL(110.48),$);
#3959=IFCPROPERTYSINGLEVALUE('Pav_RS',$,IFCREAL(341.72),$);
#3960=IFCPROPERTYSINGLEVALUE('Total_RS',$,IFCREAL(871.57),$);
#3961=IFCOWNERHISTORY(#3,#4,.READWRITE.,.MODIFIED.,1774189819,#3,#4,1774189819);
#3962=IFCFLOWSEGMENT('1Z$VwHAhD16Oy$82rBd5B3',#3961,'T110_N_033_PI_209',$,$,#3978,#3973,$);
#3968=IFCCARTESIANPOINT((0.,0.,0.));
#3969=IFCCARTESIANPOINT((16.4317827683408,8.13569048140198,65.492));
#3970=IFCPOLYLINE((#3968,#3969));
#3971=IFCSWEPTDISKSOLID(#3970,0.1,0.09,$,$);
#3972=IFCSHAPEREPRESENTATION(#16,'Body','SweptSolid',(#3971));
#3973=IFCPRODUCTDEFINITIONSHAPE($,$,(#3972));
#3974=IFCCARTESIANPOINT((948.634927902604,548.144440035336,-1.5));
#3975=IFCDIRECTION((0.,0.,1.));
#3976=IFCDIRECTION((1.,0.,0.));
#3977=IFCAXIS2PLACEMENT3D(#3974,#3975,#3976);
#3978=IFCLOCALPLACEMENT($,#3977);
#3979=IFCOWNERHISTORY(#3,#4,.READWRITE.,.ADDED.,1774189819,#3,#4,1774189819);
#3980=IFCPROPERTYSET('1JXzJQLi1BKPAXKzllv_5l',#3979,'Dados',$,(#3983,#3984,#3985,#3986,#3987));
#3981=IFCOWNERHISTORY(#3,#4,.READWRITE.,.ADDED.,1774189819,#3,#4,1774189819);
#3982=IFCRELDEFINESBYPROPERTIES('0Wwzr0umLEEh1XQxUTE6FH',#3981,$,$,(#3962),#3980);
#3983=IFCPROPERTYSINGLEVALUE('PV_Mont',$,IFCLABEL('N_033'),$);
#3984=IFCPROPERTYSINGLEVALUE('PV_Jus',$,IFCLABEL('PI_209'),$);
#3985=IFCPROPERTYSINGLEVALUE('DN',$,IFCREAL(200.),$);
#3986=IFCPROPERTYSINGLEVALUE('Mat',$,IFCLABEL('PVC'),$);
#3987=IFCPROPERTYSINGLEVALUE('Ext_m',$,IFCREAL(16.94),$);
#3988=IFCOWNERHISTORY(#3,#4,.READWRITE.,.ADDED.,1774189819,#3,#4,1774189819);
#3989=IFCPROPERTYSET('3M9FQ4Adf8he7_xJ3VKj5L',#3988,'Custo5D',$,(#3992,#3993,#3994,#3995,#3996));
#3990=IFCOWNERHISTORY(#3,#4,.READWRITE.,.ADDED.,1774189819,#3,#4,1774189819);
#3991=IFCRELDEFINESBYPROPERTIES('0OpZd8duH7eAI6aPYbRNzK',#3990,$,$,(#3962),#3989);
#3992=IFCPROPERTYSINGLEVALUE('Tubo_RS',$,IFCREAL(798.21),$);
#3993=IFCPROPERTYSINGLEVALUE('Esc_RS',$,IFCREAL(625.49),$);
#3994=IFCPROPERTYSINGLEVALUE('Reat_RS',$,IFCREAL(375.05),$);
#3995=IFCPROPERTYSINGLEVALUE('Pav_RS',$,IFCREAL(1160.05),$);
#3996=IFCPROPERTYSINGLEVALUE('Total_RS',$,IFCREAL(2958.81),$);
#3997=IFCOWNERHISTORY(#3,#4,.READWRITE.,.MODIFIED.,1774189819,#3,#4,1774189819);
#3998=IFCFLOWSEGMENT('02mOBd4uX7u9GRfHdezzzZ',#3997,'T111_PI_209_PI_211',$,$,#4014,#4009,$);
#4004=IFCCARTESIANPOINT((0.,0.,0.));
#4005=IFCCARTESIANPOINT((-3.48333941801684,3.77970098238438,0.0570000000000093));
#4006=IFCPOLYLINE((#4004,#4005));
#4007=IFCSWEPTDISKSOLID(#4006,0.1,0.09,$,$);
#4008=IFCSHAPEREPRESENTATION(#16,'Body','SweptSolid',(#4007));
#4009=IFCPRODUCTDEFINITIONSHAPE($,$,(#4008));
#4010=IFCCARTESIANPOINT((965.066710670944,556.280130516738,63.992));
#4011=IFCDIRECTION((0.,0.,1.));
#4012=IFCDIRECTION((1.,0.,0.));
#4013=IFCAXIS2PLACEMENT3D(#4010,#4011,#4012);
#4014=IFCLOCALPLACEMENT($,#4013);
#4015=IFCOWNERHISTORY(#3,#4,.READWRITE.,.ADDED.,1774189819,#3,#4,1774189819);
#4016=IFCPROPERTYSET('1V7865NOT3d9FitjDBoBMR',#4015,'Dados',$,(#4019,#4020,#4021,#4022,#4023));
#4017=IFCOWNERHISTORY(#3,#4,.READWRITE.,.ADDED.,1774189819,#3,#4,1774189819);
#4018=IFCRELDEFINESBYPROPERTIES('1mWabwDP51CPEmFAxT0mXO',#4017,$,$,(#3998),#4016);
#4019=IFCPROPERTYSINGLEVALUE('PV_Mont',$,IFCLABEL('PI_209'),$);
#4020=IFCPROPERTYSINGLEVALUE('PV_Jus',$,IFCLABEL('PI_211'),$);
#4021=IFCPROPERTYSINGLEVALUE('DN',$,IFCREAL(200.),$);
#4022=IFCPROPERTYSINGLEVALUE('Mat',$,IFCLABEL('PVC'),$);
#4023=IFCPROPERTYSINGLEVALUE('Ext_m',$,IFCREAL(3.32),$);
#4024=IFCOWNERHISTORY(#3,#4,.READWRITE.,.ADDED.,1774189819,#3,#4,1774189819);
#4025=IFCPROPERTYSET('1mpjBm_vfAlRzlnOJxqcbI',#4024,'Custo5D',$,(#4028,#4029,#4030,#4031,#4032));
#4026=IFCOWNERHISTORY(#3,#4,.READWRITE.,.ADDED.,1774189819,#3,#4,1774189819);
#4027=IFCRELDEFINESBYPROPERTIES('1MXLc9nUHFzf7674AMV1xm',#4026,$,$,(#3998),#4025);
#4028=IFCPROPERTYSINGLEVALUE('Tubo_RS',$,IFCREAL(156.44),$);
#4029=IFCPROPERTYSINGLEVALUE('Esc_RS',$,IFCREAL(153.23),$);
#4030=IFCPROPERTYSINGLEVALUE('Reat_RS',$,IFCREAL(91.88),$);
#4031=IFCPROPERTYSINGLEVALUE('Pav_RS',$,IFCREAL(227.35),$);
#4032=IFCPROPERTYSINGLEVALUE('Total_RS',$,IFCREAL(628.91),$);
#4033=IFCOWNERHISTORY(#3,#4,.READWRITE.,.MODIFIED.,1774189819,#3,#4,1774189819);
#4034=IFCFLOWSEGMENT('1T6TUyiNb8_g3XgfE5TwQ5',#4033,'T112_PI_209_N_051',$,$,#4050,#4045,$);
#4040=IFCCARTESIANPOINT((0.,0.,0.));
#4041=IFCCARTESIANPOINT((23.1055609804462,-20.0430224211887,-65.492));
#4042=IFCPOLYLINE((#4040,#4041));
#4043=IFCSWEPTDISKSOLID(#4042,0.1,0.09,$,$);
#4044=IFCSHAPEREPRESENTATION(#16,'Body','SweptSolid',(#4043));
#4045=IFCPRODUCTDEFINITIONSHAPE($,$,(#4044));
#4046=IFCCARTESIANPOINT((965.066710670944,556.280130516738,63.992));
#4047=IFCDIRECTION((0.,0.,1.));
#4048=IFCDIRECTION((1.,0.,0.));
#4049=IFCAXIS2PLACEMENT3D(#4046,#4047,#4048);
#4050=IFCLOCALPLACEMENT($,#4049);
#4051=IFCOWNERHISTORY(#3,#4,.READWRITE.,.ADDED.,1774189819,#3,#4,1774189819);
#4052=IFCPROPERTYSET('0ZMoFnTzj0BueQNddUDLYG',#4051,'Dados',$,(#4055,#4056,#4057,#4058,#4059));
#4053=IFCOWNERHISTORY(#3,#4,.READWRITE.,.ADDED.,1774189819,#3,#4,1774189819);
#4054=IFCRELDEFINESBYPROPERTIES('3OJlbWc2P2cQx_QuLTyq93',#4053,$,$,(#4034),#4052);
#4055=IFCPROPERTYSINGLEVALUE('PV_Mont',$,IFCLABEL('PI_209'),$);
#4056=IFCPROPERTYSINGLEVALUE('PV_Jus',$,IFCLABEL('N_051'),$);
#4057=IFCPROPERTYSINGLEVALUE('DN',$,IFCREAL(200.),$);
#4058=IFCPROPERTYSINGLEVALUE('Mat',$,IFCLABEL('PVC'),$);
#4059=IFCPROPERTYSINGLEVALUE('Ext_m',$,IFCREAL(28.64),$);
#4060=IFCOWNERHISTORY(#3,#4,.READWRITE.,.ADDED.,1774189819,#3,#4,1774189819);
#4061=IFCPROPERTYSET('14Oi$ud2b4tg8PnEZiKwmG',#4060,'Custo5D',$,(#4064,#4065,#4066,#4067,#4068));
#4062=IFCOWNERHISTORY(#3,#4,.READWRITE.,.ADDED.,1774189819,#3,#4,1774189819);
#4063=IFCRELDEFINESBYPROPERTIES('3ZjySOZd9FUvlR4$dEuuq8',#4062,$,$,(#4034),#4061);
#4064=IFCPROPERTYSINGLEVALUE('Tubo_RS',$,IFCREAL(1349.52),$);
#4065=IFCPROPERTYSINGLEVALUE('Esc_RS',$,IFCREAL(1057.5),$);
#4066=IFCPROPERTYSINGLEVALUE('Reat_RS',$,IFCREAL(634.09),$);
#4067=IFCPROPERTYSINGLEVALUE('Pav_RS',$,IFCREAL(1961.27),$);
#4068=IFCPROPERTYSINGLEVALUE('Total_RS',$,IFCREAL(5002.38),$);
#4069=IFCOWNERHISTORY(#3,#4,.READWRITE.,.MODIFIED.,1774189819,#3,#4,1774189819);
#4070=IFCFLOWSEGMENT('2kSqCo_DvF0RrCEYhWubK7',#4069,'T113_N_051_PI_7',$,$,#4086,#4081,$);
#4076=IFCCARTESIANPOINT((0.,0.,0.));
#4077=IFCCARTESIANPOINT((16.6921382765286,16.5299613317475,0.));
#4078=IFCPOLYLINE((#4076,#4077));
#4079=IFCSWEPTDISKSOLID(#4078,0.1,0.09,$,$);
#4080=IFCSHAPEREPRESENTATION(#16,'Body','SweptSolid',(#4079));
#4081=IFCPRODUCTDEFINITIONSHAPE($,$,(#4080));
#4082=IFCCARTESIANPOINT((988.17227165139,536.237108095549,-1.5));
#4083=IFCDIRECTION((0.,0.,1.));
#4084=IFCDIRECTION((1.,0.,0.));
#4085=IFCAXIS2PLACEMENT3D(#4082,#4083,#4084);
#4086=IFCLOCALPLACEMENT($,#4085);
#4087=IFCOWNERHISTORY(#3,#4,.READWRITE.,.ADDED.,1774189819,#3,#4,1774189819);
#4088=IFCPROPERTYSET('3h1CSUVrz8gR22Rzxw2u9T',#4087,'Dados',$,(#4091,#4092,#4093,#4094,#4095));
#4089=IFCOWNERHISTORY(#3,#4,.READWRITE.,.ADDED.,1774189819,#3,#4,1774189819);
#4090=IFCRELDEFINESBYPROPERTIES('35Ikr0sP9E5gBFj3Wnuu_m',#4089,$,$,(#4070),#4088);
#4091=IFCPROPERTYSINGLEVALUE('PV_Mont',$,IFCLABEL('N_051'),$);
#4092=IFCPROPERTYSINGLEVALUE('PV_Jus',$,IFCLABEL('PI_7'),$);
#4093=IFCPROPERTYSINGLEVALUE('DN',$,IFCREAL(200.),$);
#4094=IFCPROPERTYSINGLEVALUE('Mat',$,IFCLABEL('PVC'),$);
#4095=IFCPROPERTYSINGLEVALUE('Ext_m',$,IFCREAL(22.87),$);
#4096=IFCOWNERHISTORY(#3,#4,.READWRITE.,.ADDED.,1774189819,#3,#4,1774189819);
#4097=IFCPROPERTYSET('3IZO2axIP0yxbwgOpfQ4GV',#4096,'Custo5D',$,(#4100,#4101,#4102,#4103,#4104));
#4098=IFCOWNERHISTORY(#3,#4,.READWRITE.,.ADDED.,1774189819,#3,#4,1774189819);
#4099=IFCRELDEFINESBYPROPERTIES('1VmhgxMIX5Fx86FNF7pz5L',#4098,$,$,(#4070),#4097);
#4100=IFCPROPERTYSINGLEVALUE('Tubo_RS',$,IFCREAL(1077.63),$);
#4101=IFCPROPERTYSINGLEVALUE('Esc_RS',$,IFCREAL(844.45),$);
#4102=IFCPROPERTYSINGLEVALUE('Reat_RS',$,IFCREAL(506.34),$);
#4103=IFCPROPERTYSINGLEVALUE('Pav_RS',$,IFCREAL(1566.14),$);
#4104=IFCPROPERTYSINGLEVALUE('Total_RS',$,IFCREAL(3994.57),$);
#4105=IFCOWNERHISTORY(#3,#4,.READWRITE.,.MODIFIED.,1774189819,#3,#4,1774189819);
#4106=IFCFLOWSEGMENT('3X0vvRkWjCrO7NrX6t5PHw',#4105,'T114_PI_213_PI_214',$,$,#4122,#4117,$);
#4112=IFCCARTESIANPOINT((0.,0.,0.));
#4113=IFCCARTESIANPOINT((8.76812960556708,13.2664669128135,2.166));
#4114=IFCPOLYLINE((#4112,#4113));
#4115=IFCSWEPTDISKSOLID(#4114,0.1,0.09,$,$);
#4116=IFCSHAPEREPRESENTATION(#16,'Body','SweptSolid',(#4115));
#4117=IFCPRODUCTDEFINITIONSHAPE($,$,(#4116));
#4118=IFCCARTESIANPOINT((1006.35579682305,554.632623215206,76.607));
#4119=IFCDIRECTION((0.,0.,1.));
#4120=IFCDIRECTION((1.,0.,0.));
#4121=IFCAXIS2PLACEMENT3D(#4118,#4119,#4120);
#4122=IFCLOCALPLACEMENT($,#4121);
#4123=IFCOWNERHISTORY(#3,#4,.READWRITE.,.ADDED.,1774189819,#3,#4,1774189819);
#4124=IFCPROPERTYSET('0kTBYND751U9icx3uYZVYW',#4123,'Dados',$,(#4127,#4128,#4129,#4130,#4131));
#4125=IFCOWNERHISTORY(#3,#4,.READWRITE.,.ADDED.,1774189819,#3,#4,1774189819);
#4126=IFCRELDEFINESBYPROPERTIES('1_6MpqbHv94ejPmYP0_ecb',#4125,$,$,(#4106),#4124);
#4127=IFCPROPERTYSINGLEVALUE('PV_Mont',$,IFCLABEL('PI_213'),$);
#4128=IFCPROPERTYSINGLEVALUE('PV_Jus',$,IFCLABEL('PI_214'),$);
#4129=IFCPROPERTYSINGLEVALUE('DN',$,IFCREAL(200.),$);
#4130=IFCPROPERTYSINGLEVALUE('Mat',$,IFCLABEL('PVC'),$);
#4131=IFCPROPERTYSINGLEVALUE('Ext_m',$,IFCREAL(15.9),$);
#4132=IFCOWNERHISTORY(#3,#4,.READWRITE.,.ADDED.,1774189819,#3,#4,1774189819);
#4133=IFCPROPERTYSET('3Ym$r52nv4Gwzh0XNCdOrD',#4132,'Custo5D',$,(#4136,#4137,#4138,#4139,#4140));
#4134=IFCOWNERHISTORY(#3,#4,.READWRITE.,.ADDED.,1774189819,#3,#4,1774189819);
#4135=IFCRELDEFINESBYPROPERTIES('0$G3n5hZXFsvRaYD5M57qV',#4134,$,$,(#4106),#4133);
#4136=IFCPROPERTYSINGLEVALUE('Tubo_RS',$,IFCREAL(749.21),$);
#4137=IFCPROPERTYSINGLEVALUE('Esc_RS',$,IFCREAL(234.84),$);
#4138=IFCPROPERTYSINGLEVALUE('Reat_RS',$,IFCREAL(140.81),$);
#4139=IFCPROPERTYSINGLEVALUE('Pav_RS',$,IFCREAL(1088.83),$);
#4140=IFCPROPERTYSINGLEVALUE('Total_RS',$,IFCREAL(2213.69),$);
#4141=IFCOWNERHISTORY(#3,#4,.READWRITE.,.MODIFIED.,1774189819,#3,#4,1774189819);
#4142=IFCFLOWSEGMENT('3dMYF9LcnFveIUk3hMxR4G',#4141,'T115_N_050_PI_215',$,$,#4158,#4153,$);
#4148=IFCCARTESIANPOINT((0.,0.,0.));
#4149=IFCCARTESIANPOINT((7.70092318684328,11.3010055664927,82.42));
#4150=IFCPOLYLINE((#4148,#4149));
#4151=IFCSWEPTDISKSOLID(#4150,0.1,0.09,$,$);
#4152=IFCSHAPEREPRESENTATION(#16,'Body','SweptSolid',(#4151));
#4153=IFCPRODUCTDEFINITIONSHAPE($,$,(#4152));
#4154=IFCCARTESIANPOINT((1016.46047076886,569.890562759712,-1.5));
#4155=IFCDIRECTION((0.,0.,1.));
#4156=IFCDIRECTION((1.,0.,0.));
#4157=IFCAXIS2PLACEMENT3D(#4154,#4155,#4156);
#4158=IFCLOCALPLACEMENT($,#4157);
#4159=IFCOWNERHISTORY(#3,#4,.READWRITE.,.ADDED.,1774189819,#3,#4,1774189819);
#4160=IFCPROPERTYSET('1Cg91vYbD2mBNFMJWN1hSH',#4159,'Dados',$,(#4163,#4164,#4165,#4166,#4167));
#4161=IFCOWNERHISTORY(#3,#4,.READWRITE.,.ADDED.,1774189819,#3,#4,1774189819);
#4162=IFCRELDEFINESBYPROPERTIES('2zcvtaI09ErvO12cQeRXwy',#4161,$,$,(#4142),#4160);
#4163=IFCPROPERTYSINGLEVALUE('PV_Mont',$,IFCLABEL('N_050'),$);
#4164=IFCPROPERTYSINGLEVALUE('PV_Jus',$,IFCLABEL('PI_215'),$);
#4165=IFCPROPERTYSINGLEVALUE('DN',$,IFCREAL(200.),$);
#4166=IFCPROPERTYSINGLEVALUE('Mat',$,IFCLABEL('PVC'),$);
#4167=IFCPROPERTYSINGLEVALUE('Ext_m',$,IFCREAL(13.68),$);
#4168=IFCOWNERHISTORY(#3,#4,.READWRITE.,.ADDED.,1774189819,#3,#4,1774189819);
#4169=IFCPROPERTYSET('3S$CtKsczA2ht71q9kXIcv',#4168,'Custo5D',$,(#4172,#4173,#4174,#4175,#4176));
#4170=IFCOWNERHISTORY(#3,#4,.READWRITE.,.ADDED.,1774189819,#3,#4,1774189819);
#4171=IFCRELDEFINESBYPROPERTIES('03r82Z1uX7hAuUOY0WNjzJ',#4170,$,$,(#4142),#4169);
#4172=IFCPROPERTYSINGLEVALUE('Tubo_RS',$,IFCREAL(644.6),$);
#4173=IFCPROPERTYSINGLEVALUE('Esc_RS',$,IFCREAL(505.12),$);
#4174=IFCPROPERTYSINGLEVALUE('Reat_RS',$,IFCREAL(302.88),$);
#4175=IFCPROPERTYSINGLEVALUE('Pav_RS',$,IFCREAL(936.81),$);
#4176=IFCPROPERTYSINGLEVALUE('Total_RS',$,IFCREAL(2389.4),$);
#4177=IFCOWNERHISTORY(#3,#4,.READWRITE.,.MODIFIED.,1774189819,#3,#4,1774189819);
#4178=IFCFLOWSEGMENT('1yA$cEOTPDrwlDgx_agPOb',#4177,'T116_N_032_N_034',$,$,#4194,#4189,$);
#4184=IFCCARTESIANPOINT((0.,0.,0.));
#4185=IFCCARTESIANPOINT((0.174240668944549,-3.77453057002276,0.));
#4186=IFCPOLYLINE((#4184,#4185));
#4187=IFCSWEPTDISKSOLID(#4186,0.1,0.09,$,$);
#4188=IFCSHAPEREPRESENTATION(#16,'Body','SweptSolid',(#4187));
#4189=IFCPRODUCTDEFINITIONSHAPE($,$,(#4188));
#4190=IFCCARTESIANPOINT((948.474294073356,546.151028442197,-1.5));
#4191=IFCDIRECTION((0.,0.,1.));
#4192=IFCDIRECTION((1.,0.,0.));
#4193=IFCAXIS2PLACEMENT3D(#4190,#4191,#4192);
#4194=IFCLOCALPLACEMENT($,#4193);
#4195=IFCOWNERHISTORY(#3,#4,.READWRITE.,.ADDED.,1774189819,#3,#4,1774189819);
#4196=IFCPROPERTYSET('3uDnPdGQT2hBCVZ7$efA6H',#4195,'Dados',$,(#4199,#4200,#4201,#4202,#4203));
#4197=IFCOWNERHISTORY(#3,#4,.READWRITE.,.ADDED.,1774189819,#3,#4,1774189819);
#4198=IFCRELDEFINESBYPROPERTIES('2WEc8eUZP1bQSBaEUPMq5e',#4197,$,$,(#4178),#4196);
#4199=IFCPROPERTYSINGLEVALUE('PV_Mont',$,IFCLABEL('N_032'),$);
#4200=IFCPROPERTYSINGLEVALUE('PV_Jus',$,IFCLABEL('N_034'),$);
#4201=IFCPROPERTYSINGLEVALUE('DN',$,IFCREAL(200.),$);
#4202=IFCPROPERTYSINGLEVALUE('Mat',$,IFCLABEL('PVC'),$);
#4203=IFCPROPERTYSINGLEVALUE('Ext_m',$,IFCREAL(3.78),$);
#4204=IFCOWNERHISTORY(#3,#4,.READWRITE.,.ADDED.,1774189819,#3,#4,1774189819);
#4205=IFCPROPERTYSET('3BiBa3hDzA6B9lgngAKjBD',#4204,'Custo5D',$,(#4208,#4209,#4210,#4211,#4212));
#4206=IFCOWNERHISTORY(#3,#4,.READWRITE.,.ADDED.,1774189819,#3,#4,1774189819);
#4207=IFCRELDEFINESBYPROPERTIES('2cKDvgg0XAlwI1fx5MYlD3',#4206,$,$,(#4178),#4205);
#4208=IFCPROPERTYSINGLEVALUE('Tubo_RS',$,IFCREAL(178.11),$);
#4209=IFCPROPERTYSINGLEVALUE('Esc_RS',$,IFCREAL(139.57),$);
#4210=IFCPROPERTYSINGLEVALUE('Reat_RS',$,IFCREAL(83.69),$);
#4211=IFCPROPERTYSINGLEVALUE('Pav_RS',$,IFCREAL(258.85),$);
#4212=IFCPROPERTYSINGLEVALUE('Total_RS',$,IFCREAL(660.23),$);
#4213=IFCOWNERHISTORY(#3,#4,.READWRITE.,.MODIFIED.,1774189819,#3,#4,1774189819);
#4214=IFCFLOWSEGMENT('1zOJ06zVT9xB4OhzA4jfxK',#4213,'T117_N_035_N_030',$,$,#4230,#4225,$);
#4220=IFCCARTESIANPOINT((0.,0.,0.));
#4221=IFCCARTESIANPOINT((2.4902151269489,-4.40797650441527,0.));
#4222=IFCPOLYLINE((#4220,#4221));
#4223=IFCSWEPTDISKSOLID(#4222,0.1,0.09,$,$);
#4224=IFCSHAPEREPRESENTATION(#16,'Body','SweptSolid',(#4223));
#4225=IFCPRODUCTDEFINITIONSHAPE($,$,(#4224));
#4226=IFCCARTESIANPOINT((949.293846821703,540.134490455501,-1.5));
#4227=IFCDIRECTION((0.,0.,1.));
#4228=IFCDIRECTION((1.,0.,0.));
#4229=IFCAXIS2PLACEMENT3D(#4226,#4227,#4228);
#4230=IFCLOCALPLACEMENT($,#4229);
#4231=IFCOWNERHISTORY(#3,#4,.READWRITE.,.ADDED.,1774189819,#3,#4,1774189819);
#4232=IFCPROPERTYSET('1EdO4lj$T6mQ$xA81_uHaJ',#4231,'Dados',$,(#4235,#4236,#4237,#4238,#4239));
#4233=IFCOWNERHISTORY(#3,#4,.READWRITE.,.ADDED.,1774189819,#3,#4,1774189819);
#4234=IFCRELDEFINESBYPROPERTIES('3DHcx94qD9U9kFXRqpEQPJ',#4233,$,$,(#4214),#4232);
#4235=IFCPROPERTYSINGLEVALUE('PV_Mont',$,IFCLABEL('N_035'),$);
#4236=IFCPROPERTYSINGLEVALUE('PV_Jus',$,IFCLABEL('N_030'),$);
#4237=IFCPROPERTYSINGLEVALUE('DN',$,IFCREAL(200.),$);
#4238=IFCPROPERTYSINGLEVALUE('Mat',$,IFCLABEL('PVC'),$);
#4239=IFCPROPERTYSINGLEVALUE('Ext_m',$,IFCREAL(5.06),$);
#4240=IFCOWNERHISTORY(#3,#4,.READWRITE.,.ADDED.,1774189819,#3,#4,1774189819);
#4241=IFCPROPERTYSET('37AmQfRf9Bc9vsBme9pMl3',#4240,'Custo5D',$,(#4244,#4245,#4246,#4247,#4248));
#4242=IFCOWNERHISTORY(#3,#4,.READWRITE.,.ADDED.,1774189819,#3,#4,1774189819);
#4243=IFCRELDEFINESBYPROPERTIES('2wscR4jpf5OgF5EmzsRKr3',#4242,$,$,(#4214),#4241);
#4244=IFCPROPERTYSINGLEVALUE('Tubo_RS',$,IFCREAL(238.43),$);
#4245=IFCPROPERTYSINGLEVALUE('Esc_RS',$,IFCREAL(186.84),$);
#4246=IFCPROPERTYSINGLEVALUE('Reat_RS',$,IFCREAL(112.03),$);
#4247=IFCPROPERTYSINGLEVALUE('Pav_RS',$,IFCREAL(346.51),$);
#4248=IFCPROPERTYSINGLEVALUE('Total_RS',$,IFCREAL(883.8),$);
#4249=IFCOWNERHISTORY(#3,#4,.READWRITE.,.MODIFIED.,1774189819,#3,#4,1774189819);
#4250=IFCFLOWSEGMENT('2MgpmFZlfAFfXcvBqmbYW5',#4249,'T118_N_031_N_028',$,$,#4266,#4261,$);
#4256=IFCCARTESIANPOINT((0.,0.,0.));
#4257=IFCCARTESIANPOINT((2.05909562436864,-2.42704463377595,0.));
#4258=IFCPOLYLINE((#4256,#4257));
#4259=IFCSWEPTDISKSOLID(#4258,0.1,0.09,$,$);
#4260=IFCSHAPEREPRESENTATION(#16,'Body','SweptSolid',(#4259));
#4261=IFCPRODUCTDEFINITIONSHAPE($,$,(#4260));
#4262=IFCCARTESIANPOINT((953.150244029646,533.767245291732,-1.5));
#4263=IFCDIRECTION((0.,0.,1.));
#4264=IFCDIRECTION((1.,0.,0.));
#4265=IFCAXIS2PLACEMENT3D(#4262,#4263,#4264);
#4266=IFCLOCALPLACEMENT($,#4265);
#4267=IFCOWNERHISTORY(#3,#4,.READWRITE.,.ADDED.,1774189819,#3,#4,1774189819);
#4268=IFCPROPERTYSET('1HWsCsYtD6VxRSxPU04_ho',#4267,'Dados',$,(#4271,#4272,#4273,#4274,#4275));
#4269=IFCOWNERHISTORY(#3,#4,.READWRITE.,.ADDED.,1774189819,#3,#4,1774189819);
#4270=IFCRELDEFINESBYPROPERTIES('0d2SkBE6T8NvPbduH7Jl0r',#4269,$,$,(#4250),#4268);
#4271=IFCPROPERTYSINGLEVALUE('PV_Mont',$,IFCLABEL('N_031'),$);
#4272=IFCPROPERTYSINGLEVALUE('PV_Jus',$,IFCLABEL('N_028'),$);
#4273=IFCPROPERTYSINGLEVALUE('DN',$,IFCREAL(200.),$);
#4274=IFCPROPERTYSINGLEVALUE('Mat',$,IFCLABEL('PVC'),$);
#4275=IFCPROPERTYSINGLEVALUE('Ext_m',$,IFCREAL(3.18),$);
#4276=IFCOWNERHISTORY(#3,#4,.READWRITE.,.ADDED.,1774189819,#3,#4,1774189819);
#4277=IFCPROPERTYSET('0lSeWlWm5DuQS8XbMVzsJJ',#4276,'Custo5D',$,(#4280,#4281,#4282,#4283,#4284));
#4278=IFCOWNERHISTORY(#3,#4,.READWRITE.,.ADDED.,1774189819,#3,#4,1774189819);
#4279=IFCRELDEFINESBYPROPERTIES('3yfM0$eGb4Ug9lRsNnaBLq',#4278,$,$,(#4250),#4277);
#4280=IFCPROPERTYSINGLEVALUE('Tubo_RS',$,IFCREAL(149.84),$);
#4281=IFCPROPERTYSINGLEVALUE('Esc_RS',$,IFCREAL(117.42),$);
#4282=IFCPROPERTYSINGLEVALUE('Reat_RS',$,IFCREAL(70.41),$);
#4283=IFCPROPERTYSINGLEVALUE('Pav_RS',$,IFCREAL(217.77),$);
#4284=IFCPROPERTYSINGLEVALUE('Total_RS',$,IFCREAL(555.43),$);
#4285=IFCOWNERHISTORY(#3,#4,.READWRITE.,.MODIFIED.,1774189819,#3,#4,1774189819);
#4286=IFCFLOWSEGMENT('1JLcTjRzj88gPhgBBBcCMQ',#4285,'T119_N_029_PI_217',$,$,#4302,#4297,$);
#4292=IFCCARTESIANPOINT((0.,0.,0.));
#4293=IFCCARTESIANPOINT((5.58962677657837,-2.62231991067529,67.635));
#4294=IFCPOLYLINE((#4292,#4293));
#4295=IFCSWEPTDISKSOLID(#4294,0.1,0.09,$,$);
#4296=IFCSHAPEREPRESENTATION(#16,'Body','SweptSolid',(#4295));
#4297=IFCPRODUCTDEFINITIONSHAPE($,$,(#4296));
#4298=IFCCARTESIANPOINT((957.071773240925,529.915735099465,-1.5));
#4299=IFCDIRECTION((0.,0.,1.));
#4300=IFCDIRECTION((1.,0.,0.));
#4301=IFCAXIS2PLACEMENT3D(#4298,#4299,#4300);
#4302=IFCLOCALPLACEMENT($,#4301);
#4303=IFCOWNERHISTORY(#3,#4,.READWRITE.,.ADDED.,1774189819,#3,#4,1774189819);
#4304=IFCPROPERTYSET('3kfqYW3VbDpu6jAj9TUcDE',#4303,'Dados',$,(#4307,#4308,#4309,#4310,#4311));
#4305=IFCOWNERHISTORY(#3,#4,.READWRITE.,.ADDED.,1774189819,#3,#4,1774189819);
#4306=IFCRELDEFINESBYPROPERTIES('0Hfy4Ome9BYxpA6CsFLxzY',#4305,$,$,(#4286),#4304);
#4307=IFCPROPERTYSINGLEVALUE('PV_Mont',$,IFCLABEL('N_029'),$);
#4308=IFCPROPERTYSINGLEVALUE('PV_Jus',$,IFCLABEL('PI_217'),$);
#4309=IFCPROPERTYSINGLEVALUE('DN',$,IFCREAL(200.),$);
#4310=IFCPROPERTYSINGLEVALUE('Mat',$,IFCLABEL('PVC'),$);
#4311=IFCPROPERTYSINGLEVALUE('Ext_m',$,IFCREAL(6.17),$);
#4312=IFCOWNERHISTORY(#3,#4,.READWRITE.,.ADDED.,1774189819,#3,#4,1774189819);
#4313=IFCPROPERTYSET('2Ue$8kjJDCfeSYGxHNT52L',#4312,'Custo5D',$,(#4316,#4317,#4318,#4319,#4320));
#4314=IFCOWNERHISTORY(#3,#4,.READWRITE.,.ADDED.,1774189819,#3,#4,1774189819);
#4315=IFCRELDEFINESBYPROPERTIES('0f9CVQmx9F7QC3kEzGy2nu',#4314,$,$,(#4286),#4313);
#4316=IFCPROPERTYSINGLEVALUE('Tubo_RS',$,IFCREAL(290.73),$);
#4317=IFCPROPERTYSINGLEVALUE('Esc_RS',$,IFCREAL(227.82),$);
#4318=IFCPROPERTYSINGLEVALUE('Reat_RS',$,IFCREAL(136.6),$);
#4319=IFCPROPERTYSINGLEVALUE('Pav_RS',$,IFCREAL(422.52),$);
#4320=IFCPROPERTYSINGLEVALUE('Total_RS',$,IFCREAL(1077.68),$);
#4321=IFCOWNERHISTORY(#3,#4,.READWRITE.,.MODIFIED.,1774189819,#3,#4,1774189819);
#4322=IFCFLOWSEGMENT('3ipspLOez24eUscct__uQG',#4321,'T120_PI_218_PI_220',$,$,#4338,#4333,$);
#4328=IFCCARTESIANPOINT((0.,0.,0.));
#4329=IFCCARTESIANPOINT((4.74979043827625,-4.25481342896819,5.48400000000001));
#4330=IFCPOLYLINE((#4328,#4329));
#4331=IFCSWEPTDISKSOLID(#4330,0.1,0.09,$,$);
#4332=IFCSHAPEREPRESENTATION(#16,'Body','SweptSolid',(#4331));
#4333=IFCPRODUCTDEFINITIONSHAPE($,$,(#4332));
#4334=IFCCARTESIANPOINT((964.640708254941,525.983831964433,68.407));
#4335=IFCDIRECTION((0.,0.,1.));
#4336=IFCDIRECTION((1.,0.,0.));
#4337=IFCAXIS2PLACEMENT3D(#4334,#4335,#4336);
#4338=IFCLOCALPLACEMENT($,#4337);
#4339=IFCOWNERHISTORY(#3,#4,.READWRITE.,.ADDED.,1774189819,#3,#4,1774189819);
#4340=IFCPROPERTYSET('1gSLOimff2yx1664lAfqlX',#4339,'Dados',$,(#4343,#4344,#4345,#4346,#4347));
#4341=IFCOWNERHISTORY(#3,#4,.READWRITE.,.ADDED.,1774189819,#3,#4,1774189819);
#4342=IFCRELDEFINESBYPROPERTIES('2Pd5BOnZzDfhWnCZSWgMrX',#4341,$,$,(#4322),#4340);
#4343=IFCPROPERTYSINGLEVALUE('PV_Mont',$,IFCLABEL('PI_218'),$);
#4344=IFCPROPERTYSINGLEVALUE('PV_Jus',$,IFCLABEL('PI_220'),$);
#4345=IFCPROPERTYSINGLEVALUE('DN',$,IFCREAL(200.),$);
#4346=IFCPROPERTYSINGLEVALUE('Mat',$,IFCLABEL('PVC'),$);
#4347=IFCPROPERTYSINGLEVALUE('Ext_m',$,IFCREAL(6.38),$);
#4348=IFCOWNERHISTORY(#3,#4,.READWRITE.,.ADDED.,1774189819,#3,#4,1774189819);
#4349=IFCPROPERTYSET('0AG4$n7bX6p8dwjhBHf1Bp',#4348,'Custo5D',$,(#4352,#4353,#4354,#4355,#4356));
#4350=IFCOWNERHISTORY(#3,#4,.READWRITE.,.ADDED.,1774189819,#3,#4,1774189819);
#4351=IFCRELDEFINESBYPROPERTIES('25W4GHDm9C5AzRFvn5z95t',#4350,$,$,(#4322),#4349);
#4352=IFCPROPERTYSINGLEVALUE('Tubo_RS',$,IFCREAL(300.63),$);
#4353=IFCPROPERTYSINGLEVALUE('Esc_RS',$,IFCREAL(94.23),$);
#4354=IFCPROPERTYSINGLEVALUE('Reat_RS',$,IFCREAL(56.5),$);
#4355=IFCPROPERTYSINGLEVALUE('Pav_RS',$,IFCREAL(436.9),$);
#4356=IFCPROPERTYSINGLEVALUE('Total_RS',$,IFCREAL(888.26),$);
#4357=IFCOWNERHISTORY(#3,#4,.READWRITE.,.MODIFIED.,1774189819,#3,#4,1774189819);
#4358=IFCFLOWSEGMENT('08ea6ibWzDJwhxGzTbjp7y',#4357,'T121_PI_219_PI_221',$,$,#4374,#4369,$);
#4364=IFCCARTESIANPOINT((0.,0.,0.));
#4365=IFCCARTESIANPOINT((9.95600236527389,-7.4152257386595,7.66600000000001));
#4366=IFCPOLYLINE((#4364,#4365));
#4367=IFCSWEPTDISKSOLID(#4366,0.1,0.09,$,$);
#4368=IFCSHAPEREPRESENTATION(#16,'Body','SweptSolid',(#4367));
#4369=IFCPRODUCTDEFINITIONSHAPE($,$,(#4368));
#4370=IFCCARTESIANPOINT((971.245106390037,520.21286916174,70.889));
#4371=IFCDIRECTION((0.,0.,1.));
#4372=IFCDIRECTION((1.,0.,0.));
#4373=IFCAXIS2PLACEMENT3D(#4370,#4371,#4372);
#4374=IFCLOCALPLACEMENT($,#4373);
#4375=IFCOWNERHISTORY(#3,#4,.READWRITE.,.ADDED.,1774189819,#3,#4,1774189819);
#4376=IFCPROPERTYSET('106aNf1Qb5uxaxfLkWyS1j',#4375,'Dados',$,(#4379,#4380,#4381,#4382,#4383));
#4377=IFCOWNERHISTORY(#3,#4,.READWRITE.,.ADDED.,1774189819,#3,#4,1774189819);
#4378=IFCRELDEFINESBYPROPERTIES('3M3KE_AgH7AOLQ7qWkHEdw',#4377,$,$,(#4358),#4376);
#4379=IFCPROPERTYSINGLEVALUE('PV_Mont',$,IFCLABEL('PI_219'),$);
#4380=IFCPROPERTYSINGLEVALUE('PV_Jus',$,IFCLABEL('PI_221'),$);
#4381=IFCPROPERTYSINGLEVALUE('DN',$,IFCREAL(200.),$);
#4382=IFCPROPERTYSINGLEVALUE('Mat',$,IFCLABEL('PVC'),$);
#4383=IFCPROPERTYSINGLEVALUE('Ext_m',$,IFCREAL(12.41),$);
#4384=IFCOWNERHISTORY(#3,#4,.READWRITE.,.ADDED.,1774189819,#3,#4,1774189819);
#4385=IFCPROPERTYSET('2OQZ9GQy574fvmNgESXoQR',#4384,'Custo5D',$,(#4388,#4389,#4390,#4391,#4392));
#4386=IFCOWNERHISTORY(#3,#4,.READWRITE.,.ADDED.,1774189819,#3,#4,1774189819);
#4387=IFCRELDEFINESBYPROPERTIES('2oP59$TDn6Dfy24WeXs4TJ',#4386,$,$,(#4358),#4385);
#4388=IFCPROPERTYSINGLEVALUE('Tubo_RS',$,IFCREAL(584.76),$);
#4389=IFCPROPERTYSINGLEVALUE('Esc_RS',$,IFCREAL(183.29),$);
#4390=IFCPROPERTYSINGLEVALUE('Reat_RS',$,IFCREAL(109.9),$);
#4391=IFCPROPERTYSINGLEVALUE('Pav_RS',$,IFCREAL(849.84),$);
#4392=IFCPROPERTYSINGLEVALUE('Total_RS',$,IFCREAL(1727.79),$);
#4393=IFCOWNERHISTORY(#3,#4,.READWRITE.,.MODIFIED.,1774189819,#3,#4,1774189819);
#4394=IFCFLOWSEGMENT('3PF8YkCoP8gByhx2xR$39F',#4393,'T122_PI_211_N_044',$,$,#4410,#4405,$);
#4400=IFCCARTESIANPOINT((0.,0.,0.));
#4401=IFCCARTESIANPOINT((11.334457808116,24.4084007060155,-65.549));
#4402=IFCPOLYLINE((#4400,#4401));
#4403=IFCSWEPTDISKSOLID(#4402,0.1,0.09,$,$);
#4404=IFCSHAPEREPRESENTATION(#16,'Body','SweptSolid',(#4403));
#4405=IFCPRODUCTDEFINITIONSHAPE($,$,(#4404));
#4406=IFCCARTESIANPOINT((961.583371252927,560.059831499122,64.049));
#4407=IFCDIRECTION((0.,0.,1.));
#4408=IFCDIRECTION((1.,0.,0.));
#4409=IFCAXIS2PLACEMENT3D(#4406,#4407,#4408);
#4410=IFCLOCALPLACEMENT($,#4409);
#4411=IFCOWNERHISTORY(#3,#4,.READWRITE.,.ADDED.,1774189819,#3,#4,1774189819);
#4412=IFCPROPERTYSET('0DaoRQvfz1egjXjlbidzpb',#4411,'Dados',$,(#4415,#4416,#4417,#4418,#4419));
#4413=IFCOWNERHISTORY(#3,#4,.READWRITE.,.ADDED.,1774189819,#3,#4,1774189819);
#4414=IFCRELDEFINESBYPROPERTIES('27Wv7t$DXBJBxFNlTqyMh5',#4413,$,$,(#4394),#4412);
#4415=IFCPROPERTYSINGLEVALUE('PV_Mont',$,IFCLABEL('PI_211'),$);
#4416=IFCPROPERTYSINGLEVALUE('PV_Jus',$,IFCLABEL('N_044'),$);
#4417=IFCPROPERTYSINGLEVALUE('DN',$,IFCREAL(200.),$);
#4418=IFCPROPERTYSINGLEVALUE('Mat',$,IFCLABEL('PVC'),$);
#4419=IFCPROPERTYSINGLEVALUE('Ext_m',$,IFCREAL(26.2),$);
#4420=IFCOWNERHISTORY(#3,#4,.READWRITE.,.ADDED.,1774189819,#3,#4,1774189819);
#4421=IFCPROPERTYSET('3cdXr9NOjDC92fVgTU8N8f',#4420,'Custo5D',$,(#4424,#4425,#4426,#4427,#4428));
#4422=IFCOWNERHISTORY(#3,#4,.READWRITE.,.ADDED.,1774189819,#3,#4,1774189819);
#4423=IFCRELDEFINESBYPROPERTIES('2lUVxV8mn8aPf_HdORDsdf',#4422,$,$,(#4394),#4421);
#4424=IFCPROPERTYSINGLEVALUE('Tubo_RS',$,IFCREAL(1234.54),$);
#4425=IFCPROPERTYSINGLEVALUE('Esc_RS',$,IFCREAL(967.41),$);
#4426=IFCPROPERTYSINGLEVALUE('Reat_RS',$,IFCREAL(580.07),$);
#4427=IFCPROPERTYSINGLEVALUE('Pav_RS',$,IFCREAL(1794.18),$);
#4428=IFCPROPERTYSINGLEVALUE('Total_RS',$,IFCREAL(4576.2),$);
#4429=IFCOWNERHISTORY(#3,#4,.READWRITE.,.MODIFIED.,1774189819,#3,#4,1774189819);
#4430=IFCFLOWSEGMENT('2xjkk3noX1uOGZBfC4EjNB',#4429,'T123_PI_222_PI_223',$,$,#4446,#4441,$);
#4436=IFCCARTESIANPOINT((0.,0.,0.));
#4437=IFCCARTESIANPOINT((14.7895474201068,11.07110531535,1.54899999999999));
#4438=IFCPOLYLINE((#4436,#4437));
#4439=IFCSWEPTDISKSOLID(#4438,0.1,0.09,$,$);
#4440=IFCSHAPEREPRESENTATION(#16,'Body','SweptSolid',(#4439));
#4441=IFCPRODUCTDEFINITIONSHAPE($,$,(#4440));
#4442=IFCCARTESIANPOINT((974.422036124102,586.242696559988,64.191));
#4443=IFCDIRECTION((0.,0.,1.));
#4444=IFCDIRECTION((1.,0.,0.));
#4445=IFCAXIS2PLACEMENT3D(#4442,#4443,#4444);
#4446=IFCLOCALPLACEMENT($,#4445);
#4447=IFCOWNERHISTORY(#3,#4,.READWRITE.,.ADDED.,1774189819,#3,#4,1774189819);
#4448=IFCPROPERTYSET('2gxHyhhvzEnQmLi9yDt1wV',#4447,'Dados',$,(#4451,#4452,#4453,#4454,#4455));
#4449=IFCOWNERHISTORY(#3,#4,.READWRITE.,.ADDED.,1774189819,#3,#4,1774189819);
#4450=IFCRELDEFINESBYPROPERTIES('0rCSM6fyTFWQNFOpAK_c0H',#4449,$,$,(#4430),#4448);
#4451=IFCPROPERTYSINGLEVALUE('PV_Mont',$,IFCLABEL('PI_222'),$);
#4452=IFCPROPERTYSINGLEVALUE('PV_Jus',$,IFCLABEL('PI_223'),$);
#4453=IFCPROPERTYSINGLEVALUE('DN',$,IFCREAL(200.),$);
#4454=IFCPROPERTYSINGLEVALUE('Mat',$,IFCLABEL('PVC'),$);
#4455=IFCPROPERTYSINGLEVALUE('Ext_m',$,IFCREAL(17.41),$);
#4456=IFCOWNERHISTORY(#3,#4,.READWRITE.,.ADDED.,1774189819,#3,#4,1774189819);
#4457=IFCPROPERTYSET('0PUe4$h$L6M8dODokq3hi6',#4456,'Custo5D',$,(#4460,#4461,#4462,#4463,#4464));
#4458=IFCOWNERHISTORY(#3,#4,.READWRITE.,.ADDED.,1774189819,#3,#4,1774189819);
#4459=IFCRELDEFINESBYPROPERTIES('0NVHfcjwTCmua1eyH5qJh3',#4458,$,$,(#4430),#4457);
#4460=IFCPROPERTYSINGLEVALUE('Tubo_RS',$,IFCREAL(820.36),$);
#4461=IFCPROPERTYSINGLEVALUE('Esc_RS',$,IFCREAL(214.28),$);
#4462=IFCPROPERTYSINGLEVALUE('Reat_RS',$,IFCREAL(128.49),$);
#4463=IFCPROPERTYSINGLEVALUE('Pav_RS',$,IFCREAL(1192.24),$);
#4464=IFCPROPERTYSINGLEVALUE('Total_RS',$,IFCREAL(2355.36),$);
#4465=IFCOWNERHISTORY(#3,#4,.READWRITE.,.MODIFIED.,1774189819,#3,#4,1774189819);
#4466=IFCFLOWSEGMENT('1DvKsM2ZLCnPkK9OWI_EP_',#4465,'T124_PI_223_PI_224',$,$,#4482,#4477,$);
#4472=IFCCARTESIANPOINT((0.,0.,0.));
#4473=IFCCARTESIANPOINT((17.1224971951451,13.7774423817173,2.18900000000001));
#4474=IFCPOLYLINE((#4472,#4473));
#4475=IFCSWEPTDISKSOLID(#4474,0.1,0.09,$,$);
#4476=IFCSHAPEREPRESENTATION(#16,'Body','SweptSolid',(#4475));
#4477=IFCPRODUCTDEFINITIONSHAPE($,$,(#4476));
#4478=IFCCARTESIANPOINT((989.211583544209,597.313801875338,65.74));
#4479=IFCDIRECTION((0.,0.,1.));
#4480=IFCDIRECTION((1.,0.,0.));
#4481=IFCAXIS2PLACEMENT3D(#4478,#4479,#4480);
#4482=IFCLOCALPLACEMENT($,#4481);
#4483=IFCOWNERHISTORY(#3,#4,.READWRITE.,.ADDED.,1774189819,#3,#4,1774189819);
#4484=IFCPROPERTYSET('1x97QNLF9F6QJhT8c1io47',#4483,'Dados',$,(#4487,#4488,#4489,#4490,#4491));
#4485=IFCOWNERHISTORY(#3,#4,.READWRITE.,.ADDED.,1774189819,#3,#4,1774189819);
#4486=IFCRELDEFINESBYPROPERTIES('0637BC3TT1AuCNLUTsf5mW',#4485,$,$,(#4466),#4484);
#4487=IFCPROPERTYSINGLEVALUE('PV_Mont',$,IFCLABEL('PI_223'),$);
#4488=IFCPROPERTYSINGLEVALUE('PV_Jus',$,IFCLABEL('PI_224'),$);
#4489=IFCPROPERTYSINGLEVALUE('DN',$,IFCREAL(200.),$);
#4490=IFCPROPERTYSINGLEVALUE('Mat',$,IFCLABEL('PVC'),$);
#4491=IFCPROPERTYSINGLEVALUE('Ext_m',$,IFCREAL(19.94),$);
#4492=IFCOWNERHISTORY(#3,#4,.READWRITE.,.ADDED.,1774189819,#3,#4,1774189819);
#4493=IFCPROPERTYSET('31Rt6hzEv18eI4VKRJqLMG',#4492,'Custo5D',$,(#4496,#4497,#4498,#4499,#4500));
#4494=IFCOWNERHISTORY(#3,#4,.READWRITE.,.ADDED.,1774189819,#3,#4,1774189819);
#4495=IFCRELDEFINESBYPROPERTIES('2E7gUTa6X7DQTaufyAz$MA',#4494,$,$,(#4466),#4493);
#4496=IFCPROPERTYSINGLEVALUE('Tubo_RS',$,IFCREAL(939.57),$);
#4497=IFCPROPERTYSINGLEVALUE('Esc_RS',$,IFCREAL(294.51),$);
#4498=IFCPROPERTYSINGLEVALUE('Reat_RS',$,IFCREAL(176.59),$);
#4499=IFCPROPERTYSINGLEVALUE('Pav_RS',$,IFCREAL(1365.49),$);
#4500=IFCPROPERTYSINGLEVALUE('Total_RS',$,IFCREAL(2776.16),$);
#4501=IFCOWNERHISTORY(#3,#4,.READWRITE.,.MODIFIED.,1774189819,#3,#4,1774189819);
#4502=IFCFLOWSEGMENT('1MSMshVQX3nhKXG2m7UJU4',#4501,'T125_PI_232_PI_223',$,$,#4518,#4513,$);
#4508=IFCCARTESIANPOINT((0.,0.,0.));
#4509=IFCCARTESIANPOINT((11.7331329630688,-7.97762166336179,-2.49300000000001));
#4510=IFCPOLYLINE((#4508,#4509));
#4511=IFCSWEPTDISKSOLID(#4510,0.1,0.09,$,$);
#4512=IFCSHAPEREPRESENTATION(#16,'Body','SweptSolid',(#4511));
#4513=IFCPRODUCTDEFINITIONSHAPE($,$,(#4512));
#4514=IFCCARTESIANPOINT((977.47845058114,605.2914235387,68.233));
#4515=IFCDIRECTION((0.,0.,1.));
#4516=IFCDIRECTION((1.,0.,0.));
#4517=IFCAXIS2PLACEMENT3D(#4514,#4515,#4516);
#4518=IFCLOCALPLACEMENT($,#4517);
#4519=IFCOWNERHISTORY(#3,#4,.READWRITE.,.ADDED.,1774189819,#3,#4,1774189819);
#4520=IFCPROPERTYSET('1irZAbqP5AxBx5d49qWREO',#4519,'Dados',$,(#4523,#4524,#4525,#4526,#4527));
#4521=IFCOWNERHISTORY(#3,#4,.READWRITE.,.ADDED.,1774189819,#3,#4,1774189819);
#4522=IFCRELDEFINESBYPROPERTIES('2Y1HUd8db3Wg82$I4gZ5oV',#4521,$,$,(#4502),#4520);
#4523=IFCPROPERTYSINGLEVALUE('PV_Mont',$,IFCLABEL('PI_232'),$);
#4524=IFCPROPERTYSINGLEVALUE('PV_Jus',$,IFCLABEL('PI_223'),$);
#4525=IFCPROPERTYSINGLEVALUE('DN',$,IFCREAL(200.),$);
#4526=IFCPROPERTYSINGLEVALUE('Mat',$,IFCLABEL('PVC'),$);
#4527=IFCPROPERTYSINGLEVALUE('Ext_m',$,IFCREAL(13.41),$);
#4528=IFCOWNERHISTORY(#3,#4,.READWRITE.,.ADDED.,1774189819,#3,#4,1774189819);
#4529=IFCPROPERTYSET('1eNG3$1ST9WxlPfZFjc3$l',#4528,'Custo5D',$,(#4532,#4533,#4534,#4535,#4536));
#4530=IFCOWNERHISTORY(#3,#4,.READWRITE.,.ADDED.,1774189819,#3,#4,1774189819);
#4531=IFCRELDEFINESBYPROPERTIES('1EneSkUtP53vRbujBLpyUw',#4530,$,$,(#4502),#4529);
#4532=IFCPROPERTYSINGLEVALUE('Tubo_RS',$,IFCREAL(631.88),$);
#4533=IFCPROPERTYSINGLEVALUE('Esc_RS',$,IFCREAL(198.06),$);
#4534=IFCPROPERTYSINGLEVALUE('Reat_RS',$,IFCREAL(118.76),$);
#4535=IFCPROPERTYSINGLEVALUE('Pav_RS',$,IFCREAL(918.32),$);
#4536=IFCPROPERTYSINGLEVALUE('Total_RS',$,IFCREAL(1867.02),$);
#4537=IFCOWNERHISTORY(#3,#4,.READWRITE.,.MODIFIED.,1774189819,#3,#4,1774189819);
#4538=IFCFLOWSEGMENT('04bTxUb314WRrBK8NpFrS$',#4537,'T126_PV_29_PV_28',$,$,#4554,#4549,$);
#4544=IFCCARTESIANPOINT((0.,0.,0.));
#4545=IFCCARTESIANPOINT((-2.95998055738164,5.68644065130502,-0.0640000000000072));
#4546=IFCPOLYLINE((#4544,#4545));
#4547=IFCSWEPTDISKSOLID(#4546,0.1,0.09,$,$);
#4548=IFCSHAPEREPRESENTATION(#16,'Body','SweptSolid',(#4547));
#4549=IFCPRODUCTDEFINITIONSHAPE($,$,(#4548));
#4550=IFCCARTESIANPOINT((975.933334278001,607.02964432165,65.453));
#4551=IFCDIRECTION((0.,0.,1.));
#4552=IFCDIRECTION((1.,0.,0.));
#4553=IFCAXIS2PLACEMENT3D(#4550,#4551,#4552);
#4554=IFCLOCALPLACEMENT($,#4553);
#4555=IFCOWNERHISTORY(#3,#4,.READWRITE.,.ADDED.,1774189819,#3,#4,1774189819);
#4556=IFCPROPERTYSET('0NH$aeL2f8KRA$AUxn4Iq2',#4555,'Dados',$,(#4559,#4560,#4561,#4562,#4563));
#4557=IFCOWNERHISTORY(#3,#4,.READWRITE.,.ADDED.,1774189819,#3,#4,1774189819);
#4558=IFCRELDEFINESBYPROPERTIES('22tcB$79z7RBs5q$QA0h13',#4557,$,$,(#4538),#4556);
#4559=IFCPROPERTYSINGLEVALUE('PV_Mont',$,IFCLABEL('PV_29'),$);
#4560=IFCPROPERTYSINGLEVALUE('PV_Jus',$,IFCLABEL('PV_28'),$);
#4561=IFCPROPERTYSINGLEVALUE('DN',$,IFCREAL(200.),$);
#4562=IFCPROPERTYSINGLEVALUE('Mat',$,IFCLABEL('PVC'),$);
#4563=IFCPROPERTYSINGLEVALUE('Ext_m',$,IFCREAL(6.41),$);
#4564=IFCOWNERHISTORY(#3,#4,.READWRITE.,.ADDED.,1774189819,#3,#4,1774189819);
#4565=IFCPROPERTYSET('1O7K28kSHAJAGGoWvM9tqh',#4564,'Custo5D',$,(#4568,#4569,#4570,#4571,#4572));
#4566=IFCOWNERHISTORY(#3,#4,.READWRITE.,.ADDED.,1774189819,#3,#4,1774189819);
#4567=IFCRELDEFINESBYPROPERTIES('3_evs1_213BuGErLQxlLFs',#4566,$,$,(#4538),#4565);
#4568=IFCPROPERTYSINGLEVALUE('Tubo_RS',$,IFCREAL(302.04),$);
#4569=IFCPROPERTYSINGLEVALUE('Esc_RS',$,IFCREAL(75.19),$);
#4570=IFCPROPERTYSINGLEVALUE('Reat_RS',$,IFCREAL(45.08),$);
#4571=IFCPROPERTYSINGLEVALUE('Pav_RS',$,IFCREAL(438.96),$);
#4572=IFCPROPERTYSINGLEVALUE('Total_RS',$,IFCREAL(861.26),$);
#4573=IFCOWNERHISTORY(#3,#4,.READWRITE.,.MODIFIED.,1774189819,#3,#4,1774189819);
#4574=IFCFLOWSEGMENT('0omrd3TgT5$PXkrg285dnj',#4573,'T127_N_043_PI_233',$,$,#4590,#4585,$);
#4580=IFCCARTESIANPOINT((0.,0.,0.));
#4581=IFCCARTESIANPOINT((-9.65297338768141,8.40821613091975,74.783));
#4582=IFCPOLYLINE((#4580,#4581));
#4583=IFCSWEPTDISKSOLID(#4582,0.1,0.09,$,$);
#4584=IFCSHAPEREPRESENTATION(#16,'Body','SweptSolid',(#4583));
#4585=IFCPRODUCTDEFINITIONSHAPE($,$,(#4584));
#4586=IFCCARTESIANPOINT((972.096138498629,618.515576511621,-1.5));
#4587=IFCDIRECTION((0.,0.,1.));
#4588=IFCDIRECTION((1.,0.,0.));
#4589=IFCAXIS2PLACEMENT3D(#4586,#4587,#4588);
#4590=IFCLOCALPLACEMENT($,#4589);
#4591=IFCOWNERHISTORY(#3,#4,.READWRITE.,.ADDED.,1774189819,#3,#4,1774189819);
#4592=IFCPROPERTYSET('2myw8z$oDE2ul$ErdgFDPo',#4591,'Dados',$,(#4595,#4596,#4597,#4598,#4599));
#4593=IFCOWNERHISTORY(#3,#4,.READWRITE.,.ADDED.,1774189819,#3,#4,1774189819);
#4594=IFCRELDEFINESBYPROPERTIES('1aF3Htqj9CZ9HfoJ46tNg$',#4593,$,$,(#4574),#4592);
#4595=IFCPROPERTYSINGLEVALUE('PV_Mont',$,IFCLABEL('N_043'),$);
#4596=IFCPROPERTYSINGLEVALUE('PV_Jus',$,IFCLABEL('PI_233'),$);
#4597=IFCPROPERTYSINGLEVALUE('DN',$,IFCREAL(200.),$);
#4598=IFCPROPERTYSINGLEVALUE('Mat',$,IFCLABEL('PVC'),$);
#4599=IFCPROPERTYSINGLEVALUE('Ext_m',$,IFCREAL(12.3),$);
#4600=IFCOWNERHISTORY(#3,#4,.READWRITE.,.ADDED.,1774189819,#3,#4,1774189819);
#4601=IFCPROPERTYSET('2Xs5gt8pT3M9s1UN$epZFj',#4600,'Custo5D',$,(#4604,#4605,#4606,#4607,#4608));
#4602=IFCOWNERHISTORY(#3,#4,.READWRITE.,.ADDED.,1774189819,#3,#4,1774189819);
#4603=IFCRELDEFINESBYPROPERTIES('0kK77bd9bDP8mqZcGgAyO1',#4602,$,$,(#4574),#4601);
#4604=IFCPROPERTYSINGLEVALUE('Tubo_RS',$,IFCREAL(579.58),$);
#4605=IFCPROPERTYSINGLEVALUE('Esc_RS',$,IFCREAL(454.17),$);
#4606=IFCPROPERTYSINGLEVALUE('Reat_RS',$,IFCREAL(272.32),$);
#4607=IFCPROPERTYSINGLEVALUE('Pav_RS',$,IFCREAL(842.3),$);
#4608=IFCPROPERTYSINGLEVALUE('Total_RS',$,IFCREAL(2148.37),$);
#4609=IFCOWNERHISTORY(#3,#4,.READWRITE.,.MODIFIED.,1774189819,#3,#4,1774189819);
#4610=IFCFLOWSEGMENT('0vUnMqzYvC$fls3G9I3k96',#4609,'T128_PI_233_PI_236',$,$,#4626,#4621,$);
#4616=IFCCARTESIANPOINT((0.,0.,0.));
#4617=IFCCARTESIANPOINT((6.38608973385999,6.21054594963789,7.553));
#4618=IFCPOLYLINE((#4616,#4617));
#4619=IFCSWEPTDISKSOLID(#4618,0.1,0.09,$,$);
#4620=IFCSHAPEREPRESENTATION(#16,'Body','SweptSolid',(#4619));
#4621=IFCPRODUCTDEFINITIONSHAPE($,$,(#4620));
#4622=IFCCARTESIANPOINT((962.443165110948,626.923792642541,73.283));
#4623=IFCDIRECTION((0.,0.,1.));
#4624=IFCDIRECTION((1.,0.,0.));
#4625=IFCAXIS2PLACEMENT3D(#4622,#4623,#4624);
#4626=IFCLOCALPLACEMENT($,#4625);
#4627=IFCOWNERHISTORY(#3,#4,.READWRITE.,.ADDED.,1774189819,#3,#4,1774189819);
#4628=IFCPROPERTYSET('08Fb74t35Fk8BewbqdMhei',#4627,'Dados',$,(#4631,#4632,#4633,#4634,#4635));
#4629=IFCOWNERHISTORY(#3,#4,.READWRITE.,.ADDED.,1774189819,#3,#4,1774189819);
#4630=IFCRELDEFINESBYPROPERTIES('1XoqGFZZ9BhB2M09i9zqIj',#4629,$,$,(#4610),#4628);
#4631=IFCPROPERTYSINGLEVALUE('PV_Mont',$,IFCLABEL('PI_233'),$);
#4632=IFCPROPERTYSINGLEVALUE('PV_Jus',$,IFCLABEL('PI_236'),$);
#4633=IFCPROPERTYSINGLEVALUE('DN',$,IFCREAL(200.),$);
#4634=IFCPROPERTYSINGLEVALUE('Mat',$,IFCLABEL('PVC'),$);
#4635=IFCPROPERTYSINGLEVALUE('Ext_m',$,IFCREAL(8.4),$);
#4636=IFCOWNERHISTORY(#3,#4,.READWRITE.,.ADDED.,1774189819,#3,#4,1774189819);
#4637=IFCPROPERTYSET('157FLpQ3X9ZvEiiFWl4ut3',#4636,'Custo5D',$,(#4640,#4641,#4642,#4643,#4644));
#4638=IFCOWNERHISTORY(#3,#4,.READWRITE.,.ADDED.,1774189819,#3,#4,1774189819);
#4639=IFCRELDEFINESBYPROPERTIES('3ywD8RaenEX8b8LE5Vt1W0',#4638,$,$,(#4610),#4637);
#4640=IFCPROPERTYSINGLEVALUE('Tubo_RS',$,IFCREAL(395.81),$);
#4641=IFCPROPERTYSINGLEVALUE('Esc_RS',$,IFCREAL(112.28),$);
#4642=IFCPROPERTYSINGLEVALUE('Reat_RS',$,IFCREAL(67.32),$);
#4643=IFCPROPERTYSINGLEVALUE('Pav_RS',$,IFCREAL(575.23),$);
#4644=IFCPROPERTYSINGLEVALUE('Total_RS',$,IFCREAL(1150.64),$);
#4645=IFCOWNERHISTORY(#3,#4,.READWRITE.,.MODIFIED.,1774189819,#3,#4,1774189819);
#4646=IFCFLOWSEGMENT('3xtnRqI5LDABjtq3kTqKh8',#4645,'T129_PI_234_PI_237',$,$,#4662,#4657,$);
#4652=IFCCARTESIANPOINT((0.,0.,0.));
#4653=IFCCARTESIANPOINT((4.90373138623545,14.6294125840068,9.09599999999999));
#4654=IFCPOLYLINE((#4652,#4653));
#4655=IFCSWEPTDISKSOLID(#4654,0.1,0.09,$,$);
#4656=IFCSHAPEREPRESENTATION(#16,'Body','SweptSolid',(#4655));
#4657=IFCPRODUCTDEFINITIONSHAPE($,$,(#4656));
#4658=IFCCARTESIANPOINT((970.123700720316,635.04899178911,74.483));
#4659=IFCDIRECTION((0.,0.,1.));
#4660=IFCDIRECTION((1.,0.,0.));
#4661=IFCAXIS2PLACEMENT3D(#4658,#4659,#4660);
#4662=IFCLOCALPLACEMENT($,#4661);
#4663=IFCOWNERHISTORY(#3,#4,.READWRITE.,.ADDED.,1774189819,#3,#4,1774189819);
#4664=IFCPROPERTYSET('1zDHj3YbP0FuqieqRC_gTA',#4663,'Dados',$,(#4667,#4668,#4669,#4670,#4671));
#4665=IFCOWNERHISTORY(#3,#4,.READWRITE.,.ADDED.,1774189819,#3,#4,1774189819);
#4666=IFCRELDEFINESBYPROPERTIES('0QzkhPRj97$f$T2btduqne',#4665,$,$,(#4646),#4664);
#4667=IFCPROPERTYSINGLEVALUE('PV_Mont',$,IFCLABEL('PI_234'),$);
#4668=IFCPROPERTYSINGLEVALUE('PV_Jus',$,IFCLABEL('PI_237'),$);
#4669=IFCPROPERTYSINGLEVALUE('DN',$,IFCREAL(200.),$);
#4670=IFCPROPERTYSINGLEVALUE('Mat',$,IFCLABEL('PVC'),$);
#4671=IFCPROPERTYSINGLEVALUE('Ext_m',$,IFCREAL(15.43),$);
#4672=IFCOWNERHISTORY(#3,#4,.READWRITE.,.ADDED.,1774189819,#3,#4,1774189819);
#4673=IFCPROPERTYSET('1TSUt22rrEYQkaYWeKLjHr',#4672,'Custo5D',$,(#4676,#4677,#4678,#4679,#4680));
#4674=IFCOWNERHISTORY(#3,#4,.READWRITE.,.ADDED.,1774189819,#3,#4,1774189819);
#4675=IFCRELDEFINESBYPROPERTIES('0NIFbISn5A7RChEHEgb7G8',#4674,$,$,(#4646),#4673);
#4676=IFCPROPERTYSINGLEVALUE('Tubo_RS',$,IFCREAL(727.06),$);
#4677=IFCPROPERTYSINGLEVALUE('Esc_RS',$,IFCREAL(227.89),$);
#4678=IFCPROPERTYSINGLEVALUE('Reat_RS',$,IFCREAL(136.65),$);
#4679=IFCPROPERTYSINGLEVALUE('Pav_RS',$,IFCREAL(1056.65),$);
#4680=IFCPROPERTYSINGLEVALUE('Total_RS',$,IFCREAL(2148.25),$);
#4681=IFCOWNERHISTORY(#3,#4,.READWRITE.,.MODIFIED.,1774189819,#3,#4,1774189819);
#4682=IFCFLOWSEGMENT('2HM$q3rJ9DZQP2BYd3SVn1',#4681,'T130_PI_238_PI_180',$,$,#4698,#4693,$);
#4688=IFCCARTESIANPOINT((0.,0.,0.));
#4689=IFCCARTESIANPOINT((-3.85636919923127,5.52623831946403,2.464));
#4690=IFCPOLYLINE((#4688,#4689));
#4691=IFCSWEPTDISKSOLID(#4690,0.1,0.09,$,$);
#4692=IFCSHAPEREPRESENTATION(#16,'Body','SweptSolid',(#4691));
#4693=IFCPRODUCTDEFINITIONSHAPE($,$,(#4692));
#4694=IFCCARTESIANPOINT((974.721838546742,651.799301395193,86.304));
#4695=IFCDIRECTION((0.,0.,1.));
#4696=IFCDIRECTION((1.,0.,0.));
#4697=IFCAXIS2PLACEMENT3D(#4694,#4695,#4696);
#4698=IFCLOCALPLACEMENT($,#4697);
#4699=IFCOWNERHISTORY(#3,#4,.READWRITE.,.ADDED.,1774189819,#3,#4,1774189819);
#4700=IFCPROPERTYSET('1Nj05tfND8Qu93wgP$CW7D',#4699,'Dados',$,(#4703,#4704,#4705,#4706,#4707));
#4701=IFCOWNERHISTORY(#3,#4,.READWRITE.,.ADDED.,1774189819,#3,#4,1774189819);
#4702=IFCRELDEFINESBYPROPERTIES('1cMTfYVOr0WuDaPEEtg9v_',#4701,$,$,(#4682),#4700);
#4703=IFCPROPERTYSINGLEVALUE('PV_Mont',$,IFCLABEL('PI_238'),$);
#4704=IFCPROPERTYSINGLEVALUE('PV_Jus',$,IFCLABEL('PI_180'),$);
#4705=IFCPROPERTYSINGLEVALUE('DN',$,IFCREAL(200.),$);
#4706=IFCPROPERTYSINGLEVALUE('Mat',$,IFCLABEL('PVC'),$);
#4707=IFCPROPERTYSINGLEVALUE('Ext_m',$,IFCREAL(6.74),$);
#4708=IFCOWNERHISTORY(#3,#4,.READWRITE.,.ADDED.,1774189819,#3,#4,1774189819);
#4709=IFCPROPERTYSET('0NhxRVZPDCxxrhzhgFJJWR',#4708,'Custo5D',$,(#4712,#4713,#4714,#4715,#4716));
#4710=IFCOWNERHISTORY(#3,#4,.READWRITE.,.ADDED.,1774189819,#3,#4,1774189819);
#4711=IFCRELDEFINESBYPROPERTIES('0zjIae1eL8$wYq7l5DXOri',#4710,$,$,(#4682),#4709);
#4712=IFCPROPERTYSINGLEVALUE('Tubo_RS',$,IFCREAL(317.59),$);
#4713=IFCPROPERTYSINGLEVALUE('Esc_RS',$,IFCREAL(99.55),$);
#4714=IFCPROPERTYSINGLEVALUE('Reat_RS',$,IFCREAL(59.69),$);
#4715=IFCPROPERTYSINGLEVALUE('Pav_RS',$,IFCREAL(461.56),$);
#4716=IFCPROPERTYSINGLEVALUE('Total_RS',$,IFCREAL(938.38),$);
#4717=IFCOWNERHISTORY(#3,#4,.READWRITE.,.MODIFIED.,1774189819,#3,#4,1774189819);
#4718=IFCFLOWSEGMENT('0_6wNisFrAC8h_i$0uqBVe',#4717,'T131_PI_224_PI_240',$,$,#4734,#4729,$);
#4724=IFCCARTESIANPOINT((0.,0.,0.));
#4725=IFCCARTESIANPOINT((-3.29833921650425,7.91784855350852,11.745));
#4726=IFCPOLYLINE((#4724,#4725));
#4727=IFCSWEPTDISKSOLID(#4726,0.1,0.09,$,$);
#4728=IFCSHAPEREPRESENTATION(#16,'Body','SweptSolid',(#4727));
#4729=IFCPRODUCTDEFINITIONSHAPE($,$,(#4728));
#4730=IFCCARTESIANPOINT((1006.33408073935,611.091244257055,67.929));
#4731=IFCDIRECTION((0.,0.,1.));
#4732=IFCDIRECTION((1.,0.,0.));
#4733=IFCAXIS2PLACEMENT3D(#4730,#4731,#4732);
#4734=IFCLOCALPLACEMENT($,#4733);
#4735=IFCOWNERHISTORY(#3,#4,.READWRITE.,.ADDED.,1774189819,#3,#4,1774189819);
#4736=IFCPROPERTYSET('23eTOtbaX9gRxDROvZ859s',#4735,'Dados',$,(#4739,#4740,#4741,#4742,#4743));
#4737=IFCOWNERHISTORY(#3,#4,.READWRITE.,.ADDED.,1774189819,#3,#4,1774189819);
#4738=IFCRELDEFINESBYPROPERTIES('0EIFlaP5XBqAeVEX2qIq0c',#4737,$,$,(#4718),#4736);
#4739=IFCPROPERTYSINGLEVALUE('PV_Mont',$,IFCLABEL('PI_224'),$);
#4740=IFCPROPERTYSINGLEVALUE('PV_Jus',$,IFCLABEL('PI_240'),$);
#4741=IFCPROPERTYSINGLEVALUE('DN',$,IFCREAL(200.),$);
#4742=IFCPROPERTYSINGLEVALUE('Mat',$,IFCLABEL('PVC'),$);
#4743=IFCPROPERTYSINGLEVALUE('Ext_m',$,IFCREAL(7.84),$);
#4744=IFCOWNERHISTORY(#3,#4,.READWRITE.,.ADDED.,1774189819,#3,#4,1774189819);
#4745=IFCPROPERTYSET('1kO8YQ3_535Q$bKIU9SbqN',#4744,'Custo5D',$,(#4748,#4749,#4750,#4751,#4752));
#4746=IFCOWNERHISTORY(#3,#4,.READWRITE.,.ADDED.,1774189819,#3,#4,1774189819);
#4747=IFCRELDEFINESBYPROPERTIES('1HdfvOxVvF2e1MlxlXAea0',#4746,$,$,(#4718),#4745);
#4748=IFCPROPERTYSINGLEVALUE('Tubo_RS',$,IFCREAL(369.42),$);
#4749=IFCPROPERTYSINGLEVALUE('Esc_RS',$,IFCREAL(115.79),$);
#4750=IFCPROPERTYSINGLEVALUE('Reat_RS',$,IFCREAL(69.43),$);
#4751=IFCPROPERTYSINGLEVALUE('Pav_RS',$,IFCREAL(536.88),$);
#4752=IFCPROPERTYSINGLEVALUE('Total_RS',$,IFCREAL(1091.53),$);
#4753=IFCOWNERHISTORY(#3,#4,.READWRITE.,.MODIFIED.,1774189819,#3,#4,1774189819);
#4754=IFCFLOWSEGMENT('0Q9QQRuXX2FxN6LkfU6R1T',#4753,'T132_N_040_N_041',$,$,#4770,#4765,$);
#4760=IFCCARTESIANPOINT((0.,0.,0.));
#4761=IFCCARTESIANPOINT((2.38099064870039,6.03599918354303,0.));
#4762=IFCPOLYLINE((#4760,#4761));
#4763=IFCSWEPTDISKSOLID(#4762,0.1,0.09,$,$);
#4764=IFCSHAPEREPRESENTATION(#16,'Body','SweptSolid',(#4763));
#4765=IFCPRODUCTDEFINITIONSHAPE($,$,(#4764));
#4766=IFCCARTESIANPOINT((1002.94000546675,621.197174629197,-1.5));
#4767=IFCDIRECTION((0.,0.,1.));
#4768=IFCDIRECTION((1.,0.,0.));
#4769=IFCAXIS2PLACEMENT3D(#4766,#4767,#4768);
#4770=IFCLOCALPLACEMENT($,#4769);
#4771=IFCOWNERHISTORY(#3,#4,.READWRITE.,.ADDED.,1774189819,#3,#4,1774189819);
#4772=IFCPROPERTYSET('3ZljGQqV13JxbcoyFrGsjK',#4771,'Dados',$,(#4775,#4776,#4777,#4778,#4779));
#4773=IFCOWNERHISTORY(#3,#4,.READWRITE.,.ADDED.,1774189819,#3,#4,1774189819);
#4774=IFCRELDEFINESBYPROPERTIES('14cZGMCQ9CX9uLOiv1kqQ3',#4773,$,$,(#4754),#4772);
#4775=IFCPROPERTYSINGLEVALUE('PV_Mont',$,IFCLABEL('N_040'),$);
#4776=IFCPROPERTYSINGLEVALUE('PV_Jus',$,IFCLABEL('N_041'),$);
#4777=IFCPROPERTYSINGLEVALUE('DN',$,IFCREAL(200.),$);
#4778=IFCPROPERTYSINGLEVALUE('Mat',$,IFCLABEL('PVC'),$);
#4779=IFCPROPERTYSINGLEVALUE('Ext_m',$,IFCREAL(6.49),$);
#4780=IFCOWNERHISTORY(#3,#4,.READWRITE.,.ADDED.,1774189819,#3,#4,1774189819);
#4781=IFCPROPERTYSET('1F4Y6Strb8HAP8e64d8pmk',#4780,'Custo5D',$,(#4784,#4785,#4786,#4787,#4788));
#4782=IFCOWNERHISTORY(#3,#4,.READWRITE.,.ADDED.,1774189819,#3,#4,1774189819);
#4783=IFCRELDEFINESBYPROPERTIES('23JHi1vIz7087gUvhQzZZo',#4782,$,$,(#4754),#4781);
#4784=IFCPROPERTYSINGLEVALUE('Tubo_RS',$,IFCREAL(305.81),$);
#4785=IFCPROPERTYSINGLEVALUE('Esc_RS',$,IFCREAL(239.64),$);
#4786=IFCPROPERTYSINGLEVALUE('Reat_RS',$,IFCREAL(143.69),$);
#4787=IFCPROPERTYSINGLEVALUE('Pav_RS',$,IFCREAL(444.44),$);
#4788=IFCPROPERTYSINGLEVALUE('Total_RS',$,IFCREAL(1133.57),$);
#4789=IFCOWNERHISTORY(#3,#4,.READWRITE.,.MODIFIED.,1774189819,#3,#4,1774189819);
#4790=IFCFLOWSEGMENT('1DZwZBuDb9vArmjMcP_xLc',#4789,'T133_N_042_PI_241',$,$,#4806,#4801,$);
#4796=IFCCARTESIANPOINT((0.,0.,0.));
#4797=IFCCARTESIANPOINT((3.21842360630399,6.47030136268586,86.536));
#4798=IFCPOLYLINE((#4796,#4797));
#4799=IFCSWEPTDISKSOLID(#4798,0.1,0.09,$,$);
#4800=IFCSHAPEREPRESENTATION(#16,'Body','SweptSolid',(#4799));
#4801=IFCPRODUCTDEFINITIONSHAPE($,$,(#4800));
#4802=IFCCARTESIANPOINT((1006.2949924104,629.422142130323,-1.5));
#4803=IFCDIRECTION((0.,0.,1.));
#4804=IFCDIRECTION((1.,0.,0.));
#4805=IFCAXIS2PLACEMENT3D(#4802,#4803,#4804);
#4806=IFCLOCALPLACEMENT($,#4805);
#4807=IFCOWNERHISTORY(#3,#4,.READWRITE.,.ADDED.,1774189819,#3,#4,1774189819);
#4808=IFCPROPERTYSET('2DQ9JaIW53lwXjr_XwPQyR',#4807,'Dados',$,(#4811,#4812,#4813,#4814,#4815));
#4809=IFCOWNERHISTORY(#3,#4,.READWRITE.,.ADDED.,1774189819,#3,#4,1774189819);
#4810=IFCRELDEFINESBYPROPERTIES('2MHeaEpjbFO8ScuM8rPnRr',#4809,$,$,(#4790),#4808);
#4811=IFCPROPERTYSINGLEVALUE('PV_Mont',$,IFCLABEL('N_042'),$);
#4812=IFCPROPERTYSINGLEVALUE('PV_Jus',$,IFCLABEL('PI_241'),$);
#4813=IFCPROPERTYSINGLEVALUE('DN',$,IFCREAL(200.),$);
#4814=IFCPROPERTYSINGLEVALUE('Mat',$,IFCLABEL('PVC'),$);
#4815=IFCPROPERTYSINGLEVALUE('Ext_m',$,IFCREAL(7.23),$);
#4816=IFCOWNERHISTORY(#3,#4,.READWRITE.,.ADDED.,1774189819,#3,#4,1774189819);
#4817=IFCPROPERTYSET('3PV9ReyRfDnBIFO9ou9qbs',#4816,'Custo5D',$,(#4820,#4821,#4822,#4823,#4824));
#4818=IFCOWNERHISTORY(#3,#4,.READWRITE.,.ADDED.,1774189819,#3,#4,1774189819);
#4819=IFCRELDEFINESBYPROPERTIES('2j2kDjKEr6Qfa50CNVCDq8',#4818,$,$,(#4790),#4817);
#4820=IFCPROPERTYSINGLEVALUE('Tubo_RS',$,IFCREAL(340.68),$);
#4821=IFCPROPERTYSINGLEVALUE('Esc_RS',$,IFCREAL(266.96),$);
#4822=IFCPROPERTYSINGLEVALUE('Reat_RS',$,IFCREAL(160.07),$);
#4823=IFCPROPERTYSINGLEVALUE('Pav_RS',$,IFCREAL(495.11),$);
#4824=IFCPROPERTYSINGLEVALUE('Total_RS',$,IFCREAL(1262.82),$);
#4825=IFCOWNERHISTORY(#3,#4,.READWRITE.,.MODIFIED.,1774189819,#3,#4,1774189819);
#4826=IFCFLOWSEGMENT('2zTrVl2Lz0CR04wh3YuOEh',#4825,'T134_PI_242_N_039',$,$,#4842,#4837,$);
#4832=IFCCARTESIANPOINT((0.,0.,0.));
#4833=IFCCARTESIANPOINT((4.19417306687683,2.98847785312682,-86.571));
#4834=IFCPOLYLINE((#4832,#4833));
#4835=IFCSWEPTDISKSOLID(#4834,0.1,0.09,$,$);
#4836=IFCSHAPEREPRESENTATION(#16,'Body','SweptSolid',(#4835));
#4837=IFCPRODUCTDEFINITIONSHAPE($,$,(#4836));
#4838=IFCCARTESIANPOINT((1011.07229992701,637.588566435501,85.071));
#4839=IFCDIRECTION((0.,0.,1.));
#4840=IFCDIRECTION((1.,0.,0.));
#4841=IFCAXIS2PLACEMENT3D(#4838,#4839,#4840);
#4842=IFCLOCALPLACEMENT($,#4841);
#4843=IFCOWNERHISTORY(#3,#4,.READWRITE.,.ADDED.,1774189819,#3,#4,1774189819);
#4844=IFCPROPERTYSET('1Z2v4XGRL3XvK75kCYsQ4j',#4843,'Dados',$,(#4847,#4848,#4849,#4850,#4851));
#4845=IFCOWNERHISTORY(#3,#4,.READWRITE.,.ADDED.,1774189819,#3,#4,1774189819);
#4846=IFCRELDEFINESBYPROPERTIES('34F$at5fDBcQ3xhmd_t3Ul',#4845,$,$,(#4826),#4844);
#4847=IFCPROPERTYSINGLEVALUE('PV_Mont',$,IFCLABEL('PI_242'),$);
#4848=IFCPROPERTYSINGLEVALUE('PV_Jus',$,IFCLABEL('N_039'),$);
#4849=IFCPROPERTYSINGLEVALUE('DN',$,IFCREAL(200.),$);
#4850=IFCPROPERTYSINGLEVALUE('Mat',$,IFCLABEL('PVC'),$);
#4851=IFCPROPERTYSINGLEVALUE('Ext_m',$,IFCREAL(4.6),$);
#4852=IFCOWNERHISTORY(#3,#4,.READWRITE.,.ADDED.,1774189819,#3,#4,1774189819);
#4853=IFCPROPERTYSET('3erCtrX912gfWcD1aADIcE',#4852,'Custo5D',$,(#4856,#4857,#4858,#4859,#4860));
#4854=IFCOWNERHISTORY(#3,#4,.READWRITE.,.ADDED.,1774189819,#3,#4,1774189819);
#4855=IFCRELDEFINESBYPROPERTIES('2jDlpzy2TCBg5JSHzH$Nuo',#4854,$,$,(#4826),#4853);
#4856=IFCPROPERTYSINGLEVALUE('Tubo_RS',$,IFCREAL(216.75),$);
#4857=IFCPROPERTYSINGLEVALUE('Esc_RS',$,IFCREAL(169.85),$);
#4858=IFCPROPERTYSINGLEVALUE('Reat_RS',$,IFCREAL(101.84),$);
#4859=IFCPROPERTYSINGLEVALUE('Pav_RS',$,IFCREAL(315.01),$);
#4860=IFCPROPERTYSINGLEVALUE('Total_RS',$,IFCREAL(803.45),$);
#4861=IFCOWNERHISTORY(#3,#4,.READWRITE.,.MODIFIED.,1774189819,#3,#4,1774189819);
#4862=IFCFLOWSEGMENT('0l9bPvOCH9gQb8L7Cpp1b_',#4861,'T135_PI_244_PI_247',$,$,#4878,#4873,$);
#4868=IFCCARTESIANPOINT((0.,0.,0.));
#4869=IFCCARTESIANPOINT((3.16869244648842,10.7770975818858,9.236));
#4870=IFCPOLYLINE((#4868,#4869));
#4871=IFCSWEPTDISKSOLID(#4870,0.1,0.09,$,$);
#4872=IFCSHAPEREPRESENTATION(#16,'Body','SweptSolid',(#4871));
#4873=IFCPRODUCTDEFINITIONSHAPE($,$,(#4872));
#4874=IFCCARTESIANPOINT((1029.75427306962,664.427635685541,90.279));
#4875=IFCDIRECTION((0.,0.,1.));
#4876=IFCDIRECTION((1.,0.,0.));
#4877=IFCAXIS2PLACEMENT3D(#4874,#4875,#4876);
#4878=IFCLOCALPLACEMENT($,#4877);
#4879=IFCOWNERHISTORY(#3,#4,.READWRITE.,.ADDED.,1774189819,#3,#4,1774189819);
#4880=IFCPROPERTYSET('3O$5wkD8r55BhmQ_GnwuA7',#4879,'Dados',$,(#4883,#4884,#4885,#4886,#4887));
#4881=IFCOWNERHISTORY(#3,#4,.READWRITE.,.ADDED.,1774189819,#3,#4,1774189819);
#4882=IFCRELDEFINESBYPROPERTIES('2EvkrKPWv1fB$uWZvXeZ44',#4881,$,$,(#4862),#4880);
#4883=IFCPROPERTYSINGLEVALUE('PV_Mont',$,IFCLABEL('PI_244'),$);
#4884=IFCPROPERTYSINGLEVALUE('PV_Jus',$,IFCLABEL('PI_247'),$);
#4885=IFCPROPERTYSINGLEVALUE('DN',$,IFCREAL(200.),$);
#4886=IFCPROPERTYSINGLEVALUE('Mat',$,IFCLABEL('PVC'),$);
#4887=IFCPROPERTYSINGLEVALUE('Ext_m',$,IFCREAL(11.23),$);
#4888=IFCOWNERHISTORY(#3,#4,.READWRITE.,.ADDED.,1774189819,#3,#4,1774189819);
#4889=IFCPROPERTYSET('3PjyQ$AujDtO5HR2weL9RP',#4888,'Custo5D',$,(#4892,#4893,#4894,#4895,#4896));
#4890=IFCOWNERHISTORY(#3,#4,.READWRITE.,.ADDED.,1774189819,#3,#4,1774189819);
#4891=IFCRELDEFINESBYPROPERTIES('1qCrJiP1j0wfV04yTE9gto',#4890,$,$,(#4862),#4889);
#4892=IFCPROPERTYSINGLEVALUE('Tubo_RS',$,IFCREAL(529.16),$);
#4893=IFCPROPERTYSINGLEVALUE('Esc_RS',$,IFCREAL(165.86),$);
#4894=IFCPROPERTYSINGLEVALUE('Reat_RS',$,IFCREAL(99.45),$);
#4895=IFCPROPERTYSINGLEVALUE('Pav_RS',$,IFCREAL(769.03),$);
#4896=IFCPROPERTYSINGLEVALUE('Total_RS',$,IFCREAL(1563.5),$);
#4897=IFCOWNERHISTORY(#3,#4,.READWRITE.,.MODIFIED.,1774189819,#3,#4,1774189819);
#4898=IFCFLOWSEGMENT('16QKG4UDj0sf9SQarsumG1',#4897,'T136_PI_226_PI_228',$,$,#4914,#4909,$);
#4904=IFCCARTESIANPOINT((0.,0.,0.));
#4905=IFCCARTESIANPOINT((13.4964771249797,-7.30606979411095,-0.207000000000001));
#4906=IFCPOLYLINE((#4904,#4905));
#4907=IFCSWEPTDISKSOLID(#4906,0.1,0.09,$,$);
#4908=IFCSHAPEREPRESENTATION(#16,'Body','SweptSolid',(#4907));
#4909=IFCPRODUCTDEFINITIONSHAPE($,$,(#4908));
#4910=IFCCARTESIANPOINT((653.225740699098,525.132496698759,52.045));
#4911=IFCDIRECTION((0.,0.,1.));
#4912=IFCDIRECTION((1.,0.,0.));
#4913=IFCAXIS2PLACEMENT3D(#4910,#4911,#4912);
#4914=IFCLOCALPLACEMENT($,#4913);
#4915=IFCOWNERHISTORY(#3,#4,.READWRITE.,.ADDED.,1774189819,#3,#4,1774189819);
#4916=IFCPROPERTYSET('3WN$tEhm53KwXKCUT2LgbW',#4915,'Dados',$,(#4919,#4920,#4921,#4922,#4923));
#4917=IFCOWNERHISTORY(#3,#4,.READWRITE.,.ADDED.,1774189819,#3,#4,1774189819);
#4918=IFCRELDEFINESBYPROPERTIES('1IP14RfQX3_h6_uUHiz7MS',#4917,$,$,(#4898),#4916);
#4919=IFCPROPERTYSINGLEVALUE('PV_Mont',$,IFCLABEL('PI_226'),$);
#4920=IFCPROPERTYSINGLEVALUE('PV_Jus',$,IFCLABEL('PI_228'),$);
#4921=IFCPROPERTYSINGLEVALUE('DN',$,IFCREAL(200.),$);
#4922=IFCPROPERTYSINGLEVALUE('Mat',$,IFCLABEL('PVC'),$);
#4923=IFCPROPERTYSINGLEVALUE('Ext_m',$,IFCREAL(13.46),$);
#4924=IFCOWNERHISTORY(#3,#4,.READWRITE.,.ADDED.,1774189819,#3,#4,1774189819);
#4925=IFCPROPERTYSET('1y5qxkL4fE1PII9S3lvS3z',#4924,'Custo5D',$,(#4928,#4929,#4930,#4931,#4932));
#4926=IFCOWNERHISTORY(#3,#4,.READWRITE.,.ADDED.,1774189819,#3,#4,1774189819);
#4927=IFCRELDEFINESBYPROPERTIES('1rGUO9Nr5B9BJQWD2c_ZHi',#4926,$,$,(#4898),#4925);
#4928=IFCPROPERTYSINGLEVALUE('Tubo_RS',$,IFCREAL(634.24),$);
#4929=IFCPROPERTYSINGLEVALUE('Esc_RS',$,IFCREAL(198.8),$);
#4930=IFCPROPERTYSINGLEVALUE('Reat_RS',$,IFCREAL(119.2),$);
#4931=IFCPROPERTYSINGLEVALUE('Pav_RS',$,IFCREAL(921.74),$);
#4932=IFCPROPERTYSINGLEVALUE('Total_RS',$,IFCREAL(1873.98),$);
#4933=IFCOWNERHISTORY(#3,#4,.READWRITE.,.MODIFIED.,1774189819,#3,#4,1774189819);
#4934=IFCFLOWSEGMENT('1jl_6tJYP4ewOk2mzX1cxU',#4933,'T137_PI_228_N_017',$,$,#4950,#4945,$);
#4940=IFCCARTESIANPOINT((0.,0.,0.));
#4941=IFCCARTESIANPOINT((-1.94094150501769,-7.73680932540447,-53.338));
#4942=IFCPOLYLINE((#4940,#4941));
#4943=IFCSWEPTDISKSOLID(#4942,0.1,0.09,$,$);
#4944=IFCSHAPEREPRESENTATION(#16,'Body','SweptSolid',(#4943));
#4945=IFCPRODUCTDEFINITIONSHAPE($,$,(#4944));
#4946=IFCCARTESIANPOINT((666.722217824077,517.826426904649,51.838));
#4947=IFCDIRECTION((0.,0.,1.));
#4948=IFCDIRECTION((1.,0.,0.));
#4949=IFCAXIS2PLACEMENT3D(#4946,#4947,#4948);
#4950=IFCLOCALPLACEMENT($,#4949);
#4951=IFCOWNERHISTORY(#3,#4,.READWRITE.,.ADDED.,1774189819,#3,#4,1774189819);
#4952=IFCPROPERTYSET('2XUqmkphjC2upVZg4u5tGx',#4951,'Dados',$,(#4955,#4956,#4957,#4958,#4959));
#4953=IFCOWNERHISTORY(#3,#4,.READWRITE.,.ADDED.,1774189819,#3,#4,1774189819);
#4954=IFCRELDEFINESBYPROPERTIES('0QAay1CR9Du8H0ABFTSeya',#4953,$,$,(#4934),#4952);
#4955=IFCPROPERTYSINGLEVALUE('PV_Mont',$,IFCLABEL('PI_228'),$);
#4956=IFCPROPERTYSINGLEVALUE('PV_Jus',$,IFCLABEL('N_017'),$);
#4957=IFCPROPERTYSINGLEVALUE('DN',$,IFCREAL(200.),$);
#4958=IFCPROPERTYSINGLEVALUE('Mat',$,IFCLABEL('PVC'),$);
#4959=IFCPROPERTYSINGLEVALUE('Ext_m',$,IFCREAL(6.38),$);
#4960=IFCOWNERHISTORY(#3,#4,.READWRITE.,.ADDED.,1774189819,#3,#4,1774189819);
#4961=IFCPROPERTYSET('1Jx4glwlzAAv824jqZDod8',#4960,'Custo5D',$,(#4964,#4965,#4966,#4967,#4968));
#4962=IFCOWNERHISTORY(#3,#4,.READWRITE.,.ADDED.,1774189819,#3,#4,1774189819);
#4963=IFCRELDEFINESBYPROPERTIES('3N1Xs4nNnE7Bm9uNcPu8$l',#4962,$,$,(#4934),#4961);
#4964=IFCPROPERTYSINGLEVALUE('Tubo_RS',$,IFCREAL(300.63),$);
#4965=IFCPROPERTYSINGLEVALUE('Esc_RS',$,IFCREAL(235.58),$);
#4966=IFCPROPERTYSINGLEVALUE('Reat_RS',$,IFCREAL(141.25),$);
#4967=IFCPROPERTYSINGLEVALUE('Pav_RS',$,IFCREAL(436.9),$);
#4968=IFCPROPERTYSINGLEVALUE('Total_RS',$,IFCREAL(1114.36),$);
#4969=IFCOWNERHISTORY(#3,#4,.READWRITE.,.MODIFIED.,1774189819,#3,#4,1774189819);
#4970=IFCFLOWSEGMENT('2Q2MNLdYD5rBbp2O1EcpCy',#4969,'T138_N_017_N_019',$,$,#4986,#4981,$);
#4976=IFCCARTESIANPOINT((0.,0.,0.));
#4977=IFCCARTESIANPOINT((-6.30637292575557,-0.977284729480743,0.));
#4978=IFCPOLYLINE((#4976,#4977));
#4979=IFCSWEPTDISKSOLID(#4978,0.1,0.09,$,$);
#4980=IFCSHAPEREPRESENTATION(#16,'Body','SweptSolid',(#4979));
#4981=IFCPRODUCTDEFINITIONSHAPE($,$,(#4980));
#4982=IFCCARTESIANPOINT((664.78127631906,510.089617579244,-1.5));
#4983=IFCDIRECTION((0.,0.,1.));
#4984=IFCDIRECTION((1.,0.,0.));
#4985=IFCAXIS2PLACEMENT3D(#4982,#4983,#4984);
#4986=IFCLOCALPLACEMENT($,#4985);
#4987=IFCOWNERHISTORY(#3,#4,.READWRITE.,.ADDED.,1774189819,#3,#4,1774189819);
#4988=IFCPROPERTYSET('1N8$SSpZL1o86Q$0Pk5vPr',#4987,'Dados',$,(#4991,#4992,#4993,#4994,#4995));
#4989=IFCOWNERHISTORY(#3,#4,.READWRITE.,.ADDED.,1774189819,#3,#4,1774189819);
#4990=IFCRELDEFINESBYPROPERTIES('1y$BTrEXD9UQQ3NrqDnIi$',#4989,$,$,(#4970),#4988);
#4991=IFCPROPERTYSINGLEVALUE('PV_Mont',$,IFCLABEL('N_017'),$);
#4992=IFCPROPERTYSINGLEVALUE('PV_Jus',$,IFCLABEL('N_019'),$);
#4993=IFCPROPERTYSINGLEVALUE('DN',$,IFCREAL(200.),$);
#4994=IFCPROPERTYSINGLEVALUE('Mat',$,IFCLABEL('PVC'),$);
#4995=IFCPROPERTYSINGLEVALUE('Ext_m',$,IFCREAL(4.87),$);
#4996=IFCOWNERHISTORY(#3,#4,.READWRITE.,.ADDED.,1774189819,#3,#4,1774189819);
#4997=IFCPROPERTYSET('3xNaZjvff7UPyWUGuOmNDx',#4996,'Custo5D',$,(#5000,#5001,#5002,#5003,#5004));
#4998=IFCOWNERHISTORY(#3,#4,.READWRITE.,.ADDED.,1774189819,#3,#4,1774189819);
#4999=IFCRELDEFINESBYPROPERTIES('0PEjaghbb1mRaDIavSpiKx',#4998,$,$,(#4970),#4997);
#5000=IFCPROPERTYSINGLEVALUE('Tubo_RS',$,IFCREAL(229.47),$);
#5001=IFCPROPERTYSINGLEVALUE('Esc_RS',$,IFCREAL(179.82),$);
#5002=IFCPROPERTYSINGLEVALUE('Reat_RS',$,IFCREAL(107.82),$);
#5003=IFCPROPERTYSINGLEVALUE('Pav_RS',$,IFCREAL(333.5),$);
#5004=IFCPROPERTYSINGLEVALUE('Total_RS',$,IFCREAL(850.61),$);
#5005=IFCOWNERHISTORY(#3,#4,.READWRITE.,.MODIFIED.,1774189819,#3,#4,1774189819);
#5006=IFCFLOWSEGMENT('2afF3ML0D9OBtXw$MywiGG',#5005,'T139_N_019_N_018',$,$,#5022,#5017,$);
#5012=IFCCARTESIANPOINT((0.,0.,0.));
#5013=IFCCARTESIANPOINT((-2.06555158470292,-3.56910531688482,0.));
#5014=IFCPOLYLINE((#5012,#5013));
#5015=IFCSWEPTDISKSOLID(#5014,0.1,0.09,$,$);
#5016=IFCSHAPEREPRESENTATION(#16,'Body','SweptSolid',(#5015));
#5017=IFCPRODUCTDEFINITIONSHAPE($,$,(#5016));
#5018=IFCCARTESIANPOINT((658.474903393304,509.112332849763,-1.5));
#5019=IFCDIRECTION((0.,0.,1.));
#5020=IFCDIRECTION((1.,0.,0.));
#5021=IFCAXIS2PLACEMENT3D(#5018,#5019,#5020);
#5022=IFCLOCALPLACEMENT($,#5021);
#5023=IFCOWNERHISTORY(#3,#4,.READWRITE.,.ADDED.,1774189819,#3,#4,1774189819);
#5024=IFCPROPERTYSET('1JytK3rP9FC8ehKtyxr397',#5023,'Dados',$,(#5027,#5028,#5029,#5030,#5031));
#5025=IFCOWNERHISTORY(#3,#4,.READWRITE.,.ADDED.,1774189819,#3,#4,1774189819);
#5026=IFCRELDEFINESBYPROPERTIES('2ALj_mguL5hAwAoqb_Y02H',#5025,$,$,(#5006),#5024);
#5027=IFCPROPERTYSINGLEVALUE('PV_Mont',$,IFCLABEL('N_019'),$);
#5028=IFCPROPERTYSINGLEVALUE('PV_Jus',$,IFCLABEL('N_018'),$);
#5029=IFCPROPERTYSINGLEVALUE('DN',$,IFCREAL(200.),$);
#5030=IFCPROPERTYSINGLEVALUE('Mat',$,IFCLABEL('PVC'),$);
#5031=IFCPROPERTYSINGLEVALUE('Ext_m',$,IFCREAL(2.54),$);
#5032=IFCOWNERHISTORY(#3,#4,.READWRITE.,.ADDED.,1774189819,#3,#4,1774189819);
#5033=IFCPROPERTYSET('3V76l1ATzBWg9i6RW7WPAs',#5032,'Custo5D',$,(#5036,#5037,#5038,#5039,#5040));
#5034=IFCOWNERHISTORY(#3,#4,.READWRITE.,.ADDED.,1774189819,#3,#4,1774189819);
#5035=IFCRELDEFINESBYPROPERTIES('1Qy4JL0_PFkufp_TC4l5b2',#5034,$,$,(#5006),#5033);
#5036=IFCPROPERTYSINGLEVALUE('Tubo_RS',$,IFCREAL(119.68),$);
#5037=IFCPROPERTYSINGLEVALUE('Esc_RS',$,IFCREAL(93.79),$);
#5038=IFCPROPERTYSINGLEVALUE('Reat_RS',$,IFCREAL(56.24),$);
#5039=IFCPROPERTYSINGLEVALUE('Pav_RS',$,IFCREAL(173.94),$);
#5040=IFCPROPERTYSINGLEVALUE('Total_RS',$,IFCREAL(443.65),$);
#5041=IFCOWNERHISTORY(#3,#4,.READWRITE.,.MODIFIED.,1774189819,#3,#4,1774189819);
#5042=IFCFLOWSEGMENT('2cPO2qB8HDFhGkZSqB5gmP',#5041,'T140_N_018_PI_227',$,$,#5058,#5053,$);
#5048=IFCCARTESIANPOINT((0.,0.,0.));
#5049=IFCCARTESIANPOINT((-8.60932397138095,-0.553775881417096,55.839));
#5050=IFCPOLYLINE((#5048,#5049));
#5051=IFCSWEPTDISKSOLID(#5050,0.1,0.09,$,$);
#5052=IFCSHAPEREPRESENTATION(#16,'Body','SweptSolid',(#5051));
#5053=IFCPRODUCTDEFINITIONSHAPE($,$,(#5052));
#5054=IFCCARTESIANPOINT((656.409351808601,505.543227532879,-1.5));
#5055=IFCDIRECTION((0.,0.,1.));
#5056=IFCDIRECTION((1.,0.,0.));
#5057=IFCAXIS2PLACEMENT3D(#5054,#5055,#5056);
#5058=IFCLOCALPLACEMENT($,#5057);
#5059=IFCOWNERHISTORY(#3,#4,.READWRITE.,.ADDED.,1774189819,#3,#4,1774189819);
#5060=IFCPROPERTYSET('39yqJxwDXEq9XzI4D3m3Td',#5059,'Dados',$,(#5063,#5064,#5065,#5066,#5067));
#5061=IFCOWNERHISTORY(#3,#4,.READWRITE.,.ADDED.,1774189819,#3,#4,1774189819);
#5062=IFCRELDEFINESBYPROPERTIES('18Rt2rQK9FEO84rZxBiZ4a',#5061,$,$,(#5042),#5060);
#5063=IFCPROPERTYSINGLEVALUE('PV_Mont',$,IFCLABEL('N_018'),$);
#5064=IFCPROPERTYSINGLEVALUE('PV_Jus',$,IFCLABEL('PI_227'),$);
#5065=IFCPROPERTYSINGLEVALUE('DN',$,IFCREAL(200.),$);
#5066=IFCPROPERTYSINGLEVALUE('Mat',$,IFCLABEL('PVC'),$);
#5067=IFCPROPERTYSINGLEVALUE('Ext_m',$,IFCREAL(7.33),$);
#5068=IFCOWNERHISTORY(#3,#4,.READWRITE.,.ADDED.,1774189819,#3,#4,1774189819);
#5069=IFCPROPERTYSET('3yaB5HK$XF7x2UMt3Py27M',#5068,'Custo5D',$,(#5072,#5073,#5074,#5075,#5076));
#5070=IFCOWNERHISTORY(#3,#4,.READWRITE.,.ADDED.,1774189819,#3,#4,1774189819);
#5071=IFCRELDEFINESBYPROPERTIES('3gJirQcwXCrACK2flXtsWP',#5070,$,$,(#5042),#5069);
#5072=IFCPROPERTYSINGLEVALUE('Tubo_RS',$,IFCREAL(345.39),$);
#5073=IFCPROPERTYSINGLEVALUE('Esc_RS',$,IFCREAL(270.65),$);
#5074=IFCPROPERTYSINGLEVALUE('Reat_RS',$,IFCREAL(162.29),$);
#5075=IFCPROPERTYSINGLEVALUE('Pav_RS',$,IFCREAL(501.96),$);
#5076=IFCPROPERTYSINGLEVALUE('Total_RS',$,IFCREAL(1280.29),$);
#5077=IFCOWNERHISTORY(#3,#4,.READWRITE.,.MODIFIED.,1774189819,#3,#4,1774189819);
#5078=IFCFLOWSEGMENT('1UHpiyA45Aw9k$dJeFFyXJ',#5077,'T141_PI_230_N_016',$,$,#5094,#5089,$);
#5084=IFCCARTESIANPOINT((0.,0.,0.));
#5085=IFCCARTESIANPOINT((-7.25567286403384,0.12935452349484,-50.584));
#5086=IFCPOLYLINE((#5084,#5085));
#5087=IFCSWEPTDISKSOLID(#5086,0.1,0.09,$,$);
#5088=IFCSHAPEREPRESENTATION(#16,'Body','SweptSolid',(#5087));
#5089=IFCPRODUCTDEFINITIONSHAPE($,$,(#5088));
#5090=IFCCARTESIANPOINT((655.024914153735,494.31618946977,49.084));
#5091=IFCDIRECTION((0.,0.,1.));
#5092=IFCDIRECTION((1.,0.,0.));
#5093=IFCAXIS2PLACEMENT3D(#5090,#5091,#5092);
#5094=IFCLOCALPLACEMENT($,#5093);
#5095=IFCOWNERHISTORY(#3,#4,.READWRITE.,.ADDED.,1774189819,#3,#4,1774189819);
#5096=IFCPROPERTYSET('1O02SoBhjFTeGZq0Bu2Ndx',#5095,'Dados',$,(#5099,#5100,#5101,#5102,#5103));
#5097=IFCOWNERHISTORY(#3,#4,.READWRITE.,.ADDED.,1774189819,#3,#4,1774189819);
#5098=IFCRELDEFINESBYPROPERTIES('0wSySm7L14EhgtAAGD2U5H',#5097,$,$,(#5078),#5096);
#5099=IFCPROPERTYSINGLEVALUE('PV_Mont',$,IFCLABEL('PI_230'),$);
#5100=IFCPROPERTYSINGLEVALUE('PV_Jus',$,IFCLABEL('N_016'),$);
#5101=IFCPROPERTYSINGLEVALUE('DN',$,IFCREAL(200.),$);
#5102=IFCPROPERTYSINGLEVALUE('Mat',$,IFCLABEL('PVC'),$);
#5103=IFCPROPERTYSINGLEVALUE('Ext_m',$,IFCREAL(5.37),$);
#5104=IFCOWNERHISTORY(#3,#4,.READWRITE.,.ADDED.,1774189819,#3,#4,1774189819);
#5105=IFCPROPERTYSET('2ccxLFGKD57g7bAAxQWdab',#5104,'Custo5D',$,(#5108,#5109,#5110,#5111,#5112));
#5106=IFCOWNERHISTORY(#3,#4,.READWRITE.,.ADDED.,1774189819,#3,#4,1774189819);
#5107=IFCRELDEFINESBYPROPERTIES('3PrLorM9b7vxteubR_e7VO',#5106,$,$,(#5078),#5105);
#5108=IFCPROPERTYSINGLEVALUE('Tubo_RS',$,IFCREAL(253.03),$);
#5109=IFCPROPERTYSINGLEVALUE('Esc_RS',$,IFCREAL(198.28),$);
#5110=IFCPROPERTYSINGLEVALUE('Reat_RS',$,IFCREAL(118.89),$);
#5111=IFCPROPERTYSINGLEVALUE('Pav_RS',$,IFCREAL(367.74),$);
#5112=IFCPROPERTYSINGLEVALUE('Total_RS',$,IFCREAL(937.95),$);
#5113=IFCOWNERHISTORY(#3,#4,.READWRITE.,.MODIFIED.,1774189819,#3,#4,1774189819);
#5114=IFCFLOWSEGMENT('0DWsgQy6LDowL2A_sUiG8o',#5113,'T142_PI_248_N_016',$,$,#5130,#5125,$);
#5120=IFCCARTESIANPOINT((0.,0.,0.));
#5121=IFCCARTESIANPOINT((8.43016809923574,0.822119526565075,-49.296));
#5122=IFCPOLYLINE((#5120,#5121));
#5123=IFCSWEPTDISKSOLID(#5122,0.1,0.09,$,$);
#5124=IFCSHAPEREPRESENTATION(#16,'Body','SweptSolid',(#5123));
#5125=IFCPRODUCTDEFINITIONSHAPE($,$,(#5124));
#5126=IFCCARTESIANPOINT((639.339073190466,493.623424466699,47.796));
#5127=IFCDIRECTION((0.,0.,1.));
#5128=IFCDIRECTION((1.,0.,0.));
#5129=IFCAXIS2PLACEMENT3D(#5126,#5127,#5128);
#5130=IFCLOCALPLACEMENT($,#5129);
#5131=IFCOWNERHISTORY(#3,#4,.READWRITE.,.ADDED.,1774189819,#3,#4,1774189819);
#5132=IFCPROPERTYSET('01pVz4zpD3WAOk56jKMdx8',#5131,'Dados',$,(#5135,#5136,#5137,#5138,#5139));
#5133=IFCOWNERHISTORY(#3,#4,.READWRITE.,.ADDED.,1774189819,#3,#4,1774189819);
#5134=IFCRELDEFINESBYPROPERTIES('2HgUVd7$jABQcUDVr9wBEj',#5133,$,$,(#5114),#5132);
#5135=IFCPROPERTYSINGLEVALUE('PV_Mont',$,IFCLABEL('PI_248'),$);
#5136=IFCPROPERTYSINGLEVALUE('PV_Jus',$,IFCLABEL('N_016'),$);
#5137=IFCPROPERTYSINGLEVALUE('DN',$,IFCREAL(200.),$);
#5138=IFCPROPERTYSINGLEVALUE('Mat',$,IFCLABEL('PVC'),$);
#5139=IFCPROPERTYSINGLEVALUE('Ext_m',$,IFCREAL(6.54),$);
#5140=IFCOWNERHISTORY(#3,#4,.READWRITE.,.ADDED.,1774189819,#3,#4,1774189819);
#5141=IFCPROPERTYSET('0_rqXuozHExxNavb6QRzJ7',#5140,'Custo5D',$,(#5144,#5145,#5146,#5147,#5148));
#5142=IFCOWNERHISTORY(#3,#4,.READWRITE.,.ADDED.,1774189819,#3,#4,1774189819);
#5143=IFCRELDEFINESBYPROPERTIES('34EgdUGqjAH8vAHveZCKz7',#5142,$,$,(#5114),#5141);
#5144=IFCPROPERTYSINGLEVALUE('Tubo_RS',$,IFCREAL(308.16),$);
#5145=IFCPROPERTYSINGLEVALUE('Esc_RS',$,IFCREAL(241.48),$);
#5146=IFCPROPERTYSINGLEVALUE('Reat_RS',$,IFCREAL(144.8),$);
#5147=IFCPROPERTYSINGLEVALUE('Pav_RS',$,IFCREAL(447.86),$);
#5148=IFCPROPERTYSINGLEVALUE('Total_RS',$,IFCREAL(1142.3),$);
#5149=IFCOWNERHISTORY(#3,#4,.READWRITE.,.MODIFIED.,1774189819,#3,#4,1774189819);
#5150=IFCFLOWSEGMENT('285jfLV2jBPBns2F7ISkzl',#5149,'T143_N_016_PI_227',$,$,#5166,#5161,$);
#5156=IFCCARTESIANPOINT((0.,0.,0.));
#5157=IFCCARTESIANPOINT((0.0307865475188009,10.543907658197,55.839));
#5158=IFCPOLYLINE((#5156,#5157));
#5159=IFCSWEPTDISKSOLID(#5158,0.1,0.09,$,$);
#5160=IFCSHAPEREPRESENTATION(#16,'Body','SweptSolid',(#5159));
#5161=IFCPRODUCTDEFINITIONSHAPE($,$,(#5160));
#5162=IFCCARTESIANPOINT((647.769241289701,494.445543993264,-1.5));
#5163=IFCDIRECTION((0.,0.,1.));
#5164=IFCDIRECTION((1.,0.,0.));
#5165=IFCAXIS2PLACEMENT3D(#5162,#5163,#5164);
#5166=IFCLOCALPLACEMENT($,#5165);
#5167=IFCOWNERHISTORY(#3,#4,.READWRITE.,.ADDED.,1774189819,#3,#4,1774189819);
#5168=IFCPROPERTYSET('1hx266F$LAXOn2s$9FDfHO',#5167,'Dados',$,(#5171,#5172,#5173,#5174,#5175));
#5169=IFCOWNERHISTORY(#3,#4,.READWRITE.,.ADDED.,1774189819,#3,#4,1774189819);
#5170=IFCRELDEFINESBYPROPERTIES('37X8U1hXz5bhjEzhwfR$tH',#5169,$,$,(#5150),#5168);
#5171=IFCPROPERTYSINGLEVALUE('PV_Mont',$,IFCLABEL('N_016'),$);
#5172=IFCPROPERTYSINGLEVALUE('PV_Jus',$,IFCLABEL('PI_227'),$);
#5173=IFCPROPERTYSINGLEVALUE('DN',$,IFCREAL(200.),$);
#5174=IFCPROPERTYSINGLEVALUE('Mat',$,IFCLABEL('PVC'),$);
#5175=IFCPROPERTYSINGLEVALUE('Ext_m',$,IFCREAL(9.2),$);
#5176=IFCOWNERHISTORY(#3,#4,.READWRITE.,.ADDED.,1774189819,#3,#4,1774189819);
#5177=IFCPROPERTYSET('1jJMYsX5X2cfcPfUVyDMch',#5176,'Custo5D',$,(#5180,#5181,#5182,#5183,#5184));
#5178=IFCOWNERHISTORY(#3,#4,.READWRITE.,.ADDED.,1774189819,#3,#4,1774189819);
#5179=IFCRELDEFINESBYPROPERTIES('25OIKdSlL1Dxx_xJsCmh9d',#5178,$,$,(#5150),#5177);
#5180=IFCPROPERTYSINGLEVALUE('Tubo_RS',$,IFCREAL(433.5),$);
#5181=IFCPROPERTYSINGLEVALUE('Esc_RS',$,IFCREAL(339.7),$);
#5182=IFCPROPERTYSINGLEVALUE('Reat_RS',$,IFCREAL(203.69),$);
#5183=IFCPROPERTYSINGLEVALUE('Pav_RS',$,IFCREAL(630.02),$);
#5184=IFCPROPERTYSINGLEVALUE('Total_RS',$,IFCREAL(1606.91),$);
#5185=IFCOWNERHISTORY(#3,#4,.READWRITE.,.MODIFIED.,1774189819,#3,#4,1774189819);
#5186=IFCFLOWSEGMENT('2fn3hC2_91$9FZklBv0LcK',#5185,'T144_PI_228_PI_229',$,$,#5202,#5197,$);
#5192=IFCCARTESIANPOINT((0.,0.,0.));
#5193=IFCCARTESIANPOINT((11.8582915121224,-2.71429215651006,-2.718));
#5194=IFCPOLYLINE((#5192,#5193));
#5195=IFCSWEPTDISKSOLID(#5194,0.1,0.09,$,$);
#5196=IFCSHAPEREPRESENTATION(#16,'Body','SweptSolid',(#5195));
#5197=IFCPRODUCTDEFINITIONSHAPE($,$,(#5196));
#5198=IFCCARTESIANPOINT((666.722217824077,517.826426904649,51.838));
#5199=IFCDIRECTION((0.,0.,1.));
#5200=IFCDIRECTION((1.,0.,0.));
#5201=IFCAXIS2PLACEMENT3D(#5198,#5199,#5200);
#5202=IFCLOCALPLACEMENT($,#5201);
#5203=IFCOWNERHISTORY(#3,#4,.READWRITE.,.ADDED.,1774189819,#3,#4,1774189819);
#5204=IFCPROPERTYSET('3J1909tCb5g9eGAnn6cpvD',#5203,'Dados',$,(#5207,#5208,#5209,#5210,#5211));
#5205=IFCOWNERHISTORY(#3,#4,.READWRITE.,.ADDED.,1774189819,#3,#4,1774189819);
#5206=IFCRELDEFINESBYPROPERTIES('0__xSjW0bCSfLShxkZAj0D',#5205,$,$,(#5186),#5204);
#5207=IFCPROPERTYSINGLEVALUE('PV_Mont',$,IFCLABEL('PI_228'),$);
#5208=IFCPROPERTYSINGLEVALUE('PV_Jus',$,IFCLABEL('PI_229'),$);
#5209=IFCPROPERTYSINGLEVALUE('DN',$,IFCREAL(200.),$);
#5210=IFCPROPERTYSINGLEVALUE('Mat',$,IFCLABEL('PVC'),$);
#5211=IFCPROPERTYSINGLEVALUE('Ext_m',$,IFCREAL(10.21),$);
#5212=IFCOWNERHISTORY(#3,#4,.READWRITE.,.ADDED.,1774189819,#3,#4,1774189819);
#5213=IFCPROPERTYSET('26VkERdjP4dBcX2yZS7Pm4',#5212,'Custo5D',$,(#5216,#5217,#5218,#5219,#5220));
#5214=IFCOWNERHISTORY(#3,#4,.READWRITE.,.ADDED.,1774189819,#3,#4,1774189819);
#5215=IFCRELDEFINESBYPROPERTIES('13xbAs0qnEcP4TgnkMUQhC',#5214,$,$,(#5186),#5213);
#5216=IFCPROPERTYSINGLEVALUE('Tubo_RS',$,IFCREAL(481.1),$);
#5217=IFCPROPERTYSINGLEVALUE('Esc_RS',$,IFCREAL(150.8),$);
#5218=IFCPROPERTYSINGLEVALUE('Reat_RS',$,IFCREAL(90.42),$);
#5219=IFCPROPERTYSINGLEVALUE('Pav_RS',$,IFCREAL(699.18),$);
#5220=IFCPROPERTYSINGLEVALUE('Total_RS',$,IFCREAL(1421.49),$);
#5221=IFCOWNERHISTORY(#3,#4,.READWRITE.,.MODIFIED.,1774189819,#3,#4,1774189819);
#5222=IFCFLOWSEGMENT('0xBcJ4ubb6nh5Ptoq$rRjf',#5221,'T145_PI_229_PI_250',$,$,#5238,#5233,$);
#5228=IFCCARTESIANPOINT((0.,0.,0.));
#5229=IFCCARTESIANPOINT((1.62291807855945,-4.25127372518182,1.904));
#5230=IFCPOLYLINE((#5228,#5229));
#5231=IFCSWEPTDISKSOLID(#5230,0.1,0.09,$,$);
#5232=IFCSHAPEREPRESENTATION(#16,'Body','SweptSolid',(#5231));
#5233=IFCPRODUCTDEFINITIONSHAPE($,$,(#5232));
#5234=IFCCARTESIANPOINT((678.5805093362,515.112134748138,49.12));
#5235=IFCDIRECTION((0.,0.,1.));
#5236=IFCDIRECTION((1.,0.,0.));
#5237=IFCAXIS2PLACEMENT3D(#5234,#5235,#5236);
#5238=IFCLOCALPLACEMENT($,#5237);
#5239=IFCOWNERHISTORY(#3,#4,.READWRITE.,.ADDED.,1774189819,#3,#4,1774189819);
#5240=IFCPROPERTYSET('3qGoppiwPAjBPnzt3KmWUk',#5239,'Dados',$,(#5243,#5244,#5245,#5246,#5247));
#5241=IFCOWNERHISTORY(#3,#4,.READWRITE.,.ADDED.,1774189819,#3,#4,1774189819);
#5242=IFCRELDEFINESBYPROPERTIES('2HHaA1FtnEchli1o4zst8J',#5241,$,$,(#5222),#5240);
#5243=IFCPROPERTYSINGLEVALUE('PV_Mont',$,IFCLABEL('PI_229'),$);
#5244=IFCPROPERTYSINGLEVALUE('PV_Jus',$,IFCLABEL('PI_250'),$);
#5245=IFCPROPERTYSINGLEVALUE('DN',$,IFCREAL(200.),$);
#5246=IFCPROPERTYSINGLEVALUE('Mat',$,IFCLABEL('PVC'),$);
#5247=IFCPROPERTYSINGLEVALUE('Ext_m',$,IFCREAL(2.99),$);
#5248=IFCOWNERHISTORY(#3,#4,.READWRITE.,.ADDED.,1774189819,#3,#4,1774189819);
#5249=IFCPROPERTYSET('11jFvvh$H1iOXSrsGcarSZ',#5248,'Custo5D',$,(#5252,#5253,#5254,#5255,#5256));
#5250=IFCOWNERHISTORY(#3,#4,.READWRITE.,.ADDED.,1774189819,#3,#4,1774189819);
#5251=IFCRELDEFINESBYPROPERTIES('3yhUoYiYPBm9H0YQy$fLjf',#5250,$,$,(#5222),#5249);
#5252=IFCPROPERTYSINGLEVALUE('Tubo_RS',$,IFCREAL(140.89),$);
#5253=IFCPROPERTYSINGLEVALUE('Esc_RS',$,IFCREAL(44.16),$);
#5254=IFCPROPERTYSINGLEVALUE('Reat_RS',$,IFCREAL(26.48),$);
#5255=IFCPROPERTYSINGLEVALUE('Pav_RS',$,IFCREAL(204.76),$);
#5256=IFCPROPERTYSINGLEVALUE('Total_RS',$,IFCREAL(416.28),$);
#5257=IFCOWNERHISTORY(#3,#4,.READWRITE.,.MODIFIED.,1774189819,#3,#4,1774189819);
#5258=IFCFLOWSEGMENT('0Jv_6N6rTDAAUbVL$4C5mH',#5257,'T146_PI_250_PI_251',$,$,#5274,#5269,$);
#5264=IFCCARTESIANPOINT((0.,0.,0.));
#5265=IFCCARTESIANPOINT((17.973903128528,0.00212253909558058,-1.745));
#5266=IFCPOLYLINE((#5264,#5265));
#5267=IFCSWEPTDISKSOLID(#5266,0.1,0.09,$,$);
#5268=IFCSHAPEREPRESENTATION(#16,'Body','SweptSolid',(#5267));
#5269=IFCPRODUCTDEFINITIONSHAPE($,$,(#5268));
#5270=IFCCARTESIANPOINT((680.203427414759,510.860861022957,51.024));
#5271=IFCDIRECTION((0.,0.,1.));
#5272=IFCDIRECTION((1.,0.,0.));
#5273=IFCAXIS2PLACEMENT3D(#5270,#5271,#5272);
#5274=IFCLOCALPLACEMENT($,#5273);
#5275=IFCOWNERHISTORY(#3,#4,.READWRITE.,.ADDED.,1774189819,#3,#4,1774189819);
#5276=IFCPROPERTYSET('0ZVIRrTn12ABFxcw_Ba$Eg',#5275,'Dados',$,(#5279,#5280,#5281,#5282,#5283));
#5277=IFCOWNERHISTORY(#3,#4,.READWRITE.,.ADDED.,1774189819,#3,#4,1774189819);
#5278=IFCRELDEFINESBYPROPERTIES('1zfDQNnLr5uxjjK35jniEE',#5277,$,$,(#5258),#5276);
#5279=IFCPROPERTYSINGLEVALUE('PV_Mont',$,IFCLABEL('PI_250'),$);
#5280=IFCPROPERTYSINGLEVALUE('PV_Jus',$,IFCLABEL('PI_251'),$);
#5281=IFCPROPERTYSINGLEVALUE('DN',$,IFCREAL(200.),$);
#5282=IFCPROPERTYSINGLEVALUE('Mat',$,IFCLABEL('PVC'),$);
#5283=IFCPROPERTYSINGLEVALUE('Ext_m',$,IFCREAL(16.53),$);
#5284=IFCOWNERHISTORY(#3,#4,.READWRITE.,.ADDED.,1774189819,#3,#4,1774189819);
#5285=IFCPROPERTYSET('29EBXZvE54kPz7FTpebiK3',#5284,'Custo5D',$,(#5288,#5289,#5290,#5291,#5292));
#5286=IFCOWNERHISTORY(#3,#4,.READWRITE.,.ADDED.,1774189819,#3,#4,1774189819);
#5287=IFCRELDEFINESBYPROPERTIES('1FaRHAabL07fNxSlGq37di',#5286,$,$,(#5258),#5285);
#5288=IFCPROPERTYSINGLEVALUE('Tubo_RS',$,IFCREAL(778.89),$);
#5289=IFCPROPERTYSINGLEVALUE('Esc_RS',$,IFCREAL(244.14),$);
#5290=IFCPROPERTYSINGLEVALUE('Reat_RS',$,IFCREAL(146.39),$);
#5291=IFCPROPERTYSINGLEVALUE('Pav_RS',$,IFCREAL(1131.97),$);
#5292=IFCPROPERTYSINGLEVALUE('Total_RS',$,IFCREAL(2301.4),$);
#5293=IFCOWNERHISTORY(#3,#4,.READWRITE.,.MODIFIED.,1774189819,#3,#4,1774189819);
#5294=IFCFLOWSEGMENT('2a8VRdQvz0B9x4zPjC4zS2',#5293,'T147_PI_251_PI_252',$,$,#5310,#5305,$);
#5300=IFCCARTESIANPOINT((0.,0.,0.));
#5301=IFCCARTESIANPOINT((2.70622971130069,-6.73469558358192,-0.358000000000004));
#5302=IFCPOLYLINE((#5300,#5301));
#5303=IFCSWEPTDISKSOLID(#5302,0.1,0.09,$,$);
#5304=IFCSHAPEREPRESENTATION(#16,'Body','SweptSolid',(#5303));
#5305=IFCPRODUCTDEFINITIONSHAPE($,$,(#5304));
#5306=IFCCARTESIANPOINT((698.177330543287,510.862983562052,49.279));
#5307=IFCDIRECTION((0.,0.,1.));
#5308=IFCDIRECTION((1.,0.,0.));
#5309=IFCAXIS2PLACEMENT3D(#5306,#5307,#5308);
#5310=IFCLOCALPLACEMENT($,#5309);
#5311=IFCOWNERHISTORY(#3,#4,.READWRITE.,.ADDED.,1774189819,#3,#4,1774189819);
#5312=IFCPROPERTYSET('1wf1YZ17991f9qR5u9_Dpz',#5311,'Dados',$,(#5315,#5316,#5317,#5318,#5319));
#5313=IFCOWNERHISTORY(#3,#4,.READWRITE.,.ADDED.,1774189819,#3,#4,1774189819);
#5314=IFCRELDEFINESBYPROPERTIES('01VH7s2hb7degD7xmhkhXp',#5313,$,$,(#5294),#5312);
#5315=IFCPROPERTYSINGLEVALUE('PV_Mont',$,IFCLABEL('PI_251'),$);
#5316=IFCPROPERTYSINGLEVALUE('PV_Jus',$,IFCLABEL('PI_252'),$);
#5317=IFCPROPERTYSINGLEVALUE('DN',$,IFCREAL(200.),$);
#5318=IFCPROPERTYSINGLEVALUE('Mat',$,IFCLABEL('PVC'),$);
#5319=IFCPROPERTYSINGLEVALUE('Ext_m',$,IFCREAL(5.74),$);
#5320=IFCOWNERHISTORY(#3,#4,.READWRITE.,.ADDED.,1774189819,#3,#4,1774189819);
#5321=IFCPROPERTYSET('0HqYY1r792cOQWQlQhoWST',#5320,'Custo5D',$,(#5324,#5325,#5326,#5327,#5328));
#5322=IFCOWNERHISTORY(#3,#4,.READWRITE.,.ADDED.,1774189819,#3,#4,1774189819);
#5323=IFCRELDEFINESBYPROPERTIES('1JGGzvNsLDb8OBWP2rPw_g',#5322,$,$,(#5294),#5321);
#5324=IFCPROPERTYSINGLEVALUE('Tubo_RS',$,IFCREAL(270.47),$);
#5325=IFCPROPERTYSINGLEVALUE('Esc_RS',$,IFCREAL(84.78),$);
#5326=IFCPROPERTYSINGLEVALUE('Reat_RS',$,IFCREAL(50.83),$);
#5327=IFCPROPERTYSINGLEVALUE('Pav_RS',$,IFCREAL(393.08),$);
#5328=IFCPROPERTYSINGLEVALUE('Total_RS',$,IFCREAL(799.15),$);
#5329=IFCOWNERHISTORY(#3,#4,.READWRITE.,.MODIFIED.,1774189819,#3,#4,1774189819);
#5330=IFCFLOWSEGMENT('37OQid4eH8qOwud7gUIPhQ',#5329,'T148_PI_252_PI_254',$,$,#5346,#5341,$);
#5336=IFCCARTESIANPOINT((0.,0.,0.));
#5337=IFCCARTESIANPOINT((-6.00817699846812,-5.56849336158484,-4.229));
#5338=IFCPOLYLINE((#5336,#5337));
#5339=IFCSWEPTDISKSOLID(#5338,0.1,0.09,$,$);
#5340=IFCSHAPEREPRESENTATION(#16,'Body','SweptSolid',(#5339));
#5341=IFCPRODUCTDEFINITIONSHAPE($,$,(#5340));
#5342=IFCCARTESIANPOINT((700.883560254588,504.12828797847,48.921));
#5343=IFCDIRECTION((0.,0.,1.));
#5344=IFCDIRECTION((1.,0.,0.));
#5345=IFCAXIS2PLACEMENT3D(#5342,#5343,#5344);
#5346=IFCLOCALPLACEMENT($,#5345);
#5347=IFCOWNERHISTORY(#3,#4,.READWRITE.,.ADDED.,1774189819,#3,#4,1774189819);
#5348=IFCPROPERTYSET('2nUwtZAPDCywKX8fscT7Q1',#5347,'Dados',$,(#5351,#5352,#5353,#5354,#5355));
#5349=IFCOWNERHISTORY(#3,#4,.READWRITE.,.ADDED.,1774189819,#3,#4,1774189819);
#5350=IFCRELDEFINESBYPROPERTIES('2GRUyqLL1CBAlzIPQ3DLhX',#5349,$,$,(#5330),#5348);
#5351=IFCPROPERTYSINGLEVALUE('PV_Mont',$,IFCLABEL('PI_252'),$);
#5352=IFCPROPERTYSINGLEVALUE('PV_Jus',$,IFCLABEL('PI_254'),$);
#5353=IFCPROPERTYSINGLEVALUE('DN',$,IFCREAL(200.),$);
#5354=IFCPROPERTYSINGLEVALUE('Mat',$,IFCLABEL('PVC'),$);
#5355=IFCPROPERTYSINGLEVALUE('Ext_m',$,IFCREAL(6.72),$);
#5356=IFCOWNERHISTORY(#3,#4,.READWRITE.,.ADDED.,1774189819,#3,#4,1774189819);
#5357=IFCPROPERTYSET('1whP2sIjb1SBoF_TCJ23Nd',#5356,'Custo5D',$,(#5360,#5361,#5362,#5363,#5364));
#5358=IFCOWNERHISTORY(#3,#4,.READWRITE.,.ADDED.,1774189819,#3,#4,1774189819);
#5359=IFCRELDEFINESBYPROPERTIES('0injVLkhT2KxjsjUPjkSQ$',#5358,$,$,(#5330),#5357);
#5360=IFCPROPERTYSINGLEVALUE('Tubo_RS',$,IFCREAL(316.65),$);
#5361=IFCPROPERTYSINGLEVALUE('Esc_RS',$,IFCREAL(122.82),$);
#5362=IFCPROPERTYSINGLEVALUE('Reat_RS',$,IFCREAL(73.65),$);
#5363=IFCPROPERTYSINGLEVALUE('Pav_RS',$,IFCREAL(460.19),$);
#5364=IFCPROPERTYSINGLEVALUE('Total_RS',$,IFCREAL(973.3),$);
#5365=IFCOWNERHISTORY(#3,#4,.READWRITE.,.MODIFIED.,1774189819,#3,#4,1774189819);
#5366=IFCFLOWSEGMENT('0ra$T$FdP4fPI9$MGK0oN$',#5365,'T149_PI_253_PI_255',$,$,#5382,#5377,$);
#5372=IFCCARTESIANPOINT((0.,0.,0.));
#5373=IFCCARTESIANPOINT((-17.557492209482,-9.84881671052426,-1.579));
#5374=IFCPOLYLINE((#5372,#5373));
#5375=IFCSWEPTDISKSOLID(#5374,0.1,0.09,$,$);
#5376=IFCSHAPEREPRESENTATION(#16,'Body','SweptSolid',(#5375));
#5377=IFCPRODUCTDEFINITIONSHAPE($,$,(#5376));
#5378=IFCCARTESIANPOINT((713.92010188062,504.448935901746,44.737));
#5379=IFCDIRECTION((0.,0.,1.));
#5380=IFCDIRECTION((1.,0.,0.));
#5381=IFCAXIS2PLACEMENT3D(#5378,#5379,#5380);
#5382=IFCLOCALPLACEMENT($,#5381);
#5383=IFCOWNERHISTORY(#3,#4,.READWRITE.,.ADDED.,1774189819,#3,#4,1774189819);
#5384=IFCPROPERTYSET('2cPk6Bh5rFKQ8iMSfP98mB',#5383,'Dados',$,(#5387,#5388,#5389,#5390,#5391));
#5385=IFCOWNERHISTORY(#3,#4,.READWRITE.,.ADDED.,1774189819,#3,#4,1774189819);
#5386=IFCRELDEFINESBYPROPERTIES('0u3inIZUvFpuk3MXDud_Eb',#5385,$,$,(#5366),#5384);
#5387=IFCPROPERTYSINGLEVALUE('PV_Mont',$,IFCLABEL('PI_253'),$);
#5388=IFCPROPERTYSINGLEVALUE('PV_Jus',$,IFCLABEL('PI_255'),$);
#5389=IFCPROPERTYSINGLEVALUE('DN',$,IFCREAL(200.),$);
#5390=IFCPROPERTYSINGLEVALUE('Mat',$,IFCLABEL('PVC'),$);
#5391=IFCPROPERTYSINGLEVALUE('Ext_m',$,IFCREAL(18.94),$);
#5392=IFCOWNERHISTORY(#3,#4,.READWRITE.,.ADDED.,1774189819,#3,#4,1774189819);
#5393=IFCPROPERTYSET('0YnyZtZv9BOBq6EmtgGGTR',#5392,'Custo5D',$,(#5396,#5397,#5398,#5399,#5400));
#5394=IFCOWNERHISTORY(#3,#4,.READWRITE.,.ADDED.,1774189819,#3,#4,1774189819);
#5395=IFCRELDEFINESBYPROPERTIES('1OOJNOqEnA8eY5GJphz7nQ',#5394,$,$,(#5366),#5393);
#5396=IFCPROPERTYSINGLEVALUE('Tubo_RS',$,IFCREAL(892.45),$);
#5397=IFCPROPERTYSINGLEVALUE('Esc_RS',$,IFCREAL(279.74),$);
#5398=IFCPROPERTYSINGLEVALUE('Reat_RS',$,IFCREAL(167.73),$);
#5399=IFCPROPERTYSINGLEVALUE('Pav_RS',$,IFCREAL(1297.01),$);
#5400=IFCPROPERTYSINGLEVALUE('Total_RS',$,IFCREAL(2636.93),$);
#5401=IFCOWNERHISTORY(#3,#4,.READWRITE.,.MODIFIED.,1774189819,#3,#4,1774189819);
#5402=IFCFLOWSEGMENT('2vGVnjUBH89gOwJDwympbC',#5401,'T150_PI_255_PI_118',$,$,#5418,#5413,$);
#5408=IFCCARTESIANPOINT((0.,0.,0.));
#5409=IFCCARTESIANPOINT((-21.1950649403734,-11.9644494382665,-2.905));
#5410=IFCPOLYLINE((#5408,#5409));
#5411=IFCSWEPTDISKSOLID(#5410,0.1,0.09,$,$);
#5412=IFCSHAPEREPRESENTATION(#16,'Body','SweptSolid',(#5411));
#5413=IFCPRODUCTDEFINITIONSHAPE($,$,(#5412));
#5414=IFCCARTESIANPOINT((696.362609671138,494.600119191222,43.158));
#5415=IFCDIRECTION((0.,0.,1.));
#5416=IFCDIRECTION((1.,0.,0.));
#5417=IFCAXIS2PLACEMENT3D(#5414,#5415,#5416);
#5418=IFCLOCALPLACEMENT($,#5417);
#5419=IFCOWNERHISTORY(#3,#4,.READWRITE.,.ADDED.,1774189819,#3,#4,1774189819);
#5420=IFCPROPERTYSET('3xvvw_jB9A3ulQADTqZeSy',#5419,'Dados',$,(#5423,#5424,#5425,#5426,#5427));
#5421=IFCOWNERHISTORY(#3,#4,.READWRITE.,.ADDED.,1774189819,#3,#4,1774189819);
#5422=IFCRELDEFINESBYPROPERTIES('0_mmZmXob3Fh11UInzbdg7',#5421,$,$,(#5402),#5420);
#5423=IFCPROPERTYSINGLEVALUE('PV_Mont',$,IFCLABEL('PI_255'),$);
#5424=IFCPROPERTYSINGLEVALUE('PV_Jus',$,IFCLABEL('PI_118'),$);
#5425=IFCPROPERTYSINGLEVALUE('DN',$,IFCREAL(200.),$);
#5426=IFCPROPERTYSINGLEVALUE('Mat',$,IFCLABEL('PVC'),$);
#5427=IFCPROPERTYSINGLEVALUE('Ext_m',$,IFCREAL(22.3),$);
#5428=IFCOWNERHISTORY(#3,#4,.READWRITE.,.ADDED.,1774189819,#3,#4,1774189819);
#5429=IFCPROPERTYSET('3zb$9jwv55I8byFK6AFpgp',#5428,'Custo5D',$,(#5432,#5433,#5434,#5435,#5436));
#5430=IFCOWNERHISTORY(#3,#4,.READWRITE.,.ADDED.,1774189819,#3,#4,1774189819);
#5431=IFCRELDEFINESBYPROPERTIES('1kw_LyDivBTvRpzbles3jb',#5430,$,$,(#5402),#5429);
#5432=IFCPROPERTYSINGLEVALUE('Tubo_RS',$,IFCREAL(1050.78),$);
#5433=IFCPROPERTYSINGLEVALUE('Esc_RS',$,IFCREAL(329.36),$);
#5434=IFCPROPERTYSINGLEVALUE('Reat_RS',$,IFCREAL(197.49),$);
#5435=IFCPROPERTYSINGLEVALUE('Pav_RS',$,IFCREAL(1527.1),$);
#5436=IFCPROPERTYSINGLEVALUE('Total_RS',$,IFCREAL(3104.73),$);
#5437=IFCOWNERHISTORY(#3,#4,.READWRITE.,.MODIFIED.,1774189819,#3,#4,1774189819);
#5438=IFCFLOWSEGMENT('2raAqbMqr5FPTlmKfkuuqI',#5437,'T151_PI_254_PI_255',$,$,#5454,#5449,$);
#5444=IFCCARTESIANPOINT((0.,0.,0.));
#5445=IFCCARTESIANPOINT((1.48722641501809,-3.95967542566359,-1.534));
#5446=IFCPOLYLINE((#5444,#5445));
#5447=IFCSWEPTDISKSOLID(#5446,0.1,0.09,$,$);
#5448=IFCSHAPEREPRESENTATION(#16,'Body','SweptSolid',(#5447));
#5449=IFCPRODUCTDEFINITIONSHAPE($,$,(#5448));
#5450=IFCCARTESIANPOINT((694.87538325612,498.559794616885,44.692));
#5451=IFCDIRECTION((0.,0.,1.));
#5452=IFCDIRECTION((1.,0.,0.));
#5453=IFCAXIS2PLACEMENT3D(#5450,#5451,#5452);
#5454=IFCLOCALPLACEMENT($,#5453);
#5455=IFCOWNERHISTORY(#3,#4,.READWRITE.,.ADDED.,1774189819,#3,#4,1774189819);
#5456=IFCPROPERTYSET('1yaTCHElb3Ewi9ySy3nIMn',#5455,'Dados',$,(#5459,#5460,#5461,#5462,#5463));
#5457=IFCOWNERHISTORY(#3,#4,.READWRITE.,.ADDED.,1774189819,#3,#4,1774189819);
#5458=IFCRELDEFINESBYPROPERTIES('1t2sMkuUfCPRSZx7V7Y3N5',#5457,$,$,(#5438),#5456);
#5459=IFCPROPERTYSINGLEVALUE('PV_Mont',$,IFCLABEL('PI_254'),$);
#5460=IFCPROPERTYSINGLEVALUE('PV_Jus',$,IFCLABEL('PI_255'),$);
#5461=IFCPROPERTYSINGLEVALUE('DN',$,IFCREAL(200.),$);
#5462=IFCPROPERTYSINGLEVALUE('Mat',$,IFCLABEL('PVC'),$);
#5463=IFCPROPERTYSINGLEVALUE('Ext_m',$,IFCREAL(2.73),$);
#5464=IFCOWNERHISTORY(#3,#4,.READWRITE.,.ADDED.,1774189819,#3,#4,1774189819);
#5465=IFCPROPERTYSET('090BBajg12QPpkrWrqmvG_',#5464,'Custo5D',$,(#5468,#5469,#5470,#5471,#5472));
#5466=IFCOWNERHISTORY(#3,#4,.READWRITE.,.ADDED.,1774189819,#3,#4,1774189819);
#5467=IFCRELDEFINESBYPROPERTIES('37e72JSBzCCg8nstlagfiv',#5466,$,$,(#5438),#5465);
#5468=IFCPROPERTYSINGLEVALUE('Tubo_RS',$,IFCREAL(128.64),$);
#5469=IFCPROPERTYSINGLEVALUE('Esc_RS',$,IFCREAL(49.9),$);
#5470=IFCPROPERTYSINGLEVALUE('Reat_RS',$,IFCREAL(29.92),$);
#5471=IFCPROPERTYSINGLEVALUE('Pav_RS',$,IFCREAL(186.95),$);
#5472=IFCPROPERTYSINGLEVALUE('Total_RS',$,IFCREAL(395.4),$);
#5473=IFCOWNERHISTORY(#3,#4,.READWRITE.,.MODIFIED.,1774189819,#3,#4,1774189819);
#5474=IFCFLOWSEGMENT('2DWxZLbK12XhaUQx2ixGeU',#5473,'T152_PI_226_PI_257',$,$,#5490,#5485,$);
#5480=IFCCARTESIANPOINT((0.,0.,0.));
#5481=IFCCARTESIANPOINT((5.08413531305268,10.5604343907908,6.534));
#5482=IFCPOLYLINE((#5480,#5481));
#5483=IFCSWEPTDISKSOLID(#5482,0.1,0.09,$,$);
#5484=IFCSHAPEREPRESENTATION(#16,'Body','SweptSolid',(#5483));
#5485=IFCPRODUCTDEFINITIONSHAPE($,$,(#5484));
#5486=IFCCARTESIANPOINT((653.225740699098,525.132496698759,52.045));
#5487=IFCDIRECTION((0.,0.,1.));
#5488=IFCDIRECTION((1.,0.,0.));
#5489=IFCAXIS2PLACEMENT3D(#5486,#5487,#5488);
#5490=IFCLOCALPLACEMENT($,#5489);
#5491=IFCOWNERHISTORY(#3,#4,.READWRITE.,.ADDED.,1774189819,#3,#4,1774189819);
#5492=IFCPROPERTYSET('2JB_l6rcDBFRSM1arlQyaj',#5491,'Dados',$,(#5495,#5496,#5497,#5498,#5499));
#5493=IFCOWNERHISTORY(#3,#4,.READWRITE.,.ADDED.,1774189819,#3,#4,1774189819);
#5494=IFCRELDEFINESBYPROPERTIES('2vHAzU1hH6jPKqLaWTG1Lr',#5493,$,$,(#5474),#5492);
#5495=IFCPROPERTYSINGLEVALUE('PV_Mont',$,IFCLABEL('PI_226'),$);
#5496=IFCPROPERTYSINGLEVALUE('PV_Jus',$,IFCLABEL('PI_257'),$);
#5497=IFCPROPERTYSINGLEVALUE('DN',$,IFCREAL(200.),$);
#5498=IFCPROPERTYSINGLEVALUE('Mat',$,IFCLABEL('PVC'),$);
#5499=IFCPROPERTYSINGLEVALUE('Ext_m',$,IFCREAL(11.14),$);
#5500=IFCOWNERHISTORY(#3,#4,.READWRITE.,.ADDED.,1774189819,#3,#4,1774189819);
#5501=IFCPROPERTYSET('0q4c7QCPjEahs1$vnOeBOg',#5500,'Custo5D',$,(#5504,#5505,#5506,#5507,#5508));
#5502=IFCOWNERHISTORY(#3,#4,.READWRITE.,.ADDED.,1774189819,#3,#4,1774189819);
#5503=IFCRELDEFINESBYPROPERTIES('0os6yGzor2VOg1D9p$gZbi',#5502,$,$,(#5474),#5501);
#5504=IFCPROPERTYSINGLEVALUE('Tubo_RS',$,IFCREAL(524.92),$);
#5505=IFCPROPERTYSINGLEVALUE('Esc_RS',$,IFCREAL(164.53),$);
#5506=IFCPROPERTYSINGLEVALUE('Reat_RS',$,IFCREAL(98.66),$);
#5507=IFCPROPERTYSINGLEVALUE('Pav_RS',$,IFCREAL(762.87),$);
#5508=IFCPROPERTYSINGLEVALUE('Total_RS',$,IFCREAL(1550.97),$);
#5509=IFCOWNERHISTORY(#3,#4,.READWRITE.,.MODIFIED.,1774189819,#3,#4,1774189819);
#5510=IFCFLOWSEGMENT('2FkhKhlYL7Yh1SwulqANpw',#5509,'T153_PI_258_PI_259',$,$,#5526,#5521,$);
#5516=IFCCARTESIANPOINT((0.,0.,0.));
#5517=IFCCARTESIANPOINT((8.56898166052997,7.06023520976305,1.828));
#5518=IFCPOLYLINE((#5516,#5517));
#5519=IFCSWEPTDISKSOLID(#5518,0.1,0.09,$,$);
#5520=IFCSHAPEREPRESENTATION(#16,'Body','SweptSolid',(#5519));
#5521=IFCPRODUCTDEFINITIONSHAPE($,$,(#5520));
#5522=IFCCARTESIANPOINT((659.769545714022,537.554069427773,60.4));
#5523=IFCDIRECTION((0.,0.,1.));
#5524=IFCDIRECTION((1.,0.,0.));
#5525=IFCAXIS2PLACEMENT3D(#5522,#5523,#5524);
#5526=IFCLOCALPLACEMENT($,#5525);
#5527=IFCOWNERHISTORY(#3,#4,.READWRITE.,.ADDED.,1774189819,#3,#4,1774189819);
#5528=IFCPROPERTYSET('0yR$oDs2n1SQoNbeVpgZOe',#5527,'Dados',$,(#5531,#5532,#5533,#5534,#5535));
#5529=IFCOWNERHISTORY(#3,#4,.READWRITE.,.ADDED.,1774189819,#3,#4,1774189819);
#5530=IFCRELDEFINESBYPROPERTIES('37cTvRNU1E3B3nD5AIO39$',#5529,$,$,(#5510),#5528);
#5531=IFCPROPERTYSINGLEVALUE('PV_Mont',$,IFCLABEL('PI_258'),$);
#5532=IFCPROPERTYSINGLEVALUE('PV_Jus',$,IFCLABEL('PI_259'),$);
#5533=IFCPROPERTYSINGLEVALUE('DN',$,IFCREAL(200.),$);
#5534=IFCPROPERTYSINGLEVALUE('Mat',$,IFCLABEL('PVC'),$);
#5535=IFCPROPERTYSINGLEVALUE('Ext_m',$,IFCREAL(10.3),$);
#5536=IFCOWNERHISTORY(#3,#4,.READWRITE.,.ADDED.,1774189819,#3,#4,1774189819);
#5537=IFCPROPERTYSET('3NhYl_Edb6TBSZesVaMZxu',#5536,'Custo5D',$,(#5540,#5541,#5542,#5543,#5544));
#5538=IFCOWNERHISTORY(#3,#4,.READWRITE.,.ADDED.,1774189819,#3,#4,1774189819);
#5539=IFCRELDEFINESBYPROPERTIES('217Mcn94X5HAGOfeCZqSgD',#5538,$,$,(#5510),#5537);
#5540=IFCPROPERTYSINGLEVALUE('Tubo_RS',$,IFCREAL(485.34),$);
#5541=IFCPROPERTYSINGLEVALUE('Esc_RS',$,IFCREAL(152.13),$);
#5542=IFCPROPERTYSINGLEVALUE('Reat_RS',$,IFCREAL(91.22),$);
#5543=IFCPROPERTYSINGLEVALUE('Pav_RS',$,IFCREAL(705.34),$);
#5544=IFCPROPERTYSINGLEVALUE('Total_RS',$,IFCREAL(1434.02),$);
#5545=IFCOWNERHISTORY(#3,#4,.READWRITE.,.MODIFIED.,1774189819,#3,#4,1774189819);
#5546=IFCFLOWSEGMENT('38fu9DTpL5jus9vQcgnFFT',#5545,'T154_PI_259_PI_125',$,$,#5562,#5557,$);
#5552=IFCCARTESIANPOINT((0.,0.,0.));
#5553=IFCCARTESIANPOINT((3.73081455525244,-1.42034672759473,2.695));
#5554=IFCPOLYLINE((#5552,#5553));
#5555=IFCSWEPTDISKSOLID(#5554,0.1,0.09,$,$);
#5556=IFCSHAPEREPRESENTATION(#16,'Body','SweptSolid',(#5555));
#5557=IFCPRODUCTDEFINITIONSHAPE($,$,(#5556));
#5558=IFCCARTESIANPOINT((668.338527374552,544.614304637536,62.228));
#5559=IFCDIRECTION((0.,0.,1.));
#5560=IFCDIRECTION((1.,0.,0.));
#5561=IFCAXIS2PLACEMENT3D(#5558,#5559,#5560);
#5562=IFCLOCALPLACEMENT($,#5561);
#5563=IFCOWNERHISTORY(#3,#4,.READWRITE.,.ADDED.,1774189819,#3,#4,1774189819);
#5564=IFCPROPERTYSET('2pTi4E06fA_eaJMa3nDQ4V',#5563,'Dados',$,(#5567,#5568,#5569,#5570,#5571));
#5565=IFCOWNERHISTORY(#3,#4,.READWRITE.,.ADDED.,1774189819,#3,#4,1774189819);
#5566=IFCRELDEFINESBYPROPERTIES('0vdJJ5AnH9bPeFxyxrYxrb',#5565,$,$,(#5546),#5564);
#5567=IFCPROPERTYSINGLEVALUE('PV_Mont',$,IFCLABEL('PI_259'),$);
#5568=IFCPROPERTYSINGLEVALUE('PV_Jus',$,IFCLABEL('PI_125'),$);
#5569=IFCPROPERTYSINGLEVALUE('DN',$,IFCREAL(200.),$);
#5570=IFCPROPERTYSINGLEVALUE('Mat',$,IFCLABEL('PVC'),$);
#5571=IFCPROPERTYSINGLEVALUE('Ext_m',$,IFCREAL(3.16),$);
#5572=IFCOWNERHISTORY(#3,#4,.READWRITE.,.ADDED.,1774189819,#3,#4,1774189819);
#5573=IFCPROPERTYSET('0haML7KTXAPRo5la9Y06Xz',#5572,'Custo5D',$,(#5576,#5577,#5578,#5579,#5580));
#5574=IFCOWNERHISTORY(#3,#4,.READWRITE.,.ADDED.,1774189819,#3,#4,1774189819);
#5575=IFCRELDEFINESBYPROPERTIES('1_3VEIhZH6qgzS1ClmTJ95',#5574,$,$,(#5546),#5573);
#5576=IFCPROPERTYSINGLEVALUE('Tubo_RS',$,IFCREAL(148.9),$);
#5577=IFCPROPERTYSINGLEVALUE('Esc_RS',$,IFCREAL(46.67),$);
#5578=IFCPROPERTYSINGLEVALUE('Reat_RS',$,IFCREAL(27.98),$);
#5579=IFCPROPERTYSINGLEVALUE('Pav_RS',$,IFCREAL(216.4),$);
#5580=IFCPROPERTYSINGLEVALUE('Total_RS',$,IFCREAL(439.95),$);
#5581=IFCOWNERHISTORY(#3,#4,.READWRITE.,.MODIFIED.,1774189819,#3,#4,1774189819);
#5582=IFCFLOWSEGMENT('0dXuZfmi51pxk6W8hVM1l5',#5581,'T155_PI_163_PI_260',$,$,#5598,#5593,$);
#5588=IFCCARTESIANPOINT((0.,0.,0.));
#5589=IFCCARTESIANPOINT((14.4664576443029,-18.5826674075797,3.825));
#5590=IFCPOLYLINE((#5588,#5589));
#5591=IFCSWEPTDISKSOLID(#5590,0.1,0.09,$,$);
#5592=IFCSHAPEREPRESENTATION(#16,'Body','SweptSolid',(#5591));
#5593=IFCPRODUCTDEFINITIONSHAPE($,$,(#5592));
#5594=IFCCARTESIANPOINT((652.911346998124,418.667676571757,11.074));
#5595=IFCDIRECTION((0.,0.,1.));
#5596=IFCDIRECTION((1.,0.,0.));
#5597=IFCAXIS2PLACEMENT3D(#5594,#5595,#5596);
#5598=IFCLOCALPLACEMENT($,#5597);
#5599=IFCOWNERHISTORY(#3,#4,.READWRITE.,.ADDED.,1774189819,#3,#4,1774189819);
#5600=IFCPROPERTYSET('2mOc1aHLPEIQPulsDzXzE5',#5599,'Dados',$,(#5603,#5604,#5605,#5606,#5607));
#5601=IFCOWNERHISTORY(#3,#4,.READWRITE.,.ADDED.,1774189819,#3,#4,1774189819);
#5602=IFCRELDEFINESBYPROPERTIES('36RtYj_tnFKRW2rCG8bJrF',#5601,$,$,(#5582),#5600);
#5603=IFCPROPERTYSINGLEVALUE('PV_Mont',$,IFCLABEL('PI_163'),$);
#5604=IFCPROPERTYSINGLEVALUE('PV_Jus',$,IFCLABEL('PI_260'),$);
#5605=IFCPROPERTYSINGLEVALUE('DN',$,IFCREAL(200.),$);
#5606=IFCPROPERTYSINGLEVALUE('Mat',$,IFCLABEL('PVC'),$);
#5607=IFCPROPERTYSINGLEVALUE('Ext_m',$,IFCREAL(22.73),$);
#5608=IFCOWNERHISTORY(#3,#4,.READWRITE.,.ADDED.,1774189819,#3,#4,1774189819);
#5609=IFCPROPERTYSET('00SaavTHrEnAc5xgXyQEmv',#5608,'Custo5D',$,(#5612,#5613,#5614,#5615,#5616));
#5610=IFCOWNERHISTORY(#3,#4,.READWRITE.,.ADDED.,1774189819,#3,#4,1774189819);
#5611=IFCRELDEFINESBYPROPERTIES('0pCl8DXXj1ohd93Nxx0kUD',#5610,$,$,(#5582),#5609);
#5612=IFCPROPERTYSINGLEVALUE('Tubo_RS',$,IFCREAL(1071.04),$);
#5613=IFCPROPERTYSINGLEVALUE('Esc_RS',$,IFCREAL(335.71),$);
#5614=IFCPROPERTYSINGLEVALUE('Reat_RS',$,IFCREAL(201.3),$);
#5615=IFCPROPERTYSINGLEVALUE('Pav_RS',$,IFCREAL(1556.55),$);
#5616=IFCPROPERTYSINGLEVALUE('Total_RS',$,IFCREAL(3164.6),$);
#5617=IFCOWNERHISTORY(#3,#4,.READWRITE.,.MODIFIED.,1774189819,#3,#4,1774189819);
#5618=IFCFLOWSEGMENT('3g$NgrgX16U92u7rFi_Wu_',#5617,'T156_PI_262_PI_263',$,$,#5634,#5629,$);
#5624=IFCCARTESIANPOINT((0.,0.,0.));
#5625=IFCCARTESIANPOINT((2.95566848677117,-0.354345943778753,0.667999999999999));
#5626=IFCPOLYLINE((#5624,#5625));
#5627=IFCSWEPTDISKSOLID(#5626,0.1,0.09,$,$);
#5628=IFCSHAPEREPRESENTATION(#16,'Body','SweptSolid',(#5627));
#5629=IFCPRODUCTDEFINITIONSHAPE($,$,(#5628));
#5630=IFCCARTESIANPOINT((671.034275444574,390.996709371917,16.547));
#5631=IFCDIRECTION((0.,0.,1.));
#5632=IFCDIRECTION((1.,0.,0.));
#5633=IFCAXIS2PLACEMENT3D(#5630,#5631,#5632);
#5634=IFCLOCALPLACEMENT($,#5633);
#5635=IFCOWNERHISTORY(#3,#4,.READWRITE.,.ADDED.,1774189819,#3,#4,1774189819);
#5636=IFCPROPERTYSET('0WTNiPF4T6LgEZnpkXCIeU',#5635,'Dados',$,(#5639,#5640,#5641,#5642,#5643));
#5637=IFCOWNERHISTORY(#3,#4,.READWRITE.,.ADDED.,1774189819,#3,#4,1774189819);
#5638=IFCRELDEFINESBYPROPERTIES('3VGiigtX90qew_dqcxG8Q1',#5637,$,$,(#5618),#5636);
#5639=IFCPROPERTYSINGLEVALUE('PV_Mont',$,IFCLABEL('PI_262'),$);
#5640=IFCPROPERTYSINGLEVALUE('PV_Jus',$,IFCLABEL('PI_263'),$);
#5641=IFCPROPERTYSINGLEVALUE('DN',$,IFCREAL(200.),$);
#5642=IFCPROPERTYSINGLEVALUE('Mat',$,IFCLABEL('PVC'),$);
#5643=IFCPROPERTYSINGLEVALUE('Ext_m',$,IFCREAL(2.13),$);
#5644=IFCOWNERHISTORY(#3,#4,.READWRITE.,.ADDED.,1774189819,#3,#4,1774189819);
#5645=IFCPROPERTYSET('33MYuS2en0zxwq21zVMF_W',#5644,'Custo5D',$,(#5648,#5649,#5650,#5651,#5652));
#5646=IFCOWNERHISTORY(#3,#4,.READWRITE.,.ADDED.,1774189819,#3,#4,1774189819);
#5647=IFCRELDEFINESBYPROPERTIES('376q6Rc1vFSxcwpgfGyTGt',#5646,$,$,(#5618),#5645);
#5648=IFCPROPERTYSINGLEVALUE('Tubo_RS',$,IFCREAL(100.37),$);
#5649=IFCPROPERTYSINGLEVALUE('Esc_RS',$,IFCREAL(31.46),$);
#5650=IFCPROPERTYSINGLEVALUE('Reat_RS',$,IFCREAL(18.86),$);
#5651=IFCPROPERTYSINGLEVALUE('Pav_RS',$,IFCREAL(145.86),$);
#5652=IFCPROPERTYSINGLEVALUE('Total_RS',$,IFCREAL(296.55),$);
#5653=IFCOWNERHISTORY(#3,#4,.READWRITE.,.MODIFIED.,1774189819,#3,#4,1774189819);
#5654=IFCFLOWSEGMENT('3xU$q9MTH8Sf_T6yvdcmXo',#5653,'T157_PV_13_PI_265',$,$,#5670,#5665,$);
#5660=IFCCARTESIANPOINT((0.,0.,0.));
#5661=IFCCARTESIANPOINT((-28.5660297554568,-16.8867076514289,-5.811));
#5662=IFCPOLYLINE((#5660,#5661));
#5663=IFCSWEPTDISKSOLID(#5662,0.1,0.09,$,$);
#5664=IFCSHAPEREPRESENTATION(#16,'Body','SweptSolid',(#5663));
#5665=IFCPRODUCTDEFINITIONSHAPE($,$,(#5664));
#5666=IFCCARTESIANPOINT((722.76311583363,456.84842860233,24.413));
#5667=IFCDIRECTION((0.,0.,1.));
#5668=IFCDIRECTION((1.,0.,0.));
#5669=IFCAXIS2PLACEMENT3D(#5666,#5667,#5668);
#5670=IFCLOCALPLACEMENT($,#5669);
#5671=IFCOWNERHISTORY(#3,#4,.READWRITE.,.ADDED.,1774189819,#3,#4,1774189819);
#5672=IFCPROPERTYSET('0oL2$IGmrAyu2N0F1ajHf1',#5671,'Dados',$,(#5675,#5676,#5677,#5678,#5679));
#5673=IFCOWNERHISTORY(#3,#4,.READWRITE.,.ADDED.,1774189819,#3,#4,1774189819);
#5674=IFCRELDEFINESBYPROPERTIES('3d1cOtAZT7ZBFOEpBYWd_S',#5673,$,$,(#5654),#5672);
#5675=IFCPROPERTYSINGLEVALUE('PV_Mont',$,IFCLABEL('PV_13'),$);
#5676=IFCPROPERTYSINGLEVALUE('PV_Jus',$,IFCLABEL('PI_265'),$);
#5677=IFCPROPERTYSINGLEVALUE('DN',$,IFCREAL(200.),$);
#5678=IFCPROPERTYSINGLEVALUE('Mat',$,IFCLABEL('PVC'),$);
#5679=IFCPROPERTYSINGLEVALUE('Ext_m',$,IFCREAL(32.),$);
#5680=IFCOWNERHISTORY(#3,#4,.READWRITE.,.ADDED.,1774189819,#3,#4,1774189819);
#5681=IFCPROPERTYSET('0AnUrkjTnENRheQ6efYimt',#5680,'Custo5D',$,(#5684,#5685,#5686,#5687,#5688));
#5682=IFCOWNERHISTORY(#3,#4,.READWRITE.,.ADDED.,1774189819,#3,#4,1774189819);
#5683=IFCRELDEFINESBYPROPERTIES('2nBFbUbZv5Ze$Y7CT06qI2',#5682,$,$,(#5654),#5681);
#5684=IFCPROPERTYSINGLEVALUE('Tubo_RS',$,IFCREAL(1507.84),$);
#5685=IFCPROPERTYSINGLEVALUE('Esc_RS',$,IFCREAL(394.25),$);
#5686=IFCPROPERTYSINGLEVALUE('Reat_RS',$,IFCREAL(236.4),$);
#5687=IFCPROPERTYSINGLEVALUE('Pav_RS',$,IFCREAL(2191.36),$);
#5688=IFCPROPERTYSINGLEVALUE('Total_RS',$,IFCREAL(4329.85),$);
#5689=IFCOWNERHISTORY(#3,#4,.READWRITE.,.MODIFIED.,1774189819,#3,#4,1774189819);
#5690=IFCFLOWSEGMENT('3fDljJAif9QARI_YzmldGG',#5689,'T158_PI_265_PI_163',$,$,#5706,#5701,$);
#5696=IFCCARTESIANPOINT((0.,0.,0.));
#5697=IFCCARTESIANPOINT((-41.2857390800491,-21.2940443791449,-7.528));
#5698=IFCPOLYLINE((#5696,#5697));
#5699=IFCSWEPTDISKSOLID(#5698,0.1,0.09,$,$);
#5700=IFCSHAPEREPRESENTATION(#16,'Body','SweptSolid',(#5699));
#5701=IFCPRODUCTDEFINITIONSHAPE($,$,(#5700));
#5702=IFCCARTESIANPOINT((694.197086078173,439.961720950902,18.602));
#5703=IFCDIRECTION((0.,0.,1.));
#5704=IFCDIRECTION((1.,0.,0.));
#5705=IFCAXIS2PLACEMENT3D(#5702,#5703,#5704);
#5706=IFCLOCALPLACEMENT($,#5705);
#5707=IFCOWNERHISTORY(#3,#4,.READWRITE.,.ADDED.,1774189819,#3,#4,1774189819);
#5708=IFCPROPERTYSET('0NqKtOA0fC5hSc2tVoD5z4',#5707,'Dados',$,(#5711,#5712,#5713,#5714,#5715));
#5709=IFCOWNERHISTORY(#3,#4,.READWRITE.,.ADDED.,1774189819,#3,#4,1774189819);
#5710=IFCRELDEFINESBYPROPERTIES('1I6YCMz_TBsxFAqDPZ4MC2',#5709,$,$,(#5690),#5708);
#5711=IFCPROPERTYSINGLEVALUE('PV_Mont',$,IFCLABEL('PI_265'),$);
#5712=IFCPROPERTYSINGLEVALUE('PV_Jus',$,IFCLABEL('PI_163'),$);
#5713=IFCPROPERTYSINGLEVALUE('DN',$,IFCREAL(200.),$);
#5714=IFCPROPERTYSINGLEVALUE('Mat',$,IFCLABEL('PVC'),$);
#5715=IFCPROPERTYSINGLEVALUE('Ext_m',$,IFCREAL(44.1),$);
#5716=IFCOWNERHISTORY(#3,#4,.READWRITE.,.ADDED.,1774189819,#3,#4,1774189819);
#5717=IFCPROPERTYSET('3iimjFq6zCoAV5s7Pk08BD',#5716,'Custo5D',$,(#5720,#5721,#5722,#5723,#5724));
#5718=IFCOWNERHISTORY(#3,#4,.READWRITE.,.ADDED.,1774189819,#3,#4,1774189819);
#5719=IFCRELDEFINESBYPROPERTIES('3wR3qS7wb8z83MALL7AkQ_',#5718,$,$,(#5690),#5717);
#5720=IFCPROPERTYSINGLEVALUE('Tubo_RS',$,IFCREAL(2077.99),$);
#5721=IFCPROPERTYSINGLEVALUE('Esc_RS',$,IFCREAL(651.34),$);
#5722=IFCPROPERTYSINGLEVALUE('Reat_RS',$,IFCREAL(390.55),$);
#5723=IFCPROPERTYSINGLEVALUE('Pav_RS',$,IFCREAL(3019.97),$);
#5724=IFCPROPERTYSINGLEVALUE('Total_RS',$,IFCREAL(6139.85),$);
#5725=IFCOWNERHISTORY(#3,#4,.READWRITE.,.MODIFIED.,1774189819,#3,#4,1774189819);
#5726=IFCFLOWSEGMENT('0QT$dYLw51n95Bf54TeNJ5',#5725,'T159_PI_267_PI_269',$,$,#5742,#5737,$);
#5732=IFCCARTESIANPOINT((0.,0.,0.));
#5733=IFCCARTESIANPOINT((13.4129828019068,7.94317603949457,3.173));
#5734=IFCPOLYLINE((#5732,#5733));
#5735=IFCSWEPTDISKSOLID(#5734,0.1,0.09,$,$);
#5736=IFCSHAPEREPRESENTATION(#16,'Body','SweptSolid',(#5735));
#5737=IFCPRODUCTDEFINITIONSHAPE($,$,(#5736));
#5738=IFCCARTESIANPOINT((714.967300829187,412.68867948465,19.681));
#5739=IFCDIRECTION((0.,0.,1.));
#5740=IFCDIRECTION((1.,0.,0.));
#5741=IFCAXIS2PLACEMENT3D(#5738,#5739,#5740);
#5742=IFCLOCALPLACEMENT($,#5741);
#5743=IFCOWNERHISTORY(#3,#4,.READWRITE.,.ADDED.,1774189819,#3,#4,1774189819);
#5744=IFCPROPERTYSET('0XilKMORD1NfT3NhUX0JwA',#5743,'Dados',$,(#5747,#5748,#5749,#5750,#5751));
#5745=IFCOWNERHISTORY(#3,#4,.READWRITE.,.ADDED.,1774189819,#3,#4,1774189819);
#5746=IFCRELDEFINESBYPROPERTIES('1INIeP7lf8e8b8RGRxgj3o',#5745,$,$,(#5726),#5744);
#5747=IFCPROPERTYSINGLEVALUE('PV_Mont',$,IFCLABEL('PI_267'),$);
#5748=IFCPROPERTYSINGLEVALUE('PV_Jus',$,IFCLABEL('PI_269'),$);
#5749=IFCPROPERTYSINGLEVALUE('DN',$,IFCREAL(200.),$);
#5750=IFCPROPERTYSINGLEVALUE('Mat',$,IFCLABEL('PVC'),$);
#5751=IFCPROPERTYSINGLEVALUE('Ext_m',$,IFCREAL(13.76),$);
#5752=IFCOWNERHISTORY(#3,#4,.READWRITE.,.ADDED.,1774189819,#3,#4,1774189819);
#5753=IFCPROPERTYSET('2wFGxoC0n9KPYKLoBLuIIH',#5752,'Custo5D',$,(#5756,#5757,#5758,#5759,#5760));
#5754=IFCOWNERHISTORY(#3,#4,.READWRITE.,.ADDED.,1774189819,#3,#4,1774189819);
#5755=IFCRELDEFINESBYPROPERTIES('3ZIXUdkl52GwCc4smoSFD8',#5754,$,$,(#5726),#5753);
#5756=IFCPROPERTYSINGLEVALUE('Tubo_RS',$,IFCREAL(648.37),$);
#5757=IFCPROPERTYSINGLEVALUE('Esc_RS',$,IFCREAL(203.23),$);
#5758=IFCPROPERTYSINGLEVALUE('Reat_RS',$,IFCREAL(121.86),$);
#5759=IFCPROPERTYSINGLEVALUE('Pav_RS',$,IFCREAL(942.28),$);
#5760=IFCPROPERTYSINGLEVALUE('Total_RS',$,IFCREAL(1915.74),$);
#5761=IFCOWNERHISTORY(#3,#4,.READWRITE.,.MODIFIED.,1774189819,#3,#4,1774189819);
#5762=IFCFLOWSEGMENT('3$bQ4jS6f6cgdk43zU5KN1',#5761,'T160_PI_269_PI_268',$,$,#5778,#5773,$);
#5768=IFCCARTESIANPOINT((0.,0.,0.));
#5769=IFCCARTESIANPOINT((6.6967416498228,-9.59437308739871,-2.602));
#5770=IFCPOLYLINE((#5768,#5769));
#5771=IFCSWEPTDISKSOLID(#5770,0.1,0.09,$,$);
#5772=IFCSHAPEREPRESENTATION(#16,'Body','SweptSolid',(#5771));
#5773=IFCPRODUCTDEFINITIONSHAPE($,$,(#5772));
#5774=IFCCARTESIANPOINT((728.380283631093,420.631855524145,22.854));
#5775=IFCDIRECTION((0.,0.,1.));
#5776=IFCDIRECTION((1.,0.,0.));
#5777=IFCAXIS2PLACEMENT3D(#5774,#5775,#5776);
#5778=IFCLOCALPLACEMENT($,#5777);
#5779=IFCOWNERHISTORY(#3,#4,.READWRITE.,.ADDED.,1774189819,#3,#4,1774189819);
#5780=IFCPROPERTYSET('0Om1$TyRfBovQp508fHH9T',#5779,'Dados',$,(#5783,#5784,#5785,#5786,#5787));
#5781=IFCOWNERHISTORY(#3,#4,.READWRITE.,.ADDED.,1774189819,#3,#4,1774189819);
#5782=IFCRELDEFINESBYPROPERTIES('07S4xDTDzFZBUzkf0X7qLc',#5781,$,$,(#5762),#5780);
#5783=IFCPROPERTYSINGLEVALUE('PV_Mont',$,IFCLABEL('PI_269'),$);
#5784=IFCPROPERTYSINGLEVALUE('PV_Jus',$,IFCLABEL('PI_268'),$);
#5785=IFCPROPERTYSINGLEVALUE('DN',$,IFCREAL(200.),$);
#5786=IFCPROPERTYSINGLEVALUE('Mat',$,IFCLABEL('PVC'),$);
#5787=IFCPROPERTYSINGLEVALUE('Ext_m',$,IFCREAL(10.88),$);
#5788=IFCOWNERHISTORY(#3,#4,.READWRITE.,.ADDED.,1774189819,#3,#4,1774189819);
#5789=IFCPROPERTYSET('1VVlWQte58QhwO1BHybagA',#5788,'Custo5D',$,(#5792,#5793,#5794,#5795,#5796));
#5790=IFCOWNERHISTORY(#3,#4,.READWRITE.,.ADDED.,1774189819,#3,#4,1774189819);
#5791=IFCRELDEFINESBYPROPERTIES('3T1LizN$v4RAmOMcSSSdmK',#5790,$,$,(#5762),#5789);
#5792=IFCPROPERTYSINGLEVALUE('Tubo_RS',$,IFCREAL(512.67),$);
#5793=IFCPROPERTYSINGLEVALUE('Esc_RS',$,IFCREAL(160.69),$);
#5794=IFCPROPERTYSINGLEVALUE('Reat_RS',$,IFCREAL(96.35),$);
#5795=IFCPROPERTYSINGLEVALUE('Pav_RS',$,IFCREAL(745.06),$);
#5796=IFCPROPERTYSINGLEVALUE('Total_RS',$,IFCREAL(1514.77),$);
#5797=IFCOWNERHISTORY(#3,#4,.READWRITE.,.MODIFIED.,1774189819,#3,#4,1774189819);
#5798=IFCFLOWSEGMENT('1jW4JFUu54H8aeUecOsly5',#5797,'T161_PI_269_PI_270',$,$,#5814,#5809,$);
#5804=IFCCARTESIANPOINT((0.,0.,0.));
#5805=IFCCARTESIANPOINT((3.21993526135338,2.91489086393267,1.021));
#5806=IFCPOLYLINE((#5804,#5805));
#5807=IFCSWEPTDISKSOLID(#5806,0.1,0.09,$,$);
#5808=IFCSHAPEREPRESENTATION(#16,'Body','SweptSolid',(#5807));
#5809=IFCPRODUCTDEFINITIONSHAPE($,$,(#5808));
#5810=IFCCARTESIANPOINT((728.380283631093,420.631855524145,22.854));
#5811=IFCDIRECTION((0.,0.,1.));
#5812=IFCDIRECTION((1.,0.,0.));
#5813=IFCAXIS2PLACEMENT3D(#5810,#5811,#5812);
#5814=IFCLOCALPLACEMENT($,#5813);
#5815=IFCOWNERHISTORY(#3,#4,.READWRITE.,.ADDED.,1774189819,#3,#4,1774189819);
#5816=IFCPROPERTYSET('0wdWxZryL92erPwkfv3IVy',#5815,'Dados',$,(#5819,#5820,#5821,#5822,#5823));
#5817=IFCOWNERHISTORY(#3,#4,.READWRITE.,.ADDED.,1774189819,#3,#4,1774189819);
#5818=IFCRELDEFINESBYPROPERTIES('1vZ2UQo4rA897QTCMu_Y2I',#5817,$,$,(#5798),#5816);
#5819=IFCPROPERTYSINGLEVALUE('PV_Mont',$,IFCLABEL('PI_269'),$);
#5820=IFCPROPERTYSINGLEVALUE('PV_Jus',$,IFCLABEL('PI_270'),$);
#5821=IFCPROPERTYSINGLEVALUE('DN',$,IFCREAL(200.),$);
#5822=IFCPROPERTYSINGLEVALUE('Mat',$,IFCLABEL('PVC'),$);
#5823=IFCPROPERTYSINGLEVALUE('Ext_m',$,IFCREAL(3.11),$);
#5824=IFCOWNERHISTORY(#3,#4,.READWRITE.,.ADDED.,1774189819,#3,#4,1774189819);
#5825=IFCPROPERTYSET('2vTtWQPmX0E91nyNswr8nC',#5824,'Custo5D',$,(#5828,#5829,#5830,#5831,#5832));
#5826=IFCOWNERHISTORY(#3,#4,.READWRITE.,.ADDED.,1774189819,#3,#4,1774189819);
#5827=IFCRELDEFINESBYPROPERTIES('0O_y75QhX5bhhmQ6jcin4c',#5826,$,$,(#5798),#5825);
#5828=IFCPROPERTYSINGLEVALUE('Tubo_RS',$,IFCREAL(146.54),$);
#5829=IFCPROPERTYSINGLEVALUE('Esc_RS',$,IFCREAL(45.93),$);
#5830=IFCPROPERTYSINGLEVALUE('Reat_RS',$,IFCREAL(27.54),$);
#5831=IFCPROPERTYSINGLEVALUE('Pav_RS',$,IFCREAL(212.97),$);
#5832=IFCPROPERTYSINGLEVALUE('Total_RS',$,IFCREAL(432.99),$);
#5833=IFCOWNERHISTORY(#3,#4,.READWRITE.,.MODIFIED.,1774189819,#3,#4,1774189819);
#5834=IFCFLOWSEGMENT('2AZNn9Qf9A6AG8vTdFK6sp',#5833,'T162_PV_04_PV_06',$,$,#5850,#5845,$);
#5840=IFCCARTESIANPOINT((0.,0.,0.));
#5841=IFCCARTESIANPOINT((45.1358133006142,19.9674889845774,6.861));
#5842=IFCPOLYLINE((#5840,#5841));
#5843=IFCSWEPTDISKSOLID(#5842,0.1,0.09,$,$);
#5844=IFCSHAPEREPRESENTATION(#16,'Body','SweptSolid',(#5843));
#5845=IFCPRODUCTDEFINITIONSHAPE($,$,(#5844));
#5846=IFCCARTESIANPOINT((605.990723767842,367.969814536162,7.088));
#5847=IFCDIRECTION((0.,0.,1.));
#5848=IFCDIRECTION((1.,0.,0.));
#5849=IFCAXIS2PLACEMENT3D(#5846,#5847,#5848);
#5850=IFCLOCALPLACEMENT($,#5849);
#5851=IFCOWNERHISTORY(#3,#4,.READWRITE.,.ADDED.,1774189819,#3,#4,1774189819);
#5852=IFCPROPERTYSET('0FeZhzgiT4rg8$opGb8o6g',#5851,'Dados',$,(#5855,#5856,#5857,#5858,#5859));
#5853=IFCOWNERHISTORY(#3,#4,.READWRITE.,.ADDED.,1774189819,#3,#4,1774189819);
#5854=IFCRELDEFINESBYPROPERTIES('1HiiGygbT69uuH5BEcSOw5',#5853,$,$,(#5834),#5852);
#5855=IFCPROPERTYSINGLEVALUE('PV_Mont',$,IFCLABEL('PV_04'),$);
#5856=IFCPROPERTYSINGLEVALUE('PV_Jus',$,IFCLABEL('PV_06'),$);
#5857=IFCPROPERTYSINGLEVALUE('DN',$,IFCREAL(200.),$);
#5858=IFCPROPERTYSINGLEVALUE('Mat',$,IFCLABEL('PVC'),$);
#5859=IFCPROPERTYSINGLEVALUE('Ext_m',$,IFCREAL(49.36),$);
#5860=IFCOWNERHISTORY(#3,#4,.READWRITE.,.ADDED.,1774189819,#3,#4,1774189819);
#5861=IFCPROPERTYSET('1dp_J68mT6GezLwVBzxsjJ',#5860,'Custo5D',$,(#5864,#5865,#5866,#5867,#5868));
#5862=IFCOWNERHISTORY(#3,#4,.READWRITE.,.ADDED.,1774189819,#3,#4,1774189819);
#5863=IFCRELDEFINESBYPROPERTIES('0FMUZLEev8IfTgHq99MXHw',#5862,$,$,(#5834),#5861);
#5864=IFCPROPERTYSINGLEVALUE('Tubo_RS',$,IFCREAL(2325.84),$);
#5865=IFCPROPERTYSINGLEVALUE('Esc_RS',$,IFCREAL(729.03),$);
#5866=IFCPROPERTYSINGLEVALUE('Reat_RS',$,IFCREAL(437.13),$);
#5867=IFCPROPERTYSINGLEVALUE('Pav_RS',$,IFCREAL(3380.17),$);
#5868=IFCPROPERTYSINGLEVALUE('Total_RS',$,IFCREAL(6872.18),$);
#5869=IFCOWNERHISTORY(#3,#4,.READWRITE.,.MODIFIED.,1774189819,#3,#4,1774189819);
#5870=IFCFLOWSEGMENT('2vW4JOooP6JxY6nJ6os2F_',#5869,'T163_PV_11_PI_271',$,$,#5886,#5881,$);
#5876=IFCCARTESIANPOINT((0.,0.,0.));
#5877=IFCCARTESIANPOINT((3.21840217261342,3.00135429669172,1.954));
#5878=IFCPOLYLINE((#5876,#5877));
#5879=IFCSWEPTDISKSOLID(#5878,0.1,0.09,$,$);
#5880=IFCSHAPEREPRESENTATION(#16,'Body','SweptSolid',(#5879));
#5881=IFCPRODUCTDEFINITIONSHAPE($,$,(#5880));
#5882=IFCCARTESIANPOINT((729.826224579534,438.707974349149,21.806));
#5883=IFCDIRECTION((0.,0.,1.));
#5884=IFCDIRECTION((1.,0.,0.));
#5885=IFCAXIS2PLACEMENT3D(#5882,#5883,#5884);
#5886=IFCLOCALPLACEMENT($,#5885);
#5887=IFCOWNERHISTORY(#3,#4,.READWRITE.,.ADDED.,1774189819,#3,#4,1774189819);
#5888=IFCPROPERTYSET('3YsLcfMHX21B4VwskbIYf0',#5887,'Dados',$,(#5891,#5892,#5893,#5894,#5895));
#5889=IFCOWNERHISTORY(#3,#4,.READWRITE.,.ADDED.,1774189819,#3,#4,1774189819);
#5890=IFCRELDEFINESBYPROPERTIES('14O4pDW5f92e6huf63a846',#5889,$,$,(#5870),#5888);
#5891=IFCPROPERTYSINGLEVALUE('PV_Mont',$,IFCLABEL('PV_11'),$);
#5892=IFCPROPERTYSINGLEVALUE('PV_Jus',$,IFCLABEL('PI_271'),$);
#5893=IFCPROPERTYSINGLEVALUE('DN',$,IFCREAL(200.),$);
#5894=IFCPROPERTYSINGLEVALUE('Mat',$,IFCLABEL('PVC'),$);
#5895=IFCPROPERTYSINGLEVALUE('Ext_m',$,IFCREAL(4.4),$);
#5896=IFCOWNERHISTORY(#3,#4,.READWRITE.,.ADDED.,1774189819,#3,#4,1774189819);
#5897=IFCPROPERTYSET('32yo2TfC12UQ881UAqOAJw',#5896,'Custo5D',$,(#5900,#5901,#5902,#5903,#5904));
#5898=IFCOWNERHISTORY(#3,#4,.READWRITE.,.ADDED.,1774189819,#3,#4,1774189819);
#5899=IFCRELDEFINESBYPROPERTIES('2S8VAZRmv8HR0SxcwQ70b0',#5898,$,$,(#5870),#5897);
#5900=IFCPROPERTYSINGLEVALUE('Tubo_RS',$,IFCREAL(207.33),$);
#5901=IFCPROPERTYSINGLEVALUE('Esc_RS',$,IFCREAL(64.99),$);
#5902=IFCPROPERTYSINGLEVALUE('Reat_RS',$,IFCREAL(38.97),$);
#5903=IFCPROPERTYSINGLEVALUE('Pav_RS',$,IFCREAL(301.31),$);
#5904=IFCPROPERTYSINGLEVALUE('Total_RS',$,IFCREAL(612.59),$);
#5905=IFCOWNERHISTORY(#3,#4,.READWRITE.,.MODIFIED.,1774189819,#3,#4,1774189819);
#5906=IFCFLOWSEGMENT('1D0zEfSyTCGvAETU0alOEz',#5905,'T164_PV_18_PV_20',$,$,#5922,#5917,$);
#5912=IFCCARTESIANPOINT((0.,0.,0.));
#5913=IFCCARTESIANPOINT((9.90921319671907,10.5386705286801,2.43));
#5914=IFCPOLYLINE((#5912,#5913));
#5915=IFCSWEPTDISKSOLID(#5914,0.1,0.09,$,$);
#5916=IFCSHAPEREPRESENTATION(#16,'Body','SweptSolid',(#5915));
#5917=IFCPRODUCTDEFINITIONSHAPE($,$,(#5916));
#5918=IFCCARTESIANPOINT((854.92865800811,500.331138566136,40.766));
#5919=IFCDIRECTION((0.,0.,1.));
#5920=IFCDIRECTION((1.,0.,0.));
#5921=IFCAXIS2PLACEMENT3D(#5918,#5919,#5920);
#5922=IFCLOCALPLACEMENT($,#5921);
#5923=IFCOWNERHISTORY(#3,#4,.READWRITE.,.ADDED.,1774189819,#3,#4,1774189819);
#5924=IFCPROPERTYSET('1kSiGTeXHEO9yK2TRNMcZg',#5923,'Dados',$,(#5927,#5928,#5929,#5930,#5931));
#5925=IFCOWNERHISTORY(#3,#4,.READWRITE.,.ADDED.,1774189819,#3,#4,1774189819);
#5926=IFCRELDEFINESBYPROPERTIES('01Ys8iOcL8YwCZyTI8V6by',#5925,$,$,(#5906),#5924);
#5927=IFCPROPERTYSINGLEVALUE('PV_Mont',$,IFCLABEL('PV_18'),$);
#5928=IFCPROPERTYSINGLEVALUE('PV_Jus',$,IFCLABEL('PV_20'),$);
#5929=IFCPROPERTYSINGLEVALUE('DN',$,IFCREAL(200.),$);
#5930=IFCPROPERTYSINGLEVALUE('Mat',$,IFCLABEL('PVC'),$);
#5931=IFCPROPERTYSINGLEVALUE('Ext_m',$,IFCREAL(14.47),$);
#5932=IFCOWNERHISTORY(#3,#4,.READWRITE.,.ADDED.,1774189819,#3,#4,1774189819);
#5933=IFCPROPERTYSET('37GmJgqWr7mBkWTCEtL0P1',#5932,'Custo5D',$,(#5936,#5937,#5938,#5939,#5940));
#5934=IFCOWNERHISTORY(#3,#4,.READWRITE.,.ADDED.,1774189819,#3,#4,1774189819);
#5935=IFCRELDEFINESBYPROPERTIES('3RYkHDOIL0aQJA2Rl5PISz',#5934,$,$,(#5906),#5933);
#5936=IFCPROPERTYSINGLEVALUE('Tubo_RS',$,IFCREAL(681.83),$);
#5937=IFCPROPERTYSINGLEVALUE('Esc_RS',$,IFCREAL(213.72),$);
#5938=IFCPROPERTYSINGLEVALUE('Reat_RS',$,IFCREAL(128.15),$);
#5939=IFCPROPERTYSINGLEVALUE('Pav_RS',$,IFCREAL(990.91),$);
#5940=IFCPROPERTYSINGLEVALUE('Total_RS',$,IFCREAL(2014.59),$);
#5941=IFCOWNERHISTORY(#3,#4,.READWRITE.,.MODIFIED.,1774189819,#3,#4,1774189819);
#5942=IFCFLOWSEGMENT('36U60DwvL9cQPblKhXC71O',#5941,'T165_PV_25_PI_194',$,$,#5958,#5953,$);
#5948=IFCCARTESIANPOINT((0.,0.,0.));
#5949=IFCCARTESIANPOINT((7.02070016541984,15.1451014401391,7.93));
#5950=IFCPOLYLINE((#5948,#5949));
#5951=IFCSWEPTDISKSOLID(#5950,0.1,0.09,$,$);
#5952=IFCSHAPEREPRESENTATION(#16,'Body','SweptSolid',(#5951));
#5953=IFCPRODUCTDEFINITIONSHAPE($,$,(#5952));
#5954=IFCCARTESIANPOINT((907.626249704917,526.409108282067,51.576));
#5955=IFCDIRECTION((0.,0.,1.));
#5956=IFCDIRECTION((1.,0.,0.));
#5957=IFCAXIS2PLACEMENT3D(#5954,#5955,#5956);
#5958=IFCLOCALPLACEMENT($,#5957);
#5959=IFCOWNERHISTORY(#3,#4,.READWRITE.,.ADDED.,1774189819,#3,#4,1774189819);
#5960=IFCPROPERTYSET('3Fo8y2Mbn6a87d0HRiUB4Y',#5959,'Dados',$,(#5963,#5964,#5965,#5966,#5967));
#5961=IFCOWNERHISTORY(#3,#4,.READWRITE.,.ADDED.,1774189819,#3,#4,1774189819);
#5962=IFCRELDEFINESBYPROPERTIES('1zOz3w__H9YBE_Y1z6JUP4',#5961,$,$,(#5942),#5960);
#5963=IFCPROPERTYSINGLEVALUE('PV_Mont',$,IFCLABEL('PV_25'),$);
#5964=IFCPROPERTYSINGLEVALUE('PV_Jus',$,IFCLABEL('PI_194'),$);
#5965=IFCPROPERTYSINGLEVALUE('DN',$,IFCREAL(200.),$);
#5966=IFCPROPERTYSINGLEVALUE('Mat',$,IFCLABEL('PVC'),$);
#5967=IFCPROPERTYSINGLEVALUE('Ext_m',$,IFCREAL(16.69),$);
#5968=IFCOWNERHISTORY(#3,#4,.READWRITE.,.ADDED.,1774189819,#3,#4,1774189819);
#5969=IFCPROPERTYSET('3$S3PQjcnBNeKOmmS8tZfw',#5968,'Custo5D',$,(#5972,#5973,#5974,#5975,#5976));
#5970=IFCOWNERHISTORY(#3,#4,.READWRITE.,.ADDED.,1774189819,#3,#4,1774189819);
#5971=IFCRELDEFINESBYPROPERTIES('3C3AiWE3X5W9fmXFy$W7Ly',#5970,$,$,(#5942),#5969);
#5972=IFCPROPERTYSINGLEVALUE('Tubo_RS',$,IFCREAL(786.43),$);
#5973=IFCPROPERTYSINGLEVALUE('Esc_RS',$,IFCREAL(246.5),$);
#5974=IFCPROPERTYSINGLEVALUE('Reat_RS',$,IFCREAL(147.81),$);
#5975=IFCPROPERTYSINGLEVALUE('Pav_RS',$,IFCREAL(1142.93),$);
#5976=IFCPROPERTYSINGLEVALUE('Total_RS',$,IFCREAL(2323.68),$);
#5977=IFCOWNERHISTORY(#3,#4,.READWRITE.,.MODIFIED.,1774189819,#3,#4,1774189819);
#5978=IFCFLOWSEGMENT('1AwpH_c1f4gPVXZ$Y9Ch56',#5977,'T166_PV_26_N_037',$,$,#5994,#5989,$);
#5984=IFCCARTESIANPOINT((0.,0.,0.));
#5985=IFCCARTESIANPOINT((32.9149729298661,10.1101887309924,-56.593));
#5986=IFCPOLYLINE((#5984,#5985));
#5987=IFCSWEPTDISKSOLID(#5986,0.1,0.09,$,$);
#5988=IFCSHAPEREPRESENTATION(#16,'Body','SweptSolid',(#5987));
#5989=IFCPRODUCTDEFINITIONSHAPE($,$,(#5988));
#5990=IFCCARTESIANPOINT((916.297632909846,542.994836862199,55.093));
#5991=IFCDIRECTION((0.,0.,1.));
#5992=IFCDIRECTION((1.,0.,0.));
#5993=IFCAXIS2PLACEMENT3D(#5990,#5991,#5992);
#5994=IFCLOCALPLACEMENT($,#5993);
#5995=IFCOWNERHISTORY(#3,#4,.READWRITE.,.ADDED.,1774189819,#3,#4,1774189819);
#5996=IFCPROPERTYSET('1$6Oetnm1D0epIZFADwtV1',#5995,'Dados',$,(#5999,#6000,#6001,#6002,#6003));
#5997=IFCOWNERHISTORY(#3,#4,.READWRITE.,.ADDED.,1774189819,#3,#4,1774189819);
#5998=IFCRELDEFINESBYPROPERTIES('0UspAKK352ABDs9RzmsW9R',#5997,$,$,(#5978),#5996);
#5999=IFCPROPERTYSINGLEVALUE('PV_Mont',$,IFCLABEL('PV_26'),$);
#6000=IFCPROPERTYSINGLEVALUE('PV_Jus',$,IFCLABEL('N_037'),$);
#6001=IFCPROPERTYSINGLEVALUE('DN',$,IFCREAL(200.),$);
#6002=IFCPROPERTYSINGLEVALUE('Mat',$,IFCLABEL('PVC'),$);
#6003=IFCPROPERTYSINGLEVALUE('Ext_m',$,IFCREAL(34.43),$);
#6004=IFCOWNERHISTORY(#3,#4,.READWRITE.,.ADDED.,1774189819,#3,#4,1774189819);
#6005=IFCPROPERTYSET('0Sb6gSTWv8CumnZCSpmEXd',#6004,'Custo5D',$,(#6008,#6009,#6010,#6011,#6012));
#6006=IFCOWNERHISTORY(#3,#4,.READWRITE.,.ADDED.,1774189819,#3,#4,1774189819);
#6007=IFCRELDEFINESBYPROPERTIES('1NEMLTn_nCUxDug0MKmI7I',#6006,$,$,(#5978),#6005);
#6008=IFCPROPERTYSINGLEVALUE('Tubo_RS',$,IFCREAL(1622.34),$);
#6009=IFCPROPERTYSINGLEVALUE('Esc_RS',$,IFCREAL(1271.29),$);
#6010=IFCPROPERTYSINGLEVALUE('Reat_RS',$,IFCREAL(762.28),$);
#6011=IFCPROPERTYSINGLEVALUE('Pav_RS',$,IFCREAL(2357.77),$);
#6012=IFCPROPERTYSINGLEVALUE('Total_RS',$,IFCREAL(6013.68),$);
#6013=IFCOWNERHISTORY(#3,#4,.READWRITE.,.MODIFIED.,1774189819,#3,#4,1774189819);
#6014=IFCFLOWSEGMENT('06tfgrior1tP2Pn1RNSwQ8',#6013,'T167_N_038_N_046',$,$,#6030,#6025,$);
#6020=IFCCARTESIANPOINT((0.,0.,0.));
#6021=IFCCARTESIANPOINT((19.4907691720873,31.4703198196366,0.));
#6022=IFCPOLYLINE((#6020,#6021));
#6023=IFCSWEPTDISKSOLID(#6022,0.1,0.09,$,$);
#6024=IFCSHAPEREPRESENTATION(#16,'Body','SweptSolid',(#6023));
#6025=IFCPRODUCTDEFINITIONSHAPE($,$,(#6024));
#6026=IFCCARTESIANPOINT((950.989941094129,554.476342825219,-1.5));
#6027=IFCDIRECTION((0.,0.,1.));
#6028=IFCDIRECTION((1.,0.,0.));
#6029=IFCAXIS2PLACEMENT3D(#6026,#6027,#6028);
#6030=IFCLOCALPLACEMENT($,#6029);
#6031=IFCOWNERHISTORY(#3,#4,.READWRITE.,.ADDED.,1774189819,#3,#4,1774189819);
#6032=IFCPROPERTYSET('2WqmhkR_5BavL1lIv6xNbE',#6031,'Dados',$,(#6035,#6036,#6037,#6038,#6039));
#6033=IFCOWNERHISTORY(#3,#4,.READWRITE.,.ADDED.,1774189819,#3,#4,1774189819);
#6034=IFCRELDEFINESBYPROPERTIES('0I3PryQljE8964o23MNjkT',#6033,$,$,(#6014),#6032);
#6035=IFCPROPERTYSINGLEVALUE('PV_Mont',$,IFCLABEL('N_038'),$);
#6036=IFCPROPERTYSINGLEVALUE('PV_Jus',$,IFCLABEL('N_046'),$);
#6037=IFCPROPERTYSINGLEVALUE('DN',$,IFCREAL(200.),$);
#6038=IFCPROPERTYSINGLEVALUE('Mat',$,IFCLABEL('PVC'),$);
#6039=IFCPROPERTYSINGLEVALUE('Ext_m',$,IFCREAL(37.02),$);
#6040=IFCOWNERHISTORY(#3,#4,.READWRITE.,.ADDED.,1774189819,#3,#4,1774189819);
#6041=IFCPROPERTYSET('03rZyIbGz6NvXsXu6b4bz9',#6040,'Custo5D',$,(#6044,#6045,#6046,#6047,#6048));
#6042=IFCOWNERHISTORY(#3,#4,.READWRITE.,.ADDED.,1774189819,#3,#4,1774189819);
#6043=IFCRELDEFINESBYPROPERTIES('0U3zlybNzAb8e4xJeruIJd',#6042,$,$,(#6014),#6041);
#6044=IFCPROPERTYSINGLEVALUE('Tubo_RS',$,IFCREAL(1744.38),$);
#6045=IFCPROPERTYSINGLEVALUE('Esc_RS',$,IFCREAL(1366.93),$);
#6046=IFCPROPERTYSINGLEVALUE('Reat_RS',$,IFCREAL(819.62),$);
#6047=IFCPROPERTYSINGLEVALUE('Pav_RS',$,IFCREAL(2535.13),$);
#6048=IFCPROPERTYSINGLEVALUE('Total_RS',$,IFCREAL(6466.06),$);
#6049=IFCOWNERHISTORY(#3,#4,.READWRITE.,.MODIFIED.,1774189819,#3,#4,1774189819);
#6050=IFCFLOWSEGMENT('3T$S9n5qb97Q99glCddFyj',#6049,'T168_N_045_N_048',$,$,#6066,#6061,$);
#6056=IFCCARTESIANPOINT((0.,0.,0.));
#6057=IFCCARTESIANPOINT((8.25282011344098,6.58288278151304,0.));
#6058=IFCPOLYLINE((#6056,#6057));
#6059=IFCSWEPTDISKSOLID(#6058,0.1,0.09,$,$);
#6060=IFCSHAPEREPRESENTATION(#16,'Body','SweptSolid',(#6059));
#6061=IFCPRODUCTDEFINITIONSHAPE($,$,(#6060));
#6062=IFCCARTESIANPOINT((972.049388506508,587.71367008891,-1.5));
#6063=IFCDIRECTION((0.,0.,1.));
#6064=IFCDIRECTION((1.,0.,0.));
#6065=IFCAXIS2PLACEMENT3D(#6062,#6063,#6064);
#6066=IFCLOCALPLACEMENT($,#6065);
#6067=IFCOWNERHISTORY(#3,#4,.READWRITE.,.ADDED.,1774189819,#3,#4,1774189819);
#6068=IFCPROPERTYSET('3A43CZ0LLALeq8TWH1D9Kb',#6067,'Dados',$,(#6071,#6072,#6073,#6074,#6075));
#6069=IFCOWNERHISTORY(#3,#4,.READWRITE.,.ADDED.,1774189819,#3,#4,1774189819);
#6070=IFCRELDEFINESBYPROPERTIES('3V1CX6P0PD9eO2Esdvd8c9',#6069,$,$,(#6050),#6068);
#6071=IFCPROPERTYSINGLEVALUE('PV_Mont',$,IFCLABEL('N_045'),$);
#6072=IFCPROPERTYSINGLEVALUE('PV_Jus',$,IFCLABEL('N_048'),$);
#6073=IFCPROPERTYSINGLEVALUE('DN',$,IFCREAL(200.),$);
#6074=IFCPROPERTYSINGLEVALUE('Mat',$,IFCLABEL('PVC'),$);
#6075=IFCPROPERTYSINGLEVALUE('Ext_m',$,IFCREAL(10.56),$);
#6076=IFCOWNERHISTORY(#3,#4,.READWRITE.,.ADDED.,1774189819,#3,#4,1774189819);
#6077=IFCPROPERTYSET('02_RIX_kj3CPrrsCZ1qpi3',#6076,'Custo5D',$,(#6080,#6081,#6082,#6083,#6084));
#6078=IFCOWNERHISTORY(#3,#4,.READWRITE.,.ADDED.,1774189819,#3,#4,1774189819);
#6079=IFCRELDEFINESBYPROPERTIES('3vG51maabAsvp2Oj60fOM3',#6078,$,$,(#6050),#6077);
#6080=IFCPROPERTYSINGLEVALUE('Tubo_RS',$,IFCREAL(497.59),$);
#6081=IFCPROPERTYSINGLEVALUE('Esc_RS',$,IFCREAL(389.92),$);
#6082=IFCPROPERTYSINGLEVALUE('Reat_RS',$,IFCREAL(233.8),$);
#6083=IFCPROPERTYSINGLEVALUE('Pav_RS',$,IFCREAL(723.15),$);
#6084=IFCPROPERTYSINGLEVALUE('Total_RS',$,IFCREAL(1844.45),$);
#6085=IFCOWNERHISTORY(#3,#4,.READWRITE.,.MODIFIED.,1774189819,#3,#4,1774189819);
#6086=IFCFLOWSEGMENT('2QBp4GlYX9h9M2priqkg_6',#6085,'T169_N_047_PI_239',$,$,#6102,#6097,$);
#6092=IFCCARTESIANPOINT((0.,0.,0.));
#6093=IFCCARTESIANPOINT((19.4069206030108,13.8459158986807,76.29));
#6094=IFCPOLYLINE((#6092,#6093));
#6095=IFCSWEPTDISKSOLID(#6094,0.1,0.09,$,$);
#6096=IFCSHAPEREPRESENTATION(#16,'Body','SweptSolid',(#6095));
#6097=IFCPRODUCTDEFINITIONSHAPE($,$,(#6096));
#6098=IFCCARTESIANPOINT((982.21612392494,595.740968680009,-1.5));
#6099=IFCDIRECTION((0.,0.,1.));
#6100=IFCDIRECTION((1.,0.,0.));
#6101=IFCAXIS2PLACEMENT3D(#6098,#6099,#6100);
#6102=IFCLOCALPLACEMENT($,#6101);
#6103=IFCOWNERHISTORY(#3,#4,.READWRITE.,.ADDED.,1774189819,#3,#4,1774189819);
#6104=IFCPROPERTYSET('2Jbb_b6drBcgQeFeCFpTPu',#6103,'Dados',$,(#6107,#6108,#6109,#6110,#6111));
#6105=IFCOWNERHISTORY(#3,#4,.READWRITE.,.ADDED.,1774189819,#3,#4,1774189819);
#6106=IFCRELDEFINESBYPROPERTIES('1VsanUwY91AfOn1GPkSs79',#6105,$,$,(#6086),#6104);
#6107=IFCPROPERTYSINGLEVALUE('PV_Mont',$,IFCLABEL('N_047'),$);
#6108=IFCPROPERTYSINGLEVALUE('PV_Jus',$,IFCLABEL('PI_239'),$);
#6109=IFCPROPERTYSINGLEVALUE('DN',$,IFCREAL(200.),$);
#6110=IFCPROPERTYSINGLEVALUE('Mat',$,IFCLABEL('PVC'),$);
#6111=IFCPROPERTYSINGLEVALUE('Ext_m',$,IFCREAL(23.84),$);
#6112=IFCOWNERHISTORY(#3,#4,.READWRITE.,.ADDED.,1774189819,#3,#4,1774189819);
#6113=IFCPROPERTYSET('16nxwJkiHDvBql8i9MOez0',#6112,'Custo5D',$,(#6116,#6117,#6118,#6119,#6120));
#6114=IFCOWNERHISTORY(#3,#4,.READWRITE.,.ADDED.,1774189819,#3,#4,1774189819);
#6115=IFCRELDEFINESBYPROPERTIES('1EZxOoYFD5yOJ5x5BYkTWa',#6114,$,$,(#6086),#6113);
#6116=IFCPROPERTYSINGLEVALUE('Tubo_RS',$,IFCREAL(1123.34),$);
#6117=IFCPROPERTYSINGLEVALUE('Esc_RS',$,IFCREAL(880.27),$);
#6118=IFCPROPERTYSINGLEVALUE('Reat_RS',$,IFCREAL(527.82),$);
#6119=IFCPROPERTYSINGLEVALUE('Pav_RS',$,IFCREAL(1632.56),$);
#6120=IFCPROPERTYSINGLEVALUE('Total_RS',$,IFCREAL(4163.99),$);
#6121=IFCOWNERHISTORY(#3,#4,.READWRITE.,.MODIFIED.,1774189819,#3,#4,1774189819);
#6122=IFCFLOWSEGMENT('0NcBVwZiL3gB$HfgLNsxWY',#6121,'T170_PV_30_PV_31',$,$,#6138,#6133,$);
#6128=IFCCARTESIANPOINT((0.,0.,0.));
#6129=IFCCARTESIANPOINT((30.2097037159838,14.5410462850705,17.646));
#6130=IFCPOLYLINE((#6128,#6129));
#6131=IFCSWEPTDISKSOLID(#6130,0.1,0.09,$,$);
#6132=IFCSHAPEREPRESENTATION(#16,'Body','SweptSolid',(#6131));
#6133=IFCPRODUCTDEFINITIONSHAPE($,$,(#6132));
#6134=IFCCARTESIANPOINT((1003.68033638102,610.803802129813,69.343));
#6135=IFCDIRECTION((0.,0.,1.));
#6136=IFCDIRECTION((1.,0.,0.));
#6137=IFCAXIS2PLACEMENT3D(#6134,#6135,#6136);
#6138=IFCLOCALPLACEMENT($,#6137);
#6139=IFCOWNERHISTORY(#3,#4,.READWRITE.,.ADDED.,1774189819,#3,#4,1774189819);
#6140=IFCPROPERTYSET('1$AlvIt811OhrwlryJ3w0H',#6139,'Dados',$,(#6143,#6144,#6145,#6146,#6147));
#6141=IFCOWNERHISTORY(#3,#4,.READWRITE.,.ADDED.,1774189819,#3,#4,1774189819);
#6142=IFCRELDEFINESBYPROPERTIES('3BnpYEFbL98QS7Q$P7LGrx',#6141,$,$,(#6122),#6140);
#6143=IFCPROPERTYSINGLEVALUE('PV_Mont',$,IFCLABEL('PV_30'),$);
#6144=IFCPROPERTYSINGLEVALUE('PV_Jus',$,IFCLABEL('PV_31'),$);
#6145=IFCPROPERTYSINGLEVALUE('DN',$,IFCREAL(200.),$);
#6146=IFCPROPERTYSINGLEVALUE('Mat',$,IFCLABEL('PVC'),$);
#6147=IFCPROPERTYSINGLEVALUE('Ext_m',$,IFCREAL(33.53),$);
#6148=IFCOWNERHISTORY(#3,#4,.READWRITE.,.ADDED.,1774189819,#3,#4,1774189819);
#6149=IFCPROPERTYSET('19wP_tql52ZhjC7xv4A5gZ',#6148,'Custo5D',$,(#6152,#6153,#6154,#6155,#6156));
#6150=IFCOWNERHISTORY(#3,#4,.READWRITE.,.ADDED.,1774189819,#3,#4,1774189819);
#6151=IFCRELDEFINESBYPROPERTIES('0yCrkENLT6RBSvxs6SLYXD',#6150,$,$,(#6122),#6149);
#6152=IFCPROPERTYSINGLEVALUE('Tubo_RS',$,IFCREAL(1579.93),$);
#6153=IFCPROPERTYSINGLEVALUE('Esc_RS',$,IFCREAL(495.22),$);
#6154=IFCPROPERTYSINGLEVALUE('Reat_RS',$,IFCREAL(296.94),$);
#6155=IFCPROPERTYSINGLEVALUE('Pav_RS',$,IFCREAL(2296.13),$);
#6156=IFCPROPERTYSINGLEVALUE('Total_RS',$,IFCREAL(4668.23),$);
#6157=IFCOWNERHISTORY(#3,#4,.READWRITE.,.MODIFIED.,1774189819,#3,#4,1774189819);
#6158=IFCFLOWSEGMENT('2DKHB3mJX5RAwPgmzwyUwS',#6157,'T171_PV_01_PI_78',$,$,#6174,#6169,$);
#6164=IFCCARTESIANPOINT((0.,0.,0.));
#6165=IFCCARTESIANPOINT((-13.196485992521,-3.94177007116377,-0.135));
#6166=IFCPOLYLINE((#6164,#6165));
#6167=IFCSWEPTDISKSOLID(#6166,0.1,0.09,$,$);
#6168=IFCSHAPEREPRESENTATION(#16,'Body','SweptSolid',(#6167));
#6169=IFCPRODUCTDEFINITIONSHAPE($,$,(#6168));
#6170=IFCCARTESIANPOINT((521.48515255301,367.886598244309,2.863));
#6171=IFCDIRECTION((0.,0.,1.));
#6172=IFCDIRECTION((1.,0.,0.));
#6173=IFCAXIS2PLACEMENT3D(#6170,#6171,#6172);
#6174=IFCLOCALPLACEMENT($,#6173);
#6175=IFCOWNERHISTORY(#3,#4,.READWRITE.,.ADDED.,1774189819,#3,#4,1774189819);
#6176=IFCPROPERTYSET('0dJOpqKEb4_vgKL$mEqnrR',#6175,'Dados',$,(#6179,#6180,#6181,#6182,#6183));
#6177=IFCOWNERHISTORY(#3,#4,.READWRITE.,.ADDED.,1774189819,#3,#4,1774189819);
#6178=IFCRELDEFINESBYPROPERTIES('0LbqQScJzEbeohqa37QRhb',#6177,$,$,(#6158),#6176);
#6179=IFCPROPERTYSINGLEVALUE('PV_Mont',$,IFCLABEL('PV_01'),$);
#6180=IFCPROPERTYSINGLEVALUE('PV_Jus',$,IFCLABEL('PI_78'),$);
#6181=IFCPROPERTYSINGLEVALUE('DN',$,IFCREAL(200.),$);
#6182=IFCPROPERTYSINGLEVALUE('Mat',$,IFCLABEL('PVC'),$);
#6183=IFCPROPERTYSINGLEVALUE('Ext_m',$,IFCREAL(11.38),$);
#6184=IFCOWNERHISTORY(#3,#4,.READWRITE.,.ADDED.,1774189819,#3,#4,1774189819);
#6185=IFCPROPERTYSET('21XglnAkrBOw8IciirevbL',#6184,'Custo5D',$,(#6188,#6189,#6190,#6191,#6192));
#6186=IFCOWNERHISTORY(#3,#4,.READWRITE.,.ADDED.,1774189819,#3,#4,1774189819);
#6187=IFCRELDEFINESBYPROPERTIES('39TRMXFNz2BQ7tMTydxldn',#6186,$,$,(#6158),#6185);
#6188=IFCPROPERTYSINGLEVALUE('Tubo_RS',$,IFCREAL(536.23),$);
#6189=IFCPROPERTYSINGLEVALUE('Esc_RS',$,IFCREAL(245.25),$);
#6190=IFCPROPERTYSINGLEVALUE('Reat_RS',$,IFCREAL(147.06),$);
#6191=IFCPROPERTYSINGLEVALUE('Pav_RS',$,IFCREAL(779.3),$);
#6192=IFCPROPERTYSINGLEVALUE('Total_RS',$,IFCREAL(1707.84),$);
#6193=IFCOWNERHISTORY(#3,#4,.READWRITE.,.MODIFIED.,1774189819,#3,#4,1774189819);
#6194=IFCFLOWSEGMENT('3YLrgsNZX3seOqviPKM7lF',#6193,'T172_PI_216_PI_192',$,$,#6210,#6205,$);
#6200=IFCCARTESIANPOINT((0.,0.,0.));
#6201=IFCCARTESIANPOINT((-13.6352126301499,-31.197722713463,-11.828));
#6202=IFCPOLYLINE((#6200,#6201));
#6203=IFCSWEPTDISKSOLID(#6202,0.1,0.09,$,$);
#6204=IFCSHAPEREPRESENTATION(#16,'Body','SweptSolid',(#6203));
#6205=IFCPRODUCTDEFINITIONSHAPE($,$,(#6204));
#6206=IFCCARTESIANPOINT((929.2480430656,534.272277807817,62.845));
#6207=IFCDIRECTION((0.,0.,1.));
#6208=IFCDIRECTION((1.,0.,0.));
#6209=IFCAXIS2PLACEMENT3D(#6206,#6207,#6208);
#6210=IFCLOCALPLACEMENT($,#6209);
#6211=IFCOWNERHISTORY(#3,#4,.READWRITE.,.ADDED.,1774189819,#3,#4,1774189819);
#6212=IFCPROPERTYSET('0JEAHLmuD8gBHCULGeJFAH',#6211,'Dados',$,(#6215,#6216,#6217,#6218,#6219));
#6213=IFCOWNERHISTORY(#3,#4,.READWRITE.,.ADDED.,1774189819,#3,#4,1774189819);
#6214=IFCRELDEFINESBYPROPERTIES('3CfGArIBf6jOwv2SeHxGYV',#6213,$,$,(#6194),#6212);
#6215=IFCPROPERTYSINGLEVALUE('PV_Mont',$,IFCLABEL('PI_216'),$);
#6216=IFCPROPERTYSINGLEVALUE('PV_Jus',$,IFCLABEL('PI_192'),$);
#6217=IFCPROPERTYSINGLEVALUE('DN',$,IFCREAL(200.),$);
#6218=IFCPROPERTYSINGLEVALUE('Mat',$,IFCLABEL('PVC'),$);
#6219=IFCPROPERTYSINGLEVALUE('Ext_m',$,IFCREAL(34.05),$);
#6220=IFCOWNERHISTORY(#3,#4,.READWRITE.,.ADDED.,1774189819,#3,#4,1774189819);
#6221=IFCPROPERTYSET('2u879YkDfCkfa6Q2Jvn3TK',#6220,'Custo5D',$,(#6224,#6225,#6226,#6227,#6228));
#6222=IFCOWNERHISTORY(#3,#4,.READWRITE.,.ADDED.,1774189819,#3,#4,1774189819);
#6223=IFCRELDEFINESBYPROPERTIES('1AOkHfKF97vROJeCjStDHQ',#6222,$,$,(#6194),#6221);
#6224=IFCPROPERTYSINGLEVALUE('Tubo_RS',$,IFCREAL(1604.44),$);
#6225=IFCPROPERTYSINGLEVALUE('Esc_RS',$,IFCREAL(502.9),$);
#6226=IFCPROPERTYSINGLEVALUE('Reat_RS',$,IFCREAL(301.55),$);
#6227=IFCPROPERTYSINGLEVALUE('Pav_RS',$,IFCREAL(2331.74),$);
#6228=IFCPROPERTYSINGLEVALUE('Total_RS',$,IFCREAL(4740.63),$);
#6229=IFCOWNERHISTORY(#3,#4,.READWRITE.,.MODIFIED.,1774189819,#3,#4,1774189819);
#6230=IFCFLOWSEGMENT('1wMpLmQEv36f9j6lvJ1rfV',#6229,'T173_PV_24_N_022',$,$,#6246,#6241,$);
#6236=IFCCARTESIANPOINT((0.,0.,0.));
#6237=IFCCARTESIANPOINT((-6.78390919987578,-5.04473675042391,-48.908));
#6238=IFCPOLYLINE((#6236,#6237));
#6239=IFCSWEPTDISKSOLID(#6238,0.1,0.09,$,$);
#6240=IFCSHAPEREPRESENTATION(#16,'Body','SweptSolid',(#6239));
#6241=IFCPRODUCTDEFINITIONSHAPE($,$,(#6240));
#6242=IFCCARTESIANPOINT((906.174167834048,524.585895963013,47.408));
#6243=IFCDIRECTION((0.,0.,1.));
#6244=IFCDIRECTION((1.,0.,0.));
#6245=IFCAXIS2PLACEMENT3D(#6242,#6243,#6244);
#6246=IFCLOCALPLACEMENT($,#6245);
#6247=IFCOWNERHISTORY(#3,#4,.READWRITE.,.ADDED.,1774189819,#3,#4,1774189819);
#6248=IFCPROPERTYSET('3qI7rlOY9BJedUWreHIvbl',#6247,'Dados',$,(#6251,#6252,#6253,#6254,#6255));
#6249=IFCOWNERHISTORY(#3,#4,.READWRITE.,.ADDED.,1774189819,#3,#4,1774189819);
#6250=IFCRELDEFINESBYPROPERTIES('0MJfp2TJL4KOW6OldqUO_A',#6249,$,$,(#6230),#6248);
#6251=IFCPROPERTYSINGLEVALUE('PV_Mont',$,IFCLABEL('PV_24'),$);
#6252=IFCPROPERTYSINGLEVALUE('PV_Jus',$,IFCLABEL('N_022'),$);
#6253=IFCPROPERTYSINGLEVALUE('DN',$,IFCREAL(200.),$);
#6254=IFCPROPERTYSINGLEVALUE('Mat',$,IFCLABEL('PVC'),$);
#6255=IFCPROPERTYSINGLEVALUE('Ext_m',$,IFCREAL(7.39),$);
#6256=IFCOWNERHISTORY(#3,#4,.READWRITE.,.ADDED.,1774189819,#3,#4,1774189819);
#6257=IFCPROPERTYSET('19ZTRYZZv8LO9BQiN3fcHl',#6256,'Custo5D',$,(#6260,#6261,#6262,#6263,#6264));
#6258=IFCOWNERHISTORY(#3,#4,.READWRITE.,.ADDED.,1774189819,#3,#4,1774189819);
#6259=IFCRELDEFINESBYPROPERTIES('0sjq875fb2xRaaKxySK9sA',#6258,$,$,(#6230),#6257);
#6260=IFCPROPERTYSINGLEVALUE('Tubo_RS',$,IFCREAL(348.22),$);
#6261=IFCPROPERTYSINGLEVALUE('Esc_RS',$,IFCREAL(272.87),$);
#6262=IFCPROPERTYSINGLEVALUE('Reat_RS',$,IFCREAL(163.61),$);
#6263=IFCPROPERTYSINGLEVALUE('Pav_RS',$,IFCREAL(506.07),$);
#6264=IFCPROPERTYSINGLEVALUE('Total_RS',$,IFCREAL(1290.77),$);
#6265=IFCOWNERHISTORY(#3,#4,.READWRITE.,.MODIFIED.,1774189819,#3,#4,1774189819);
#6266=IFCFLOWSEGMENT('0JZ1JjYInAyPppnL85tHCT',#6265,'T174_PI_205_N_022',$,$,#6282,#6277,$);
#6272=IFCCARTESIANPOINT((0.,0.,0.));
#6273=IFCCARTESIANPOINT((7.84774116973858,-18.3081198967993,-52.571));
#6274=IFCPOLYLINE((#6272,#6273));
#6275=IFCSWEPTDISKSOLID(#6274,0.1,0.09,$,$);
#6276=IFCSHAPEREPRESENTATION(#16,'Body','SweptSolid',(#6275));
#6277=IFCPRODUCTDEFINITIONSHAPE($,$,(#6276));
#6278=IFCCARTESIANPOINT((891.542517464433,537.849279109389,51.071));
#6279=IFCDIRECTION((0.,0.,1.));
#6280=IFCDIRECTION((1.,0.,0.));
#6281=IFCAXIS2PLACEMENT3D(#6278,#6279,#6280);
#6282=IFCLOCALPLACEMENT($,#6281);
#6283=IFCOWNERHISTORY(#3,#4,.READWRITE.,.ADDED.,1774189819,#3,#4,1774189819);
#6284=IFCPROPERTYSET('0QLLV7yjf1Ig38ihOdh9gC',#6283,'Dados',$,(#6287,#6288,#6289,#6290,#6291));
#6285=IFCOWNERHISTORY(#3,#4,.READWRITE.,.ADDED.,1774189819,#3,#4,1774189819);
#6286=IFCRELDEFINESBYPROPERTIES('1c9uSqg65AGebLOhaLIYX4',#6285,$,$,(#6266),#6284);
#6287=IFCPROPERTYSINGLEVALUE('PV_Mont',$,IFCLABEL('PI_205'),$);
#6288=IFCPROPERTYSINGLEVALUE('PV_Jus',$,IFCLABEL('N_022'),$);
#6289=IFCPROPERTYSINGLEVALUE('DN',$,IFCREAL(200.),$);
#6290=IFCPROPERTYSINGLEVALUE('Mat',$,IFCLABEL('PVC'),$);
#6291=IFCPROPERTYSINGLEVALUE('Ext_m',$,IFCREAL(17.6),$);
#6292=IFCOWNERHISTORY(#3,#4,.READWRITE.,.ADDED.,1774189819,#3,#4,1774189819);
#6293=IFCPROPERTYSET('09T0g2RNrFcfI0SZqKEPyP',#6292,'Custo5D',$,(#6296,#6297,#6298,#6299,#6300));
#6294=IFCOWNERHISTORY(#3,#4,.READWRITE.,.ADDED.,1774189819,#3,#4,1774189819);
#6295=IFCRELDEFINESBYPROPERTIES('3_WR084G92oO6Lvu6b5Zp9',#6294,$,$,(#6266),#6293);
#6296=IFCPROPERTYSINGLEVALUE('Tubo_RS',$,IFCREAL(829.31),$);
#6297=IFCPROPERTYSINGLEVALUE('Esc_RS',$,IFCREAL(649.86),$);
#6298=IFCPROPERTYSINGLEVALUE('Reat_RS',$,IFCREAL(389.66),$);
#6299=IFCPROPERTYSINGLEVALUE('Pav_RS',$,IFCREAL(1205.25),$);
#6300=IFCPROPERTYSINGLEVALUE('Total_RS',$,IFCREAL(3074.09),$);
#6301=IFCOWNERHISTORY(#3,#4,.READWRITE.,.MODIFIED.,1774189819,#3,#4,1774189819);
#6302=IFCFLOWSEGMENT('3If2_kls94jO1WXz8FBUXe',#6301,'T175_PV_36_PV_37',$,$,#6318,#6313,$);
#6308=IFCCARTESIANPOINT((0.,0.,0.));
#6309=IFCCARTESIANPOINT((6.42709759320132,-22.2619344918057,-0.372));
#6310=IFCPOLYLINE((#6308,#6309));
#6311=IFCSWEPTDISKSOLID(#6310,0.15,0.135,$,$);
#6312=IFCSHAPEREPRESENTATION(#16,'Body','SweptSolid',(#6311));
#6313=IFCPRODUCTDEFINITIONSHAPE($,$,(#6312));
#6314=IFCCARTESIANPOINT((440.25148713513,463.17078488227,1.968));
#6315=IFCDIRECTION((0.,0.,1.));
#6316=IFCDIRECTION((1.,0.,0.));
#6317=IFCAXIS2PLACEMENT3D(#6314,#6315,#6316);
#6318=IFCLOCALPLACEMENT($,#6317);
#6319=IFCOWNERHISTORY(#3,#4,.READWRITE.,.ADDED.,1774189819,#3,#4,1774189819);
#6320=IFCPROPERTYSET('2zPsdyWXz50Ar7xuBTTMyy',#6319,'Dados',$,(#6323,#6324,#6325,#6326,#6327));
#6321=IFCOWNERHISTORY(#3,#4,.READWRITE.,.ADDED.,1774189819,#3,#4,1774189819);
#6322=IFCRELDEFINESBYPROPERTIES('1E1hIA9$fDe8UOereO_BbI',#6321,$,$,(#6302),#6320);
#6323=IFCPROPERTYSINGLEVALUE('PV_Mont',$,IFCLABEL('PV_36'),$);
#6324=IFCPROPERTYSINGLEVALUE('PV_Jus',$,IFCLABEL('PV_37'),$);
#6325=IFCPROPERTYSINGLEVALUE('DN',$,IFCREAL(300.),$);
#6326=IFCPROPERTYSINGLEVALUE('Mat',$,IFCLABEL('PVC'),$);
#6327=IFCPROPERTYSINGLEVALUE('Ext_m',$,IFCREAL(22.24),$);
#6328=IFCOWNERHISTORY(#3,#4,.READWRITE.,.ADDED.,1774189819,#3,#4,1774189819);
#6329=IFCPROPERTYSET('2TvjYgDZL3TfQ02LrXjQr4',#6328,'Custo5D',$,(#6332,#6333,#6334,#6335,#6336));
#6330=IFCOWNERHISTORY(#3,#4,.READWRITE.,.ADDED.,1774189819,#3,#4,1774189819);
#6331=IFCRELDEFINESBYPROPERTIES('3o3w$RRbfER9GBfMaD6V1H',#6330,$,$,(#6302),#6329);
#6332=IFCPROPERTYSINGLEVALUE('Tubo_RS',$,IFCREAL(1989.37),$);
#6333=IFCPROPERTYSINGLEVALUE('Esc_RS',$,IFCREAL(358.59),$);
#6334=IFCPROPERTYSINGLEVALUE('Reat_RS',$,IFCREAL(215.01),$);
#6335=IFCPROPERTYSINGLEVALUE('Pav_RS',$,IFCREAL(1523.),$);
#6336=IFCPROPERTYSINGLEVALUE('Total_RS',$,IFCREAL(4085.96),$);
#6337=IFCOWNERHISTORY(#3,#4,.READWRITE.,.MODIFIED.,1774189819,#3,#4,1774189819);
#6338=IFCFLOWSEGMENT('1fwnJq_ur6dA8J62OZPIV$',#6337,'T176_PV_37_PV_38',$,$,#6354,#6349,$);
#6344=IFCCARTESIANPOINT((0.,0.,0.));
#6345=IFCCARTESIANPOINT((6.30393471039133,-19.0692285941914,-0.152));
#6346=IFCPOLYLINE((#6344,#6345));
#6347=IFCSWEPTDISKSOLID(#6346,0.15,0.135,$,$);
#6348=IFCSHAPEREPRESENTATION(#16,'Body','SweptSolid',(#6347));
#6349=IFCPRODUCTDEFINITIONSHAPE($,$,(#6348));
#6350=IFCCARTESIANPOINT((446.678584728332,440.908850390464,1.596));
#6351=IFCDIRECTION((0.,0.,1.));
#6352=IFCDIRECTION((1.,0.,0.));
#6353=IFCAXIS2PLACEMENT3D(#6350,#6351,#6352);
#6354=IFCLOCALPLACEMENT($,#6353);
#6355=IFCOWNERHISTORY(#3,#4,.READWRITE.,.ADDED.,1774189819,#3,#4,1774189819);
#6356=IFCPROPERTYSET('211dHeJEnB28qSGQZz$am_',#6355,'Dados',$,(#6359,#6360,#6361,#6362,#6363));
#6357=IFCOWNERHISTORY(#3,#4,.READWRITE.,.ADDED.,1774189819,#3,#4,1774189819);
#6358=IFCRELDEFINESBYPROPERTIES('3WELXZjHL2qwSBINZ15bo2',#6357,$,$,(#6338),#6356);
#6359=IFCPROPERTYSINGLEVALUE('PV_Mont',$,IFCLABEL('PV_37'),$);
#6360=IFCPROPERTYSINGLEVALUE('PV_Jus',$,IFCLABEL('PV_38'),$);
#6361=IFCPROPERTYSINGLEVALUE('DN',$,IFCREAL(300.),$);
#6362=IFCPROPERTYSINGLEVALUE('Mat',$,IFCLABEL('PVC'),$);
#6363=IFCPROPERTYSINGLEVALUE('Ext_m',$,IFCREAL(19.12),$);
#6364=IFCOWNERHISTORY(#3,#4,.READWRITE.,.ADDED.,1774189819,#3,#4,1774189819);
#6365=IFCPROPERTYSET('0$_I0iF9T2nQWEnsCjWcuz',#6364,'Custo5D',$,(#6368,#6369,#6370,#6371,#6372));
#6366=IFCOWNERHISTORY(#3,#4,.READWRITE.,.ADDED.,1774189819,#3,#4,1774189819);
#6367=IFCRELDEFINESBYPROPERTIES('2u5Exo4uPCieA3t00De1Uu',#6366,$,$,(#6338),#6365);
#6368=IFCPROPERTYSINGLEVALUE('Tubo_RS',$,IFCREAL(1710.28),$);
#6369=IFCPROPERTYSINGLEVALUE('Esc_RS',$,IFCREAL(308.52),$);
#6370=IFCPROPERTYSINGLEVALUE('Reat_RS',$,IFCREAL(184.99),$);
#6371=IFCPROPERTYSINGLEVALUE('Pav_RS',$,IFCREAL(1309.34),$);
#6372=IFCPROPERTYSINGLEVALUE('Total_RS',$,IFCREAL(3513.13),$);
#6373=IFCOWNERHISTORY(#3,#4,.READWRITE.,.MODIFIED.,1774189819,#3,#4,1774189819);
#6374=IFCFLOWSEGMENT('26oEcySjjF8gtKNuYYYyNo',#6373,'T177_PV_38_PI_00',$,$,#6390,#6385,$);
#6380=IFCCARTESIANPOINT((0.,0.,0.));
#6381=IFCCARTESIANPOINT((38.5959378340631,-63.4438688866794,0.826));
#6382=IFCPOLYLINE((#6380,#6381));
#6383=IFCSWEPTDISKSOLID(#6382,0.15,0.135,$,$);
#6384=IFCSHAPEREPRESENTATION(#16,'Body','SweptSolid',(#6383));
#6385=IFCPRODUCTDEFINITIONSHAPE($,$,(#6384));
#6386=IFCCARTESIANPOINT((452.982519438723,421.839621796273,1.444));
#6387=IFCDIRECTION((0.,0.,1.));
#6388=IFCDIRECTION((1.,0.,0.));
#6389=IFCAXIS2PLACEMENT3D(#6386,#6387,#6388);
#6390=IFCLOCALPLACEMENT($,#6389);
#6391=IFCOWNERHISTORY(#3,#4,.READWRITE.,.ADDED.,1774189819,#3,#4,1774189819);
#6392=IFCPROPERTYSET('3K6B28C7bAmO1aAHKnMrVK',#6391,'Dados',$,(#6395,#6396,#6397,#6398,#6399));
#6393=IFCOWNERHISTORY(#3,#4,.READWRITE.,.ADDED.,1774189819,#3,#4,1774189819);
#6394=IFCRELDEFINESBYPROPERTIES('2nZRdXXOL42BIdjGuKyA4b',#6393,$,$,(#6374),#6392);
#6395=IFCPROPERTYSINGLEVALUE('PV_Mont',$,IFCLABEL('PV_38'),$);
#6396=IFCPROPERTYSINGLEVALUE('PV_Jus',$,IFCLABEL('PI_00'),$);
#6397=IFCPROPERTYSINGLEVALUE('DN',$,IFCREAL(300.),$);
#6398=IFCPROPERTYSINGLEVALUE('Mat',$,IFCLABEL('PVC'),$);
#6399=IFCPROPERTYSINGLEVALUE('Ext_m',$,IFCREAL(73.29),$);
#6400=IFCOWNERHISTORY(#3,#4,.READWRITE.,.ADDED.,1774189819,#3,#4,1774189819);
#6401=IFCPROPERTYSET('1lyItvc3D3MuJulhrJRg94',#6400,'Custo5D',$,(#6404,#6405,#6406,#6407,#6408));
#6402=IFCOWNERHISTORY(#3,#4,.READWRITE.,.ADDED.,1774189819,#3,#4,1774189819);
#6403=IFCRELDEFINESBYPROPERTIES('0z8Tshz7XF3QLVTzuWwTBJ',#6402,$,$,(#6374),#6401);
#6404=IFCPROPERTYSINGLEVALUE('Tubo_RS',$,IFCREAL(6555.79),$);
#6405=IFCPROPERTYSINGLEVALUE('Esc_RS',$,IFCREAL(1092.39),$);
#6406=IFCPROPERTYSINGLEVALUE('Reat_RS',$,IFCREAL(655.01),$);
#6407=IFCPROPERTYSINGLEVALUE('Pav_RS',$,IFCREAL(5018.9),$);
#6408=IFCPROPERTYSINGLEVALUE('Total_RS',$,IFCREAL(13322.08),$);
#6409=IFCOWNERHISTORY(#3,#4,.READWRITE.,.MODIFIED.,1774189819,#3,#4,1774189819);
#6410=IFCFLOWSEGMENT('1JonUeD1L1W8oq3qWyopDC',#6409,'T178_PI_94_N_002',$,$,#6426,#6421,$);
#6416=IFCCARTESIANPOINT((0.,0.,0.));
#6417=IFCCARTESIANPOINT((-34.5037376597757,-0.146607569418848,-5.667));
#6418=IFCPOLYLINE((#6416,#6417));
#6419=IFCSWEPTDISKSOLID(#6418,0.15,0.135,$,$);
#6420=IFCSHAPEREPRESENTATION(#16,'Body','SweptSolid',(#6419));
#6421=IFCPRODUCTDEFINITIONSHAPE($,$,(#6420));
#6422=IFCCARTESIANPOINT((466.742747070268,481.071683162823,4.167));
#6423=IFCDIRECTION((0.,0.,1.));
#6424=IFCDIRECTION((1.,0.,0.));
#6425=IFCAXIS2PLACEMENT3D(#6422,#6423,#6424);
#6426=IFCLOCALPLACEMENT($,#6425);
#6427=IFCOWNERHISTORY(#3,#4,.READWRITE.,.ADDED.,1774189819,#3,#4,1774189819);
#6428=IFCPROPERTYSET('0ZV3B_3a92DBPTXTnsqj1C',#6427,'Dados',$,(#6431,#6432,#6433,#6434,#6435));
#6429=IFCOWNERHISTORY(#3,#4,.READWRITE.,.ADDED.,1774189819,#3,#4,1774189819);
#6430=IFCRELDEFINESBYPROPERTIES('2Js5kBqhnCqg2EOdh9lbA4',#6429,$,$,(#6410),#6428);
#6431=IFCPROPERTYSINGLEVALUE('PV_Mont',$,IFCLABEL('PI_94'),$);
#6432=IFCPROPERTYSINGLEVALUE('PV_Jus',$,IFCLABEL('N_002'),$);
#6433=IFCPROPERTYSINGLEVALUE('DN',$,IFCREAL(300.),$);
#6434=IFCPROPERTYSINGLEVALUE('Mat',$,IFCLABEL('PVC'),$);
#6435=IFCPROPERTYSINGLEVALUE('Ext_m',$,IFCREAL(33.15),$);
#6436=IFCOWNERHISTORY(#3,#4,.READWRITE.,.ADDED.,1774189819,#3,#4,1774189819);
#6437=IFCPROPERTYSET('1aP5XIDS9APAEjtBzf1GhL',#6436,'Custo5D',$,(#6440,#6441,#6442,#6443,#6444));
#6438=IFCOWNERHISTORY(#3,#4,.READWRITE.,.ADDED.,1774189819,#3,#4,1774189819);
#6439=IFCRELDEFINESBYPROPERTIES('2pLOocHyr5y94bd9oGH7lG',#6438,$,$,(#6410),#6437);
#6440=IFCPROPERTYSINGLEVALUE('Tubo_RS',$,IFCREAL(2965.27),$);
#6441=IFCPROPERTYSINGLEVALUE('Esc_RS',$,IFCREAL(1224.03),$);
#6442=IFCPROPERTYSINGLEVALUE('Reat_RS',$,IFCREAL(733.94),$);
#6443=IFCPROPERTYSINGLEVALUE('Pav_RS',$,IFCREAL(2270.11),$);
#6444=IFCPROPERTYSINGLEVALUE('Total_RS',$,IFCREAL(7193.35),$);
#6445=IFCOWNERHISTORY(#3,#4,.READWRITE.,.MODIFIED.,1774189819,#3,#4,1774189819);
#6446=IFCFLOWSEGMENT('0BrtBQ36v62B4lXy3po4Pt',#6445,'T179_N_002_PV_36',$,$,#6462,#6457,$);
#6452=IFCCARTESIANPOINT((0.,0.,0.));
#6453=IFCCARTESIANPOINT((8.0124777246383,-17.7542907111347,3.468));
#6454=IFCPOLYLINE((#6452,#6453));
#6455=IFCSWEPTDISKSOLID(#6454,0.15,0.135,$,$);
#6456=IFCSHAPEREPRESENTATION(#16,'Body','SweptSolid',(#6455));
#6457=IFCPRODUCTDEFINITIONSHAPE($,$,(#6456));
#6458=IFCCARTESIANPOINT((432.239009410492,480.925075593404,-1.5));
#6459=IFCDIRECTION((0.,0.,1.));
#6460=IFCDIRECTION((1.,0.,0.));
#6461=IFCAXIS2PLACEMENT3D(#6458,#6459,#6460);
#6462=IFCLOCALPLACEMENT($,#6461);
#6463=IFCOWNERHISTORY(#3,#4,.READWRITE.,.ADDED.,1774189819,#3,#4,1774189819);
#6464=IFCPROPERTYSET('18lGn6kvf8bfHXghy5lTn2',#6463,'Dados',$,(#6467,#6468,#6469,#6470,#6471));
#6465=IFCOWNERHISTORY(#3,#4,.READWRITE.,.ADDED.,1774189819,#3,#4,1774189819);
#6466=IFCRELDEFINESBYPROPERTIES('1EI1DeR3zAme5sTtzu9f8i',#6465,$,$,(#6446),#6464);
#6467=IFCPROPERTYSINGLEVALUE('PV_Mont',$,IFCLABEL('N_002'),$);
#6468=IFCPROPERTYSINGLEVALUE('PV_Jus',$,IFCLABEL('PV_36'),$);
#6469=IFCPROPERTYSINGLEVALUE('DN',$,IFCREAL(300.),$);
#6470=IFCPROPERTYSINGLEVALUE('Mat',$,IFCLABEL('PVC'),$);
#6471=IFCPROPERTYSINGLEVALUE('Ext_m',$,IFCREAL(18.86),$);
#6472=IFCOWNERHISTORY(#3,#4,.READWRITE.,.ADDED.,1774189819,#3,#4,1774189819);
#6473=IFCPROPERTYSET('3PAR$HqkH3Nh_aOZbqYWah',#6472,'Custo5D',$,(#6476,#6477,#6478,#6479,#6480));
#6474=IFCOWNERHISTORY(#3,#4,.READWRITE.,.ADDED.,1774189819,#3,#4,1774189819);
#6475=IFCRELDEFINESBYPROPERTIES('2ETjNQC0HEbf$iTZHg8Kxj',#6474,$,$,(#6446),#6473);
#6476=IFCPROPERTYSINGLEVALUE('Tubo_RS',$,IFCREAL(1687.03),$);
#6477=IFCPROPERTYSINGLEVALUE('Esc_RS',$,IFCREAL(696.39),$);
#6478=IFCPROPERTYSINGLEVALUE('Reat_RS',$,IFCREAL(417.56),$);
#6479=IFCPROPERTYSINGLEVALUE('Pav_RS',$,IFCREAL(1291.53),$);
#6480=IFCPROPERTYSINGLEVALUE('Total_RS',$,IFCREAL(4092.51),$);
#6481=IFCOWNERHISTORY(#3,#4,.READWRITE.,.MODIFIED.,1774189819,#3,#4,1774189819);
#6482=IFCFLOWSEGMENT('2nFF$fKvDAYhWi9J8Mgvsq',#6481,'T180_PI_00_PV_62',$,$,#6498,#6493,$);
#6488=IFCCARTESIANPOINT((0.,0.,0.));
#6489=IFCCARTESIANPOINT((-9.42816777026746,7.33454957231879,-0.66));
#6490=IFCPOLYLINE((#6488,#6489));
#6491=IFCSWEPTDISKSOLID(#6490,0.2,0.18,$,$);
#6492=IFCSHAPEREPRESENTATION(#16,'Body','SweptSolid',(#6491));
#6493=IFCPRODUCTDEFINITIONSHAPE($,$,(#6492));
#6494=IFCCARTESIANPOINT((491.578457272786,358.395752909593,2.27));
#6495=IFCDIRECTION((0.,0.,1.));
#6496=IFCDIRECTION((1.,0.,0.));
#6497=IFCAXIS2PLACEMENT3D(#6494,#6495,#6496);
#6498=IFCLOCALPLACEMENT($,#6497);
#6499=IFCOWNERHISTORY(#3,#4,.READWRITE.,.ADDED.,1774189819,#3,#4,1774189819);
#6500=IFCPROPERTYSET('2cFc8Gut130AnK8rKXDfio',#6499,'Dados',$,(#6503,#6504,#6505,#6506,#6507));
#6501=IFCOWNERHISTORY(#3,#4,.READWRITE.,.ADDED.,1774189819,#3,#4,1774189819);
#6502=IFCRELDEFINESBYPROPERTIES('15WYf8lbT82AV_uCVEcT6Q',#6501,$,$,(#6482),#6500);
#6503=IFCPROPERTYSINGLEVALUE('PV_Mont',$,IFCLABEL('PI_00'),$);
#6504=IFCPROPERTYSINGLEVALUE('PV_Jus',$,IFCLABEL('PV_62'),$);
#6505=IFCPROPERTYSINGLEVALUE('DN',$,IFCREAL(400.),$);
#6506=IFCPROPERTYSINGLEVALUE('Mat',$,IFCLABEL('PVC'),$);
#6507=IFCPROPERTYSINGLEVALUE('Ext_m',$,IFCREAL(11.31),$);
#6508=IFCOWNERHISTORY(#3,#4,.READWRITE.,.ADDED.,1774189819,#3,#4,1774189819);
#6509=IFCPROPERTYSET('3p5L4p3ejB8utjdUqTV3PR',#6508,'Custo5D',$,(#6512,#6513,#6514,#6515,#6516));
#6510=IFCOWNERHISTORY(#3,#4,.READWRITE.,.ADDED.,1774189819,#3,#4,1774189819);
#6511=IFCRELDEFINESBYPROPERTIES('0sPEPfPUjDkQKEu2G2tKfc',#6510,$,$,(#6482),#6509);
#6512=IFCPROPERTYSINGLEVALUE('Tubo_RS',$,IFCREAL(1529.11),$);
#6513=IFCPROPERTYSINGLEVALUE('Esc_RS',$,IFCREAL(222.73),$);
#6514=IFCPROPERTYSINGLEVALUE('Reat_RS',$,IFCREAL(133.55),$);
#6515=IFCPROPERTYSINGLEVALUE('Pav_RS',$,IFCREAL(774.51),$);
#6516=IFCPROPERTYSINGLEVALUE('Total_RS',$,IFCREAL(2659.89),$);
#6517=IFCOWNERHISTORY(#3,#4,.READWRITE.,.MODIFIED.,1774189819,#3,#4,1774189819);
#6518=IFCBUILDINGELEMENTPROXY('0amqNcssL5lAR4jIhuFWv6',#6517,'PV_57',$,$,#6532,#6527,$,$);
#6524=IFCCIRCLEPROFILEDEF(.AREA.,$,#30,0.3);
#6525=IFCEXTRUDEDAREASOLID(#6524,#34,#32,3.858);
#6526=IFCSHAPEREPRESENTATION(#16,'Body','SweptSolid',(#6525));
#6527=IFCPRODUCTDEFINITIONSHAPE($,$,(#6526));
#6528=IFCCARTESIANPOINT((23.0146061825217,77.6048276741058,-2.518));
#6529=IFCDIRECTION((0.,0.,1.));
#6530=IFCDIRECTION((1.,0.,0.));
#6531=IFCAXIS2PLACEMENT3D(#6528,#6529,#6530);
#6532=IFCLOCALPLACEMENT($,#6531);
#6533=IFCOWNERHISTORY(#3,#4,.READWRITE.,.ADDED.,1774189819,#3,#4,1774189819);
#6534=IFCPROPERTYSET('3HTWscakv0COpPM0uNpOg6',#6533,'PV',$,(#6537,#6538,#6539,#6540));
#6535=IFCOWNERHISTORY(#3,#4,.READWRITE.,.ADDED.,1774189819,#3,#4,1774189819);
#6536=IFCRELDEFINESBYPROPERTIES('3ah7UcnCz6jQNiJwMRkGpR',#6535,$,$,(#6518),#6534);
#6537=IFCPROPERTYSINGLEVALUE('Tipo',$,IFCLABEL('PV'),$);
#6538=IFCPROPERTYSINGLEVALUE('CT',$,IFCREAL(1.34),$);
#6539=IFCPROPERTYSINGLEVALUE('CF',$,IFCREAL(-2.518),$);
#6540=IFCPROPERTYSINGLEVALUE('Prof',$,IFCREAL(3.86),$);
#6541=IFCOWNERHISTORY(#3,#4,.READWRITE.,.ADDED.,1774189819,#3,#4,1774189819);
#6542=IFCPROPERTYSET('2t0GcULDT9nB89ADTHDZvg',#6541,'Custo5D',$,(#6545));
#6543=IFCOWNERHISTORY(#3,#4,.READWRITE.,.ADDED.,1774189819,#3,#4,1774189819);
#6544=IFCRELDEFINESBYPROPERTIES('2bzJ4HLz50oxigv7thn_AW',#6543,$,$,(#6518),#6542);
#6545=IFCPROPERTYSINGLEVALUE('Total_RS',$,IFCREAL(3078.),$);
#6546=IFCOWNERHISTORY(#3,#4,.READWRITE.,.MODIFIED.,1774189819,#3,#4,1774189819);
#6547=IFCBUILDINGELEMENTPROXY('0U4IBEKLr3LRifUIUKDLwt',#6546,'PV_58',$,$,#6561,#6556,$,$);
#6553=IFCCIRCLEPROFILEDEF(.AREA.,$,#30,0.3);
#6554=IFCEXTRUDEDAREASOLID(#6553,#34,#32,3.943);
#6555=IFCSHAPEREPRESENTATION(#16,'Body','SweptSolid',(#6554));
#6556=IFCPRODUCTDEFINITIONSHAPE($,$,(#6555));
#6557=IFCCARTESIANPOINT((0.,44.1022495497018,-2.722));
#6558=IFCDIRECTION((0.,0.,1.));
#6559=IFCDIRECTION((1.,0.,0.));
#6560=IFCAXIS2PLACEMENT3D(#6557,#6558,#6559);
#6561=IFCLOCALPLACEMENT($,#6560);
#6562=IFCOWNERHISTORY(#3,#4,.READWRITE.,.ADDED.,1774189819,#3,#4,1774189819);
#6563=IFCPROPERTYSET('3dHaCxK6HFHgDeBWn0SR4r',#6562,'PV',$,(#6566,#6567,#6568,#6569));
#6564=IFCOWNERHISTORY(#3,#4,.READWRITE.,.ADDED.,1774189819,#3,#4,1774189819);
#6565=IFCRELDEFINESBYPROPERTIES('0NOTJh9WLFHQJUNHX$VkNA',#6564,$,$,(#6547),#6563);
#6566=IFCPROPERTYSINGLEVALUE('Tipo',$,IFCLABEL('PV'),$);
#6567=IFCPROPERTYSINGLEVALUE('CT',$,IFCREAL(1.221),$);
#6568=IFCPROPERTYSINGLEVALUE('CF',$,IFCREAL(-2.722),$);
#6569=IFCPROPERTYSINGLEVALUE('Prof',$,IFCREAL(3.94),$);
#6570=IFCOWNERHISTORY(#3,#4,.READWRITE.,.ADDED.,1774189819,#3,#4,1774189819);
#6571=IFCPROPERTYSET('24Q6XPzaf1mhCcL2pGvaJK',#6570,'Custo5D',$,(#6574));
#6572=IFCOWNERHISTORY(#3,#4,.READWRITE.,.ADDED.,1774189819,#3,#4,1774189819);
#6573=IFCRELDEFINESBYPROPERTIES('2euJpTctL9IgXouh5bEJp0',#6572,$,$,(#6547),#6571);
#6574=IFCPROPERTYSINGLEVALUE('Total_RS',$,IFCREAL(3078.),$);
#6575=IFCOWNERHISTORY(#3,#4,.READWRITE.,.MODIFIED.,1774189819,#3,#4,1774189819);
#6576=IFCBUILDINGELEMENTPROXY('2rK0orRk15T9yIT$XR6dWK',#6575,'PV_59',$,$,#6590,#6585,$,$);
#6582=IFCCIRCLEPROFILEDEF(.AREA.,$,#30,0.3);
#6583=IFCEXTRUDEDAREASOLID(#6582,#34,#32,4.209);
#6584=IFCSHAPEREPRESENTATION(#16,'Body','SweptSolid',(#6583));
#6585=IFCPRODUCTDEFINITIONSHAPE($,$,(#6584));
#6586=IFCCARTESIANPOINT((8.17983888584422,22.0593647044152,-2.84));
#6587=IFCDIRECTION((0.,0.,1.));
#6588=IFCDIRECTION((1.,0.,0.));
#6589=IFCAXIS2PLACEMENT3D(#6586,#6587,#6588);
#6590=IFCLOCALPLACEMENT($,#6589);
#6591=IFCOWNERHISTORY(#3,#4,.READWRITE.,.ADDED.,1774189819,#3,#4,1774189819);
#6592=IFCPROPERTYSET('34yh1wWFPFMP8XwxpCVk9r',#6591,'PV',$,(#6595,#6596,#6597,#6598));
#6593=IFCOWNERHISTORY(#3,#4,.READWRITE.,.ADDED.,1774189819,#3,#4,1774189819);
#6594=IFCRELDEFINESBYPROPERTIES('3MhVbsNgL9fBuZt1oKonAt',#6593,$,$,(#6576),#6592);
#6595=IFCPROPERTYSINGLEVALUE('Tipo',$,IFCLABEL('PV'),$);
#6596=IFCPROPERTYSINGLEVALUE('CT',$,IFCREAL(1.369),$);
#6597=IFCPROPERTYSINGLEVALUE('CF',$,IFCREAL(-2.84),$);
#6598=IFCPROPERTYSINGLEVALUE('Prof',$,IFCREAL(4.21),$);
#6599=IFCOWNERHISTORY(#3,#4,.READWRITE.,.ADDED.,1774189819,#3,#4,1774189819);
#6600=IFCPROPERTYSET('2UX2PHWHP4awMYiBDrpIWD',#6599,'Custo5D',$,(#6603));
#6601=IFCOWNERHISTORY(#3,#4,.READWRITE.,.ADDED.,1774189819,#3,#4,1774189819);
#6602=IFCRELDEFINESBYPROPERTIES('1mGvcoaIr3jPJXXj0dYlGe',#6601,$,$,(#6576),#6600);
#6603=IFCPROPERTYSINGLEVALUE('Total_RS',$,IFCREAL(3078.),$);
#6604=IFCOWNERHISTORY(#3,#4,.READWRITE.,.MODIFIED.,1774189819,#3,#4,1774189819);
#6605=IFCBUILDINGELEMENTPROXY('1149xQcMD1ufKn8buwjH24',#6604,'PV_61',$,$,#6619,#6614,$,$);
#6611=IFCCIRCLEPROFILEDEF(.AREA.,$,#30,0.3);
#6612=IFCEXTRUDEDAREASOLID(#6611,#34,#32,4.38);
#6613=IFCSHAPEREPRESENTATION(#16,'Body','SweptSolid',(#6612));
#6614=IFCPRODUCTDEFINITIONSHAPE($,$,(#6613));
#6615=IFCCARTESIANPOINT((11.3340294753434,0.,-2.93));
#6616=IFCDIRECTION((0.,0.,1.));
#6617=IFCDIRECTION((1.,0.,0.));
#6618=IFCAXIS2PLACEMENT3D(#6615,#6616,#6617);
#6619=IFCLOCALPLACEMENT($,#6618);
#6620=IFCOWNERHISTORY(#3,#4,.READWRITE.,.ADDED.,1774189819,#3,#4,1774189819);
#6621=IFCPROPERTYSET('2zPcI2Jir1hw5gTyNd95Sb',#6620,'PV',$,(#6624,#6625,#6626,#6627));
#6622=IFCOWNERHISTORY(#3,#4,.READWRITE.,.ADDED.,1774189819,#3,#4,1774189819);
#6623=IFCRELDEFINESBYPROPERTIES('3hiSIzbR96yORW$DwNsJk6',#6622,$,$,(#6605),#6621);
#6624=IFCPROPERTYSINGLEVALUE('Tipo',$,IFCLABEL('PV'),$);
#6625=IFCPROPERTYSINGLEVALUE('CT',$,IFCREAL(1.45),$);
#6626=IFCPROPERTYSINGLEVALUE('CF',$,IFCREAL(-2.93),$);
#6627=IFCPROPERTYSINGLEVALUE('Prof',$,IFCREAL(4.38),$);
#6628=IFCOWNERHISTORY(#3,#4,.READWRITE.,.ADDED.,1774189819,#3,#4,1774189819);
#6629=IFCPROPERTYSET('0NZldlRGb8GwJ0D2rxqA9c',#6628,'Custo5D',$,(#6632));
#6630=IFCOWNERHISTORY(#3,#4,.READWRITE.,.ADDED.,1774189819,#3,#4,1774189819);
#6631=IFCRELDEFINESBYPROPERTIES('0RJWmCdDrAuQEnISWLY_Vw',#6630,$,$,(#6605),#6629);
#6632=IFCPROPERTYSINGLEVALUE('Total_RS',$,IFCREAL(3078.),$);
#6633=IFCOWNERHISTORY(#3,#4,.READWRITE.,.MODIFIED.,1774189819,#3,#4,1774189819);
#6634=IFCBUILDINGELEMENTPROXY('1camxvRRHEPg9012Qx_jTz',#6633,'PV_51',$,$,#6648,#6643,$,$);
#6640=IFCCIRCLEPROFILEDEF(.AREA.,$,#30,0.3);
#6641=IFCEXTRUDEDAREASOLID(#6640,#34,#32,3.023);
#6642=IFCSHAPEREPRESENTATION(#16,'Body','SweptSolid',(#6641));
#6643=IFCPRODUCTDEFINITIONSHAPE($,$,(#6642));
#6644=IFCCARTESIANPOINT((209.92578629154,191.467354501598,-1.446));
#6645=IFCDIRECTION((0.,0.,1.));
#6646=IFCDIRECTION((1.,0.,0.));
#6647=IFCAXIS2PLACEMENT3D(#6644,#6645,#6646);
#6648=IFCLOCALPLACEMENT($,#6647);
#6649=IFCOWNERHISTORY(#3,#4,.READWRITE.,.ADDED.,1774189819,#3,#4,1774189819);
#6650=IFCPROPERTYSET('0Ao1mKUI5A7O8BJM9lRKVi',#6649,'PV',$,(#6653,#6654,#6655,#6656));
#6651=IFCOWNERHISTORY(#3,#4,.READWRITE.,.ADDED.,1774189819,#3,#4,1774189819);
#6652=IFCRELDEFINESBYPROPERTIES('1qvps9BJbF$9u90Uk_7KRg',#6651,$,$,(#6634),#6650);
#6653=IFCPROPERTYSINGLEVALUE('Tipo',$,IFCLABEL('PV'),$);
#6654=IFCPROPERTYSINGLEVALUE('CT',$,IFCREAL(1.577),$);
#6655=IFCPROPERTYSINGLEVALUE('CF',$,IFCREAL(-1.446),$);
#6656=IFCPROPERTYSINGLEVALUE('Prof',$,IFCREAL(3.02),$);
#6657=IFCOWNERHISTORY(#3,#4,.READWRITE.,.ADDED.,1774189819,#3,#4,1774189819);
#6658=IFCPROPERTYSET('1uUuZV2bD4AffDN$zNxcjs',#6657,'Custo5D',$,(#6661));
#6659=IFCOWNERHISTORY(#3,#4,.READWRITE.,.ADDED.,1774189819,#3,#4,1774189819);
#6660=IFCRELDEFINESBYPROPERTIES('1FQp2gcZb3wBr0ee0r5ujf',#6659,$,$,(#6634),#6658);
#6661=IFCPROPERTYSINGLEVALUE('Total_RS',$,IFCREAL(3078.),$);
#6662=IFCOWNERHISTORY(#3,#4,.READWRITE.,.MODIFIED.,1774189819,#3,#4,1774189819);
#6663=IFCBUILDINGELEMENTPROXY('0H6nzL8pnATgY8Nbr9JKI6',#6662,'PV_49',$,$,#6677,#6672,$,$);
#6669=IFCCIRCLEPROFILEDEF(.AREA.,$,#30,0.3);
#6670=IFCEXTRUDEDAREASOLID(#6669,#34,#32,2.689);
#6671=IFCSHAPEREPRESENTATION(#16,'Body','SweptSolid',(#6670));
#6672=IFCPRODUCTDEFINITIONSHAPE($,$,(#6671));
#6673=IFCCARTESIANPOINT((270.996690804604,214.873009366915,-1.119));
#6674=IFCDIRECTION((0.,0.,1.));
#6675=IFCDIRECTION((1.,0.,0.));
#6676=IFCAXIS2PLACEMENT3D(#6673,#6674,#6675);
#6677=IFCLOCALPLACEMENT($,#6676);
#6678=IFCOWNERHISTORY(#3,#4,.READWRITE.,.ADDED.,1774189819,#3,#4,1774189819);
#6679=IFCPROPERTYSET('0AX6Frt899LuhG3A1hwMQ$',#6678,'PV',$,(#6682,#6683,#6684,#6685));
#6680=IFCOWNERHISTORY(#3,#4,.READWRITE.,.ADDED.,1774189819,#3,#4,1774189819);
#6681=IFCRELDEFINESBYPROPERTIES('3B83EByvvFgOGZUFVf8sFI',#6680,$,$,(#6663),#6679);
#6682=IFCPROPERTYSINGLEVALUE('Tipo',$,IFCLABEL('PV'),$);
#6683=IFCPROPERTYSINGLEVALUE('CT',$,IFCREAL(1.57),$);
#6684=IFCPROPERTYSINGLEVALUE('CF',$,IFCREAL(-1.119),$);
#6685=IFCPROPERTYSINGLEVALUE('Prof',$,IFCREAL(2.69),$);
#6686=IFCOWNERHISTORY(#3,#4,.READWRITE.,.ADDED.,1774189819,#3,#4,1774189819);
#6687=IFCPROPERTYSET('2kPx3mBaX8_AQKYSxbDWqR',#6686,'Custo5D',$,(#6690));
#6688=IFCOWNERHISTORY(#3,#4,.READWRITE.,.ADDED.,1774189819,#3,#4,1774189819);
#6689=IFCRELDEFINESBYPROPERTIES('0XS$q5omX8UhuuP6bCX$7P',#6688,$,$,(#6663),#6687);
#6690=IFCPROPERTYSINGLEVALUE('Total_RS',$,IFCREAL(3078.),$);
#6691=IFCOWNERHISTORY(#3,#4,.READWRITE.,.MODIFIED.,1774189819,#3,#4,1774189819);
#6692=IFCBUILDINGELEMENTPROXY('0OC7tfGVH3WAzS0VoUhBt$',#6691,'PV_50',$,$,#6706,#6701,$,$);
#6698=IFCCIRCLEPROFILEDEF(.AREA.,$,#30,0.3);
#6699=IFCEXTRUDEDAREASOLID(#6698,#34,#32,2.831);
#6700=IFCSHAPEREPRESENTATION(#16,'Body','SweptSolid',(#6699));
#6701=IFCPRODUCTDEFINITIONSHAPE($,$,(#6700));
#6702=IFCCARTESIANPOINT((242.925250723609,202.790002549067,-1.272));
#6703=IFCDIRECTION((0.,0.,1.));
#6704=IFCDIRECTION((1.,0.,0.));
#6705=IFCAXIS2PLACEMENT3D(#6702,#6703,#6704);
#6706=IFCLOCALPLACEMENT($,#6705);
#6707=IFCOWNERHISTORY(#3,#4,.READWRITE.,.ADDED.,1774189819,#3,#4,1774189819);
#6708=IFCPROPERTYSET('2pg0It2dzA1Rn7gdN5bPQD',#6707,'PV',$,(#6711,#6712,#6713,#6714));
#6709=IFCOWNERHISTORY(#3,#4,.READWRITE.,.ADDED.,1774189819,#3,#4,1774189819);
#6710=IFCRELDEFINESBYPROPERTIES('09uBeb6nzA8BTxbFhQEB8A',#6709,$,$,(#6692),#6708);
#6711=IFCPROPERTYSINGLEVALUE('Tipo',$,IFCLABEL('PV'),$);
#6712=IFCPROPERTYSINGLEVALUE('CT',$,IFCREAL(1.559),$);
#6713=IFCPROPERTYSINGLEVALUE('CF',$,IFCREAL(-1.272),$);
#6714=IFCPROPERTYSINGLEVALUE('Prof',$,IFCREAL(2.83),$);
#6715=IFCOWNERHISTORY(#3,#4,.READWRITE.,.ADDED.,1774189819,#3,#4,1774189819);
#6716=IFCPROPERTYSET('1x30L4bKj4vBE$I0I2tQJu',#6715,'Custo5D',$,(#6719));
#6717=IFCOWNERHISTORY(#3,#4,.READWRITE.,.ADDED.,1774189819,#3,#4,1774189819);
#6718=IFCRELDEFINESBYPROPERTIES('0teOET815DDxwUtzbSC3cZ',#6717,$,$,(#6692),#6716);
#6719=IFCPROPERTYSINGLEVALUE('Total_RS',$,IFCREAL(3078.),$);
#6720=IFCOWNERHISTORY(#3,#4,.READWRITE.,.MODIFIED.,1774189819,#3,#4,1774189819);
#6721=IFCBUILDINGELEMENTPROXY('1Ct_hdgwL9Q96RnR3NBjN9',#6720,'PV_55',$,$,#6735,#6730,$,$);
#6727=IFCCIRCLEPROFILEDEF(.AREA.,$,#30,0.3);
#6728=IFCEXTRUDEDAREASOLID(#6727,#34,#32,3.35);
#6729=IFCSHAPEREPRESENTATION(#16,'Body','SweptSolid',(#6728));
#6730=IFCPRODUCTDEFINITIONSHAPE($,$,(#6729));
#6731=IFCCARTESIANPOINT((103.069985773007,160.547194492072,-2.003));
#6732=IFCDIRECTION((0.,0.,1.));
#6733=IFCDIRECTION((1.,0.,0.));
#6734=IFCAXIS2PLACEMENT3D(#6731,#6732,#6733);
#6735=IFCLOCALPLACEMENT($,#6734);
#6736=IFCOWNERHISTORY(#3,#4,.READWRITE.,.ADDED.,1774189819,#3,#4,1774189819);
#6737=IFCPROPERTYSET('3niePRuLX6j8t8lpredwzi',#6736,'PV',$,(#6740,#6741,#6742,#6743));
#6738=IFCOWNERHISTORY(#3,#4,.READWRITE.,.ADDED.,1774189819,#3,#4,1774189819);
#6739=IFCRELDEFINESBYPROPERTIES('0yefj$9MrCtv9DZuxQ2WA3',#6738,$,$,(#6721),#6737);
#6740=IFCPROPERTYSINGLEVALUE('Tipo',$,IFCLABEL('PV'),$);
#6741=IFCPROPERTYSINGLEVALUE('CT',$,IFCREAL(1.347),$);
#6742=IFCPROPERTYSINGLEVALUE('CF',$,IFCREAL(-2.003),$);
#6743=IFCPROPERTYSINGLEVALUE('Prof',$,IFCREAL(3.35),$);
#6744=IFCOWNERHISTORY(#3,#4,.READWRITE.,.ADDED.,1774189819,#3,#4,1774189819);
#6745=IFCPROPERTYSET('2etyijqtv8sesxQAqBCVHd',#6744,'Custo5D',$,(#6748));
#6746=IFCOWNERHISTORY(#3,#4,.READWRITE.,.ADDED.,1774189819,#3,#4,1774189819);
#6747=IFCRELDEFINESBYPROPERTIES('3yFg$am9z6vBD523i1F4Xs',#6746,$,$,(#6721),#6745);
#6748=IFCPROPERTYSINGLEVALUE('Total_RS',$,IFCREAL(3078.),$);
#6749=IFCOWNERHISTORY(#3,#4,.READWRITE.,.MODIFIED.,1774189819,#3,#4,1774189819);
#6750=IFCBUILDINGELEMENTPROXY('1D46bxk0n9AQ$bM9TwFHbT',#6749,'PV_54',$,$,#6764,#6759,$,$);
#6756=IFCCIRCLEPROFILEDEF(.AREA.,$,#30,0.3);
#6757=IFCEXTRUDEDAREASOLID(#6756,#34,#32,1.5);
#6758=IFCSHAPEREPRESENTATION(#16,'Body','SweptSolid',(#6757));
#6759=IFCPRODUCTDEFINITIONSHAPE($,$,(#6758));
#6760=IFCCARTESIANPOINT((85.1463891531457,163.205816688016,-2.148));
#6761=IFCDIRECTION((0.,0.,1.));
#6762=IFCDIRECTION((1.,0.,0.));
#6763=IFCAXIS2PLACEMENT3D(#6760,#6761,#6762);
#6764=IFCLOCALPLACEMENT($,#6763);
#6765=IFCOWNERHISTORY(#3,#4,.READWRITE.,.ADDED.,1774189819,#3,#4,1774189819);
#6766=IFCPROPERTYSET('0qzgGWQc9AueWQa0VMiUQ1',#6765,'PV',$,(#6769,#6770,#6771,#6772));
#6767=IFCOWNERHISTORY(#3,#4,.READWRITE.,.ADDED.,1774189819,#3,#4,1774189819);
#6768=IFCRELDEFINESBYPROPERTIES('1reCbVyxbCh9cor43aFuxV',#6767,$,$,(#6750),#6766);
#6769=IFCPROPERTYSINGLEVALUE('Tipo',$,IFCLABEL('PV'),$);
#6770=IFCPROPERTYSINGLEVALUE('CT',$,IFCREAL(0.),$);
#6771=IFCPROPERTYSINGLEVALUE('CF',$,IFCREAL(-2.148),$);
#6772=IFCPROPERTYSINGLEVALUE('Prof',$,IFCREAL(1.5),$);
#6773=IFCOWNERHISTORY(#3,#4,.READWRITE.,.ADDED.,1774189819,#3,#4,1774189819);
#6774=IFCPROPERTYSET('2PChEPnF18rO7pR8IavDns',#6773,'Custo5D',$,(#6777));
#6775=IFCOWNERHISTORY(#3,#4,.READWRITE.,.ADDED.,1774189819,#3,#4,1774189819);
#6776=IFCRELDEFINESBYPROPERTIES('0eIUeQmxr9sg5D7UovGWGV',#6775,$,$,(#6750),#6774);
#6777=IFCPROPERTYSINGLEVALUE('Total_RS',$,IFCREAL(3078.),$);
#6778=IFCOWNERHISTORY(#3,#4,.READWRITE.,.MODIFIED.,1774189819,#3,#4,1774189819);
#6779=IFCBUILDINGELEMENTPROXY('0G_wxqzr5BKR4F8oX9rxZ3',#6778,'PV_56',$,$,#6793,#6788,$,$);
#6785=IFCCIRCLEPROFILEDEF(.AREA.,$,#30,0.3);
#6786=IFCEXTRUDEDAREASOLID(#6785,#34,#32,3.523);
#6787=IFCSHAPEREPRESENTATION(#16,'Body','SweptSolid',(#6786));
#6788=IFCPRODUCTDEFINITIONSHAPE($,$,(#6787));
#6789=IFCCARTESIANPOINT((84.9605856242124,154.862331630662,-2.102));
#6790=IFCDIRECTION((0.,0.,1.));
#6791=IFCDIRECTION((1.,0.,0.));
#6792=IFCAXIS2PLACEMENT3D(#6789,#6790,#6791);
#6793=IFCLOCALPLACEMENT($,#6792);
#6794=IFCOWNERHISTORY(#3,#4,.READWRITE.,.ADDED.,1774189819,#3,#4,1774189819);
#6795=IFCPROPERTYSET('38WlWVdAz90ufvmYRYCgtV',#6794,'PV',$,(#6798,#6799,#6800,#6801));
#6796=IFCOWNERHISTORY(#3,#4,.READWRITE.,.ADDED.,1774189819,#3,#4,1774189819);
#6797=IFCRELDEFINESBYPROPERTIES('3TDw2VtSH95ffe5blTvj4J',#6796,$,$,(#6779),#6795);
#6798=IFCPROPERTYSINGLEVALUE('Tipo',$,IFCLABEL('PV'),$);
#6799=IFCPROPERTYSINGLEVALUE('CT',$,IFCREAL(1.421),$);
#6800=IFCPROPERTYSINGLEVALUE('CF',$,IFCREAL(-2.102),$);
#6801=IFCPROPERTYSINGLEVALUE('Prof',$,IFCREAL(3.52),$);
#6802=IFCOWNERHISTORY(#3,#4,.READWRITE.,.ADDED.,1774189819,#3,#4,1774189819);
#6803=IFCPROPERTYSET('0ld2R52W92Ng7FKxPDqnSB',#6802,'Custo5D',$,(#6806));
#6804=IFCOWNERHISTORY(#3,#4,.READWRITE.,.ADDED.,1774189819,#3,#4,1774189819);
#6805=IFCRELDEFINESBYPROPERTIES('18ZwcY55r3puSCVW7HonO4',#6804,$,$,(#6779),#6803);
#6806=IFCPROPERTYSINGLEVALUE('Total_RS',$,IFCREAL(3078.),$);
#6807=IFCOWNERHISTORY(#3,#4,.READWRITE.,.MODIFIED.,1774189819,#3,#4,1774189819);
#6808=IFCBUILDINGELEMENTPROXY('2jYwIM9fzFM83P4z5nOGKv',#6807,'PV_52',$,$,#6822,#6817,$,$);
#6814=IFCCIRCLEPROFILEDEF(.AREA.,$,#30,0.3);
#6815=IFCEXTRUDEDAREASOLID(#6814,#34,#32,3.056);
#6816=IFCSHAPEREPRESENTATION(#16,'Body','SweptSolid',(#6815));
#6817=IFCPRODUCTDEFINITIONSHAPE($,$,(#6816));
#6818=IFCCARTESIANPOINT((172.697958839999,178.112235363573,-1.644));
#6819=IFCDIRECTION((0.,0.,1.));
#6820=IFCDIRECTION((1.,0.,0.));
#6821=IFCAXIS2PLACEMENT3D(#6818,#6819,#6820);
#6822=IFCLOCALPLACEMENT($,#6821);
#6823=IFCOWNERHISTORY(#3,#4,.READWRITE.,.ADDED.,1774189819,#3,#4,1774189819);
#6824=IFCPROPERTYSET('1ytGNRLdL5huJpN7ppf6Rn',#6823,'PV',$,(#6827,#6828,#6829,#6830));
#6825=IFCOWNERHISTORY(#3,#4,.READWRITE.,.ADDED.,1774189819,#3,#4,1774189819);
#6826=IFCRELDEFINESBYPROPERTIES('0gOcW_uUf1SAbZQVUaeiBV',#6825,$,$,(#6808),#6824);
#6827=IFCPROPERTYSINGLEVALUE('Tipo',$,IFCLABEL('PV'),$);
#6828=IFCPROPERTYSINGLEVALUE('CT',$,IFCREAL(1.412),$);
#6829=IFCPROPERTYSINGLEVALUE('CF',$,IFCREAL(-1.644),$);
#6830=IFCPROPERTYSINGLEVALUE('Prof',$,IFCREAL(3.06),$);
#6831=IFCOWNERHISTORY(#3,#4,.READWRITE.,.ADDED.,1774189819,#3,#4,1774189819);
#6832=IFCPROPERTYSET('3roDRjQJr4hBUIUC0$DdHK',#6831,'Custo5D',$,(#6835));
#6833=IFCOWNERHISTORY(#3,#4,.READWRITE.,.ADDED.,1774189819,#3,#4,1774189819);
#6834=IFCRELDEFINESBYPROPERTIES('2Z9$S503PC9AYgUqAZm5n6',#6833,$,$,(#6808),#6832);
#6835=IFCPROPERTYSINGLEVALUE('Total_RS',$,IFCREAL(3078.),$);
#6836=IFCOWNERHISTORY(#3,#4,.READWRITE.,.MODIFIED.,1774189819,#3,#4,1774189819);
#6837=IFCBUILDINGELEMENTPROXY('1Q_321TwD9i8b0YskYpYgP',#6836,'PV_53',$,$,#6851,#6846,$,$);
#6843=IFCCIRCLEPROFILEDEF(.AREA.,$,#30,0.3);
#6844=IFCEXTRUDEDAREASOLID(#6843,#34,#32,3.328);
#6845=IFCSHAPEREPRESENTATION(#16,'Body','SweptSolid',(#6844));
#6846=IFCPRODUCTDEFINITIONSHAPE($,$,(#6845));
#6847=IFCCARTESIANPOINT((139.11544555315,171.146009135991,-1.816));
#6848=IFCDIRECTION((0.,0.,1.));
#6849=IFCDIRECTION((1.,0.,0.));
#6850=IFCAXIS2PLACEMENT3D(#6847,#6848,#6849);
#6851=IFCLOCALPLACEMENT($,#6850);
#6852=IFCOWNERHISTORY(#3,#4,.READWRITE.,.ADDED.,1774189819,#3,#4,1774189819);
#6853=IFCPROPERTYSET('2t2wIM3154Nf9fjSnxq5Su',#6852,'PV',$,(#6856,#6857,#6858,#6859));
#6854=IFCOWNERHISTORY(#3,#4,.READWRITE.,.ADDED.,1774189819,#3,#4,1774189819);
#6855=IFCRELDEFINESBYPROPERTIES('3_scWXGNfEVxBnAqxRCzvF',#6854,$,$,(#6837),#6853);
#6856=IFCPROPERTYSINGLEVALUE('Tipo',$,IFCLABEL('PV'),$);
#6857=IFCPROPERTYSINGLEVALUE('CT',$,IFCREAL(1.512),$);
#6858=IFCPROPERTYSINGLEVALUE('CF',$,IFCREAL(-1.816),$);
#6859=IFCPROPERTYSINGLEVALUE('Prof',$,IFCREAL(3.33),$);
#6860=IFCOWNERHISTORY(#3,#4,.READWRITE.,.ADDED.,1774189819,#3,#4,1774189819);
#6861=IFCPROPERTYSET('3ev4wAmaXA_AFSklDn39fm',#6860,'Custo5D',$,(#6864));
#6862=IFCOWNERHISTORY(#3,#4,.READWRITE.,.ADDED.,1774189819,#3,#4,1774189819);
#6863=IFCRELDEFINESBYPROPERTIES('0sKqvR1_DBtvBQJQEumEdT',#6862,$,$,(#6837),#6861);
#6864=IFCPROPERTYSINGLEVALUE('Total_RS',$,IFCREAL(3078.),$);
#6865=IFCOWNERHISTORY(#3,#4,.READWRITE.,.MODIFIED.,1774189819,#3,#4,1774189819);
#6866=IFCBUILDINGELEMENTPROXY('1HQbSTE8nBI8ede$v6VvlW',#6865,'PI_162',$,$,#6880,#6875,$,$);
#6872=IFCCIRCLEPROFILEDEF(.AREA.,$,#30,0.2);
#6873=IFCEXTRUDEDAREASOLID(#6872,#34,#32,0.600000000000001);
#6874=IFCSHAPEREPRESENTATION(#16,'Body','SweptSolid',(#6873));
#6875=IFCPRODUCTDEFINITIONSHAPE($,$,(#6874));
#6876=IFCCARTESIANPOINT((596.124857261719,393.856600059196,5.247));
#6877=IFCDIRECTION((0.,0.,1.));
#6878=IFCDIRECTION((1.,0.,0.));
#6879=IFCAXIS2PLACEMENT3D(#6876,#6877,#6878);
#6880=IFCLOCALPLACEMENT($,#6879);
#6881=IFCOWNERHISTORY(#3,#4,.READWRITE.,.ADDED.,1774189819,#3,#4,1774189819);
#6882=IFCPROPERTYSET('0I69sIqS53wfryEAFLMPPu',#6881,'PV',$,(#6885,#6886,#6887,#6888));
#6883=IFCOWNERHISTORY(#3,#4,.READWRITE.,.ADDED.,1774189819,#3,#4,1774189819);
#6884=IFCRELDEFINESBYPROPERTIES('1IJY3fNMbF9PsalUjvFPbv',#6883,$,$,(#6866),#6882);
#6885=IFCPROPERTYSINGLEVALUE('Tipo',$,IFCLABEL('PI'),$);
#6886=IFCPROPERTYSINGLEVALUE('CT',$,IFCREAL(5.847),$);
#6887=IFCPROPERTYSINGLEVALUE('CF',$,IFCREAL(5.247),$);
#6888=IFCPROPERTYSINGLEVALUE('Prof',$,IFCREAL(0.6),$);
#6889=IFCOWNERHISTORY(#3,#4,.READWRITE.,.ADDED.,1774189819,#3,#4,1774189819);
#6890=IFCPROPERTYSET('38$uEwT6vEfBPI6z5ZSC59',#6889,'Custo5D',$,(#6893));
#6891=IFCOWNERHISTORY(#3,#4,.READWRITE.,.ADDED.,1774189819,#3,#4,1774189819);
#6892=IFCRELDEFINESBYPROPERTIES('2Jw4L3EgX1PA03w0qrmu0O',#6891,$,$,(#6866),#6890);
#6893=IFCPROPERTYSINGLEVALUE('Total_RS',$,IFCREAL(1250.),$);
#6894=IFCOWNERHISTORY(#3,#4,.READWRITE.,.MODIFIED.,1774189819,#3,#4,1774189819);
#6895=IFCBUILDINGELEMENTPROXY('1YXiDa$m53vuRhNsBdIv0P',#6894,'PV_05',$,$,#6909,#6904,$,$);
#6901=IFCCIRCLEPROFILEDEF(.AREA.,$,#30,0.3);
#6902=IFCEXTRUDEDAREASOLID(#6901,#34,#32,0.6);
#6903=IFCSHAPEREPRESENTATION(#16,'Body','SweptSolid',(#6902));
#6904=IFCPRODUCTDEFINITIONSHAPE($,$,(#6903));
#6905=IFCCARTESIANPOINT((603.696024551406,367.439371523447,9.603));
#6906=IFCDIRECTION((0.,0.,1.));
#6907=IFCDIRECTION((1.,0.,0.));
#6908=IFCAXIS2PLACEMENT3D(#6905,#6906,#6907);
#6909=IFCLOCALPLACEMENT($,#6908);
#6910=IFCOWNERHISTORY(#3,#4,.READWRITE.,.ADDED.,1774189819,#3,#4,1774189819);
#6911=IFCPROPERTYSET('0ho89ImZT5tOSsYVsNojeV',#6910,'PV',$,(#6914,#6915,#6916,#6917));
#6912=IFCOWNERHISTORY(#3,#4,.READWRITE.,.ADDED.,1774189819,#3,#4,1774189819);
#6913=IFCRELDEFINESBYPROPERTIES('22dg9Owzv0o9PkMsUnAQMC',#6912,$,$,(#6895),#6911);
#6914=IFCPROPERTYSINGLEVALUE('Tipo',$,IFCLABEL('PV'),$);
#6915=IFCPROPERTYSINGLEVALUE('CT',$,IFCREAL(10.203),$);
#6916=IFCPROPERTYSINGLEVALUE('CF',$,IFCREAL(9.603),$);
#6917=IFCPROPERTYSINGLEVALUE('Prof',$,IFCREAL(0.6),$);
#6918=IFCOWNERHISTORY(#3,#4,.READWRITE.,.ADDED.,1774189819,#3,#4,1774189819);
#6919=IFCPROPERTYSET('1lfFC4pKT9re8StAmAiXCQ',#6918,'Custo5D',$,(#6922));
#6920=IFCOWNERHISTORY(#3,#4,.READWRITE.,.ADDED.,1774189819,#3,#4,1774189819);
#6921=IFCRELDEFINESBYPROPERTIES('16VYE0zDb6SBWwaET195cZ',#6920,$,$,(#6895),#6919);
#6922=IFCPROPERTYSINGLEVALUE('Total_RS',$,IFCREAL(3078.),$);
#6923=IFCOWNERHISTORY(#3,#4,.READWRITE.,.MODIFIED.,1774189819,#3,#4,1774189819);
#6924=IFCBUILDINGELEMENTPROXY('2H$Rq_nU5AGOebcqgbSJEN',#6923,'PV_04',$,$,#6938,#6933,$,$);
#6930=IFCCIRCLEPROFILEDEF(.AREA.,$,#30,0.3);
#6931=IFCEXTRUDEDAREASOLID(#6930,#34,#32,0.6);
#6932=IFCSHAPEREPRESENTATION(#16,'Body','SweptSolid',(#6931));
#6933=IFCPRODUCTDEFINITIONSHAPE($,$,(#6932));
#6934=IFCCARTESIANPOINT((605.990723767842,367.969814536162,7.088));
#6935=IFCDIRECTION((0.,0.,1.));
#6936=IFCDIRECTION((1.,0.,0.));
#6937=IFCAXIS2PLACEMENT3D(#6934,#6935,#6936);
#6938=IFCLOCALPLACEMENT($,#6937);
#6939=IFCOWNERHISTORY(#3,#4,.READWRITE.,.ADDED.,1774189819,#3,#4,1774189819);
#6940=IFCPROPERTYSET('2WWHONvhnCBPv9wXAfBk3v',#6939,'PV',$,(#6943,#6944,#6945,#6946));
#6941=IFCOWNERHISTORY(#3,#4,.READWRITE.,.ADDED.,1774189819,#3,#4,1774189819);
#6942=IFCRELDEFINESBYPROPERTIES('0Z9bTHwl58pPDz8zdgavlC',#6941,$,$,(#6924),#6940);
#6943=IFCPROPERTYSINGLEVALUE('Tipo',$,IFCLABEL('PV'),$);
#6944=IFCPROPERTYSINGLEVALUE('CT',$,IFCREAL(7.688),$);
#6945=IFCPROPERTYSINGLEVALUE('CF',$,IFCREAL(7.088),$);
#6946=IFCPROPERTYSINGLEVALUE('Prof',$,IFCREAL(0.6),$);
#6947=IFCOWNERHISTORY(#3,#4,.READWRITE.,.ADDED.,1774189819,#3,#4,1774189819);
#6948=IFCPROPERTYSET('293FqRj1jFjOjQajLiq8JN',#6947,'Custo5D',$,(#6951));
#6949=IFCOWNERHISTORY(#3,#4,.READWRITE.,.ADDED.,1774189819,#3,#4,1774189819);
#6950=IFCRELDEFINESBYPROPERTIES('0OFYWADkzCaOcgwe_bx5q_',#6949,$,$,(#6924),#6948);
#6951=IFCPROPERTYSINGLEVALUE('Total_RS',$,IFCREAL(3078.),$);
#6952=IFCOWNERHISTORY(#3,#4,.READWRITE.,.MODIFIED.,1774189819,#3,#4,1774189819);
#6953=IFCBUILDINGELEMENTPROXY('30768e8AP3PwLnJLR9iHiY',#6952,'PI_31',$,$,#6967,#6962,$,$);
#6959=IFCCIRCLEPROFILEDEF(.AREA.,$,#30,0.2);
#6960=IFCEXTRUDEDAREASOLID(#6959,#34,#32,0.600000000000009);
#6961=IFCSHAPEREPRESENTATION(#16,'Body','SweptSolid',(#6960));
#6962=IFCPRODUCTDEFINITIONSHAPE($,$,(#6961));
#6963=IFCCARTESIANPOINT((850.848981273826,744.347806683742,94.963));
#6964=IFCDIRECTION((0.,0.,1.));
#6965=IFCDIRECTION((1.,0.,0.));
#6966=IFCAXIS2PLACEMENT3D(#6963,#6964,#6965);
#6967=IFCLOCALPLACEMENT($,#6966);
#6968=IFCOWNERHISTORY(#3,#4,.READWRITE.,.ADDED.,1774189819,#3,#4,1774189819);
#6969=IFCPROPERTYSET('3RCKUZ8Ub288BIteqR5UDP',#6968,'PV',$,(#6972,#6973,#6974,#6975));
#6970=IFCOWNERHISTORY(#3,#4,.READWRITE.,.ADDED.,1774189819,#3,#4,1774189819);
#6971=IFCRELDEFINESBYPROPERTIES('1ubVGNjqL7z9q3Ymw1PQ5N',#6970,$,$,(#6953),#6969);
#6972=IFCPROPERTYSINGLEVALUE('Tipo',$,IFCLABEL('PI'),$);
#6973=IFCPROPERTYSINGLEVALUE('CT',$,IFCREAL(95.563),$);
#6974=IFCPROPERTYSINGLEVALUE('CF',$,IFCREAL(94.963),$);
#6975=IFCPROPERTYSINGLEVALUE('Prof',$,IFCREAL(0.6),$);
#6976=IFCOWNERHISTORY(#3,#4,.READWRITE.,.ADDED.,1774189819,#3,#4,1774189819);
#6977=IFCPROPERTYSET('0245SCguDE6exbekcA2qAi',#6976,'Custo5D',$,(#6980));
#6978=IFCOWNERHISTORY(#3,#4,.READWRITE.,.ADDED.,1774189819,#3,#4,1774189819);
#6979=IFCRELDEFINESBYPROPERTIES('2vHsDMT1v8MOojsY72JF99',#6978,$,$,(#6953),#6977);
#6980=IFCPROPERTYSINGLEVALUE('Total_RS',$,IFCREAL(1250.),$);
#6981=IFCOWNERHISTORY(#3,#4,.READWRITE.,.MODIFIED.,1774189819,#3,#4,1774189819);
#6982=IFCBUILDINGELEMENTPROXY('2TG$x4XAf8hApUM1WXVy6t',#6981,'PI_94',$,$,#6996,#6991,$,$);
#6988=IFCCIRCLEPROFILEDEF(.AREA.,$,#30,0.2);
#6989=IFCEXTRUDEDAREASOLID(#6988,#34,#32,0.600000000000001);
#6990=IFCSHAPEREPRESENTATION(#16,'Body','SweptSolid',(#6989));
#6991=IFCPRODUCTDEFINITIONSHAPE($,$,(#6990));
#6992=IFCCARTESIANPOINT((466.742747070268,481.071683162823,4.167));
#6993=IFCDIRECTION((0.,0.,1.));
#6994=IFCDIRECTION((1.,0.,0.));
#6995=IFCAXIS2PLACEMENT3D(#6992,#6993,#6994);
#6996=IFCLOCALPLACEMENT($,#6995);
#6997=IFCOWNERHISTORY(#3,#4,.READWRITE.,.ADDED.,1774189819,#3,#4,1774189819);
#6998=IFCPROPERTYSET('3d8_jV$ZPBK8tAH_BmBX67',#6997,'PV',$,(#7001,#7002,#7003,#7004));
#6999=IFCOWNERHISTORY(#3,#4,.READWRITE.,.ADDED.,1774189819,#3,#4,1774189819);
#7000=IFCRELDEFINESBYPROPERTIES('03$BbcXWzC9BNpnh44CPCo',#6999,$,$,(#6982),#6998);
#7001=IFCPROPERTYSINGLEVALUE('Tipo',$,IFCLABEL('PI'),$);
#7002=IFCPROPERTYSINGLEVALUE('CT',$,IFCREAL(4.767),$);
#7003=IFCPROPERTYSINGLEVALUE('CF',$,IFCREAL(4.167),$);
#7004=IFCPROPERTYSINGLEVALUE('Prof',$,IFCREAL(0.6),$);
#7005=IFCOWNERHISTORY(#3,#4,.READWRITE.,.ADDED.,1774189819,#3,#4,1774189819);
#7006=IFCPROPERTYSET('3kvRy3fub7nPjE88f4tBIZ',#7005,'Custo5D',$,(#7009));
#7007=IFCOWNERHISTORY(#3,#4,.READWRITE.,.ADDED.,1774189819,#3,#4,1774189819);
#7008=IFCRELDEFINESBYPROPERTIES('1Yg_40ear3qQ$4wn35icZ3',#7007,$,$,(#6982),#7006);
#7009=IFCPROPERTYSINGLEVALUE('Total_RS',$,IFCREAL(1250.),$);
#7010=IFCOWNERHISTORY(#3,#4,.READWRITE.,.MODIFIED.,1774189819,#3,#4,1774189819);
#7011=IFCBUILDINGELEMENTPROXY('0A9kpIq7P4bg$TX$cBJv23',#7010,'PI_32',$,$,#7025,#7020,$,$);
#7017=IFCCIRCLEPROFILEDEF(.AREA.,$,#30,0.2);
#7018=IFCEXTRUDEDAREASOLID(#7017,#34,#32,0.6);
#7019=IFCSHAPEREPRESENTATION(#16,'Body','SweptSolid',(#7018));
#7020=IFCPRODUCTDEFINITIONSHAPE($,$,(#7019));
#7021=IFCCARTESIANPOINT((471.36985611805,480.151361320168,3.982));
#7022=IFCDIRECTION((0.,0.,1.));
#7023=IFCDIRECTION((1.,0.,0.));
#7024=IFCAXIS2PLACEMENT3D(#7021,#7022,#7023);
#7025=IFCLOCALPLACEMENT($,#7024);
#7026=IFCOWNERHISTORY(#3,#4,.READWRITE.,.ADDED.,1774189819,#3,#4,1774189819);
#7027=IFCPROPERTYSET('0fW1oroDHFwAc4Wu0eKVJV',#7026,'PV',$,(#7030,#7031,#7032,#7033));
#7028=IFCOWNERHISTORY(#3,#4,.READWRITE.,.ADDED.,1774189819,#3,#4,1774189819);
#7029=IFCRELDEFINESBYPROPERTIES('24cIF$aYzBAfMBr6QOPC0t',#7028,$,$,(#7011),#7027);
#7030=IFCPROPERTYSINGLEVALUE('Tipo',$,IFCLABEL('PI'),$);
#7031=IFCPROPERTYSINGLEVALUE('CT',$,IFCREAL(4.582),$);
#7032=IFCPROPERTYSINGLEVALUE('CF',$,IFCREAL(3.982),$);
#7033=IFCPROPERTYSINGLEVALUE('Prof',$,IFCREAL(0.6),$);
#7034=IFCOWNERHISTORY(#3,#4,.READWRITE.,.ADDED.,1774189819,#3,#4,1774189819);
#7035=IFCPROPERTYSET('219z6JBOn22OgNhZtzA5hk',#7034,'Custo5D',$,(#7038));
#7036=IFCOWNERHISTORY(#3,#4,.READWRITE.,.ADDED.,1774189819,#3,#4,1774189819);
#7037=IFCRELDEFINESBYPROPERTIES('3zRco8qDD9cgshgkQckFds',#7036,$,$,(#7011),#7035);
#7038=IFCPROPERTYSINGLEVALUE('Total_RS',$,IFCREAL(1250.),$);
#7039=IFCOWNERHISTORY(#3,#4,.READWRITE.,.MODIFIED.,1774189819,#3,#4,1774189819);
#7040=IFCBUILDINGELEMENTPROXY('3icOKwedD5Af1vezLPkAKF',#7039,'PI_04',$,$,#7054,#7049,$,$);
#7046=IFCCIRCLEPROFILEDEF(.AREA.,$,#30,0.2);
#7047=IFCEXTRUDEDAREASOLID(#7046,#34,#32,0.600000000000001);
#7048=IFCSHAPEREPRESENTATION(#16,'Body','SweptSolid',(#7047));
#7049=IFCPRODUCTDEFINITIONSHAPE($,$,(#7048));
#7050=IFCCARTESIANPOINT((496.475434973603,521.220369352959,14.886));
#7051=IFCDIRECTION((0.,0.,1.));
#7052=IFCDIRECTION((1.,0.,0.));
#7053=IFCAXIS2PLACEMENT3D(#7050,#7051,#7052);
#7054=IFCLOCALPLACEMENT($,#7053);
#7055=IFCOWNERHISTORY(#3,#4,.READWRITE.,.ADDED.,1774189819,#3,#4,1774189819);
#7056=IFCPROPERTYSET('1Qj6pid$fEI8OL9GOVekzI',#7055,'PV',$,(#7059,#7060,#7061,#7062));
#7057=IFCOWNERHISTORY(#3,#4,.READWRITE.,.ADDED.,1774189819,#3,#4,1774189819);
#7058=IFCRELDEFINESBYPROPERTIES('04HKIBg0X0zB7DIbDqICRr',#7057,$,$,(#7040),#7056);
#7059=IFCPROPERTYSINGLEVALUE('Tipo',$,IFCLABEL('PI'),$);
#7060=IFCPROPERTYSINGLEVALUE('CT',$,IFCREAL(15.486),$);
#7061=IFCPROPERTYSINGLEVALUE('CF',$,IFCREAL(14.886),$);
#7062=IFCPROPERTYSINGLEVALUE('Prof',$,IFCREAL(0.6),$);
#7063=IFCOWNERHISTORY(#3,#4,.READWRITE.,.ADDED.,1774189819,#3,#4,1774189819);
#7064=IFCPROPERTYSET('2AWvR26if9Shbvz_PaueO7',#7063,'Custo5D',$,(#7067));
#7065=IFCOWNERHISTORY(#3,#4,.READWRITE.,.ADDED.,1774189819,#3,#4,1774189819);
#7066=IFCRELDEFINESBYPROPERTIES('1M9odJoI9D4RV1DfjSWyLh',#7065,$,$,(#7040),#7064);
#7067=IFCPROPERTYSINGLEVALUE('Total_RS',$,IFCREAL(1250.),$);
#7068=IFCOWNERHISTORY(#3,#4,.READWRITE.,.MODIFIED.,1774189819,#3,#4,1774189819);
#7069=IFCBUILDINGELEMENTPROXY('30Q5Jzo712nu479uWif7tK',#7068,'PI_03',$,$,#7083,#7078,$,$);
#7075=IFCCIRCLEPROFILEDEF(.AREA.,$,#30,0.2);
#7076=IFCEXTRUDEDAREASOLID(#7075,#34,#32,0.6);
#7077=IFCSHAPEREPRESENTATION(#16,'Body','SweptSolid',(#7076));
#7078=IFCPRODUCTDEFINITIONSHAPE($,$,(#7077));
#7079=IFCCARTESIANPOINT((476.43720045354,519.536042287014,12.845));
#7080=IFCDIRECTION((0.,0.,1.));
#7081=IFCDIRECTION((1.,0.,0.));
#7082=IFCAXIS2PLACEMENT3D(#7079,#7080,#7081);
#7083=IFCLOCALPLACEMENT($,#7082);
#7084=IFCOWNERHISTORY(#3,#4,.READWRITE.,.ADDED.,1774189819,#3,#4,1774189819);
#7085=IFCPROPERTYSET('35RcqmWjr42Oa2QtZmX3CQ',#7084,'PV',$,(#7088,#7089,#7090,#7091));
#7086=IFCOWNERHISTORY(#3,#4,.READWRITE.,.ADDED.,1774189819,#3,#4,1774189819);
#7087=IFCRELDEFINESBYPROPERTIES('3m1x3aacHA7gotcy5shp8q',#7086,$,$,(#7069),#7085);
#7088=IFCPROPERTYSINGLEVALUE('Tipo',$,IFCLABEL('PI'),$);
#7089=IFCPROPERTYSINGLEVALUE('CT',$,IFCREAL(13.445),$);
#7090=IFCPROPERTYSINGLEVALUE('CF',$,IFCREAL(12.845),$);
#7091=IFCPROPERTYSINGLEVALUE('Prof',$,IFCREAL(0.6),$);
#7092=IFCOWNERHISTORY(#3,#4,.READWRITE.,.ADDED.,1774189819,#3,#4,1774189819);
#7093=IFCPROPERTYSET('1T5UFwA5L7FO7EuYD2ysAw',#7092,'Custo5D',$,(#7096));
#7094=IFCOWNERHISTORY(#3,#4,.READWRITE.,.ADDED.,1774189819,#3,#4,1774189819);
#7095=IFCRELDEFINESBYPROPERTIES('3lS53jBdv3J8ukz3SNJW3I',#7094,$,$,(#7069),#7093);
#7096=IFCPROPERTYSINGLEVALUE('Total_RS',$,IFCREAL(1250.),$);
#7097=IFCOWNERHISTORY(#3,#4,.READWRITE.,.MODIFIED.,1774189819,#3,#4,1774189819);
#7098=IFCBUILDINGELEMENTPROXY('1NyQmzcvz1XftyKo7eTydY',#7097,'PI_79',$,$,#7112,#7107,$,$);
#7104=IFCCIRCLEPROFILEDEF(.AREA.,$,#30,0.2);
#7105=IFCEXTRUDEDAREASOLID(#7104,#34,#32,0.600000000000001);
#7106=IFCSHAPEREPRESENTATION(#16,'Body','SweptSolid',(#7105));
#7107=IFCPRODUCTDEFINITIONSHAPE($,$,(#7106));
#7108=IFCCARTESIANPOINT((478.787485238048,519.948711904697,9.953));
#7109=IFCDIRECTION((0.,0.,1.));
#7110=IFCDIRECTION((1.,0.,0.));
#7111=IFCAXIS2PLACEMENT3D(#7108,#7109,#7110);
#7112=IFCLOCALPLACEMENT($,#7111);
#7113=IFCOWNERHISTORY(#3,#4,.READWRITE.,.ADDED.,1774189819,#3,#4,1774189819);
#7114=IFCPROPERTYSET('0Ictd1dXv46OFlwUvEI948',#7113,'PV',$,(#7117,#7118,#7119,#7120));
#7115=IFCOWNERHISTORY(#3,#4,.READWRITE.,.ADDED.,1774189819,#3,#4,1774189819);
#7116=IFCRELDEFINESBYPROPERTIES('28ApZwF2nBr9lLGQhXVYxM',#7115,$,$,(#7098),#7114);
#7117=IFCPROPERTYSINGLEVALUE('Tipo',$,IFCLABEL('PI'),$);
#7118=IFCPROPERTYSINGLEVALUE('CT',$,IFCREAL(10.553),$);
#7119=IFCPROPERTYSINGLEVALUE('CF',$,IFCREAL(9.953),$);
#7120=IFCPROPERTYSINGLEVALUE('Prof',$,IFCREAL(0.6),$);
#7121=IFCOWNERHISTORY(#3,#4,.READWRITE.,.ADDED.,1774189819,#3,#4,1774189819);
#7122=IFCPROPERTYSET('3XaVUO1yzEp8gP0HM187_E',#7121,'Custo5D',$,(#7125));
#7123=IFCOWNERHISTORY(#3,#4,.READWRITE.,.ADDED.,1774189819,#3,#4,1774189819);
#7124=IFCRELDEFINESBYPROPERTIES('2Xv1QSIEj2HxN7W0h39rjL',#7123,$,$,(#7098),#7122);
#7125=IFCPROPERTYSINGLEVALUE('Total_RS',$,IFCREAL(1250.),$);
#7126=IFCOWNERHISTORY(#3,#4,.READWRITE.,.MODIFIED.,1774189819,#3,#4,1774189819);
#7127=IFCBUILDINGELEMENTPROXY('3DU_1mlBz94QdXl$IcOQa8',#7126,'PI_02',$,$,#7141,#7136,$,$);
#7133=IFCCIRCLEPROFILEDEF(.AREA.,$,#30,0.2);
#7134=IFCEXTRUDEDAREASOLID(#7133,#34,#32,0.6);
#7135=IFCSHAPEREPRESENTATION(#16,'Body','SweptSolid',(#7134));
#7136=IFCPRODUCTDEFINITIONSHAPE($,$,(#7135));
#7137=IFCCARTESIANPOINT((467.362157009251,510.115701702423,10.695));
#7138=IFCDIRECTION((0.,0.,1.));
#7139=IFCDIRECTION((1.,0.,0.));
#7140=IFCAXIS2PLACEMENT3D(#7137,#7138,#7139);
#7141=IFCLOCALPLACEMENT($,#7140);
#7142=IFCOWNERHISTORY(#3,#4,.READWRITE.,.ADDED.,1774189819,#3,#4,1774189819);
#7143=IFCPROPERTYSET('1Qn7PTBFL2qwqkaMNoOxSj',#7142,'PV',$,(#7146,#7147,#7148,#7149));
#7144=IFCOWNERHISTORY(#3,#4,.READWRITE.,.ADDED.,1774189819,#3,#4,1774189819);
#7145=IFCRELDEFINESBYPROPERTIES('39y091W6TEbxovovehhRGg',#7144,$,$,(#7127),#7143);
#7146=IFCPROPERTYSINGLEVALUE('Tipo',$,IFCLABEL('PI'),$);
#7147=IFCPROPERTYSINGLEVALUE('CT',$,IFCREAL(11.295),$);
#7148=IFCPROPERTYSINGLEVALUE('CF',$,IFCREAL(10.695),$);
#7149=IFCPROPERTYSINGLEVALUE('Prof',$,IFCREAL(0.6),$);
#7150=IFCOWNERHISTORY(#3,#4,.READWRITE.,.ADDED.,1774189819,#3,#4,1774189819);
#7151=IFCPROPERTYSET('27FMXGf5jFK9CD4BIj6cVM',#7150,'Custo5D',$,(#7154));
#7152=IFCOWNERHISTORY(#3,#4,.READWRITE.,.ADDED.,1774189819,#3,#4,1774189819);
#7153=IFCRELDEFINESBYPROPERTIES('1IRQMzVDjAgOC6efob8uaJ',#7152,$,$,(#7127),#7151);
#7154=IFCPROPERTYSINGLEVALUE('Total_RS',$,IFCREAL(1250.),$);
#7155=IFCOWNERHISTORY(#3,#4,.READWRITE.,.MODIFIED.,1774189819,#3,#4,1774189819);
#7156=IFCBUILDINGELEMENTPROXY('2c7GEMHvXAfA6YD6xZf_sT',#7155,'PV_36',$,$,#7170,#7165,$,$);
#7162=IFCCIRCLEPROFILEDEF(.AREA.,$,#30,0.3);
#7163=IFCEXTRUDEDAREASOLID(#7162,#34,#32,0.61);
#7164=IFCSHAPEREPRESENTATION(#16,'Body','SweptSolid',(#7163));
#7165=IFCPRODUCTDEFINITIONSHAPE($,$,(#7164));
#7166=IFCCARTESIANPOINT((440.25148713513,463.17078488227,1.968));
#7167=IFCDIRECTION((0.,0.,1.));
#7168=IFCDIRECTION((1.,0.,0.));
#7169=IFCAXIS2PLACEMENT3D(#7166,#7167,#7168);
#7170=IFCLOCALPLACEMENT($,#7169);
#7171=IFCOWNERHISTORY(#3,#4,.READWRITE.,.ADDED.,1774189819,#3,#4,1774189819);
#7172=IFCPROPERTYSET('0V3ZmoNnn3qwg9zRtM840H',#7171,'PV',$,(#7175,#7176,#7177,#7178));
#7173=IFCOWNERHISTORY(#3,#4,.READWRITE.,.ADDED.,1774189819,#3,#4,1774189819);
#7174=IFCRELDEFINESBYPROPERTIES('0EkHaao3P8TBSX5_AoWjoR',#7173,$,$,(#7156),#7172);
#7175=IFCPROPERTYSINGLEVALUE('Tipo',$,IFCLABEL('PV'),$);
#7176=IFCPROPERTYSINGLEVALUE('CT',$,IFCREAL(2.578),$);
#7177=IFCPROPERTYSINGLEVALUE('CF',$,IFCREAL(1.968),$);
#7178=IFCPROPERTYSINGLEVALUE('Prof',$,IFCREAL(0.61),$);
#7179=IFCOWNERHISTORY(#3,#4,.READWRITE.,.ADDED.,1774189819,#3,#4,1774189819);
#7180=IFCPROPERTYSET('1vumuHlmj8C9J2AKwqwTp0',#7179,'Custo5D',$,(#7183));
#7181=IFCOWNERHISTORY(#3,#4,.READWRITE.,.ADDED.,1774189819,#3,#4,1774189819);
#7182=IFCRELDEFINESBYPROPERTIES('0gyORN9JrCPhzp14Hz42iy',#7181,$,$,(#7156),#7180);
#7183=IFCPROPERTYSINGLEVALUE('Total_RS',$,IFCREAL(3078.),$);
#7184=IFCOWNERHISTORY(#3,#4,.READWRITE.,.MODIFIED.,1774189819,#3,#4,1774189819);
#7185=IFCBUILDINGELEMENTPROXY('2Vot_xKO58MeU0DY5sKZ_n',#7184,'PV_35',$,$,#7199,#7194,$,$);
#7191=IFCCIRCLEPROFILEDEF(.AREA.,$,#30,0.3);
#7192=IFCEXTRUDEDAREASOLID(#7191,#34,#32,0.6);
#7193=IFCSHAPEREPRESENTATION(#16,'Body','SweptSolid',(#7192));
#7194=IFCPRODUCTDEFINITIONSHAPE($,$,(#7193));
#7195=IFCCARTESIANPOINT((409.990491085337,494.533499608748,3.033));
#7196=IFCDIRECTION((0.,0.,1.));
#7197=IFCDIRECTION((1.,0.,0.));
#7198=IFCAXIS2PLACEMENT3D(#7195,#7196,#7197);
#7199=IFCLOCALPLACEMENT($,#7198);
#7200=IFCOWNERHISTORY(#3,#4,.READWRITE.,.ADDED.,1774189819,#3,#4,1774189819);
#7201=IFCPROPERTYSET('2kRMxzoEP2fwZZj9gG5Glm',#7200,'PV',$,(#7204,#7205,#7206,#7207));
#7202=IFCOWNERHISTORY(#3,#4,.READWRITE.,.ADDED.,1774189819,#3,#4,1774189819);
#7203=IFCRELDEFINESBYPROPERTIES('2edlNj8wHFSft7vRtvmACA',#7202,$,$,(#7185),#7201);
#7204=IFCPROPERTYSINGLEVALUE('Tipo',$,IFCLABEL('PV'),$);
#7205=IFCPROPERTYSINGLEVALUE('CT',$,IFCREAL(3.633),$);
#7206=IFCPROPERTYSINGLEVALUE('CF',$,IFCREAL(3.033),$);
#7207=IFCPROPERTYSINGLEVALUE('Prof',$,IFCREAL(0.6),$);
#7208=IFCOWNERHISTORY(#3,#4,.READWRITE.,.ADDED.,1774189819,#3,#4,1774189819);
#7209=IFCPROPERTYSET('30WhS5a1b4whZI7XXVJy2$',#7208,'Custo5D',$,(#7212));
#7210=IFCOWNERHISTORY(#3,#4,.READWRITE.,.ADDED.,1774189819,#3,#4,1774189819);
#7211=IFCRELDEFINESBYPROPERTIES('3TnKT$QYD7QgIEe6QRQoRf',#7210,$,$,(#7185),#7209);
#7212=IFCPROPERTYSINGLEVALUE('Total_RS',$,IFCREAL(3078.),$);
#7213=IFCOWNERHISTORY(#3,#4,.READWRITE.,.MODIFIED.,1774189819,#3,#4,1774189819);
#7214=IFCBUILDINGELEMENTPROXY('3cs9l7k9z6fgsMNxxUkurh',#7213,'PV_38',$,$,#7228,#7223,$,$);
#7220=IFCCIRCLEPROFILEDEF(.AREA.,$,#30,0.3);
#7221=IFCEXTRUDEDAREASOLID(#7220,#34,#32,0.611);
#7222=IFCSHAPEREPRESENTATION(#16,'Body','SweptSolid',(#7221));
#7223=IFCPRODUCTDEFINITIONSHAPE($,$,(#7222));
#7224=IFCCARTESIANPOINT((452.982519438723,421.839621796273,1.444));
#7225=IFCDIRECTION((0.,0.,1.));
#7226=IFCDIRECTION((1.,0.,0.));
#7227=IFCAXIS2PLACEMENT3D(#7224,#7225,#7226);
#7228=IFCLOCALPLACEMENT($,#7227);
#7229=IFCOWNERHISTORY(#3,#4,.READWRITE.,.ADDED.,1774189819,#3,#4,1774189819);
#7230=IFCPROPERTYSET('0nQr$mKi96FxEI3ey11Rf1',#7229,'PV',$,(#7233,#7234,#7235,#7236));
#7231=IFCOWNERHISTORY(#3,#4,.READWRITE.,.ADDED.,1774189819,#3,#4,1774189819);
#7232=IFCRELDEFINESBYPROPERTIES('3OVckltKTEP92IK3dBX8yG',#7231,$,$,(#7214),#7230);
#7233=IFCPROPERTYSINGLEVALUE('Tipo',$,IFCLABEL('PV'),$);
#7234=IFCPROPERTYSINGLEVALUE('CT',$,IFCREAL(2.055),$);
#7235=IFCPROPERTYSINGLEVALUE('CF',$,IFCREAL(1.444),$);
#7236=IFCPROPERTYSINGLEVALUE('Prof',$,IFCREAL(0.61),$);
#7237=IFCOWNERHISTORY(#3,#4,.READWRITE.,.ADDED.,1774189819,#3,#4,1774189819);
#7238=IFCPROPERTYSET('1jIWevBnfBDve7Nyv0CuVX',#7237,'Custo5D',$,(#7241));
#7239=IFCOWNERHISTORY(#3,#4,.READWRITE.,.ADDED.,1774189819,#3,#4,1774189819);
#7240=IFCRELDEFINESBYPROPERTIES('2Nz1InkXD8DgyzDSri0sCg',#7239,$,$,(#7214),#7238);
#7241=IFCPROPERTYSINGLEVALUE('Total_RS',$,IFCREAL(3078.),$);
#7242=IFCOWNERHISTORY(#3,#4,.READWRITE.,.MODIFIED.,1774189819,#3,#4,1774189819);
#7243=IFCBUILDINGELEMENTPROXY('1D2S7Ulf5DZ9LsCeODQHrv',#7242,'PV_37',$,$,#7257,#7252,$,$);
#7249=IFCCIRCLEPROFILEDEF(.AREA.,$,#30,0.3);
#7250=IFCEXTRUDEDAREASOLID(#7249,#34,#32,0.7);
#7251=IFCSHAPEREPRESENTATION(#16,'Body','SweptSolid',(#7250));
#7252=IFCPRODUCTDEFINITIONSHAPE($,$,(#7251));
#7253=IFCCARTESIANPOINT((446.678584728332,440.908850390464,1.596));
#7254=IFCDIRECTION((0.,0.,1.));
#7255=IFCDIRECTION((1.,0.,0.));
#7256=IFCAXIS2PLACEMENT3D(#7253,#7254,#7255);
#7257=IFCLOCALPLACEMENT($,#7256);
#7258=IFCOWNERHISTORY(#3,#4,.READWRITE.,.ADDED.,1774189819,#3,#4,1774189819);
#7259=IFCPROPERTYSET('2sjafYqQj6MRjil63R$Y_O',#7258,'PV',$,(#7262,#7263,#7264,#7265));
#7260=IFCOWNERHISTORY(#3,#4,.READWRITE.,.ADDED.,1774189819,#3,#4,1774189819);
#7261=IFCRELDEFINESBYPROPERTIES('1jz4PY2KXClPxWb0a5PgYI',#7260,$,$,(#7243),#7259);
#7262=IFCPROPERTYSINGLEVALUE('Tipo',$,IFCLABEL('PV'),$);
#7263=IFCPROPERTYSINGLEVALUE('CT',$,IFCREAL(2.296),$);
#7264=IFCPROPERTYSINGLEVALUE('CF',$,IFCREAL(1.596),$);
#7265=IFCPROPERTYSINGLEVALUE('Prof',$,IFCREAL(0.7),$);
#7266=IFCOWNERHISTORY(#3,#4,.READWRITE.,.ADDED.,1774189819,#3,#4,1774189819);
#7267=IFCPROPERTYSET('2$$x5$ET961wuRQ1Rt5nLE',#7266,'Custo5D',$,(#7270));
#7268=IFCOWNERHISTORY(#3,#4,.READWRITE.,.ADDED.,1774189819,#3,#4,1774189819);
#7269=IFCRELDEFINESBYPROPERTIES('2M1LfCIH54nfnLqyykD_RK',#7268,$,$,(#7243),#7267);
#7270=IFCPROPERTYSINGLEVALUE('Total_RS',$,IFCREAL(3078.),$);
#7271=IFCOWNERHISTORY(#3,#4,.READWRITE.,.MODIFIED.,1774189819,#3,#4,1774189819);
#7272=IFCBUILDINGELEMENTPROXY('33Y6U5vkHE6QeXsn88nl2A',#7271,'PI_05',$,$,#7286,#7281,$,$);
#7278=IFCCIRCLEPROFILEDEF(.AREA.,$,#30,0.2);
#7279=IFCEXTRUDEDAREASOLID(#7278,#34,#32,0.600000000000001);
#7280=IFCSHAPEREPRESENTATION(#16,'Body','SweptSolid',(#7279));
#7281=IFCPRODUCTDEFINITIONSHAPE($,$,(#7280));
#7282=IFCCARTESIANPOINT((528.251414110244,527.300423502922,17.598));
#7283=IFCDIRECTION((0.,0.,1.));
#7284=IFCDIRECTION((1.,0.,0.));
#7285=IFCAXIS2PLACEMENT3D(#7282,#7283,#7284);
#7286=IFCLOCALPLACEMENT($,#7285);
#7287=IFCOWNERHISTORY(#3,#4,.READWRITE.,.ADDED.,1774189819,#3,#4,1774189819);
#7288=IFCPROPERTYSET('3KfHevXYL3tQ6ClUtJJqVL',#7287,'PV',$,(#7291,#7292,#7293,#7294));
#7289=IFCOWNERHISTORY(#3,#4,.READWRITE.,.ADDED.,1774189819,#3,#4,1774189819);
#7290=IFCRELDEFINESBYPROPERTIES('12NoX1Cnz8pPsarVP1yU8T',#7289,$,$,(#7272),#7288);
#7291=IFCPROPERTYSINGLEVALUE('Tipo',$,IFCLABEL('PI'),$);
#7292=IFCPROPERTYSINGLEVALUE('CT',$,IFCREAL(18.198),$);
#7293=IFCPROPERTYSINGLEVALUE('CF',$,IFCREAL(17.598),$);
#7294=IFCPROPERTYSINGLEVALUE('Prof',$,IFCREAL(0.6),$);
#7295=IFCOWNERHISTORY(#3,#4,.READWRITE.,.ADDED.,1774189819,#3,#4,1774189819);
#7296=IFCPROPERTYSET('2F0WRyyGj95wZ4wJOjV5B5',#7295,'Custo5D',$,(#7299));
#7297=IFCOWNERHISTORY(#3,#4,.READWRITE.,.ADDED.,1774189819,#3,#4,1774189819);
#7298=IFCRELDEFINESBYPROPERTIES('3XOn9oAM94qAyR4tdfxI_0',#7297,$,$,(#7272),#7296);
#7299=IFCPROPERTYSINGLEVALUE('Total_RS',$,IFCREAL(1250.),$);
#7300=IFCOWNERHISTORY(#3,#4,.READWRITE.,.MODIFIED.,1774189819,#3,#4,1774189819);
#7301=IFCBUILDINGELEMENTPROXY('3gcswq1U58D9mSIbgtpUSh',#7300,'PI_146',$,$,#7315,#7310,$,$);
#7307=IFCCIRCLEPROFILEDEF(.AREA.,$,#30,0.2);
#7308=IFCEXTRUDEDAREASOLID(#7307,#34,#32,0.600000000000009);
#7309=IFCSHAPEREPRESENTATION(#16,'Body','SweptSolid',(#7308));
#7310=IFCPRODUCTDEFINITIONSHAPE($,$,(#7309));
#7311=IFCCARTESIANPOINT((857.836780536338,658.835370526649,124.246));
#7312=IFCDIRECTION((0.,0.,1.));
#7313=IFCDIRECTION((1.,0.,0.));
#7314=IFCAXIS2PLACEMENT3D(#7311,#7312,#7313);
#7315=IFCLOCALPLACEMENT($,#7314);
#7316=IFCOWNERHISTORY(#3,#4,.READWRITE.,.ADDED.,1774189819,#3,#4,1774189819);
#7317=IFCPROPERTYSET('3jIFvdlE17AgaOAPgo$94n',#7316,'PV',$,(#7320,#7321,#7322,#7323));
#7318=IFCOWNERHISTORY(#3,#4,.READWRITE.,.ADDED.,1774189819,#3,#4,1774189819);
#7319=IFCRELDEFINESBYPROPERTIES('3oPXJGKDX6guc3WhyzjMaH',#7318,$,$,(#7301),#7317);
#7320=IFCPROPERTYSINGLEVALUE('Tipo',$,IFCLABEL('PI'),$);
#7321=IFCPROPERTYSINGLEVALUE('CT',$,IFCREAL(124.846),$);
#7322=IFCPROPERTYSINGLEVALUE('CF',$,IFCREAL(124.246),$);
#7323=IFCPROPERTYSINGLEVALUE('Prof',$,IFCREAL(0.6),$);
#7324=IFCOWNERHISTORY(#3,#4,.READWRITE.,.ADDED.,1774189819,#3,#4,1774189819);
#7325=IFCPROPERTYSET('1i74sCZn5C_B0PReaAshkd',#7324,'Custo5D',$,(#7328));
#7326=IFCOWNERHISTORY(#3,#4,.READWRITE.,.ADDED.,1774189819,#3,#4,1774189819);
#7327=IFCRELDEFINESBYPROPERTIES('2ehaKKyDr4c8Gi_IG7J_WB',#7326,$,$,(#7301),#7325);
#7328=IFCPROPERTYSINGLEVALUE('Total_RS',$,IFCREAL(1250.),$);
#7329=IFCOWNERHISTORY(#3,#4,.READWRITE.,.MODIFIED.,1774189819,#3,#4,1774189819);
#7330=IFCBUILDINGELEMENTPROXY('0UsAHSM311nOec9egpSWAC',#7329,'PI_147',$,$,#7344,#7339,$,$);
#7336=IFCCIRCLEPROFILEDEF(.AREA.,$,#30,0.2);
#7337=IFCEXTRUDEDAREASOLID(#7336,#34,#32,0.599999999999994);
#7338=IFCSHAPEREPRESENTATION(#16,'Body','SweptSolid',(#7337));
#7339=IFCPRODUCTDEFINITIONSHAPE($,$,(#7338));
#7340=IFCCARTESIANPOINT((855.612785836507,665.490935465321,124.141));
#7341=IFCDIRECTION((0.,0.,1.));
#7342=IFCDIRECTION((1.,0.,0.));
#7343=IFCAXIS2PLACEMENT3D(#7340,#7341,#7342);
#7344=IFCLOCALPLACEMENT($,#7343);
#7345=IFCOWNERHISTORY(#3,#4,.READWRITE.,.ADDED.,1774189819,#3,#4,1774189819);
#7346=IFCPROPERTYSET('177wuNlILBjOfvbYDi4b40',#7345,'PV',$,(#7349,#7350,#7351,#7352));
#7347=IFCOWNERHISTORY(#3,#4,.READWRITE.,.ADDED.,1774189819,#3,#4,1774189819);
#7348=IFCRELDEFINESBYPROPERTIES('0VFLK6OH5FJ8VWjpTp_i5G',#7347,$,$,(#7330),#7346);
#7349=IFCPROPERTYSINGLEVALUE('Tipo',$,IFCLABEL('PI'),$);
#7350=IFCPROPERTYSINGLEVALUE('CT',$,IFCREAL(124.741),$);
#7351=IFCPROPERTYSINGLEVALUE('CF',$,IFCREAL(124.141),$);
#7352=IFCPROPERTYSINGLEVALUE('Prof',$,IFCREAL(0.6),$);
#7353=IFCOWNERHISTORY(#3,#4,.READWRITE.,.ADDED.,1774189819,#3,#4,1774189819);
#7354=IFCPROPERTYSET('2DottS8014SQR_RcKG$3jT',#7353,'Custo5D',$,(#7357));
#7355=IFCOWNERHISTORY(#3,#4,.READWRITE.,.ADDED.,1774189819,#3,#4,1774189819);
#7356=IFCRELDEFINESBYPROPERTIES('2MwH5QL6zDFPrdwyYYu$UQ',#7355,$,$,(#7330),#7354);
#7357=IFCPROPERTYSINGLEVALUE('Total_RS',$,IFCREAL(1250.),$);
#7358=IFCOWNERHISTORY(#3,#4,.READWRITE.,.MODIFIED.,1774189819,#3,#4,1774189819);
#7359=IFCBUILDINGELEMENTPROXY('3lKEmFyX9BiRksvnc2qOFX',#7358,'PI_151',$,$,#7373,#7368,$,$);
#7365=IFCCIRCLEPROFILEDEF(.AREA.,$,#30,0.2);
#7366=IFCEXTRUDEDAREASOLID(#7365,#34,#32,0.599999999999994);
#7367=IFCSHAPEREPRESENTATION(#16,'Body','SweptSolid',(#7366));
#7368=IFCPRODUCTDEFINITIONSHAPE($,$,(#7367));
#7369=IFCCARTESIANPOINT((871.603726267582,703.103316289373,115.56));
#7370=IFCDIRECTION((0.,0.,1.));
#7371=IFCDIRECTION((1.,0.,0.));
#7372=IFCAXIS2PLACEMENT3D(#7369,#7370,#7371);
#7373=IFCLOCALPLACEMENT($,#7372);
#7374=IFCOWNERHISTORY(#3,#4,.READWRITE.,.ADDED.,1774189819,#3,#4,1774189819);
#7375=IFCPROPERTYSET('2cT6wnJ5H3owXqKI1CW1mR',#7374,'PV',$,(#7378,#7379,#7380,#7381));
#7376=IFCOWNERHISTORY(#3,#4,.READWRITE.,.ADDED.,1774189819,#3,#4,1774189819);
#7377=IFCRELDEFINESBYPROPERTIES('0ixyvJ5njABOBjjbSCAy$n',#7376,$,$,(#7359),#7375);
#7378=IFCPROPERTYSINGLEVALUE('Tipo',$,IFCLABEL('PI'),$);
#7379=IFCPROPERTYSINGLEVALUE('CT',$,IFCREAL(116.16),$);
#7380=IFCPROPERTYSINGLEVALUE('CF',$,IFCREAL(115.56),$);
#7381=IFCPROPERTYSINGLEVALUE('Prof',$,IFCREAL(0.6),$);
#7382=IFCOWNERHISTORY(#3,#4,.READWRITE.,.ADDED.,1774189819,#3,#4,1774189819);
#7383=IFCPROPERTYSET('148ndmiUf0VwClLwX0Lmrb',#7382,'Custo5D',$,(#7386));
#7384=IFCOWNERHISTORY(#3,#4,.READWRITE.,.ADDED.,1774189819,#3,#4,1774189819);
#7385=IFCRELDEFINESBYPROPERTIES('3k3XoafEb2qAkKqsAkTGV$',#7384,$,$,(#7359),#7383);
#7386=IFCPROPERTYSINGLEVALUE('Total_RS',$,IFCREAL(1250.),$);
#7387=IFCOWNERHISTORY(#3,#4,.READWRITE.,.MODIFIED.,1774189819,#3,#4,1774189819);
#7388=IFCBUILDINGELEMENTPROXY('1ETCgcNzXCVPbEMLDdPGXc',#7387,'PI_152',$,$,#7402,#7397,$,$);
#7394=IFCCIRCLEPROFILEDEF(.AREA.,$,#30,0.2);
#7395=IFCEXTRUDEDAREASOLID(#7394,#34,#32,0.599999999999994);
#7396=IFCSHAPEREPRESENTATION(#16,'Body','SweptSolid',(#7395));
#7397=IFCPRODUCTDEFINITIONSHAPE($,$,(#7396));
#7398=IFCCARTESIANPOINT((869.61292051425,694.217347409576,119.906));
#7399=IFCDIRECTION((0.,0.,1.));
#7400=IFCDIRECTION((1.,0.,0.));
#7401=IFCAXIS2PLACEMENT3D(#7398,#7399,#7400);
#7402=IFCLOCALPLACEMENT($,#7401);
#7403=IFCOWNERHISTORY(#3,#4,.READWRITE.,.ADDED.,1774189819,#3,#4,1774189819);
#7404=IFCPROPERTYSET('0O_bVykITEExOo39$BziIe',#7403,'PV',$,(#7407,#7408,#7409,#7410));
#7405=IFCOWNERHISTORY(#3,#4,.READWRITE.,.ADDED.,1774189819,#3,#4,1774189819);
#7406=IFCRELDEFINESBYPROPERTIES('1UR5S7_r9DZOpxcOElB$xv',#7405,$,$,(#7388),#7404);
#7407=IFCPROPERTYSINGLEVALUE('Tipo',$,IFCLABEL('PI'),$);
#7408=IFCPROPERTYSINGLEVALUE('CT',$,IFCREAL(120.506),$);
#7409=IFCPROPERTYSINGLEVALUE('CF',$,IFCREAL(119.906),$);
#7410=IFCPROPERTYSINGLEVALUE('Prof',$,IFCREAL(0.6),$);
#7411=IFCOWNERHISTORY(#3,#4,.READWRITE.,.ADDED.,1774189819,#3,#4,1774189819);
#7412=IFCPROPERTYSET('2WvWZFaTjFgg7PAwR6RAuX',#7411,'Custo5D',$,(#7415));
#7413=IFCOWNERHISTORY(#3,#4,.READWRITE.,.ADDED.,1774189819,#3,#4,1774189819);
#7414=IFCRELDEFINESBYPROPERTIES('2EXcaHKRn7nwAslRVq7iFd',#7413,$,$,(#7388),#7412);
#7415=IFCPROPERTYSINGLEVALUE('Total_RS',$,IFCREAL(1250.),$);
#7416=IFCOWNERHISTORY(#3,#4,.READWRITE.,.MODIFIED.,1774189819,#3,#4,1774189819);
#7417=IFCBUILDINGELEMENTPROXY('2LNIeVRzbDxfVYXtX146KB',#7416,'PI_153',$,$,#7431,#7426,$,$);
#7423=IFCCIRCLEPROFILEDEF(.AREA.,$,#30,0.2);
#7424=IFCEXTRUDEDAREASOLID(#7423,#34,#32,0.599999999999994);
#7425=IFCSHAPEREPRESENTATION(#16,'Body','SweptSolid',(#7424));
#7426=IFCPRODUCTDEFINITIONSHAPE($,$,(#7425));
#7427=IFCCARTESIANPOINT((875.754006159899,674.42678246554,123.742));
#7428=IFCDIRECTION((0.,0.,1.));
#7429=IFCDIRECTION((1.,0.,0.));
#7430=IFCAXIS2PLACEMENT3D(#7427,#7428,#7429);
#7431=IFCLOCALPLACEMENT($,#7430);
#7432=IFCOWNERHISTORY(#3,#4,.READWRITE.,.ADDED.,1774189819,#3,#4,1774189819);
#7433=IFCPROPERTYSET('3bSVL_7$v6JP4MLi3Z$Q3i',#7432,'PV',$,(#7436,#7437,#7438,#7439));
#7434=IFCOWNERHISTORY(#3,#4,.READWRITE.,.ADDED.,1774189819,#3,#4,1774189819);
#7435=IFCRELDEFINESBYPROPERTIES('1h0o1aTC1FxAAQHpY8IRIh',#7434,$,$,(#7417),#7433);
#7436=IFCPROPERTYSINGLEVALUE('Tipo',$,IFCLABEL('PI'),$);
#7437=IFCPROPERTYSINGLEVALUE('CT',$,IFCREAL(124.342),$);
#7438=IFCPROPERTYSINGLEVALUE('CF',$,IFCREAL(123.742),$);
#7439=IFCPROPERTYSINGLEVALUE('Prof',$,IFCREAL(0.6),$);
#7440=IFCOWNERHISTORY(#3,#4,.READWRITE.,.ADDED.,1774189819,#3,#4,1774189819);
#7441=IFCPROPERTYSET('2w5QB46MDAse$LF$A08eYB',#7440,'Custo5D',$,(#7444));
#7442=IFCOWNERHISTORY(#3,#4,.READWRITE.,.ADDED.,1774189819,#3,#4,1774189819);
#7443=IFCRELDEFINESBYPROPERTIES('2GFHj7AS5EL8fHbdZkXhVg',#7442,$,$,(#7417),#7441);
#7444=IFCPROPERTYSINGLEVALUE('Total_RS',$,IFCREAL(1250.),$);
#7445=IFCOWNERHISTORY(#3,#4,.READWRITE.,.MODIFIED.,1774189819,#3,#4,1774189819);
#7446=IFCBUILDINGELEMENTPROXY('30Qhvci5f0g8QXG2X$mlAm',#7445,'PV_03',$,$,#7460,#7455,$,$);
#7452=IFCCIRCLEPROFILEDEF(.AREA.,$,#30,0.3);
#7453=IFCEXTRUDEDAREASOLID(#7452,#34,#32,0.6);
#7454=IFCSHAPEREPRESENTATION(#16,'Body','SweptSolid',(#7453));
#7455=IFCPRODUCTDEFINITIONSHAPE($,$,(#7454));
#7456=IFCCARTESIANPOINT((543.637754688447,349.586071226746,3.4));
#7457=IFCDIRECTION((0.,0.,1.));
#7458=IFCDIRECTION((1.,0.,0.));
#7459=IFCAXIS2PLACEMENT3D(#7456,#7457,#7458);
#7460=IFCLOCALPLACEMENT($,#7459);
#7461=IFCOWNERHISTORY(#3,#4,.READWRITE.,.ADDED.,1774189819,#3,#4,1774189819);
#7462=IFCPROPERTYSET('2DS4mqHPrDt8C1D5B89b3X',#7461,'PV',$,(#7465,#7466,#7467,#7468));
#7463=IFCOWNERHISTORY(#3,#4,.READWRITE.,.ADDED.,1774189819,#3,#4,1774189819);
#7464=IFCRELDEFINESBYPROPERTIES('2LP21MRJz9_uYFMSmS_iNd',#7463,$,$,(#7446),#7462);
#7465=IFCPROPERTYSINGLEVALUE('Tipo',$,IFCLABEL('PV'),$);
#7466=IFCPROPERTYSINGLEVALUE('CT',$,IFCREAL(4.),$);
#7467=IFCPROPERTYSINGLEVALUE('CF',$,IFCREAL(3.4),$);
#7468=IFCPROPERTYSINGLEVALUE('Prof',$,IFCREAL(0.6),$);
#7469=IFCOWNERHISTORY(#3,#4,.READWRITE.,.ADDED.,1774189819,#3,#4,1774189819);
#7470=IFCPROPERTYSET('39dqfT4VX5zh7SovgcWfKb',#7469,'Custo5D',$,(#7473));
#7471=IFCOWNERHISTORY(#3,#4,.READWRITE.,.ADDED.,1774189819,#3,#4,1774189819);
#7472=IFCRELDEFINESBYPROPERTIES('3Yel3cmrHDoBDYFXuhjybh',#7471,$,$,(#7446),#7470);
#7473=IFCPROPERTYSINGLEVALUE('Total_RS',$,IFCREAL(3078.),$);
#7474=IFCOWNERHISTORY(#3,#4,.READWRITE.,.MODIFIED.,1774189819,#3,#4,1774189819);
#7475=IFCBUILDINGELEMENTPROXY('3C2bDGbF5FkPRQTHNB6L56',#7474,'PV_02',$,$,#7489,#7484,$,$);
#7481=IFCCIRCLEPROFILEDEF(.AREA.,$,#30,0.3);
#7482=IFCEXTRUDEDAREASOLID(#7481,#34,#32,0.6);
#7483=IFCSHAPEREPRESENTATION(#16,'Body','SweptSolid',(#7482));
#7484=IFCPRODUCTDEFINITIONSHAPE($,$,(#7483));
#7485=IFCCARTESIANPOINT((541.37786050234,349.532343535684,2.94));
#7486=IFCDIRECTION((0.,0.,1.));
#7487=IFCDIRECTION((1.,0.,0.));
#7488=IFCAXIS2PLACEMENT3D(#7485,#7486,#7487);
#7489=IFCLOCALPLACEMENT($,#7488);
#7490=IFCOWNERHISTORY(#3,#4,.READWRITE.,.ADDED.,1774189819,#3,#4,1774189819);
#7491=IFCPROPERTYSET('0yTYR$cHrEaBoQNDyqZSwp',#7490,'PV',$,(#7494,#7495,#7496,#7497));
#7492=IFCOWNERHISTORY(#3,#4,.READWRITE.,.ADDED.,1774189819,#3,#4,1774189819);
#7493=IFCRELDEFINESBYPROPERTIES('2P$5__Fzf7ZuC34aC5fGdD',#7492,$,$,(#7475),#7491);
#7494=IFCPROPERTYSINGLEVALUE('Tipo',$,IFCLABEL('PV'),$);
#7495=IFCPROPERTYSINGLEVALUE('CT',$,IFCREAL(3.54),$);
#7496=IFCPROPERTYSINGLEVALUE('CF',$,IFCREAL(2.94),$);
#7497=IFCPROPERTYSINGLEVALUE('Prof',$,IFCREAL(0.6),$);
#7498=IFCOWNERHISTORY(#3,#4,.READWRITE.,.ADDED.,1774189819,#3,#4,1774189819);
#7499=IFCPROPERTYSET('1rZdF6cnb50uryzAdHFRg7',#7498,'Custo5D',$,(#7502));
#7500=IFCOWNERHISTORY(#3,#4,.READWRITE.,.ADDED.,1774189819,#3,#4,1774189819);
#7501=IFCRELDEFINESBYPROPERTIES('0X4ORgtZnBWxFLMXGaRCsA',#7500,$,$,(#7475),#7499);
#7502=IFCPROPERTYSINGLEVALUE('Total_RS',$,IFCREAL(3078.),$);
#7503=IFCOWNERHISTORY(#3,#4,.READWRITE.,.MODIFIED.,1774189819,#3,#4,1774189819);
#7504=IFCBUILDINGELEMENTPROXY('3zc_AKVN55Ih3TWt4I7YZK',#7503,'PI_00',$,$,#7518,#7513,$,$);
#7510=IFCCIRCLEPROFILEDEF(.AREA.,$,#30,0.2);
#7511=IFCEXTRUDEDAREASOLID(#7510,#34,#32,0.6);
#7512=IFCSHAPEREPRESENTATION(#16,'Body','SweptSolid',(#7511));
#7513=IFCPRODUCTDEFINITIONSHAPE($,$,(#7512));
#7514=IFCCARTESIANPOINT((491.578457272786,358.395752909593,2.27));
#7515=IFCDIRECTION((0.,0.,1.));
#7516=IFCDIRECTION((1.,0.,0.));
#7517=IFCAXIS2PLACEMENT3D(#7514,#7515,#7516);
#7518=IFCLOCALPLACEMENT($,#7517);
#7519=IFCOWNERHISTORY(#3,#4,.READWRITE.,.ADDED.,1774189819,#3,#4,1774189819);
#7520=IFCPROPERTYSET('17J8QfE5L9Yv6f$vEf5Rzl',#7519,'PV',$,(#7523,#7524,#7525,#7526));
#7521=IFCOWNERHISTORY(#3,#4,.READWRITE.,.ADDED.,1774189819,#3,#4,1774189819);
#7522=IFCRELDEFINESBYPROPERTIES('1mUf0QsfL77uufdPBvU7re',#7521,$,$,(#7504),#7520);
#7523=IFCPROPERTYSINGLEVALUE('Tipo',$,IFCLABEL('PI'),$);
#7524=IFCPROPERTYSINGLEVALUE('CT',$,IFCREAL(2.87),$);
#7525=IFCPROPERTYSINGLEVALUE('CF',$,IFCREAL(2.27),$);
#7526=IFCPROPERTYSINGLEVALUE('Prof',$,IFCREAL(0.6),$);
#7527=IFCOWNERHISTORY(#3,#4,.READWRITE.,.ADDED.,1774189819,#3,#4,1774189819);
#7528=IFCPROPERTYSET('0c7pqthi9D4w_J6DEC_sQV',#7527,'Custo5D',$,(#7531));
#7529=IFCOWNERHISTORY(#3,#4,.READWRITE.,.ADDED.,1774189819,#3,#4,1774189819);
#7530=IFCRELDEFINESBYPROPERTIES('2Lfulj1653RvK05eRM6$lK',#7529,$,$,(#7504),#7528);
#7531=IFCPROPERTYSINGLEVALUE('Total_RS',$,IFCREAL(1250.),$);
#7532=IFCOWNERHISTORY(#3,#4,.READWRITE.,.MODIFIED.,1774189819,#3,#4,1774189819);
#7533=IFCBUILDINGELEMENTPROXY('0_SvpTAVHCOxYXhZrELn8F',#7532,'PV_62',$,$,#7547,#7542,$,$);
#7539=IFCCIRCLEPROFILEDEF(.AREA.,$,#30,0.3);
#7540=IFCEXTRUDEDAREASOLID(#7539,#34,#32,1.);
#7541=IFCSHAPEREPRESENTATION(#16,'Body','SweptSolid',(#7540));
#7542=IFCPRODUCTDEFINITIONSHAPE($,$,(#7541));
#7543=IFCCARTESIANPOINT((482.150289502519,365.730302481912,1.61));
#7544=IFCDIRECTION((0.,0.,1.));
#7545=IFCDIRECTION((1.,0.,0.));
#7546=IFCAXIS2PLACEMENT3D(#7543,#7544,#7545);
#7547=IFCLOCALPLACEMENT($,#7546);
#7548=IFCOWNERHISTORY(#3,#4,.READWRITE.,.ADDED.,1774189819,#3,#4,1774189819);
#7549=IFCPROPERTYSET('3Lz8vgghX5S8OEtovmktC5',#7548,'PV',$,(#7552,#7553,#7554,#7555));
#7550=IFCOWNERHISTORY(#3,#4,.READWRITE.,.ADDED.,1774189819,#3,#4,1774189819);
#7551=IFCRELDEFINESBYPROPERTIES('3Nvl4EDrT9XRmLHN4E$noZ',#7550,$,$,(#7533),#7549);
#7552=IFCPROPERTYSINGLEVALUE('Tipo',$,IFCLABEL('PV'),$);
#7553=IFCPROPERTYSINGLEVALUE('CT',$,IFCREAL(2.61),$);
#7554=IFCPROPERTYSINGLEVALUE('CF',$,IFCREAL(1.61),$);
#7555=IFCPROPERTYSINGLEVALUE('Prof',$,IFCREAL(1.),$);
#7556=IFCOWNERHISTORY(#3,#4,.READWRITE.,.ADDED.,1774189819,#3,#4,1774189819);
#7557=IFCPROPERTYSET('27dN1MiVfDXQMVu_mf9prB',#7556,'Custo5D',$,(#7560));
#7558=IFCOWNERHISTORY(#3,#4,.READWRITE.,.ADDED.,1774189819,#3,#4,1774189819);
#7559=IFCRELDEFINESBYPROPERTIES('0seFmFF955MvfXz4SkMV4y',#7558,$,$,(#7533),#7557);
#7560=IFCPROPERTYSINGLEVALUE('Total_RS',$,IFCREAL(3078.),$);
#7561=IFCOWNERHISTORY(#3,#4,.READWRITE.,.MODIFIED.,1774189819,#3,#4,1774189819);
#7562=IFCBUILDINGELEMENTPROXY('130gXbiFXBcOEtts0XXu7x',#7561,'PI_75',$,$,#7576,#7571,$,$);
#7568=IFCCIRCLEPROFILEDEF(.AREA.,$,#30,0.2);
#7569=IFCEXTRUDEDAREASOLID(#7568,#34,#32,0.6);
#7570=IFCSHAPEREPRESENTATION(#16,'Body','SweptSolid',(#7569));
#7571=IFCPRODUCTDEFINITIONSHAPE($,$,(#7570));
#7572=IFCCARTESIANPOINT((506.038568767544,388.825785116293,3.262));
#7573=IFCDIRECTION((0.,0.,1.));
#7574=IFCDIRECTION((1.,0.,0.));
#7575=IFCAXIS2PLACEMENT3D(#7572,#7573,#7574);
#7576=IFCLOCALPLACEMENT($,#7575);
#7577=IFCOWNERHISTORY(#3,#4,.READWRITE.,.ADDED.,1774189819,#3,#4,1774189819);
#7578=IFCPROPERTYSET('3GtP737ub0dQGiR1bzusKv',#7577,'PV',$,(#7581,#7582,#7583,#7584));
#7579=IFCOWNERHISTORY(#3,#4,.READWRITE.,.ADDED.,1774189819,#3,#4,1774189819);
#7580=IFCRELDEFINESBYPROPERTIES('07WNxO8VP3R84G2YsqXvO8',#7579,$,$,(#7562),#7578);
#7581=IFCPROPERTYSINGLEVALUE('Tipo',$,IFCLABEL('PI'),$);
#7582=IFCPROPERTYSINGLEVALUE('CT',$,IFCREAL(3.862),$);
#7583=IFCPROPERTYSINGLEVALUE('CF',$,IFCREAL(3.262),$);
#7584=IFCPROPERTYSINGLEVALUE('Prof',$,IFCREAL(0.6),$);
#7585=IFCOWNERHISTORY(#3,#4,.READWRITE.,.ADDED.,1774189819,#3,#4,1774189819);
#7586=IFCPROPERTYSET('1Bix5ebPL6PRtkNkXaWUAa',#7585,'Custo5D',$,(#7589));
#7587=IFCOWNERHISTORY(#3,#4,.READWRITE.,.ADDED.,1774189819,#3,#4,1774189819);
#7588=IFCRELDEFINESBYPROPERTIES('3z7bn4ZE5DOQQjeaYWu_rP',#7587,$,$,(#7562),#7586);
#7589=IFCPROPERTYSINGLEVALUE('Total_RS',$,IFCREAL(1250.),$);
#7590=IFCOWNERHISTORY(#3,#4,.READWRITE.,.MODIFIED.,1774189819,#3,#4,1774189819);
#7591=IFCBUILDINGELEMENTPROXY('171O666HPEhxN1DDJ3hMat',#7590,'PI_77',$,$,#7605,#7600,$,$);
#7597=IFCCIRCLEPROFILEDEF(.AREA.,$,#30,0.2);
#7598=IFCEXTRUDEDAREASOLID(#7597,#34,#32,0.6);
#7599=IFCSHAPEREPRESENTATION(#16,'Body','SweptSolid',(#7598));
#7600=IFCPRODUCTDEFINITIONSHAPE($,$,(#7599));
#7601=IFCCARTESIANPOINT((503.121535741258,377.107162903994,2.804));
#7602=IFCDIRECTION((0.,0.,1.));
#7603=IFCDIRECTION((1.,0.,0.));
#7604=IFCAXIS2PLACEMENT3D(#7601,#7602,#7603);
#7605=IFCLOCALPLACEMENT($,#7604);
#7606=IFCOWNERHISTORY(#3,#4,.READWRITE.,.ADDED.,1774189819,#3,#4,1774189819);
#7607=IFCPROPERTYSET('23eiX5Ddf7VRCJysqS$0aw',#7606,'PV',$,(#7610,#7611,#7612,#7613));
#7608=IFCOWNERHISTORY(#3,#4,.READWRITE.,.ADDED.,1774189819,#3,#4,1774189819);
#7609=IFCRELDEFINESBYPROPERTIES('2N$7P8D3z1ZwuD1tmU3vZX',#7608,$,$,(#7591),#7607);
#7610=IFCPROPERTYSINGLEVALUE('Tipo',$,IFCLABEL('PI'),$);
#7611=IFCPROPERTYSINGLEVALUE('CT',$,IFCREAL(3.404),$);
#7612=IFCPROPERTYSINGLEVALUE('CF',$,IFCREAL(2.804),$);
#7613=IFCPROPERTYSINGLEVALUE('Prof',$,IFCREAL(0.6),$);
#7614=IFCOWNERHISTORY(#3,#4,.READWRITE.,.ADDED.,1774189819,#3,#4,1774189819);
#7615=IFCPROPERTYSET('0dv1MgckT7jxMFkqdbT_yR',#7614,'Custo5D',$,(#7618));
#7616=IFCOWNERHISTORY(#3,#4,.READWRITE.,.ADDED.,1774189819,#3,#4,1774189819);
#7617=IFCRELDEFINESBYPROPERTIES('1dErd8sJjEqhwj_afWHnw0',#7616,$,$,(#7591),#7615);
#7618=IFCPROPERTYSINGLEVALUE('Total_RS',$,IFCREAL(1250.),$);
#7619=IFCOWNERHISTORY(#3,#4,.READWRITE.,.MODIFIED.,1774189819,#3,#4,1774189819);
#7620=IFCBUILDINGELEMENTPROXY('2mFy_SJJb0CO_AM7rP7xkZ',#7619,'PI_76',$,$,#7634,#7629,$,$);
#7626=IFCCIRCLEPROFILEDEF(.AREA.,$,#30,0.2);
#7627=IFCEXTRUDEDAREASOLID(#7626,#34,#32,0.6);
#7628=IFCSHAPEREPRESENTATION(#16,'Body','SweptSolid',(#7627));
#7629=IFCPRODUCTDEFINITIONSHAPE($,$,(#7628));
#7630=IFCCARTESIANPOINT((507.721717584296,381.236719709821,3.087));
#7631=IFCDIRECTION((0.,0.,1.));
#7632=IFCDIRECTION((1.,0.,0.));
#7633=IFCAXIS2PLACEMENT3D(#7630,#7631,#7632);
#7634=IFCLOCALPLACEMENT($,#7633);
#7635=IFCOWNERHISTORY(#3,#4,.READWRITE.,.ADDED.,1774189819,#3,#4,1774189819);
#7636=IFCPROPERTYSET('3wHQ70_yz1jAIXGObFberk',#7635,'PV',$,(#7639,#7640,#7641,#7642));
#7637=IFCOWNERHISTORY(#3,#4,.READWRITE.,.ADDED.,1774189819,#3,#4,1774189819);
#7638=IFCRELDEFINESBYPROPERTIES('37mFNfBkP8AhakvgOMHTTK',#7637,$,$,(#7620),#7636);
#7639=IFCPROPERTYSINGLEVALUE('Tipo',$,IFCLABEL('PI'),$);
#7640=IFCPROPERTYSINGLEVALUE('CT',$,IFCREAL(3.687),$);
#7641=IFCPROPERTYSINGLEVALUE('CF',$,IFCREAL(3.087),$);
#7642=IFCPROPERTYSINGLEVALUE('Prof',$,IFCREAL(0.6),$);
#7643=IFCOWNERHISTORY(#3,#4,.READWRITE.,.ADDED.,1774189819,#3,#4,1774189819);
#7644=IFCPROPERTYSET('1QLcmublfDhfVgIwHUV42c',#7643,'Custo5D',$,(#7647));
#7645=IFCOWNERHISTORY(#3,#4,.READWRITE.,.ADDED.,1774189819,#3,#4,1774189819);
#7646=IFCRELDEFINESBYPROPERTIES('2mOArdalD4yw9JvwoQXDvt',#7645,$,$,(#7620),#7644);
#7647=IFCPROPERTYSINGLEVALUE('Total_RS',$,IFCREAL(1250.),$);
#7648=IFCOWNERHISTORY(#3,#4,.READWRITE.,.MODIFIED.,1774189819,#3,#4,1774189819);
#7649=IFCBUILDINGELEMENTPROXY('2h4Jf8lL9CKBmZ28DKY6m6',#7648,'PI_78',$,$,#7663,#7658,$,$);
#7655=IFCCIRCLEPROFILEDEF(.AREA.,$,#30,0.2);
#7656=IFCEXTRUDEDAREASOLID(#7655,#34,#32,0.651);
#7657=IFCSHAPEREPRESENTATION(#16,'Body','SweptSolid',(#7656));
#7658=IFCPRODUCTDEFINITIONSHAPE($,$,(#7657));
#7659=IFCCARTESIANPOINT((508.288666560489,363.944828173146,2.728));
#7660=IFCDIRECTION((0.,0.,1.));
#7661=IFCDIRECTION((1.,0.,0.));
#7662=IFCAXIS2PLACEMENT3D(#7659,#7660,#7661);
#7663=IFCLOCALPLACEMENT($,#7662);
#7664=IFCOWNERHISTORY(#3,#4,.READWRITE.,.ADDED.,1774189819,#3,#4,1774189819);
#7665=IFCPROPERTYSET('2vJHURbEr2ABPnev3VycQS',#7664,'PV',$,(#7668,#7669,#7670,#7671));
#7666=IFCOWNERHISTORY(#3,#4,.READWRITE.,.ADDED.,1774189819,#3,#4,1774189819);
#7667=IFCRELDEFINESBYPROPERTIES('1FjtXea7r0Sg$SokXyZ9wT',#7666,$,$,(#7649),#7665);
#7668=IFCPROPERTYSINGLEVALUE('Tipo',$,IFCLABEL('PI'),$);
#7669=IFCPROPERTYSINGLEVALUE('CT',$,IFCREAL(3.379),$);
#7670=IFCPROPERTYSINGLEVALUE('CF',$,IFCREAL(2.728),$);
#7671=IFCPROPERTYSINGLEVALUE('Prof',$,IFCREAL(0.65),$);
#7672=IFCOWNERHISTORY(#3,#4,.READWRITE.,.ADDED.,1774189819,#3,#4,1774189819);
#7673=IFCPROPERTYSET('17KM_IGmDAbgflBWHDneLl',#7672,'Custo5D',$,(#7676));
#7674=IFCOWNERHISTORY(#3,#4,.READWRITE.,.ADDED.,1774189819,#3,#4,1774189819);
#7675=IFCRELDEFINESBYPROPERTIES('3lr0HXraL8lv4u3K1Do0Vk',#7674,$,$,(#7649),#7673);
#7676=IFCPROPERTYSINGLEVALUE('Total_RS',$,IFCREAL(1250.),$);
#7677=IFCOWNERHISTORY(#3,#4,.READWRITE.,.MODIFIED.,1774189819,#3,#4,1774189819);
#7678=IFCBUILDINGELEMENTPROXY('1nZMIUEiT9ZuxigCMBWKfU',#7677,'PV_01',$,$,#7692,#7687,$,$);
#7684=IFCCIRCLEPROFILEDEF(.AREA.,$,#30,0.3);
#7685=IFCEXTRUDEDAREASOLID(#7684,#34,#32,1.1);
#7686=IFCSHAPEREPRESENTATION(#16,'Body','SweptSolid',(#7685));
#7687=IFCPRODUCTDEFINITIONSHAPE($,$,(#7686));
#7688=IFCCARTESIANPOINT((521.48515255301,367.886598244309,2.863));
#7689=IFCDIRECTION((0.,0.,1.));
#7690=IFCDIRECTION((1.,0.,0.));
#7691=IFCAXIS2PLACEMENT3D(#7688,#7689,#7690);
#7692=IFCLOCALPLACEMENT($,#7691);
#7693=IFCOWNERHISTORY(#3,#4,.READWRITE.,.ADDED.,1774189819,#3,#4,1774189819);
#7694=IFCPROPERTYSET('2GBj$tU5j8C88uX2SQ5ljN',#7693,'PV',$,(#7697,#7698,#7699,#7700));
#7695=IFCOWNERHISTORY(#3,#4,.READWRITE.,.ADDED.,1774189819,#3,#4,1774189819);
#7696=IFCRELDEFINESBYPROPERTIES('368A2oddf3vvWQoasD4BgF',#7695,$,$,(#7678),#7694);
#7697=IFCPROPERTYSINGLEVALUE('Tipo',$,IFCLABEL('PV'),$);
#7698=IFCPROPERTYSINGLEVALUE('CT',$,IFCREAL(3.963),$);
#7699=IFCPROPERTYSINGLEVALUE('CF',$,IFCREAL(2.863),$);
#7700=IFCPROPERTYSINGLEVALUE('Prof',$,IFCREAL(1.1),$);
#7701=IFCOWNERHISTORY(#3,#4,.READWRITE.,.ADDED.,1774189819,#3,#4,1774189819);
#7702=IFCPROPERTYSET('0FWBJHEQn0i8dz20Ok$KRv',#7701,'Custo5D',$,(#7705));
#7703=IFCOWNERHISTORY(#3,#4,.READWRITE.,.ADDED.,1774189819,#3,#4,1774189819);
#7704=IFCRELDEFINESBYPROPERTIES('22uFa5Ru53TOLd6KZfALue',#7703,$,$,(#7678),#7702);
#7705=IFCPROPERTYSINGLEVALUE('Total_RS',$,IFCREAL(3078.),$);
#7706=IFCOWNERHISTORY(#3,#4,.READWRITE.,.MODIFIED.,1774189819,#3,#4,1774189819);
#7707=IFCBUILDINGELEMENTPROXY('0MnSZpabrCqhhQdTa20C6_',#7706,'PI_121',$,$,#7721,#7716,$,$);
#7713=IFCCIRCLEPROFILEDEF(.AREA.,$,#30,0.2);
#7714=IFCEXTRUDEDAREASOLID(#7713,#34,#32,0.600000000000001);
#7715=IFCSHAPEREPRESENTATION(#16,'Body','SweptSolid',(#7714));
#7716=IFCPRODUCTDEFINITIONSHAPE($,$,(#7715));
#7717=IFCCARTESIANPOINT((760.611765206209,524.161963571794,51.195));
#7718=IFCDIRECTION((0.,0.,1.));
#7719=IFCDIRECTION((1.,0.,0.));
#7720=IFCAXIS2PLACEMENT3D(#7717,#7718,#7719);
#7721=IFCLOCALPLACEMENT($,#7720);
#7722=IFCOWNERHISTORY(#3,#4,.READWRITE.,.ADDED.,1774189819,#3,#4,1774189819);
#7723=IFCPROPERTYSET('2LfTEktVTAPuahhPW$UsE9',#7722,'PV',$,(#7726,#7727,#7728,#7729));
#7724=IFCOWNERHISTORY(#3,#4,.READWRITE.,.ADDED.,1774189819,#3,#4,1774189819);
#7725=IFCRELDEFINESBYPROPERTIES('0pREuK8c50exBhMgheA$qa',#7724,$,$,(#7707),#7723);
#7726=IFCPROPERTYSINGLEVALUE('Tipo',$,IFCLABEL('PI'),$);
#7727=IFCPROPERTYSINGLEVALUE('CT',$,IFCREAL(51.795),$);
#7728=IFCPROPERTYSINGLEVALUE('CF',$,IFCREAL(51.195),$);
#7729=IFCPROPERTYSINGLEVALUE('Prof',$,IFCREAL(0.6),$);
#7730=IFCOWNERHISTORY(#3,#4,.READWRITE.,.ADDED.,1774189819,#3,#4,1774189819);
#7731=IFCPROPERTYSET('2$RiaVStf9MAINPh_ph3Sl',#7730,'Custo5D',$,(#7734));
#7732=IFCOWNERHISTORY(#3,#4,.READWRITE.,.ADDED.,1774189819,#3,#4,1774189819);
#7733=IFCRELDEFINESBYPROPERTIES('1t2FSxMhnBpBiCiFfszHFd',#7732,$,$,(#7707),#7731);
#7734=IFCPROPERTYSINGLEVALUE('Total_RS',$,IFCREAL(1250.),$);
#7735=IFCOWNERHISTORY(#3,#4,.READWRITE.,.MODIFIED.,1774189819,#3,#4,1774189819);
#7736=IFCBUILDINGELEMENTPROXY('2iRMZGEIzFPQR_N18wA0mu',#7735,'PI_120',$,$,#7750,#7745,$,$);
#7742=IFCCIRCLEPROFILEDEF(.AREA.,$,#30,0.2);
#7743=IFCEXTRUDEDAREASOLID(#7742,#34,#32,0.600000000000001);
#7744=IFCSHAPEREPRESENTATION(#16,'Body','SweptSolid',(#7743));
#7745=IFCPRODUCTDEFINITIONSHAPE($,$,(#7744));
#7746=IFCCARTESIANPOINT((747.072442298348,516.344839579426,48.098));
#7747=IFCDIRECTION((0.,0.,1.));
#7748=IFCDIRECTION((1.,0.,0.));
#7749=IFCAXIS2PLACEMENT3D(#7746,#7747,#7748);
#7750=IFCLOCALPLACEMENT($,#7749);
#7751=IFCOWNERHISTORY(#3,#4,.READWRITE.,.ADDED.,1774189819,#3,#4,1774189819);
#7752=IFCPROPERTYSET('3_9wV4yEzCgBfvaKfbJnAt',#7751,'PV',$,(#7755,#7756,#7757,#7758));
#7753=IFCOWNERHISTORY(#3,#4,.READWRITE.,.ADDED.,1774189819,#3,#4,1774189819);
#7754=IFCRELDEFINESBYPROPERTIES('0JK3bGAyn0FAMOyChFE8bS',#7753,$,$,(#7736),#7752);
#7755=IFCPROPERTYSINGLEVALUE('Tipo',$,IFCLABEL('PI'),$);
#7756=IFCPROPERTYSINGLEVALUE('CT',$,IFCREAL(48.698),$);
#7757=IFCPROPERTYSINGLEVALUE('CF',$,IFCREAL(48.098),$);
#7758=IFCPROPERTYSINGLEVALUE('Prof',$,IFCREAL(0.6),$);
#7759=IFCOWNERHISTORY(#3,#4,.READWRITE.,.ADDED.,1774189819,#3,#4,1774189819);
#7760=IFCPROPERTYSET('0wuFGtr9H8FOOXhSg98cIv',#7759,'Custo5D',$,(#7763));
#7761=IFCOWNERHISTORY(#3,#4,.READWRITE.,.ADDED.,1774189819,#3,#4,1774189819);
#7762=IFCRELDEFINESBYPROPERTIES('2ysplRNM9CrwMrplvnPBtw',#7761,$,$,(#7736),#7760);
#7763=IFCPROPERTYSINGLEVALUE('Total_RS',$,IFCREAL(1250.),$);
#7764=IFCOWNERHISTORY(#3,#4,.READWRITE.,.MODIFIED.,1774189819,#3,#4,1774189819);
#7765=IFCBUILDINGELEMENTPROXY('2TYf7vChnAyA5fv$lnZDl_',#7764,'PI_18',$,$,#7779,#7774,$,$);
#7771=IFCCIRCLEPROFILEDEF(.AREA.,$,#30,0.2);
#7772=IFCEXTRUDEDAREASOLID(#7771,#34,#32,0.599999999999994);
#7773=IFCSHAPEREPRESENTATION(#16,'Body','SweptSolid',(#7772));
#7774=IFCPRODUCTDEFINITIONSHAPE($,$,(#7773));
#7775=IFCCARTESIANPOINT((708.385120987543,639.344497698359,67.497));
#7776=IFCDIRECTION((0.,0.,1.));
#7777=IFCDIRECTION((1.,0.,0.));
#7778=IFCAXIS2PLACEMENT3D(#7775,#7776,#7777);
#7779=IFCLOCALPLACEMENT($,#7778);
#7780=IFCOWNERHISTORY(#3,#4,.READWRITE.,.ADDED.,1774189819,#3,#4,1774189819);
#7781=IFCPROPERTYSET('0Zoat9job6Uwwzj2285euk',#7780,'PV',$,(#7784,#7785,#7786,#7787));
#7782=IFCOWNERHISTORY(#3,#4,.READWRITE.,.ADDED.,1774189819,#3,#4,1774189819);
#7783=IFCRELDEFINESBYPROPERTIES('3sku2_CBz41gPoUG_OcEOy',#7782,$,$,(#7765),#7781);
#7784=IFCPROPERTYSINGLEVALUE('Tipo',$,IFCLABEL('PI'),$);
#7785=IFCPROPERTYSINGLEVALUE('CT',$,IFCREAL(68.097),$);
#7786=IFCPROPERTYSINGLEVALUE('CF',$,IFCREAL(67.497),$);
#7787=IFCPROPERTYSINGLEVALUE('Prof',$,IFCREAL(0.6),$);
#7788=IFCOWNERHISTORY(#3,#4,.READWRITE.,.ADDED.,1774189819,#3,#4,1774189819);
#7789=IFCPROPERTYSET('0rGePbnNP8Mfulp5E5FPCM',#7788,'Custo5D',$,(#7792));
#7790=IFCOWNERHISTORY(#3,#4,.READWRITE.,.ADDED.,1774189819,#3,#4,1774189819);
#7791=IFCRELDEFINESBYPROPERTIES('2Th7WYvuD1zgUo4MfNcT9r',#7790,$,$,(#7765),#7789);
#7792=IFCPROPERTYSINGLEVALUE('Total_RS',$,IFCREAL(1250.),$);
#7793=IFCOWNERHISTORY(#3,#4,.READWRITE.,.MODIFIED.,1774189819,#3,#4,1774189819);
#7794=IFCBUILDINGELEMENTPROXY('38vYpAxKb2Khf87P4yNwGG',#7793,'PI_17',$,$,#7808,#7803,$,$);
#7800=IFCCIRCLEPROFILEDEF(.AREA.,$,#30,0.2);
#7801=IFCEXTRUDEDAREASOLID(#7800,#34,#32,0.600000000000001);
#7802=IFCSHAPEREPRESENTATION(#16,'Body','SweptSolid',(#7801));
#7803=IFCPRODUCTDEFINITIONSHAPE($,$,(#7802));
#7804=IFCCARTESIANPOINT((709.796833613655,641.268099353649,62.092));
#7805=IFCDIRECTION((0.,0.,1.));
#7806=IFCDIRECTION((1.,0.,0.));
#7807=IFCAXIS2PLACEMENT3D(#7804,#7805,#7806);
#7808=IFCLOCALPLACEMENT($,#7807);
#7809=IFCOWNERHISTORY(#3,#4,.READWRITE.,.ADDED.,1774189819,#3,#4,1774189819);
#7810=IFCPROPERTYSET('0rihV98ez6UgzXZwYb26Fz',#7809,'PV',$,(#7813,#7814,#7815,#7816));
#7811=IFCOWNERHISTORY(#3,#4,.READWRITE.,.ADDED.,1774189819,#3,#4,1774189819);
#7812=IFCRELDEFINESBYPROPERTIES('2wwm9SoPH8OwmKNiVPNGt7',#7811,$,$,(#7794),#7810);
#7813=IFCPROPERTYSINGLEVALUE('Tipo',$,IFCLABEL('PI'),$);
#7814=IFCPROPERTYSINGLEVALUE('CT',$,IFCREAL(62.692),$);
#7815=IFCPROPERTYSINGLEVALUE('CF',$,IFCREAL(62.092),$);
#7816=IFCPROPERTYSINGLEVALUE('Prof',$,IFCREAL(0.6),$);
#7817=IFCOWNERHISTORY(#3,#4,.READWRITE.,.ADDED.,1774189819,#3,#4,1774189819);
#7818=IFCPROPERTYSET('1PXsQYasj6pvJljPsXqvt5',#7817,'Custo5D',$,(#7821));
#7819=IFCOWNERHISTORY(#3,#4,.READWRITE.,.ADDED.,1774189819,#3,#4,1774189819);
#7820=IFCRELDEFINESBYPROPERTIES('2Q4jJXqwX6jOXcae2bilsM',#7819,$,$,(#7794),#7818);
#7821=IFCPROPERTYSINGLEVALUE('Total_RS',$,IFCREAL(1250.),$);
#7822=IFCOWNERHISTORY(#3,#4,.READWRITE.,.MODIFIED.,1774189819,#3,#4,1774189819);
#7823=IFCBUILDINGELEMENTPROXY('1PWh3XTl5AE8MeZp1q_T1T',#7822,'PI_145',$,$,#7837,#7832,$,$);
#7829=IFCCIRCLEPROFILEDEF(.AREA.,$,#30,0.2);
#7830=IFCEXTRUDEDAREASOLID(#7829,#34,#32,0.599999999999994);
#7831=IFCSHAPEREPRESENTATION(#16,'Body','SweptSolid',(#7830));
#7832=IFCPRODUCTDEFINITIONSHAPE($,$,(#7831));
#7833=IFCCARTESIANPOINT((822.998435071378,640.010678353719,118.022));
#7834=IFCDIRECTION((0.,0.,1.));
#7835=IFCDIRECTION((1.,0.,0.));
#7836=IFCAXIS2PLACEMENT3D(#7833,#7834,#7835);
#7837=IFCLOCALPLACEMENT($,#7836);
#7838=IFCOWNERHISTORY(#3,#4,.READWRITE.,.ADDED.,1774189819,#3,#4,1774189819);
#7839=IFCPROPERTYSET('0S9SpMiwn71hQ7SiLkw9Pi',#7838,'PV',$,(#7842,#7843,#7844,#7845));
#7840=IFCOWNERHISTORY(#3,#4,.READWRITE.,.ADDED.,1774189819,#3,#4,1774189819);
#7841=IFCRELDEFINESBYPROPERTIES('3xQ7ohb7v0ORYq8lyibNfd',#7840,$,$,(#7823),#7839);
#7842=IFCPROPERTYSINGLEVALUE('Tipo',$,IFCLABEL('PI'),$);
#7843=IFCPROPERTYSINGLEVALUE('CT',$,IFCREAL(118.622),$);
#7844=IFCPROPERTYSINGLEVALUE('CF',$,IFCREAL(118.022),$);
#7845=IFCPROPERTYSINGLEVALUE('Prof',$,IFCREAL(0.6),$);
#7846=IFCOWNERHISTORY(#3,#4,.READWRITE.,.ADDED.,1774189819,#3,#4,1774189819);
#7847=IFCPROPERTYSET('3AiZ9xur92ewo1G05kTU9b',#7846,'Custo5D',$,(#7850));
#7848=IFCOWNERHISTORY(#3,#4,.READWRITE.,.ADDED.,1774189819,#3,#4,1774189819);
#7849=IFCRELDEFINESBYPROPERTIES('3rb66dPSDC0w6HLQHr9X_$',#7848,$,$,(#7823),#7847);
#7850=IFCPROPERTYSINGLEVALUE('Total_RS',$,IFCREAL(1250.),$);
#7851=IFCOWNERHISTORY(#3,#4,.READWRITE.,.MODIFIED.,1774189819,#3,#4,1774189819);
#7852=IFCBUILDINGELEMENTPROXY('1M3Moy02j1_fFCSyuVKG64',#7851,'PI_154',$,$,#7866,#7861,$,$);
#7858=IFCCIRCLEPROFILEDEF(.AREA.,$,#30,0.2);
#7859=IFCEXTRUDEDAREASOLID(#7858,#34,#32,0.600000000000009);
#7860=IFCSHAPEREPRESENTATION(#16,'Body','SweptSolid',(#7859));
#7861=IFCPRODUCTDEFINITIONSHAPE($,$,(#7860));
#7862=IFCCARTESIANPOINT((821.553607948415,638.492364069447,116.112));
#7863=IFCDIRECTION((0.,0.,1.));
#7864=IFCDIRECTION((1.,0.,0.));
#7865=IFCAXIS2PLACEMENT3D(#7862,#7863,#7864);
#7866=IFCLOCALPLACEMENT($,#7865);
#7867=IFCOWNERHISTORY(#3,#4,.READWRITE.,.ADDED.,1774189819,#3,#4,1774189819);
#7868=IFCPROPERTYSET('32CdrSjeb4AxyryMFl2AYf',#7867,'PV',$,(#7871,#7872,#7873,#7874));
#7869=IFCOWNERHISTORY(#3,#4,.READWRITE.,.ADDED.,1774189819,#3,#4,1774189819);
#7870=IFCRELDEFINESBYPROPERTIES('2Uak6wCFX2R9ClhhJ0Whh1',#7869,$,$,(#7852),#7868);
#7871=IFCPROPERTYSINGLEVALUE('Tipo',$,IFCLABEL('PI'),$);
#7872=IFCPROPERTYSINGLEVALUE('CT',$,IFCREAL(116.712),$);
#7873=IFCPROPERTYSINGLEVALUE('CF',$,IFCREAL(116.112),$);
#7874=IFCPROPERTYSINGLEVALUE('Prof',$,IFCREAL(0.6),$);
#7875=IFCOWNERHISTORY(#3,#4,.READWRITE.,.ADDED.,1774189819,#3,#4,1774189819);
#7876=IFCPROPERTYSET('0pCvLF5Z96YefYvPiHPGjz',#7875,'Custo5D',$,(#7879));
#7877=IFCOWNERHISTORY(#3,#4,.READWRITE.,.ADDED.,1774189819,#3,#4,1774189819);
#7878=IFCRELDEFINESBYPROPERTIES('376zFSCk5EVg94mZvChfQF',#7877,$,$,(#7852),#7876);
#7879=IFCPROPERTYSINGLEVALUE('Total_RS',$,IFCREAL(1250.),$);
#7880=IFCOWNERHISTORY(#3,#4,.READWRITE.,.MODIFIED.,1774189819,#3,#4,1774189819);
#7881=IFCBUILDINGELEMENTPROXY('3sag_91lrAseMuM2DakEV9',#7880,'PI_155',$,$,#7895,#7890,$,$);
#7887=IFCCIRCLEPROFILEDEF(.AREA.,$,#30,0.2);
#7888=IFCEXTRUDEDAREASOLID(#7887,#34,#32,0.599999999999994);
#7889=IFCSHAPEREPRESENTATION(#16,'Body','SweptSolid',(#7888));
#7890=IFCPRODUCTDEFINITIONSHAPE($,$,(#7889));
#7891=IFCCARTESIANPOINT((812.504566638614,678.968280863017,112.804));
#7892=IFCDIRECTION((0.,0.,1.));
#7893=IFCDIRECTION((1.,0.,0.));
#7894=IFCAXIS2PLACEMENT3D(#7891,#7892,#7893);
#7895=IFCLOCALPLACEMENT($,#7894);
#7896=IFCOWNERHISTORY(#3,#4,.READWRITE.,.ADDED.,1774189819,#3,#4,1774189819);
#7897=IFCPROPERTYSET('2DHFjuS61E7BDCrFTLfB14',#7896,'PV',$,(#7900,#7901,#7902,#7903));
#7898=IFCOWNERHISTORY(#3,#4,.READWRITE.,.ADDED.,1774189819,#3,#4,1774189819);
#7899=IFCRELDEFINESBYPROPERTIES('2NpQlaMfTBCwCFSM5nzt7h',#7898,$,$,(#7881),#7897);
#7900=IFCPROPERTYSINGLEVALUE('Tipo',$,IFCLABEL('PI'),$);
#7901=IFCPROPERTYSINGLEVALUE('CT',$,IFCREAL(113.404),$);
#7902=IFCPROPERTYSINGLEVALUE('CF',$,IFCREAL(112.804),$);
#7903=IFCPROPERTYSINGLEVALUE('Prof',$,IFCREAL(0.6),$);
#7904=IFCOWNERHISTORY(#3,#4,.READWRITE.,.ADDED.,1774189819,#3,#4,1774189819);
#7905=IFCPROPERTYSET('22DYHpT8j7hAzPzXQKACFc',#7904,'Custo5D',$,(#7908));
#7906=IFCOWNERHISTORY(#3,#4,.READWRITE.,.ADDED.,1774189819,#3,#4,1774189819);
#7907=IFCRELDEFINESBYPROPERTIES('3e5YceOWrEM91TdlYaZDZd',#7906,$,$,(#7881),#7905);
#7908=IFCPROPERTYSINGLEVALUE('Total_RS',$,IFCREAL(1250.),$);
#7909=IFCOWNERHISTORY(#3,#4,.READWRITE.,.MODIFIED.,1774189819,#3,#4,1774189819);
#7910=IFCBUILDINGELEMENTPROXY('39$tsctPn63vtG5CX0ZAbz',#7909,'PI_149',$,$,#7924,#7919,$,$);
#7916=IFCCIRCLEPROFILEDEF(.AREA.,$,#30,0.2);
#7917=IFCEXTRUDEDAREASOLID(#7916,#34,#32,0.600000000000009);
#7918=IFCSHAPEREPRESENTATION(#16,'Body','SweptSolid',(#7917));
#7919=IFCPRODUCTDEFINITIONSHAPE($,$,(#7918));
#7920=IFCCARTESIANPOINT((812.208936604846,681.307807366364,110.577));
#7921=IFCDIRECTION((0.,0.,1.));
#7922=IFCDIRECTION((1.,0.,0.));
#7923=IFCAXIS2PLACEMENT3D(#7920,#7921,#7922);
#7924=IFCLOCALPLACEMENT($,#7923);
#7925=IFCOWNERHISTORY(#3,#4,.READWRITE.,.ADDED.,1774189819,#3,#4,1774189819);
#7926=IFCPROPERTYSET('2lNpthH5L9aOa4LtReAQeT',#7925,'PV',$,(#7929,#7930,#7931,#7932));
#7927=IFCOWNERHISTORY(#3,#4,.READWRITE.,.ADDED.,1774189819,#3,#4,1774189819);
#7928=IFCRELDEFINESBYPROPERTIES('1g$WoDk$14a9VYLIub0mI8',#7927,$,$,(#7910),#7926);
#7929=IFCPROPERTYSINGLEVALUE('Tipo',$,IFCLABEL('PI'),$);
#7930=IFCPROPERTYSINGLEVALUE('CT',$,IFCREAL(111.177),$);
#7931=IFCPROPERTYSINGLEVALUE('CF',$,IFCREAL(110.577),$);
#7932=IFCPROPERTYSINGLEVALUE('Prof',$,IFCREAL(0.6),$);
#7933=IFCOWNERHISTORY(#3,#4,.READWRITE.,.ADDED.,1774189819,#3,#4,1774189819);
#7934=IFCPROPERTYSET('3CuI46pfH3FAVh_YUzVlYV',#7933,'Custo5D',$,(#7937));
#7935=IFCOWNERHISTORY(#3,#4,.READWRITE.,.ADDED.,1774189819,#3,#4,1774189819);
#7936=IFCRELDEFINESBYPROPERTIES('2TBYriNLT3eAzg2AGdmzL$',#7935,$,$,(#7910),#7934);
#7937=IFCPROPERTYSINGLEVALUE('Total_RS',$,IFCREAL(1250.),$);
#7938=IFCOWNERHISTORY(#3,#4,.READWRITE.,.MODIFIED.,1774189819,#3,#4,1774189819);
#7939=IFCBUILDINGELEMENTPROXY('1bm9Pac$5AquPU6aL8u$F1',#7938,'PI_148',$,$,#7953,#7948,$,$);
#7945=IFCCIRCLEPROFILEDEF(.AREA.,$,#30,0.2);
#7946=IFCEXTRUDEDAREASOLID(#7945,#34,#32,0.600000000000009);
#7947=IFCSHAPEREPRESENTATION(#16,'Body','SweptSolid',(#7946));
#7948=IFCPRODUCTDEFINITIONSHAPE($,$,(#7947));
#7949=IFCCARTESIANPOINT((813.521903931745,695.299132361077,112.961));
#7950=IFCDIRECTION((0.,0.,1.));
#7951=IFCDIRECTION((1.,0.,0.));
#7952=IFCAXIS2PLACEMENT3D(#7949,#7950,#7951);
#7953=IFCLOCALPLACEMENT($,#7952);
#7954=IFCOWNERHISTORY(#3,#4,.READWRITE.,.ADDED.,1774189819,#3,#4,1774189819);
#7955=IFCPROPERTYSET('0xtjtYeIL7gg$YFbN_VYvl',#7954,'PV',$,(#7958,#7959,#7960,#7961));
#7956=IFCOWNERHISTORY(#3,#4,.READWRITE.,.ADDED.,1774189819,#3,#4,1774189819);
#7957=IFCRELDEFINESBYPROPERTIES('2OriHn1rf9QPLxiyQ62mCv',#7956,$,$,(#7939),#7955);
#7958=IFCPROPERTYSINGLEVALUE('Tipo',$,IFCLABEL('PI'),$);
#7959=IFCPROPERTYSINGLEVALUE('CT',$,IFCREAL(113.561),$);
#7960=IFCPROPERTYSINGLEVALUE('CF',$,IFCREAL(112.961),$);
#7961=IFCPROPERTYSINGLEVALUE('Prof',$,IFCREAL(0.6),$);
#7962=IFCOWNERHISTORY(#3,#4,.READWRITE.,.ADDED.,1774189819,#3,#4,1774189819);
#7963=IFCPROPERTYSET('0qJtUVghrFphiCQdxppF4W',#7962,'Custo5D',$,(#7966));
#7964=IFCOWNERHISTORY(#3,#4,.READWRITE.,.ADDED.,1774189819,#3,#4,1774189819);
#7965=IFCRELDEFINESBYPROPERTIES('3jUfPHBW59gBdAiVf6sxmj',#7964,$,$,(#7939),#7963);
#7966=IFCPROPERTYSINGLEVALUE('Total_RS',$,IFCREAL(1250.),$);
#7967=IFCOWNERHISTORY(#3,#4,.READWRITE.,.MODIFIED.,1774189819,#3,#4,1774189819);
#7968=IFCBUILDINGELEMENTPROXY('0QWLXLuvP7nAA2gZNPVsYG',#7967,'PI_156',$,$,#7982,#7977,$,$);
#7974=IFCCIRCLEPROFILEDEF(.AREA.,$,#30,0.2);
#7975=IFCEXTRUDEDAREASOLID(#7974,#34,#32,0.599999999999994);
#7976=IFCSHAPEREPRESENTATION(#16,'Body','SweptSolid',(#7975));
#7977=IFCPRODUCTDEFINITIONSHAPE($,$,(#7976));
#7978=IFCCARTESIANPOINT((829.619070067303,674.034863900393,119.081));
#7979=IFCDIRECTION((0.,0.,1.));
#7980=IFCDIRECTION((1.,0.,0.));
#7981=IFCAXIS2PLACEMENT3D(#7978,#7979,#7980);
#7982=IFCLOCALPLACEMENT($,#7981);
#7983=IFCOWNERHISTORY(#3,#4,.READWRITE.,.ADDED.,1774189819,#3,#4,1774189819);
#7984=IFCPROPERTYSET('31E_bZHyP7p9vczXD9YNpG',#7983,'PV',$,(#7987,#7988,#7989,#7990));
#7985=IFCOWNERHISTORY(#3,#4,.READWRITE.,.ADDED.,1774189819,#3,#4,1774189819);
#7986=IFCRELDEFINESBYPROPERTIES('25UPzT2sP84v2piDhKYF7s',#7985,$,$,(#7968),#7984);
#7987=IFCPROPERTYSINGLEVALUE('Tipo',$,IFCLABEL('PI'),$);
#7988=IFCPROPERTYSINGLEVALUE('CT',$,IFCREAL(119.681),$);
#7989=IFCPROPERTYSINGLEVALUE('CF',$,IFCREAL(119.081),$);
#7990=IFCPROPERTYSINGLEVALUE('Prof',$,IFCREAL(0.6),$);
#7991=IFCOWNERHISTORY(#3,#4,.READWRITE.,.ADDED.,1774189819,#3,#4,1774189819);
#7992=IFCPROPERTYSET('0cxse1v_L3VhAaL$fDjHMG',#7991,'Custo5D',$,(#7995));
#7993=IFCOWNERHISTORY(#3,#4,.READWRITE.,.ADDED.,1774189819,#3,#4,1774189819);
#7994=IFCRELDEFINESBYPROPERTIES('0sW$Ziq0b7Ku_IEYCVVyuG',#7993,$,$,(#7968),#7992);
#7995=IFCPROPERTYSINGLEVALUE('Total_RS',$,IFCREAL(1250.),$);
#7996=IFCOWNERHISTORY(#3,#4,.READWRITE.,.MODIFIED.,1774189819,#3,#4,1774189819);
#7997=IFCBUILDINGELEMENTPROXY('3HWrPxPIbCUgtjhmdqkCl1',#7996,'PI_122',$,$,#8011,#8006,$,$);
#8003=IFCCIRCLEPROFILEDEF(.AREA.,$,#30,0.2);
#8004=IFCEXTRUDEDAREASOLID(#8003,#34,#32,0.599999999999994);
#8005=IFCSHAPEREPRESENTATION(#16,'Body','SweptSolid',(#8004));
#8006=IFCPRODUCTDEFINITIONSHAPE($,$,(#8005));
#8007=IFCCARTESIANPOINT((726.518647288613,527.370082657784,57.06));
#8008=IFCDIRECTION((0.,0.,1.));
#8009=IFCDIRECTION((1.,0.,0.));
#8010=IFCAXIS2PLACEMENT3D(#8007,#8008,#8009);
#8011=IFCLOCALPLACEMENT($,#8010);
#8012=IFCOWNERHISTORY(#3,#4,.READWRITE.,.ADDED.,1774189819,#3,#4,1774189819);
#8013=IFCPROPERTYSET('0adVeC62L9dxBbafcGj4QY',#8012,'PV',$,(#8016,#8017,#8018,#8019));
#8014=IFCOWNERHISTORY(#3,#4,.READWRITE.,.ADDED.,1774189819,#3,#4,1774189819);
#8015=IFCRELDEFINESBYPROPERTIES('0jQDV5hiXC5OssCsQW6KAc',#8014,$,$,(#7997),#8013);
#8016=IFCPROPERTYSINGLEVALUE('Tipo',$,IFCLABEL('PI'),$);
#8017=IFCPROPERTYSINGLEVALUE('CT',$,IFCREAL(57.66),$);
#8018=IFCPROPERTYSINGLEVALUE('CF',$,IFCREAL(57.06),$);
#8019=IFCPROPERTYSINGLEVALUE('Prof',$,IFCREAL(0.6),$);
#8020=IFCOWNERHISTORY(#3,#4,.READWRITE.,.ADDED.,1774189819,#3,#4,1774189819);
#8021=IFCPROPERTYSET('3nG4noSIfCZwc_rfCEXV3k',#8020,'Custo5D',$,(#8024));
#8022=IFCOWNERHISTORY(#3,#4,.READWRITE.,.ADDED.,1774189819,#3,#4,1774189819);
#8023=IFCRELDEFINESBYPROPERTIES('2n7ZrQIsLAbRbc_ApbKU4g',#8022,$,$,(#7997),#8021);
#8024=IFCPROPERTYSINGLEVALUE('Total_RS',$,IFCREAL(1250.),$);
#8025=IFCOWNERHISTORY(#3,#4,.READWRITE.,.MODIFIED.,1774189819,#3,#4,1774189819);
#8026=IFCBUILDINGELEMENTPROXY('36UCwPlcH4ZQJCs_3Svsl3',#8025,'PI_50',$,$,#8040,#8035,$,$);
#8032=IFCCIRCLEPROFILEDEF(.AREA.,$,#30,0.2);
#8033=IFCEXTRUDEDAREASOLID(#8032,#34,#32,0.600000000000001);
#8034=IFCSHAPEREPRESENTATION(#16,'Body','SweptSolid',(#8033));
#8035=IFCPRODUCTDEFINITIONSHAPE($,$,(#8034));
#8036=IFCCARTESIANPOINT((591.560996434651,498.688970203511,32.629));
#8037=IFCDIRECTION((0.,0.,1.));
#8038=IFCDIRECTION((1.,0.,0.));
#8039=IFCAXIS2PLACEMENT3D(#8036,#8037,#8038);
#8040=IFCLOCALPLACEMENT($,#8039);
#8041=IFCOWNERHISTORY(#3,#4,.READWRITE.,.ADDED.,1774189819,#3,#4,1774189819);
#8042=IFCPROPERTYSET('3fwBGCzyj4C9xdctryJu7z',#8041,'PV',$,(#8045,#8046,#8047,#8048));
#8043=IFCOWNERHISTORY(#3,#4,.READWRITE.,.ADDED.,1774189819,#3,#4,1774189819);
#8044=IFCRELDEFINESBYPROPERTIES('259Z5Uj_L56ANVNhJX4kL_',#8043,$,$,(#8026),#8042);
#8045=IFCPROPERTYSINGLEVALUE('Tipo',$,IFCLABEL('PI'),$);
#8046=IFCPROPERTYSINGLEVALUE('CT',$,IFCREAL(33.229),$);
#8047=IFCPROPERTYSINGLEVALUE('CF',$,IFCREAL(32.629),$);
#8048=IFCPROPERTYSINGLEVALUE('Prof',$,IFCREAL(0.6),$);
#8049=IFCOWNERHISTORY(#3,#4,.READWRITE.,.ADDED.,1774189819,#3,#4,1774189819);
#8050=IFCPROPERTYSET('39vdE13OX9VBxs4CgKyZ3i',#8049,'Custo5D',$,(#8053));
#8051=IFCOWNERHISTORY(#3,#4,.READWRITE.,.ADDED.,1774189819,#3,#4,1774189819);
#8052=IFCRELDEFINESBYPROPERTIES('2FJhx2qBP29R9YtA840D3p',#8051,$,$,(#8026),#8050);
#8053=IFCPROPERTYSINGLEVALUE('Total_RS',$,IFCREAL(1250.),$);
#8054=IFCOWNERHISTORY(#3,#4,.READWRITE.,.MODIFIED.,1774189819,#3,#4,1774189819);
#8055=IFCBUILDINGELEMENTPROXY('3x$FVN9AnBDxq3coDpjMzn',#8054,'PI_64',$,$,#8069,#8064,$,$);
#8061=IFCCIRCLEPROFILEDEF(.AREA.,$,#30,0.2);
#8062=IFCEXTRUDEDAREASOLID(#8061,#34,#32,0.600000000000001);
#8063=IFCSHAPEREPRESENTATION(#16,'Body','SweptSolid',(#8062));
#8064=IFCPRODUCTDEFINITIONSHAPE($,$,(#8063));
#8065=IFCCARTESIANPOINT((592.424742414209,500.923711728305,41.939));
#8066=IFCDIRECTION((0.,0.,1.));
#8067=IFCDIRECTION((1.,0.,0.));
#8068=IFCAXIS2PLACEMENT3D(#8065,#8066,#8067);
#8069=IFCLOCALPLACEMENT($,#8068);
#8070=IFCOWNERHISTORY(#3,#4,.READWRITE.,.ADDED.,1774189819,#3,#4,1774189819);
#8071=IFCPROPERTYSET('0oOx6PQ1v16BgTECMCPAY5',#8070,'PV',$,(#8074,#8075,#8076,#8077));
#8072=IFCOWNERHISTORY(#3,#4,.READWRITE.,.ADDED.,1774189819,#3,#4,1774189819);
#8073=IFCRELDEFINESBYPROPERTIES('2Rp9Do4HzF49jNeIcertH1',#8072,$,$,(#8055),#8071);
#8074=IFCPROPERTYSINGLEVALUE('Tipo',$,IFCLABEL('PI'),$);
#8075=IFCPROPERTYSINGLEVALUE('CT',$,IFCREAL(42.539),$);
#8076=IFCPROPERTYSINGLEVALUE('CF',$,IFCREAL(41.939),$);
#8077=IFCPROPERTYSINGLEVALUE('Prof',$,IFCREAL(0.6),$);
#8078=IFCOWNERHISTORY(#3,#4,.READWRITE.,.ADDED.,1774189819,#3,#4,1774189819);
#8079=IFCPROPERTYSET('10NXpyhsjFdP_jRz2N8wSA',#8078,'Custo5D',$,(#8082));
#8080=IFCOWNERHISTORY(#3,#4,.READWRITE.,.ADDED.,1774189819,#3,#4,1774189819);
#8081=IFCRELDEFINESBYPROPERTIES('01GlP$tB1CGOm$O806Y4Bl',#8080,$,$,(#8055),#8079);
#8082=IFCPROPERTYSINGLEVALUE('Total_RS',$,IFCREAL(1250.),$);
#8083=IFCOWNERHISTORY(#3,#4,.READWRITE.,.MODIFIED.,1774189819,#3,#4,1774189819);
#8084=IFCBUILDINGELEMENTPROXY('0TzZuhG0j6je8sLSs1M4wY',#8083,'PI_06',$,$,#8098,#8093,$,$);
#8090=IFCCIRCLEPROFILEDEF(.AREA.,$,#30,0.2);
#8091=IFCEXTRUDEDAREASOLID(#8090,#34,#32,0.599999999999998);
#8092=IFCSHAPEREPRESENTATION(#16,'Body','SweptSolid',(#8091));
#8093=IFCPRODUCTDEFINITIONSHAPE($,$,(#8092));
#8094=IFCCARTESIANPOINT((564.354568555078,537.907605244778,21.323));
#8095=IFCDIRECTION((0.,0.,1.));
#8096=IFCDIRECTION((1.,0.,0.));
#8097=IFCAXIS2PLACEMENT3D(#8094,#8095,#8096);
#8098=IFCLOCALPLACEMENT($,#8097);
#8099=IFCOWNERHISTORY(#3,#4,.READWRITE.,.ADDED.,1774189819,#3,#4,1774189819);
#8100=IFCPROPERTYSET('0usEWk8zX5Qvgcqn28P9O0',#8099,'PV',$,(#8103,#8104,#8105,#8106));
#8101=IFCOWNERHISTORY(#3,#4,.READWRITE.,.ADDED.,1774189819,#3,#4,1774189819);
#8102=IFCRELDEFINESBYPROPERTIES('0HUphs9oH7TAk9Xz38p4DF',#8101,$,$,(#8084),#8100);
#8103=IFCPROPERTYSINGLEVALUE('Tipo',$,IFCLABEL('PI'),$);
#8104=IFCPROPERTYSINGLEVALUE('CT',$,IFCREAL(21.923),$);
#8105=IFCPROPERTYSINGLEVALUE('CF',$,IFCREAL(21.323),$);
#8106=IFCPROPERTYSINGLEVALUE('Prof',$,IFCREAL(0.6),$);
#8107=IFCOWNERHISTORY(#3,#4,.READWRITE.,.ADDED.,1774189819,#3,#4,1774189819);
#8108=IFCPROPERTYSET('2sWi9iyMz0vh5Z$Cs$Y1BA',#8107,'Custo5D',$,(#8111));
#8109=IFCOWNERHISTORY(#3,#4,.READWRITE.,.ADDED.,1774189819,#3,#4,1774189819);
#8110=IFCRELDEFINESBYPROPERTIES('1s6gHcCFn2YxX$h2e2b7TM',#8109,$,$,(#8084),#8108);
#8111=IFCPROPERTYSINGLEVALUE('Total_RS',$,IFCREAL(1250.),$);
#8112=IFCOWNERHISTORY(#3,#4,.READWRITE.,.MODIFIED.,1774189819,#3,#4,1774189819);
#8113=IFCBUILDINGELEMENTPROXY('07pIQIdmr45uAg13T4KJC5',#8112,'PI_96',$,$,#8127,#8122,$,$);
#8119=IFCCIRCLEPROFILEDEF(.AREA.,$,#30,0.2);
#8120=IFCEXTRUDEDAREASOLID(#8119,#34,#32,0.800000000000001);
#8121=IFCSHAPEREPRESENTATION(#16,'Body','SweptSolid',(#8120));
#8122=IFCPRODUCTDEFINITIONSHAPE($,$,(#8121));
#8123=IFCCARTESIANPOINT((580.512406626891,524.486963859759,27.487));
#8124=IFCDIRECTION((0.,0.,1.));
#8125=IFCDIRECTION((1.,0.,0.));
#8126=IFCAXIS2PLACEMENT3D(#8123,#8124,#8125);
#8127=IFCLOCALPLACEMENT($,#8126);
#8128=IFCOWNERHISTORY(#3,#4,.READWRITE.,.ADDED.,1774189819,#3,#4,1774189819);
#8129=IFCPROPERTYSET('1ojQw6gXj65eLT13BTPz0c',#8128,'PV',$,(#8132,#8133,#8134,#8135));
#8130=IFCOWNERHISTORY(#3,#4,.READWRITE.,.ADDED.,1774189819,#3,#4,1774189819);
#8131=IFCRELDEFINESBYPROPERTIES('3mCiwbjx52UAvNKCLn7E9Q',#8130,$,$,(#8113),#8129);
#8132=IFCPROPERTYSINGLEVALUE('Tipo',$,IFCLABEL('PI'),$);
#8133=IFCPROPERTYSINGLEVALUE('CT',$,IFCREAL(28.287),$);
#8134=IFCPROPERTYSINGLEVALUE('CF',$,IFCREAL(27.487),$);
#8135=IFCPROPERTYSINGLEVALUE('Prof',$,IFCREAL(0.8),$);
#8136=IFCOWNERHISTORY(#3,#4,.READWRITE.,.ADDED.,1774189819,#3,#4,1774189819);
#8137=IFCPROPERTYSET('3yyeaIGSf3LegjveOKz95G',#8136,'Custo5D',$,(#8140));
#8138=IFCOWNERHISTORY(#3,#4,.READWRITE.,.ADDED.,1774189819,#3,#4,1774189819);
#8139=IFCRELDEFINESBYPROPERTIES('3CCqWjSDTE3x39$WcABSuK',#8138,$,$,(#8113),#8137);
#8140=IFCPROPERTYSINGLEVALUE('Total_RS',$,IFCREAL(1250.),$);
#8141=IFCOWNERHISTORY(#3,#4,.READWRITE.,.MODIFIED.,1774189819,#3,#4,1774189819);
#8142=IFCBUILDINGELEMENTPROXY('1C7wgSFsXF2B1szxzllyNp',#8141,'PI_95',$,$,#8156,#8151,$,$);
#8148=IFCCIRCLEPROFILEDEF(.AREA.,$,#30,0.2);
#8149=IFCEXTRUDEDAREASOLID(#8148,#34,#32,0.600000000000001);
#8150=IFCSHAPEREPRESENTATION(#16,'Body','SweptSolid',(#8149));
#8151=IFCPRODUCTDEFINITIONSHAPE($,$,(#8150));
#8152=IFCCARTESIANPOINT((571.124004966812,522.306763588451,24.037));
#8153=IFCDIRECTION((0.,0.,1.));
#8154=IFCDIRECTION((1.,0.,0.));
#8155=IFCAXIS2PLACEMENT3D(#8152,#8153,#8154);
#8156=IFCLOCALPLACEMENT($,#8155);
#8157=IFCOWNERHISTORY(#3,#4,.READWRITE.,.ADDED.,1774189819,#3,#4,1774189819);
#8158=IFCPROPERTYSET('1Pa_lb5QX7dwUQlbi$gMFA',#8157,'PV',$,(#8161,#8162,#8163,#8164));
#8159=IFCOWNERHISTORY(#3,#4,.READWRITE.,.ADDED.,1774189819,#3,#4,1774189819);
#8160=IFCRELDEFINESBYPROPERTIES('0XXNq2evv6w9x7Ch75JHE5',#8159,$,$,(#8142),#8158);
#8161=IFCPROPERTYSINGLEVALUE('Tipo',$,IFCLABEL('PI'),$);
#8162=IFCPROPERTYSINGLEVALUE('CT',$,IFCREAL(24.637),$);
#8163=IFCPROPERTYSINGLEVALUE('CF',$,IFCREAL(24.037),$);
#8164=IFCPROPERTYSINGLEVALUE('Prof',$,IFCREAL(0.6),$);
#8165=IFCOWNERHISTORY(#3,#4,.READWRITE.,.ADDED.,1774189819,#3,#4,1774189819);
#8166=IFCPROPERTYSET('2kv9NAEQL8XfJQXZ9mRaVe',#8165,'Custo5D',$,(#8169));
#8167=IFCOWNERHISTORY(#3,#4,.READWRITE.,.ADDED.,1774189819,#3,#4,1774189819);
#8168=IFCRELDEFINESBYPROPERTIES('06nm8grNPE2fGRPYDyhYtA',#8167,$,$,(#8142),#8166);
#8169=IFCPROPERTYSINGLEVALUE('Total_RS',$,IFCREAL(1250.),$);
#8170=IFCOWNERHISTORY(#3,#4,.READWRITE.,.MODIFIED.,1774189819,#3,#4,1774189819);
#8171=IFCBUILDINGELEMENTPROXY('2liDHUSLTCRho1V3dO3Cib',#8170,'PI_97',$,$,#8185,#8180,$,$);
#8177=IFCCIRCLEPROFILEDEF(.AREA.,$,#30,0.2);
#8178=IFCEXTRUDEDAREASOLID(#8177,#34,#32,0.600000000000001);
#8179=IFCSHAPEREPRESENTATION(#16,'Body','SweptSolid',(#8178));
#8180=IFCPRODUCTDEFINITIONSHAPE($,$,(#8179));
#8181=IFCCARTESIANPOINT((579.508869623241,511.657925115898,27.691));
#8182=IFCDIRECTION((0.,0.,1.));
#8183=IFCDIRECTION((1.,0.,0.));
#8184=IFCAXIS2PLACEMENT3D(#8181,#8182,#8183);
#8185=IFCLOCALPLACEMENT($,#8184);
#8186=IFCOWNERHISTORY(#3,#4,.READWRITE.,.ADDED.,1774189819,#3,#4,1774189819);
#8187=IFCPROPERTYSET('2RLKXWeSn7rfEWS5O9uhnw',#8186,'PV',$,(#8190,#8191,#8192,#8193));
#8188=IFCOWNERHISTORY(#3,#4,.READWRITE.,.ADDED.,1774189819,#3,#4,1774189819);
#8189=IFCRELDEFINESBYPROPERTIES('1sKEBo$NzEoOVgy4jadC0N',#8188,$,$,(#8171),#8187);
#8190=IFCPROPERTYSINGLEVALUE('Tipo',$,IFCLABEL('PI'),$);
#8191=IFCPROPERTYSINGLEVALUE('CT',$,IFCREAL(28.291),$);
#8192=IFCPROPERTYSINGLEVALUE('CF',$,IFCREAL(27.691),$);
#8193=IFCPROPERTYSINGLEVALUE('Prof',$,IFCREAL(0.6),$);
#8194=IFCOWNERHISTORY(#3,#4,.READWRITE.,.ADDED.,1774189819,#3,#4,1774189819);
#8195=IFCPROPERTYSET('1EBRCJ0wPB9BThCxihtwNk',#8194,'Custo5D',$,(#8198));
#8196=IFCOWNERHISTORY(#3,#4,.READWRITE.,.ADDED.,1774189819,#3,#4,1774189819);
#8197=IFCRELDEFINESBYPROPERTIES('0_GC13wb54Mw5hGL123WMw',#8196,$,$,(#8171),#8195);
#8198=IFCPROPERTYSINGLEVALUE('Total_RS',$,IFCREAL(1250.),$);
#8199=IFCOWNERHISTORY(#3,#4,.READWRITE.,.MODIFIED.,1774189819,#3,#4,1774189819);
#8200=IFCBUILDINGELEMENTPROXY('0o73G7mWj3jOWffUp6yIH4',#8199,'PI_72',$,$,#8214,#8209,$,$);
#8206=IFCCIRCLEPROFILEDEF(.AREA.,$,#30,0.2);
#8207=IFCEXTRUDEDAREASOLID(#8206,#34,#32,0.6);
#8208=IFCSHAPEREPRESENTATION(#16,'Body','SweptSolid',(#8207));
#8209=IFCPRODUCTDEFINITIONSHAPE($,$,(#8208));
#8210=IFCCARTESIANPOINT((536.823025679099,423.750735272653,12.086));
#8211=IFCDIRECTION((0.,0.,1.));
#8212=IFCDIRECTION((1.,0.,0.));
#8213=IFCAXIS2PLACEMENT3D(#8210,#8211,#8212);
#8214=IFCLOCALPLACEMENT($,#8213);
#8215=IFCOWNERHISTORY(#3,#4,.READWRITE.,.ADDED.,1774189819,#3,#4,1774189819);
#8216=IFCPROPERTYSET('3BdlSS$Nr309VkiZJwWBSq',#8215,'PV',$,(#8219,#8220,#8221,#8222));
#8217=IFCOWNERHISTORY(#3,#4,.READWRITE.,.ADDED.,1774189819,#3,#4,1774189819);
#8218=IFCRELDEFINESBYPROPERTIES('0K5MoHTF52yvNqpLYmyO2w',#8217,$,$,(#8200),#8216);
#8219=IFCPROPERTYSINGLEVALUE('Tipo',$,IFCLABEL('PI'),$);
#8220=IFCPROPERTYSINGLEVALUE('CT',$,IFCREAL(12.686),$);
#8221=IFCPROPERTYSINGLEVALUE('CF',$,IFCREAL(12.086),$);
#8222=IFCPROPERTYSINGLEVALUE('Prof',$,IFCREAL(0.6),$);
#8223=IFCOWNERHISTORY(#3,#4,.READWRITE.,.ADDED.,1774189819,#3,#4,1774189819);
#8224=IFCPROPERTYSET('3dVqqVmg58YAMKJiSbzGd$',#8223,'Custo5D',$,(#8227));
#8225=IFCOWNERHISTORY(#3,#4,.READWRITE.,.ADDED.,1774189819,#3,#4,1774189819);
#8226=IFCRELDEFINESBYPROPERTIES('3c_b1FC5P5jA4Nl8t4GCao',#8225,$,$,(#8200),#8224);
#8227=IFCPROPERTYSINGLEVALUE('Total_RS',$,IFCREAL(1250.),$);
#8228=IFCOWNERHISTORY(#3,#4,.READWRITE.,.MODIFIED.,1774189819,#3,#4,1774189819);
#8229=IFCBUILDINGELEMENTPROXY('2hbdki5Jv4JPLgGpC1UsRh',#8228,'PI_74',$,$,#8243,#8238,$,$);
#8235=IFCCIRCLEPROFILEDEF(.AREA.,$,#30,0.2);
#8236=IFCEXTRUDEDAREASOLID(#8235,#34,#32,0.6);
#8237=IFCSHAPEREPRESENTATION(#16,'Body','SweptSolid',(#8236));
#8238=IFCPRODUCTDEFINITIONSHAPE($,$,(#8237));
#8239=IFCCARTESIANPOINT((534.688823832606,422.663097297773,4.702));
#8240=IFCDIRECTION((0.,0.,1.));
#8241=IFCDIRECTION((1.,0.,0.));
#8242=IFCAXIS2PLACEMENT3D(#8239,#8240,#8241);
#8243=IFCLOCALPLACEMENT($,#8242);
#8244=IFCOWNERHISTORY(#3,#4,.READWRITE.,.ADDED.,1774189819,#3,#4,1774189819);
#8245=IFCPROPERTYSET('1T126SlmD57Q1JxOQOg9U1',#8244,'PV',$,(#8248,#8249,#8250,#8251));
#8246=IFCOWNERHISTORY(#3,#4,.READWRITE.,.ADDED.,1774189819,#3,#4,1774189819);
#8247=IFCRELDEFINESBYPROPERTIES('3Gw0ZJ1n112O4LdS4mN0d1',#8246,$,$,(#8229),#8245);
#8248=IFCPROPERTYSINGLEVALUE('Tipo',$,IFCLABEL('PI'),$);
#8249=IFCPROPERTYSINGLEVALUE('CT',$,IFCREAL(5.302),$);
#8250=IFCPROPERTYSINGLEVALUE('CF',$,IFCREAL(4.702),$);
#8251=IFCPROPERTYSINGLEVALUE('Prof',$,IFCREAL(0.6),$);
#8252=IFCOWNERHISTORY(#3,#4,.READWRITE.,.ADDED.,1774189819,#3,#4,1774189819);
#8253=IFCPROPERTYSET('2cnqAuker1u9a7XQTzRTW7',#8252,'Custo5D',$,(#8256));
#8254=IFCOWNERHISTORY(#3,#4,.READWRITE.,.ADDED.,1774189819,#3,#4,1774189819);
#8255=IFCRELDEFINESBYPROPERTIES('1SrNfDVFb8VePQWzB7Jakg',#8254,$,$,(#8229),#8253);
#8256=IFCPROPERTYSINGLEVALUE('Total_RS',$,IFCREAL(1250.),$);
#8257=IFCOWNERHISTORY(#3,#4,.READWRITE.,.MODIFIED.,1774189819,#3,#4,1774189819);
#8258=IFCBUILDINGELEMENTPROXY('2NIvRiCVX5I9PLga53pUaI',#8257,'PI_92',$,$,#8272,#8267,$,$);
#8264=IFCCIRCLEPROFILEDEF(.AREA.,$,#30,0.2);
#8265=IFCEXTRUDEDAREASOLID(#8264,#34,#32,0.600000000000001);
#8266=IFCSHAPEREPRESENTATION(#16,'Body','SweptSolid',(#8265));
#8267=IFCPRODUCTDEFINITIONSHAPE($,$,(#8266));
#8268=IFCCARTESIANPOINT((500.204013543203,428.340270362794,4.18));
#8269=IFCDIRECTION((0.,0.,1.));
#8270=IFCDIRECTION((1.,0.,0.));
#8271=IFCAXIS2PLACEMENT3D(#8268,#8269,#8270);
#8272=IFCLOCALPLACEMENT($,#8271);
#8273=IFCOWNERHISTORY(#3,#4,.READWRITE.,.ADDED.,1774189819,#3,#4,1774189819);
#8274=IFCPROPERTYSET('1dqd0QIrf9gQ1fSL4vSlvI',#8273,'PV',$,(#8277,#8278,#8279,#8280));
#8275=IFCOWNERHISTORY(#3,#4,.READWRITE.,.ADDED.,1774189819,#3,#4,1774189819);
#8276=IFCRELDEFINESBYPROPERTIES('0s9t20oOH3fua9qC$QJ$vO',#8275,$,$,(#8258),#8274);
#8277=IFCPROPERTYSINGLEVALUE('Tipo',$,IFCLABEL('PI'),$);
#8278=IFCPROPERTYSINGLEVALUE('CT',$,IFCREAL(4.78),$);
#8279=IFCPROPERTYSINGLEVALUE('CF',$,IFCREAL(4.18),$);
#8280=IFCPROPERTYSINGLEVALUE('Prof',$,IFCREAL(0.6),$);
#8281=IFCOWNERHISTORY(#3,#4,.READWRITE.,.ADDED.,1774189819,#3,#4,1774189819);
#8282=IFCPROPERTYSET('1IGDkD1Z56VwnbqBOXPb0x',#8281,'Custo5D',$,(#8285));
#8283=IFCOWNERHISTORY(#3,#4,.READWRITE.,.ADDED.,1774189819,#3,#4,1774189819);
#8284=IFCRELDEFINESBYPROPERTIES('0kRwnTfFzA8uzvvC4YU8QK',#8283,$,$,(#8258),#8282);
#8285=IFCPROPERTYSINGLEVALUE('Total_RS',$,IFCREAL(1250.),$);
#8286=IFCOWNERHISTORY(#3,#4,.READWRITE.,.MODIFIED.,1774189819,#3,#4,1774189819);
#8287=IFCBUILDINGELEMENTPROXY('22ClLLgOz5OA221Ib3IG5Y',#8286,'PI_93',$,$,#8301,#8296,$,$);
#8293=IFCCIRCLEPROFILEDEF(.AREA.,$,#30,0.2);
#8294=IFCEXTRUDEDAREASOLID(#8293,#34,#32,0.600000000000001);
#8295=IFCSHAPEREPRESENTATION(#16,'Body','SweptSolid',(#8294));
#8296=IFCPRODUCTDEFINITIONSHAPE($,$,(#8295));
#8297=IFCCARTESIANPOINT((501.331997185247,426.372786152177,6.762));
#8298=IFCDIRECTION((0.,0.,1.));
#8299=IFCDIRECTION((1.,0.,0.));
#8300=IFCAXIS2PLACEMENT3D(#8297,#8298,#8299);
#8301=IFCLOCALPLACEMENT($,#8300);
#8302=IFCOWNERHISTORY(#3,#4,.READWRITE.,.ADDED.,1774189819,#3,#4,1774189819);
#8303=IFCPROPERTYSET('36y754_i9B3uhsoam0LuwI',#8302,'PV',$,(#8306,#8307,#8308,#8309));
#8304=IFCOWNERHISTORY(#3,#4,.READWRITE.,.ADDED.,1774189819,#3,#4,1774189819);
#8305=IFCRELDEFINESBYPROPERTIES('2spglPOdz7Wgs6FZ2NH1pd',#8304,$,$,(#8287),#8303);
#8306=IFCPROPERTYSINGLEVALUE('Tipo',$,IFCLABEL('PI'),$);
#8307=IFCPROPERTYSINGLEVALUE('CT',$,IFCREAL(7.362),$);
#8308=IFCPROPERTYSINGLEVALUE('CF',$,IFCREAL(6.762),$);
#8309=IFCPROPERTYSINGLEVALUE('Prof',$,IFCREAL(0.6),$);
#8310=IFCOWNERHISTORY(#3,#4,.READWRITE.,.ADDED.,1774189819,#3,#4,1774189819);
#8311=IFCPROPERTYSET('35ov5j4bLDMOUET8HC4o9G',#8310,'Custo5D',$,(#8314));
#8312=IFCOWNERHISTORY(#3,#4,.READWRITE.,.ADDED.,1774189819,#3,#4,1774189819);
#8313=IFCRELDEFINESBYPROPERTIES('2Le9WMK$fEhuR8n_jctCt_',#8312,$,$,(#8287),#8311);
#8314=IFCPROPERTYSINGLEVALUE('Total_RS',$,IFCREAL(1250.),$);
#8315=IFCOWNERHISTORY(#3,#4,.READWRITE.,.MODIFIED.,1774189819,#3,#4,1774189819);
#8316=IFCBUILDINGELEMENTPROXY('0qQDIG9y9EFAT9L7qk3Vwl',#8315,'PI_85',$,$,#8330,#8325,$,$);
#8322=IFCCIRCLEPROFILEDEF(.AREA.,$,#30,0.2);
#8323=IFCEXTRUDEDAREASOLID(#8322,#34,#32,1.);
#8324=IFCSHAPEREPRESENTATION(#16,'Body','SweptSolid',(#8323));
#8325=IFCPRODUCTDEFINITIONSHAPE($,$,(#8324));
#8326=IFCCARTESIANPOINT((522.790618953411,416.75198671408,8.137));
#8327=IFCDIRECTION((0.,0.,1.));
#8328=IFCDIRECTION((1.,0.,0.));
#8329=IFCAXIS2PLACEMENT3D(#8326,#8327,#8328);
#8330=IFCLOCALPLACEMENT($,#8329);
#8331=IFCOWNERHISTORY(#3,#4,.READWRITE.,.ADDED.,1774189819,#3,#4,1774189819);
#8332=IFCPROPERTYSET('3S90hcKtrFpxtZwuHANxwh',#8331,'PV',$,(#8335,#8336,#8337,#8338));
#8333=IFCOWNERHISTORY(#3,#4,.READWRITE.,.ADDED.,1774189819,#3,#4,1774189819);
#8334=IFCRELDEFINESBYPROPERTIES('3J97$idpT6qRiYQoGSaYpB',#8333,$,$,(#8316),#8332);
#8335=IFCPROPERTYSINGLEVALUE('Tipo',$,IFCLABEL('PI'),$);
#8336=IFCPROPERTYSINGLEVALUE('CT',$,IFCREAL(9.137),$);
#8337=IFCPROPERTYSINGLEVALUE('CF',$,IFCREAL(8.137),$);
#8338=IFCPROPERTYSINGLEVALUE('Prof',$,IFCREAL(1.),$);
#8339=IFCOWNERHISTORY(#3,#4,.READWRITE.,.ADDED.,1774189819,#3,#4,1774189819);
#8340=IFCPROPERTYSET('2C4drCK$b3qgxOc781wrRa',#8339,'Custo5D',$,(#8343));
#8341=IFCOWNERHISTORY(#3,#4,.READWRITE.,.ADDED.,1774189819,#3,#4,1774189819);
#8342=IFCRELDEFINESBYPROPERTIES('0Adf24olj7WRmofcsxkWcb',#8341,$,$,(#8316),#8340);
#8343=IFCPROPERTYSINGLEVALUE('Total_RS',$,IFCREAL(1250.),$);
#8344=IFCOWNERHISTORY(#3,#4,.READWRITE.,.MODIFIED.,1774189819,#3,#4,1774189819);
#8345=IFCBUILDINGELEMENTPROXY('2IdhuMwm138wVgb_Bvukm7',#8344,'PI_86',$,$,#8359,#8354,$,$);
#8351=IFCCIRCLEPROFILEDEF(.AREA.,$,#30,0.2);
#8352=IFCEXTRUDEDAREASOLID(#8351,#34,#32,0.600000000000001);
#8353=IFCSHAPEREPRESENTATION(#16,'Body','SweptSolid',(#8352));
#8354=IFCPRODUCTDEFINITIONSHAPE($,$,(#8353));
#8355=IFCCARTESIANPOINT((546.828008659591,405.076823637821,8.213));
#8356=IFCDIRECTION((0.,0.,1.));
#8357=IFCDIRECTION((1.,0.,0.));
#8358=IFCAXIS2PLACEMENT3D(#8355,#8356,#8357);
#8359=IFCLOCALPLACEMENT($,#8358);
#8360=IFCOWNERHISTORY(#3,#4,.READWRITE.,.ADDED.,1774189819,#3,#4,1774189819);
#8361=IFCPROPERTYSET('1eZx99Qt1AUeeN1kGgLIMr',#8360,'PV',$,(#8364,#8365,#8366,#8367));
#8362=IFCOWNERHISTORY(#3,#4,.READWRITE.,.ADDED.,1774189819,#3,#4,1774189819);
#8363=IFCRELDEFINESBYPROPERTIES('165xSxU_5CXfE0PY5Z1w0n',#8362,$,$,(#8345),#8361);
#8364=IFCPROPERTYSINGLEVALUE('Tipo',$,IFCLABEL('PI'),$);
#8365=IFCPROPERTYSINGLEVALUE('CT',$,IFCREAL(8.813),$);
#8366=IFCPROPERTYSINGLEVALUE('CF',$,IFCREAL(8.213),$);
#8367=IFCPROPERTYSINGLEVALUE('Prof',$,IFCREAL(0.6),$);
#8368=IFCOWNERHISTORY(#3,#4,.READWRITE.,.ADDED.,1774189819,#3,#4,1774189819);
#8369=IFCPROPERTYSET('1lqoksQirDcvr2WiBDBOAt',#8368,'Custo5D',$,(#8372));
#8370=IFCOWNERHISTORY(#3,#4,.READWRITE.,.ADDED.,1774189819,#3,#4,1774189819);
#8371=IFCRELDEFINESBYPROPERTIES('0q3AYi0Gn1_QYn$v0ll5Pk',#8370,$,$,(#8345),#8369);
#8372=IFCPROPERTYSINGLEVALUE('Total_RS',$,IFCREAL(1250.),$);
#8373=IFCOWNERHISTORY(#3,#4,.READWRITE.,.MODIFIED.,1774189819,#3,#4,1774189819);
#8374=IFCBUILDINGELEMENTPROXY('3oV9papoT7bwXgLspE7xke',#8373,'PI_87',$,$,#8388,#8383,$,$);
#8380=IFCCIRCLEPROFILEDEF(.AREA.,$,#30,0.2);
#8381=IFCEXTRUDEDAREASOLID(#8380,#34,#32,0.6);
#8382=IFCSHAPEREPRESENTATION(#16,'Body','SweptSolid',(#8381));
#8383=IFCPRODUCTDEFINITIONSHAPE($,$,(#8382));
#8384=IFCCARTESIANPOINT((540.931852357055,407.61847502552,13.781));
#8385=IFCDIRECTION((0.,0.,1.));
#8386=IFCDIRECTION((1.,0.,0.));
#8387=IFCAXIS2PLACEMENT3D(#8384,#8385,#8386);
#8388=IFCLOCALPLACEMENT($,#8387);
#8389=IFCOWNERHISTORY(#3,#4,.READWRITE.,.ADDED.,1774189819,#3,#4,1774189819);
#8390=IFCPROPERTYSET('1YIuJhfeD72fFEr7XrYowt',#8389,'PV',$,(#8393,#8394,#8395,#8396));
#8391=IFCOWNERHISTORY(#3,#4,.READWRITE.,.ADDED.,1774189819,#3,#4,1774189819);
#8392=IFCRELDEFINESBYPROPERTIES('0GHMzKfgP7CvPMngnmWsQx',#8391,$,$,(#8374),#8390);
#8393=IFCPROPERTYSINGLEVALUE('Tipo',$,IFCLABEL('PI'),$);
#8394=IFCPROPERTYSINGLEVALUE('CT',$,IFCREAL(14.381),$);
#8395=IFCPROPERTYSINGLEVALUE('CF',$,IFCREAL(13.781),$);
#8396=IFCPROPERTYSINGLEVALUE('Prof',$,IFCREAL(0.6),$);
#8397=IFCOWNERHISTORY(#3,#4,.READWRITE.,.ADDED.,1774189819,#3,#4,1774189819);
#8398=IFCPROPERTYSET('2wNBbm4Af908iVLmwb3lYl',#8397,'Custo5D',$,(#8401));
#8399=IFCOWNERHISTORY(#3,#4,.READWRITE.,.ADDED.,1774189819,#3,#4,1774189819);
#8400=IFCRELDEFINESBYPROPERTIES('1CRcVD_qv5IPHQA7c1V7mV',#8399,$,$,(#8374),#8398);
#8401=IFCPROPERTYSINGLEVALUE('Total_RS',$,IFCREAL(1250.),$);
#8402=IFCOWNERHISTORY(#3,#4,.READWRITE.,.MODIFIED.,1774189819,#3,#4,1774189819);
#8403=IFCBUILDINGELEMENTPROXY('1Jgb1IX2jC$hbtHGBIw2Nu',#8402,'PI_09',$,$,#8417,#8412,$,$);
#8409=IFCCIRCLEPROFILEDEF(.AREA.,$,#30,0.2);
#8410=IFCEXTRUDEDAREASOLID(#8409,#34,#32,0.600000000000001);
#8411=IFCSHAPEREPRESENTATION(#16,'Body','SweptSolid',(#8410));
#8412=IFCPRODUCTDEFINITIONSHAPE($,$,(#8411));
#8413=IFCCARTESIANPOINT((595.985984770407,564.438270623796,32.993));
#8414=IFCDIRECTION((0.,0.,1.));
#8415=IFCDIRECTION((1.,0.,0.));
#8416=IFCAXIS2PLACEMENT3D(#8413,#8414,#8415);
#8417=IFCLOCALPLACEMENT($,#8416);
#8418=IFCOWNERHISTORY(#3,#4,.READWRITE.,.ADDED.,1774189819,#3,#4,1774189819);
#8419=IFCPROPERTYSET('1CGBOmjnL1iPNjSp6BnMn7',#8418,'PV',$,(#8422,#8423,#8424,#8425));
#8420=IFCOWNERHISTORY(#3,#4,.READWRITE.,.ADDED.,1774189819,#3,#4,1774189819);
#8421=IFCRELDEFINESBYPROPERTIES('3HdIOoDfPChQomGbvLZ6ah',#8420,$,$,(#8403),#8419);
#8422=IFCPROPERTYSINGLEVALUE('Tipo',$,IFCLABEL('PI'),$);
#8423=IFCPROPERTYSINGLEVALUE('CT',$,IFCREAL(33.593),$);
#8424=IFCPROPERTYSINGLEVALUE('CF',$,IFCREAL(32.993),$);
#8425=IFCPROPERTYSINGLEVALUE('Prof',$,IFCREAL(0.6),$);
#8426=IFCOWNERHISTORY(#3,#4,.READWRITE.,.ADDED.,1774189819,#3,#4,1774189819);
#8427=IFCPROPERTYSET('0_TOA0jujD9f0JlvN62ui1',#8426,'Custo5D',$,(#8430));
#8428=IFCOWNERHISTORY(#3,#4,.READWRITE.,.ADDED.,1774189819,#3,#4,1774189819);
#8429=IFCRELDEFINESBYPROPERTIES('2AyOmNwej1yfvnHZeHjF$O',#8428,$,$,(#8403),#8427);
#8430=IFCPROPERTYSINGLEVALUE('Total_RS',$,IFCREAL(1250.),$);
#8431=IFCOWNERHISTORY(#3,#4,.READWRITE.,.MODIFIED.,1774189819,#3,#4,1774189819);
#8432=IFCBUILDINGELEMENTPROXY('169yq1GgL2XPsyTytK5nzl',#8431,'PI_53',$,$,#8446,#8441,$,$);
#8438=IFCCIRCLEPROFILEDEF(.AREA.,$,#30,0.2);
#8439=IFCEXTRUDEDAREASOLID(#8438,#34,#32,0.600000000000001);
#8440=IFCSHAPEREPRESENTATION(#16,'Body','SweptSolid',(#8439));
#8441=IFCPRODUCTDEFINITIONSHAPE($,$,(#8440));
#8442=IFCCARTESIANPOINT((597.54414466751,566.105557545088,27.246));
#8443=IFCDIRECTION((0.,0.,1.));
#8444=IFCDIRECTION((1.,0.,0.));
#8445=IFCAXIS2PLACEMENT3D(#8442,#8443,#8444);
#8446=IFCLOCALPLACEMENT($,#8445);
#8447=IFCOWNERHISTORY(#3,#4,.READWRITE.,.ADDED.,1774189819,#3,#4,1774189819);
#8448=IFCPROPERTYSET('0L$PieiFf8ofSrpxKpERzq',#8447,'PV',$,(#8451,#8452,#8453,#8454));
#8449=IFCOWNERHISTORY(#3,#4,.READWRITE.,.ADDED.,1774189819,#3,#4,1774189819);
#8450=IFCRELDEFINESBYPROPERTIES('0InOmFpUX6nfxhbBSFl4Kk',#8449,$,$,(#8432),#8448);
#8451=IFCPROPERTYSINGLEVALUE('Tipo',$,IFCLABEL('PI'),$);
#8452=IFCPROPERTYSINGLEVALUE('CT',$,IFCREAL(27.846),$);
#8453=IFCPROPERTYSINGLEVALUE('CF',$,IFCREAL(27.246),$);
#8454=IFCPROPERTYSINGLEVALUE('Prof',$,IFCREAL(0.6),$);
#8455=IFCOWNERHISTORY(#3,#4,.READWRITE.,.ADDED.,1774189819,#3,#4,1774189819);
#8456=IFCPROPERTYSET('1R3m4se2H4wP8P0XfOKYyG',#8455,'Custo5D',$,(#8459));
#8457=IFCOWNERHISTORY(#3,#4,.READWRITE.,.ADDED.,1774189819,#3,#4,1774189819);
#8458=IFCRELDEFINESBYPROPERTIES('12yUHkFvX3axbx7neXpumH',#8457,$,$,(#8432),#8456);
#8459=IFCPROPERTYSINGLEVALUE('Total_RS',$,IFCREAL(1250.),$);
#8460=IFCOWNERHISTORY(#3,#4,.READWRITE.,.MODIFIED.,1774189819,#3,#4,1774189819);
#8461=IFCBUILDINGELEMENTPROXY('01Ob9rpgD1dBt8pa4LGBcm',#8460,'PI_07',$,$,#8475,#8470,$,$);
#8467=IFCCIRCLEPROFILEDEF(.AREA.,$,#30,0.2);
#8468=IFCEXTRUDEDAREASOLID(#8467,#34,#32,0.599999999999998);
#8469=IFCSHAPEREPRESENTATION(#16,'Body','SweptSolid',(#8468));
#8470=IFCPRODUCTDEFINITIONSHAPE($,$,(#8469));
#8471=IFCCARTESIANPOINT((597.036939801008,549.550933470018,25.719));
#8472=IFCDIRECTION((0.,0.,1.));
#8473=IFCDIRECTION((1.,0.,0.));
#8474=IFCAXIS2PLACEMENT3D(#8471,#8472,#8473);
#8475=IFCLOCALPLACEMENT($,#8474);
#8476=IFCOWNERHISTORY(#3,#4,.READWRITE.,.ADDED.,1774189819,#3,#4,1774189819);
#8477=IFCPROPERTYSET('1CAPVFgIX5yRwJ_GH1AHw0',#8476,'PV',$,(#8480,#8481,#8482,#8483));
#8478=IFCOWNERHISTORY(#3,#4,.READWRITE.,.ADDED.,1774189819,#3,#4,1774189819);
#8479=IFCRELDEFINESBYPROPERTIES('3m_hB5QNHBTv0wEj0DA1Du',#8478,$,$,(#8461),#8477);
#8480=IFCPROPERTYSINGLEVALUE('Tipo',$,IFCLABEL('PI'),$);
#8481=IFCPROPERTYSINGLEVALUE('CT',$,IFCREAL(26.319),$);
#8482=IFCPROPERTYSINGLEVALUE('CF',$,IFCREAL(25.719),$);
#8483=IFCPROPERTYSINGLEVALUE('Prof',$,IFCREAL(0.6),$);
#8484=IFCOWNERHISTORY(#3,#4,.READWRITE.,.ADDED.,1774189819,#3,#4,1774189819);
#8485=IFCPROPERTYSET('35Mwm3KBP4FvJ$Yfp1epOx',#8484,'Custo5D',$,(#8488));
#8486=IFCOWNERHISTORY(#3,#4,.READWRITE.,.ADDED.,1774189819,#3,#4,1774189819);
#8487=IFCRELDEFINESBYPROPERTIES('1neZyYooX4PxqU29FeAtJh',#8486,$,$,(#8461),#8485);
#8488=IFCPROPERTYSINGLEVALUE('Total_RS',$,IFCREAL(1250.),$);
#8489=IFCOWNERHISTORY(#3,#4,.READWRITE.,.MODIFIED.,1774189819,#3,#4,1774189819);
#8490=IFCBUILDINGELEMENTPROXY('0qVobtrwv9GRT77rPscJy3',#8489,'PI_08',$,$,#8504,#8499,$,$);
#8496=IFCCIRCLEPROFILEDEF(.AREA.,$,#30,0.2);
#8497=IFCEXTRUDEDAREASOLID(#8496,#34,#32,0.600000000000001);
#8498=IFCSHAPEREPRESENTATION(#16,'Body','SweptSolid',(#8497));
#8499=IFCPRODUCTDEFINITIONSHAPE($,$,(#8498));
#8500=IFCCARTESIANPOINT((595.02105804655,550.414068741724,26.932));
#8501=IFCDIRECTION((0.,0.,1.));
#8502=IFCDIRECTION((1.,0.,0.));
#8503=IFCAXIS2PLACEMENT3D(#8500,#8501,#8502);
#8504=IFCLOCALPLACEMENT($,#8503);
#8505=IFCOWNERHISTORY(#3,#4,.READWRITE.,.ADDED.,1774189819,#3,#4,1774189819);
#8506=IFCPROPERTYSET('1ikqSArXb0L8Cjm$xHKa$A',#8505,'PV',$,(#8509,#8510,#8511,#8512));
#8507=IFCOWNERHISTORY(#3,#4,.READWRITE.,.ADDED.,1774189819,#3,#4,1774189819);
#8508=IFCRELDEFINESBYPROPERTIES('1nu6sM3PX21OmN59Rbl_bR',#8507,$,$,(#8490),#8506);
#8509=IFCPROPERTYSINGLEVALUE('Tipo',$,IFCLABEL('PI'),$);
#8510=IFCPROPERTYSINGLEVALUE('CT',$,IFCREAL(27.532),$);
#8511=IFCPROPERTYSINGLEVALUE('CF',$,IFCREAL(26.932),$);
#8512=IFCPROPERTYSINGLEVALUE('Prof',$,IFCREAL(0.6),$);
#8513=IFCOWNERHISTORY(#3,#4,.READWRITE.,.ADDED.,1774189819,#3,#4,1774189819);
#8514=IFCPROPERTYSET('0NALVld1jD9eqmgPkC13sK',#8513,'Custo5D',$,(#8517));
#8515=IFCOWNERHISTORY(#3,#4,.READWRITE.,.ADDED.,1774189819,#3,#4,1774189819);
#8516=IFCRELDEFINESBYPROPERTIES('2inMHIMl18t8mAqJXztaCq',#8515,$,$,(#8490),#8514);
#8517=IFCPROPERTYSINGLEVALUE('Total_RS',$,IFCREAL(1250.),$);
#8518=IFCOWNERHISTORY(#3,#4,.READWRITE.,.MODIFIED.,1774189819,#3,#4,1774189819);
#8519=IFCBUILDINGELEMENTPROXY('2iADQljqb9MfPtiH9hcwfc',#8518,'PI_150',$,$,#8533,#8528,$,$);
#8525=IFCCIRCLEPROFILEDEF(.AREA.,$,#30,0.2);
#8526=IFCEXTRUDEDAREASOLID(#8525,#34,#32,0.599999999999994);
#8527=IFCSHAPEREPRESENTATION(#16,'Body','SweptSolid',(#8526));
#8528=IFCPRODUCTDEFINITIONSHAPE($,$,(#8527));
#8529=IFCCARTESIANPOINT((816.839297272905,718.762867974117,105.39));
#8530=IFCDIRECTION((0.,0.,1.));
#8531=IFCDIRECTION((1.,0.,0.));
#8532=IFCAXIS2PLACEMENT3D(#8529,#8530,#8531);
#8533=IFCLOCALPLACEMENT($,#8532);
#8534=IFCOWNERHISTORY(#3,#4,.READWRITE.,.ADDED.,1774189819,#3,#4,1774189819);
#8535=IFCPROPERTYSET('1dsOeGtmP0CANMU4WVbH$5',#8534,'PV',$,(#8538,#8539,#8540,#8541));
#8536=IFCOWNERHISTORY(#3,#4,.READWRITE.,.ADDED.,1774189819,#3,#4,1774189819);
#8537=IFCRELDEFINESBYPROPERTIES('1coKrQG5j699NhAE5r8PgN',#8536,$,$,(#8519),#8535);
#8538=IFCPROPERTYSINGLEVALUE('Tipo',$,IFCLABEL('PI'),$);
#8539=IFCPROPERTYSINGLEVALUE('CT',$,IFCREAL(105.99),$);
#8540=IFCPROPERTYSINGLEVALUE('CF',$,IFCREAL(105.39),$);
#8541=IFCPROPERTYSINGLEVALUE('Prof',$,IFCREAL(0.6),$);
#8542=IFCOWNERHISTORY(#3,#4,.READWRITE.,.ADDED.,1774189819,#3,#4,1774189819);
#8543=IFCPROPERTYSET('199uo4gCf9CRyism9$Igz1',#8542,'Custo5D',$,(#8546));
#8544=IFCOWNERHISTORY(#3,#4,.READWRITE.,.ADDED.,1774189819,#3,#4,1774189819);
#8545=IFCRELDEFINESBYPROPERTIES('0GnSMAJYHB_eZkJ_YtKd2o',#8544,$,$,(#8519),#8543);
#8546=IFCPROPERTYSINGLEVALUE('Total_RS',$,IFCREAL(1250.),$);
#8547=IFCOWNERHISTORY(#3,#4,.READWRITE.,.MODIFIED.,1774189819,#3,#4,1774189819);
#8548=IFCBUILDINGELEMENTPROXY('2sMsZxtezAUxzTfbzDjTYE',#8547,'PI_30',$,$,#8562,#8557,$,$);
#8554=IFCCIRCLEPROFILEDEF(.AREA.,$,#30,0.2);
#8555=IFCEXTRUDEDAREASOLID(#8554,#34,#32,0.600000000000009);
#8556=IFCSHAPEREPRESENTATION(#16,'Body','SweptSolid',(#8555));
#8557=IFCPRODUCTDEFINITIONSHAPE($,$,(#8556));
#8558=IFCCARTESIANPOINT((817.862283673836,738.142901933752,100.737));
#8559=IFCDIRECTION((0.,0.,1.));
#8560=IFCDIRECTION((1.,0.,0.));
#8561=IFCAXIS2PLACEMENT3D(#8558,#8559,#8560);
#8562=IFCLOCALPLACEMENT($,#8561);
#8563=IFCOWNERHISTORY(#3,#4,.READWRITE.,.ADDED.,1774189819,#3,#4,1774189819);
#8564=IFCPROPERTYSET('2V8zgz5qzBPgDlUvS0JKrx',#8563,'PV',$,(#8567,#8568,#8569,#8570));
#8565=IFCOWNERHISTORY(#3,#4,.READWRITE.,.ADDED.,1774189819,#3,#4,1774189819);
#8566=IFCRELDEFINESBYPROPERTIES('3ZdTGyNIv9EvSYKeTgalW_',#8565,$,$,(#8548),#8564);
#8567=IFCPROPERTYSINGLEVALUE('Tipo',$,IFCLABEL('PI'),$);
#8568=IFCPROPERTYSINGLEVALUE('CT',$,IFCREAL(101.337),$);
#8569=IFCPROPERTYSINGLEVALUE('CF',$,IFCREAL(100.737),$);
#8570=IFCPROPERTYSINGLEVALUE('Prof',$,IFCREAL(0.6),$);
#8571=IFCOWNERHISTORY(#3,#4,.READWRITE.,.ADDED.,1774189819,#3,#4,1774189819);
#8572=IFCPROPERTYSET('2HeVwS_A54GhGX1pmV$ol4',#8571,'Custo5D',$,(#8575));
#8573=IFCOWNERHISTORY(#3,#4,.READWRITE.,.ADDED.,1774189819,#3,#4,1774189819);
#8574=IFCRELDEFINESBYPROPERTIES('18923ij95EGRevB2exWeEV',#8573,$,$,(#8548),#8572);
#8575=IFCPROPERTYSINGLEVALUE('Total_RS',$,IFCREAL(1250.),$);
#8576=IFCOWNERHISTORY(#3,#4,.READWRITE.,.MODIFIED.,1774189819,#3,#4,1774189819);
#8577=IFCBUILDINGELEMENTPROXY('2Y6t_ixmXFNwSk5WySnA3s',#8576,'PI_29',$,$,#8591,#8586,$,$);
#8583=IFCCIRCLEPROFILEDEF(.AREA.,$,#30,0.2);
#8584=IFCEXTRUDEDAREASOLID(#8583,#34,#32,0.650000000000006);
#8585=IFCSHAPEREPRESENTATION(#16,'Body','SweptSolid',(#8584));
#8586=IFCPRODUCTDEFINITIONSHAPE($,$,(#8585));
#8587=IFCCARTESIANPOINT((804.197867440234,734.835034290329,100.627));
#8588=IFCDIRECTION((0.,0.,1.));
#8589=IFCDIRECTION((1.,0.,0.));
#8590=IFCAXIS2PLACEMENT3D(#8587,#8588,#8589);
#8591=IFCLOCALPLACEMENT($,#8590);
#8592=IFCOWNERHISTORY(#3,#4,.READWRITE.,.ADDED.,1774189819,#3,#4,1774189819);
#8593=IFCPROPERTYSET('2V$srctUnCjej_zLsrZQ$H',#8592,'PV',$,(#8596,#8597,#8598,#8599));
#8594=IFCOWNERHISTORY(#3,#4,.READWRITE.,.ADDED.,1774189819,#3,#4,1774189819);
#8595=IFCRELDEFINESBYPROPERTIES('2_A8emxWPClfBj$iv$0L4t',#8594,$,$,(#8577),#8593);
#8596=IFCPROPERTYSINGLEVALUE('Tipo',$,IFCLABEL('PI'),$);
#8597=IFCPROPERTYSINGLEVALUE('CT',$,IFCREAL(101.277),$);
#8598=IFCPROPERTYSINGLEVALUE('CF',$,IFCREAL(100.627),$);
#8599=IFCPROPERTYSINGLEVALUE('Prof',$,IFCREAL(0.65),$);
#8600=IFCOWNERHISTORY(#3,#4,.READWRITE.,.ADDED.,1774189819,#3,#4,1774189819);
#8601=IFCPROPERTYSET('3Vfe$J_PjDNQHTAYt9OizD',#8600,'Custo5D',$,(#8604));
#8602=IFCOWNERHISTORY(#3,#4,.READWRITE.,.ADDED.,1774189819,#3,#4,1774189819);
#8603=IFCRELDEFINESBYPROPERTIES('2tknCJocj2bRDeLuLzPt_w',#8602,$,$,(#8577),#8601);
#8604=IFCPROPERTYSINGLEVALUE('Total_RS',$,IFCREAL(1250.),$);
#8605=IFCOWNERHISTORY(#3,#4,.READWRITE.,.MODIFIED.,1774189819,#3,#4,1774189819);
#8606=IFCBUILDINGELEMENTPROXY('16AmHHvfvD3PdO4dJqkHuu',#8605,'PI_28',$,$,#8620,#8615,$,$);
#8612=IFCCIRCLEPROFILEDEF(.AREA.,$,#30,0.2);
#8613=IFCEXTRUDEDAREASOLID(#8612,#34,#32,0.599999999999994);
#8614=IFCSHAPEREPRESENTATION(#16,'Body','SweptSolid',(#8613));
#8615=IFCPRODUCTDEFINITIONSHAPE($,$,(#8614));
#8616=IFCCARTESIANPOINT((806.413448506501,735.701216346584,98.775));
#8617=IFCDIRECTION((0.,0.,1.));
#8618=IFCDIRECTION((1.,0.,0.));
#8619=IFCAXIS2PLACEMENT3D(#8616,#8617,#8618);
#8620=IFCLOCALPLACEMENT($,#8619);
#8621=IFCOWNERHISTORY(#3,#4,.READWRITE.,.ADDED.,1774189819,#3,#4,1774189819);
#8622=IFCPROPERTYSET('2Vkx$ZWwfBRh3nJcBZl1rL',#8621,'PV',$,(#8625,#8626,#8627,#8628));
#8623=IFCOWNERHISTORY(#3,#4,.READWRITE.,.ADDED.,1774189819,#3,#4,1774189819);
#8624=IFCRELDEFINESBYPROPERTIES('3ZaLx8XYT3KAsgq5iFEUGp',#8623,$,$,(#8606),#8622);
#8625=IFCPROPERTYSINGLEVALUE('Tipo',$,IFCLABEL('PI'),$);
#8626=IFCPROPERTYSINGLEVALUE('CT',$,IFCREAL(99.375),$);
#8627=IFCPROPERTYSINGLEVALUE('CF',$,IFCREAL(98.775),$);
#8628=IFCPROPERTYSINGLEVALUE('Prof',$,IFCREAL(0.6),$);
#8629=IFCOWNERHISTORY(#3,#4,.READWRITE.,.ADDED.,1774189819,#3,#4,1774189819);
#8630=IFCPROPERTYSET('3fRm_ThCv5qwUJ3b918efS',#8629,'Custo5D',$,(#8633));
#8631=IFCOWNERHISTORY(#3,#4,.READWRITE.,.ADDED.,1774189819,#3,#4,1774189819);
#8632=IFCRELDEFINESBYPROPERTIES('2FguGwUNr7bBY$6FCsc9Ib',#8631,$,$,(#8606),#8630);
#8633=IFCPROPERTYSINGLEVALUE('Total_RS',$,IFCREAL(1250.),$);
#8634=IFCOWNERHISTORY(#3,#4,.READWRITE.,.MODIFIED.,1774189819,#3,#4,1774189819);
#8635=IFCBUILDINGELEMENTPROXY('0bbqDDt11ERxl7$_TzLMFn',#8634,'PI_27',$,$,#8649,#8644,$,$);
#8641=IFCCIRCLEPROFILEDEF(.AREA.,$,#30,0.2);
#8642=IFCEXTRUDEDAREASOLID(#8641,#34,#32,0.599999999999994);
#8643=IFCSHAPEREPRESENTATION(#16,'Body','SweptSolid',(#8642));
#8644=IFCPRODUCTDEFINITIONSHAPE($,$,(#8643));
#8645=IFCCARTESIANPOINT((784.078719743236,720.429137220606,96.962));
#8646=IFCDIRECTION((0.,0.,1.));
#8647=IFCDIRECTION((1.,0.,0.));
#8648=IFCAXIS2PLACEMENT3D(#8645,#8646,#8647);
#8649=IFCLOCALPLACEMENT($,#8648);
#8650=IFCOWNERHISTORY(#3,#4,.READWRITE.,.ADDED.,1774189819,#3,#4,1774189819);
#8651=IFCPROPERTYSET('3zhrwf4710c803ilteEiRh',#8650,'PV',$,(#8654,#8655,#8656,#8657));
#8652=IFCOWNERHISTORY(#3,#4,.READWRITE.,.ADDED.,1774189819,#3,#4,1774189819);
#8653=IFCRELDEFINESBYPROPERTIES('1K0BvZVXrFGuqUEaEPWUmR',#8652,$,$,(#8635),#8651);
#8654=IFCPROPERTYSINGLEVALUE('Tipo',$,IFCLABEL('PI'),$);
#8655=IFCPROPERTYSINGLEVALUE('CT',$,IFCREAL(97.562),$);
#8656=IFCPROPERTYSINGLEVALUE('CF',$,IFCREAL(96.962),$);
#8657=IFCPROPERTYSINGLEVALUE('Prof',$,IFCREAL(0.6),$);
#8658=IFCOWNERHISTORY(#3,#4,.READWRITE.,.ADDED.,1774189819,#3,#4,1774189819);
#8659=IFCPROPERTYSET('2PxGSIDlX8DvhHbN721_zU',#8658,'Custo5D',$,(#8662));
#8660=IFCOWNERHISTORY(#3,#4,.READWRITE.,.ADDED.,1774189819,#3,#4,1774189819);
#8661=IFCRELDEFINESBYPROPERTIES('1WYvhSTrHDNQCRgFoq2OWo',#8660,$,$,(#8635),#8659);
#8662=IFCPROPERTYSINGLEVALUE('Total_RS',$,IFCREAL(1250.),$);
#8663=IFCOWNERHISTORY(#3,#4,.READWRITE.,.MODIFIED.,1774189820,#3,#4,1774189820);
#8664=IFCBUILDINGELEMENTPROXY('0HjDRyIxj8leMbEsout6ya',#8663,'PI_10',$,$,#8678,#8673,$,$);
#8670=IFCCIRCLEPROFILEDEF(.AREA.,$,#30,0.2);
#8671=IFCEXTRUDEDAREASOLID(#8670,#34,#32,0.600000000000001);
#8672=IFCSHAPEREPRESENTATION(#16,'Body','SweptSolid',(#8671));
#8673=IFCPRODUCTDEFINITIONSHAPE($,$,(#8672));
#8674=IFCCARTESIANPOINT((613.085480952344,574.704577566124,37.984));
#8675=IFCDIRECTION((0.,0.,1.));
#8676=IFCDIRECTION((1.,0.,0.));
#8677=IFCAXIS2PLACEMENT3D(#8674,#8675,#8676);
#8678=IFCLOCALPLACEMENT($,#8677);
#8679=IFCOWNERHISTORY(#3,#4,.READWRITE.,.ADDED.,1774189820,#3,#4,1774189820);
#8680=IFCPROPERTYSET('0l_8irbPH1r8Ig_CWKf8ga',#8679,'PV',$,(#8683,#8684,#8685,#8686));
#8681=IFCOWNERHISTORY(#3,#4,.READWRITE.,.ADDED.,1774189820,#3,#4,1774189820);
#8682=IFCRELDEFINESBYPROPERTIES('2cUY7MQNT9$hD9OGOVYSo4',#8681,$,$,(#8664),#8680);
#8683=IFCPROPERTYSINGLEVALUE('Tipo',$,IFCLABEL('PI'),$);
#8684=IFCPROPERTYSINGLEVALUE('CT',$,IFCREAL(38.584),$);
#8685=IFCPROPERTYSINGLEVALUE('CF',$,IFCREAL(37.984),$);
#8686=IFCPROPERTYSINGLEVALUE('Prof',$,IFCREAL(0.6),$);
#8687=IFCOWNERHISTORY(#3,#4,.READWRITE.,.ADDED.,1774189820,#3,#4,1774189820);
#8688=IFCPROPERTYSET('33DJt4Zbb8QwEta41zE_BG',#8687,'Custo5D',$,(#8691));
#8689=IFCOWNERHISTORY(#3,#4,.READWRITE.,.ADDED.,1774189820,#3,#4,1774189820);
#8690=IFCRELDEFINESBYPROPERTIES('1A1vBrfjz74gkS$NJOooTw',#8689,$,$,(#8664),#8688);
#8691=IFCPROPERTYSINGLEVALUE('Total_RS',$,IFCREAL(1250.),$);
#8692=IFCOWNERHISTORY(#3,#4,.READWRITE.,.MODIFIED.,1774189820,#3,#4,1774189820);
#8693=IFCBUILDINGELEMENTPROXY('0SIWqM6Kb6qxh3f5TyTefn',#8692,'PI_11',$,$,#8707,#8702,$,$);
#8699=IFCCIRCLEPROFILEDEF(.AREA.,$,#30,0.2);
#8700=IFCEXTRUDEDAREASOLID(#8699,#34,#32,0.599999999999994);
#8701=IFCSHAPEREPRESENTATION(#16,'Body','SweptSolid',(#8700));
#8702=IFCPRODUCTDEFINITIONSHAPE($,$,(#8701));
#8703=IFCCARTESIANPOINT((615.177769119735,574.692329918034,38.874));
#8704=IFCDIRECTION((0.,0.,1.));
#8705=IFCDIRECTION((1.,0.,0.));
#8706=IFCAXIS2PLACEMENT3D(#8703,#8704,#8705);
#8707=IFCLOCALPLACEMENT($,#8706);
#8708=IFCOWNERHISTORY(#3,#4,.READWRITE.,.ADDED.,1774189820,#3,#4,1774189820);
#8709=IFCPROPERTYSET('0Ab8clUVD1pOVqe8kdXg_Y',#8708,'PV',$,(#8712,#8713,#8714,#8715));
#8710=IFCOWNERHISTORY(#3,#4,.READWRITE.,.ADDED.,1774189820,#3,#4,1774189820);
#8711=IFCRELDEFINESBYPROPERTIES('13QFlms6T8cPQBELrEqaay',#8710,$,$,(#8693),#8709);
#8712=IFCPROPERTYSINGLEVALUE('Tipo',$,IFCLABEL('PI'),$);
#8713=IFCPROPERTYSINGLEVALUE('CT',$,IFCREAL(39.474),$);
#8714=IFCPROPERTYSINGLEVALUE('CF',$,IFCREAL(38.874),$);
#8715=IFCPROPERTYSINGLEVALUE('Prof',$,IFCREAL(0.6),$);
#8716=IFCOWNERHISTORY(#3,#4,.READWRITE.,.ADDED.,1774189820,#3,#4,1774189820);
#8717=IFCPROPERTYSET('004EEIcEzFA8BF_iU_OHlc',#8716,'Custo5D',$,(#8720));
#8718=IFCOWNERHISTORY(#3,#4,.READWRITE.,.ADDED.,1774189820,#3,#4,1774189820);
#8719=IFCRELDEFINESBYPROPERTIES('0arTAAyRj1T8Z4d75AsOwY',#8718,$,$,(#8693),#8717);
#8720=IFCPROPERTYSINGLEVALUE('Total_RS',$,IFCREAL(1250.),$);
#8721=IFCOWNERHISTORY(#3,#4,.READWRITE.,.MODIFIED.,1774189820,#3,#4,1774189820);
#8722=IFCBUILDINGELEMENTPROXY('3nh08mxTDDNhqn$_w8eHar',#8721,'PI_119',$,$,#8736,#8731,$,$);
#8728=IFCCIRCLEPROFILEDEF(.AREA.,$,#30,0.2);
#8729=IFCEXTRUDEDAREASOLID(#8728,#34,#32,0.600000000000001);
#8730=IFCSHAPEREPRESENTATION(#16,'Body','SweptSolid',(#8729));
#8731=IFCPRODUCTDEFINITIONSHAPE($,$,(#8730));
#8732=IFCCARTESIANPOINT((716.086013725435,505.454435187392,43.982));
#8733=IFCDIRECTION((0.,0.,1.));
#8734=IFCDIRECTION((1.,0.,0.));
#8735=IFCAXIS2PLACEMENT3D(#8732,#8733,#8734);
#8736=IFCLOCALPLACEMENT($,#8735);
#8737=IFCOWNERHISTORY(#3,#4,.READWRITE.,.ADDED.,1774189820,#3,#4,1774189820);
#8738=IFCPROPERTYSET('3ju2sULejCi9H_jGeW4zbb',#8737,'PV',$,(#8741,#8742,#8743,#8744));
#8739=IFCOWNERHISTORY(#3,#4,.READWRITE.,.ADDED.,1774189820,#3,#4,1774189820);
#8740=IFCRELDEFINESBYPROPERTIES('0qC98P9fj2whVbxDeSPhSB',#8739,$,$,(#8722),#8738);
#8741=IFCPROPERTYSINGLEVALUE('Tipo',$,IFCLABEL('PI'),$);
#8742=IFCPROPERTYSINGLEVALUE('CT',$,IFCREAL(44.582),$);
#8743=IFCPROPERTYSINGLEVALUE('CF',$,IFCREAL(43.982),$);
#8744=IFCPROPERTYSINGLEVALUE('Prof',$,IFCREAL(0.6),$);
#8745=IFCOWNERHISTORY(#3,#4,.READWRITE.,.ADDED.,1774189820,#3,#4,1774189820);
#8746=IFCPROPERTYSET('2wvvG0O9v64fJMpQZ_xe66',#8745,'Custo5D',$,(#8749));
#8747=IFCOWNERHISTORY(#3,#4,.READWRITE.,.ADDED.,1774189820,#3,#4,1774189820);
#8748=IFCRELDEFINESBYPROPERTIES('3sr944luL0SQxnX6WFXKxS',#8747,$,$,(#8722),#8746);
#8749=IFCPROPERTYSINGLEVALUE('Total_RS',$,IFCREAL(1250.),$);
#8750=IFCOWNERHISTORY(#3,#4,.READWRITE.,.MODIFIED.,1774189820,#3,#4,1774189820);
#8751=IFCBUILDINGELEMENTPROXY('3IBkqW0_v8cw1ZrHGgb8$d',#8750,'PI_253',$,$,#8765,#8760,$,$);
#8757=IFCCIRCLEPROFILEDEF(.AREA.,$,#30,0.2);
#8758=IFCEXTRUDEDAREASOLID(#8757,#34,#32,0.600000000000001);
#8759=IFCSHAPEREPRESENTATION(#16,'Body','SweptSolid',(#8758));
#8760=IFCPRODUCTDEFINITIONSHAPE($,$,(#8759));
#8761=IFCCARTESIANPOINT((713.92010188062,504.448935901746,44.737));
#8762=IFCDIRECTION((0.,0.,1.));
#8763=IFCDIRECTION((1.,0.,0.));
#8764=IFCAXIS2PLACEMENT3D(#8761,#8762,#8763);
#8765=IFCLOCALPLACEMENT($,#8764);
#8766=IFCOWNERHISTORY(#3,#4,.READWRITE.,.ADDED.,1774189820,#3,#4,1774189820);
#8767=IFCPROPERTYSET('3Kv0YfyJD6BPoHgJCY4Y$m',#8766,'PV',$,(#8770,#8771,#8772,#8773));
#8768=IFCOWNERHISTORY(#3,#4,.READWRITE.,.ADDED.,1774189820,#3,#4,1774189820);
#8769=IFCRELDEFINESBYPROPERTIES('04RDhH1V15F9O8tXc_OviL',#8768,$,$,(#8751),#8767);
#8770=IFCPROPERTYSINGLEVALUE('Tipo',$,IFCLABEL('PI'),$);
#8771=IFCPROPERTYSINGLEVALUE('CT',$,IFCREAL(45.337),$);
#8772=IFCPROPERTYSINGLEVALUE('CF',$,IFCREAL(44.737),$);
#8773=IFCPROPERTYSINGLEVALUE('Prof',$,IFCREAL(0.6),$);
#8774=IFCOWNERHISTORY(#3,#4,.READWRITE.,.ADDED.,1774189820,#3,#4,1774189820);
#8775=IFCPROPERTYSET('2o6H6oNIzFFuSWMzkwmMfd',#8774,'Custo5D',$,(#8778));
#8776=IFCOWNERHISTORY(#3,#4,.READWRITE.,.ADDED.,1774189820,#3,#4,1774189820);
#8777=IFCRELDEFINESBYPROPERTIES('2jt7XOL3n4ceDETzxb$PZL',#8776,$,$,(#8751),#8775);
#8778=IFCPROPERTYSINGLEVALUE('Total_RS',$,IFCREAL(1250.),$);
#8779=IFCOWNERHISTORY(#3,#4,.READWRITE.,.MODIFIED.,1774189820,#3,#4,1774189820);
#8780=IFCBUILDINGELEMENTPROXY('06tTShGmPEgAWmr6arprz6',#8779,'PI_255',$,$,#8794,#8789,$,$);
#8786=IFCCIRCLEPROFILEDEF(.AREA.,$,#30,0.2);
#8787=IFCEXTRUDEDAREASOLID(#8786,#34,#32,0.600000000000001);
#8788=IFCSHAPEREPRESENTATION(#16,'Body','SweptSolid',(#8787));
#8789=IFCPRODUCTDEFINITIONSHAPE($,$,(#8788));
#8790=IFCCARTESIANPOINT((696.362609671138,494.600119191222,43.158));
#8791=IFCDIRECTION((0.,0.,1.));
#8792=IFCDIRECTION((1.,0.,0.));
#8793=IFCAXIS2PLACEMENT3D(#8790,#8791,#8792);
#8794=IFCLOCALPLACEMENT($,#8793);
#8795=IFCOWNERHISTORY(#3,#4,.READWRITE.,.ADDED.,1774189820,#3,#4,1774189820);
#8796=IFCPROPERTYSET('3ZRAf6AgvCn9hTbOQle92Q',#8795,'PV',$,(#8799,#8800,#8801,#8802));
#8797=IFCOWNERHISTORY(#3,#4,.READWRITE.,.ADDED.,1774189820,#3,#4,1774189820);
#8798=IFCRELDEFINESBYPROPERTIES('2HT$fw2lTC5RcYCHZy0_2B',#8797,$,$,(#8780),#8796);
#8799=IFCPROPERTYSINGLEVALUE('Tipo',$,IFCLABEL('PI'),$);
#8800=IFCPROPERTYSINGLEVALUE('CT',$,IFCREAL(43.758),$);
#8801=IFCPROPERTYSINGLEVALUE('CF',$,IFCREAL(43.158),$);
#8802=IFCPROPERTYSINGLEVALUE('Prof',$,IFCREAL(0.6),$);
#8803=IFCOWNERHISTORY(#3,#4,.READWRITE.,.ADDED.,1774189820,#3,#4,1774189820);
#8804=IFCPROPERTYSET('2SGoa943rEnRN87$FzVlm6',#8803,'Custo5D',$,(#8807));
#8805=IFCOWNERHISTORY(#3,#4,.READWRITE.,.ADDED.,1774189820,#3,#4,1774189820);
#8806=IFCRELDEFINESBYPROPERTIES('1ERx3pt1X13xapJn70UTwp',#8805,$,$,(#8780),#8804);
#8807=IFCPROPERTYSINGLEVALUE('Total_RS',$,IFCREAL(1250.),$);
#8808=IFCOWNERHISTORY(#3,#4,.READWRITE.,.MODIFIED.,1774189820,#3,#4,1774189820);
#8809=IFCBUILDINGELEMENTPROXY('3iROm9hKH8fhDWdMBoEMX9',#8808,'PI_254',$,$,#8823,#8818,$,$);
#8815=IFCCIRCLEPROFILEDEF(.AREA.,$,#30,0.2);
#8816=IFCEXTRUDEDAREASOLID(#8815,#34,#32,0.884999999999998);
#8817=IFCSHAPEREPRESENTATION(#16,'Body','SweptSolid',(#8816));
#8818=IFCPRODUCTDEFINITIONSHAPE($,$,(#8817));
#8819=IFCCARTESIANPOINT((694.87538325612,498.559794616885,44.692));
#8820=IFCDIRECTION((0.,0.,1.));
#8821=IFCDIRECTION((1.,0.,0.));
#8822=IFCAXIS2PLACEMENT3D(#8819,#8820,#8821);
#8823=IFCLOCALPLACEMENT($,#8822);
#8824=IFCOWNERHISTORY(#3,#4,.READWRITE.,.ADDED.,1774189820,#3,#4,1774189820);
#8825=IFCPROPERTYSET('3OEP0VFwLA_PAmzVkzWW9F',#8824,'PV',$,(#8828,#8829,#8830,#8831));
#8826=IFCOWNERHISTORY(#3,#4,.READWRITE.,.ADDED.,1774189820,#3,#4,1774189820);
#8827=IFCRELDEFINESBYPROPERTIES('112dkGFrbBr8aTFJ53p6rM',#8826,$,$,(#8809),#8825);
#8828=IFCPROPERTYSINGLEVALUE('Tipo',$,IFCLABEL('PI'),$);
#8829=IFCPROPERTYSINGLEVALUE('CT',$,IFCREAL(45.577),$);
#8830=IFCPROPERTYSINGLEVALUE('CF',$,IFCREAL(44.692),$);
#8831=IFCPROPERTYSINGLEVALUE('Prof',$,IFCREAL(0.88),$);
#8832=IFCOWNERHISTORY(#3,#4,.READWRITE.,.ADDED.,1774189820,#3,#4,1774189820);
#8833=IFCPROPERTYSET('3YxHkcEPDCyQlhd0ciz0nA',#8832,'Custo5D',$,(#8836));
#8834=IFCOWNERHISTORY(#3,#4,.READWRITE.,.ADDED.,1774189820,#3,#4,1774189820);
#8835=IFCRELDEFINESBYPROPERTIES('3BtbgIvkD67hcNfhfRpavT',#8834,$,$,(#8809),#8833);
#8836=IFCPROPERTYSINGLEVALUE('Total_RS',$,IFCREAL(1250.),$);
#8837=IFCOWNERHISTORY(#3,#4,.READWRITE.,.MODIFIED.,1774189820,#3,#4,1774189820);
#8838=IFCBUILDINGELEMENTPROXY('1UxrviImz36BZ$cLdgk1hn',#8837,'PI_252',$,$,#8852,#8847,$,$);
#8844=IFCCIRCLEPROFILEDEF(.AREA.,$,#30,0.2);
#8845=IFCEXTRUDEDAREASOLID(#8844,#34,#32,0.600000000000001);
#8846=IFCSHAPEREPRESENTATION(#16,'Body','SweptSolid',(#8845));
#8847=IFCPRODUCTDEFINITIONSHAPE($,$,(#8846));
#8848=IFCCARTESIANPOINT((700.883560254588,504.12828797847,48.921));
#8849=IFCDIRECTION((0.,0.,1.));
#8850=IFCDIRECTION((1.,0.,0.));
#8851=IFCAXIS2PLACEMENT3D(#8848,#8849,#8850);
#8852=IFCLOCALPLACEMENT($,#8851);
#8853=IFCOWNERHISTORY(#3,#4,.READWRITE.,.ADDED.,1774189820,#3,#4,1774189820);
#8854=IFCPROPERTYSET('39aXJVNG56EvYe1wluevU9',#8853,'PV',$,(#8857,#8858,#8859,#8860));
#8855=IFCOWNERHISTORY(#3,#4,.READWRITE.,.ADDED.,1774189820,#3,#4,1774189820);
#8856=IFCRELDEFINESBYPROPERTIES('3caEcCjrX7_e9uAiyN$eOi',#8855,$,$,(#8838),#8854);
#8857=IFCPROPERTYSINGLEVALUE('Tipo',$,IFCLABEL('PI'),$);
#8858=IFCPROPERTYSINGLEVALUE('CT',$,IFCREAL(49.521),$);
#8859=IFCPROPERTYSINGLEVALUE('CF',$,IFCREAL(48.921),$);
#8860=IFCPROPERTYSINGLEVALUE('Prof',$,IFCREAL(0.6),$);
#8861=IFCOWNERHISTORY(#3,#4,.READWRITE.,.ADDED.,1774189820,#3,#4,1774189820);
#8862=IFCPROPERTYSET('1JF6rNEs14XupBb4jZALAg',#8861,'Custo5D',$,(#8865));
#8863=IFCOWNERHISTORY(#3,#4,.READWRITE.,.ADDED.,1774189820,#3,#4,1774189820);
#8864=IFCRELDEFINESBYPROPERTIES('29lk3dx21E4gj3ehhs2OP3',#8863,$,$,(#8838),#8862);
#8865=IFCPROPERTYSINGLEVALUE('Total_RS',$,IFCREAL(1250.),$);
#8866=IFCOWNERHISTORY(#3,#4,.READWRITE.,.MODIFIED.,1774189820,#3,#4,1774189820);
#8867=IFCBUILDINGELEMENTPROXY('3YeDj66497IeYS$kKr_0P3',#8866,'PI_251',$,$,#8881,#8876,$,$);
#8873=IFCCIRCLEPROFILEDEF(.AREA.,$,#30,0.2);
#8874=IFCEXTRUDEDAREASOLID(#8873,#34,#32,0.599999999999994);
#8875=IFCSHAPEREPRESENTATION(#16,'Body','SweptSolid',(#8874));
#8876=IFCPRODUCTDEFINITIONSHAPE($,$,(#8875));
#8877=IFCCARTESIANPOINT((698.177330543287,510.862983562052,49.279));
#8878=IFCDIRECTION((0.,0.,1.));
#8879=IFCDIRECTION((1.,0.,0.));
#8880=IFCAXIS2PLACEMENT3D(#8877,#8878,#8879);
#8881=IFCLOCALPLACEMENT($,#8880);
#8882=IFCOWNERHISTORY(#3,#4,.READWRITE.,.ADDED.,1774189820,#3,#4,1774189820);
#8883=IFCPROPERTYSET('1Zs2Pe12j0MO0$P1s2o1pj',#8882,'PV',$,(#8886,#8887,#8888,#8889));
#8884=IFCOWNERHISTORY(#3,#4,.READWRITE.,.ADDED.,1774189820,#3,#4,1774189820);
#8885=IFCRELDEFINESBYPROPERTIES('15HcRRKfn9kPRCQQiVK365',#8884,$,$,(#8867),#8883);
#8886=IFCPROPERTYSINGLEVALUE('Tipo',$,IFCLABEL('PI'),$);
#8887=IFCPROPERTYSINGLEVALUE('CT',$,IFCREAL(49.879),$);
#8888=IFCPROPERTYSINGLEVALUE('CF',$,IFCREAL(49.279),$);
#8889=IFCPROPERTYSINGLEVALUE('Prof',$,IFCREAL(0.6),$);
#8890=IFCOWNERHISTORY(#3,#4,.READWRITE.,.ADDED.,1774189820,#3,#4,1774189820);
#8891=IFCPROPERTYSET('1HBd7nqhvEPeIHniX6RLAG',#8890,'Custo5D',$,(#8894));
#8892=IFCOWNERHISTORY(#3,#4,.READWRITE.,.ADDED.,1774189820,#3,#4,1774189820);
#8893=IFCRELDEFINESBYPROPERTIES('2OVBkfMgn7fvdmptrhLYnz',#8892,$,$,(#8867),#8891);
#8894=IFCPROPERTYSINGLEVALUE('Total_RS',$,IFCREAL(1250.),$);
#8895=IFCOWNERHISTORY(#3,#4,.READWRITE.,.MODIFIED.,1774189820,#3,#4,1774189820);
#8896=IFCBUILDINGELEMENTPROXY('35$JD8DEz6GAQRTSTb_gez',#8895,'PI_51',$,$,#8910,#8905,$,$);
#8902=IFCCIRCLEPROFILEDEF(.AREA.,$,#30,0.2);
#8903=IFCEXTRUDEDAREASOLID(#8902,#34,#32,0.600000000000001);
#8904=IFCSHAPEREPRESENTATION(#16,'Body','SweptSolid',(#8903));
#8905=IFCPRODUCTDEFINITIONSHAPE($,$,(#8904));
#8906=IFCCARTESIANPOINT((598.449568580836,518.818612854928,34.875));
#8907=IFCDIRECTION((0.,0.,1.));
#8908=IFCDIRECTION((1.,0.,0.));
#8909=IFCAXIS2PLACEMENT3D(#8906,#8907,#8908);
#8910=IFCLOCALPLACEMENT($,#8909);
#8911=IFCOWNERHISTORY(#3,#4,.READWRITE.,.ADDED.,1774189820,#3,#4,1774189820);
#8912=IFCPROPERTYSET('0GEog7c6P3xvrjiXu2SpdC',#8911,'PV',$,(#8915,#8916,#8917,#8918));
#8913=IFCOWNERHISTORY(#3,#4,.READWRITE.,.ADDED.,1774189820,#3,#4,1774189820);
#8914=IFCRELDEFINESBYPROPERTIES('3ewyCc2yfCywm1dPUf$bk1',#8913,$,$,(#8896),#8912);
#8915=IFCPROPERTYSINGLEVALUE('Tipo',$,IFCLABEL('PI'),$);
#8916=IFCPROPERTYSINGLEVALUE('CT',$,IFCREAL(35.475),$);
#8917=IFCPROPERTYSINGLEVALUE('CF',$,IFCREAL(34.875),$);
#8918=IFCPROPERTYSINGLEVALUE('Prof',$,IFCREAL(0.6),$);
#8919=IFCOWNERHISTORY(#3,#4,.READWRITE.,.ADDED.,1774189820,#3,#4,1774189820);
#8920=IFCPROPERTYSET('18oHs4jnD63OdE2kSpTcpw',#8919,'Custo5D',$,(#8923));
#8921=IFCOWNERHISTORY(#3,#4,.READWRITE.,.ADDED.,1774189820,#3,#4,1774189820);
#8922=IFCRELDEFINESBYPROPERTIES('3zSfv$KcTCt829nW6lU7Eo',#8921,$,$,(#8896),#8920);
#8923=IFCPROPERTYSINGLEVALUE('Total_RS',$,IFCREAL(1250.),$);
#8924=IFCOWNERHISTORY(#3,#4,.READWRITE.,.MODIFIED.,1774189820,#3,#4,1774189820);
#8925=IFCBUILDINGELEMENTPROXY('2bZ_22HJ5ESuX_411vh_sD',#8924,'PI_52',$,$,#8939,#8934,$,$);
#8931=IFCCIRCLEPROFILEDEF(.AREA.,$,#30,0.2);
#8932=IFCEXTRUDEDAREASOLID(#8931,#34,#32,0.600000000000001);
#8933=IFCSHAPEREPRESENTATION(#16,'Body','SweptSolid',(#8932));
#8934=IFCPRODUCTDEFINITIONSHAPE($,$,(#8933));
#8935=IFCCARTESIANPOINT((599.724541000149,520.755699303001,35.866));
#8936=IFCDIRECTION((0.,0.,1.));
#8937=IFCDIRECTION((1.,0.,0.));
#8938=IFCAXIS2PLACEMENT3D(#8935,#8936,#8937);
#8939=IFCLOCALPLACEMENT($,#8938);
#8940=IFCOWNERHISTORY(#3,#4,.READWRITE.,.ADDED.,1774189820,#3,#4,1774189820);
#8941=IFCPROPERTYSET('0Jic3CtnDA$RGOn3TKZ8f9',#8940,'PV',$,(#8944,#8945,#8946,#8947));
#8942=IFCOWNERHISTORY(#3,#4,.READWRITE.,.ADDED.,1774189820,#3,#4,1774189820);
#8943=IFCRELDEFINESBYPROPERTIES('0yToioQcT1HhB26j_AJSq$',#8942,$,$,(#8925),#8941);
#8944=IFCPROPERTYSINGLEVALUE('Tipo',$,IFCLABEL('PI'),$);
#8945=IFCPROPERTYSINGLEVALUE('CT',$,IFCREAL(36.466),$);
#8946=IFCPROPERTYSINGLEVALUE('CF',$,IFCREAL(35.866),$);
#8947=IFCPROPERTYSINGLEVALUE('Prof',$,IFCREAL(0.6),$);
#8948=IFCOWNERHISTORY(#3,#4,.READWRITE.,.ADDED.,1774189820,#3,#4,1774189820);
#8949=IFCPROPERTYSET('3pbMeE7w56Du4ZTRcojZVF',#8948,'Custo5D',$,(#8952));
#8950=IFCOWNERHISTORY(#3,#4,.READWRITE.,.ADDED.,1774189820,#3,#4,1774189820);
#8951=IFCRELDEFINESBYPROPERTIES('2iHWixBi1DePlq9HQy9DNj',#8950,$,$,(#8925),#8949);
#8952=IFCPROPERTYSINGLEVALUE('Total_RS',$,IFCREAL(1250.),$);
#8953=IFCOWNERHISTORY(#3,#4,.READWRITE.,.MODIFIED.,1774189820,#3,#4,1774189820);
#8954=IFCBUILDINGELEMENTPROXY('2NYh66Nuz0uQgnm4ETicP0',#8953,'PI_37',$,$,#8968,#8963,$,$);
#8960=IFCCIRCLEPROFILEDEF(.AREA.,$,#30,0.2);
#8961=IFCEXTRUDEDAREASOLID(#8960,#34,#32,0.599999999999998);
#8962=IFCSHAPEREPRESENTATION(#16,'Body','SweptSolid',(#8961));
#8963=IFCPRODUCTDEFINITIONSHAPE($,$,(#8962));
#8964=IFCCARTESIANPOINT((542.406390123302,503.609123636968,19.914));
#8965=IFCDIRECTION((0.,0.,1.));
#8966=IFCDIRECTION((1.,0.,0.));
#8967=IFCAXIS2PLACEMENT3D(#8964,#8965,#8966);
#8968=IFCLOCALPLACEMENT($,#8967);
#8969=IFCOWNERHISTORY(#3,#4,.READWRITE.,.ADDED.,1774189820,#3,#4,1774189820);
#8970=IFCPROPERTYSET('0rf7BC9aj2gghzn13F$k8T',#8969,'PV',$,(#8973,#8974,#8975,#8976));
#8971=IFCOWNERHISTORY(#3,#4,.READWRITE.,.ADDED.,1774189820,#3,#4,1774189820);
#8972=IFCRELDEFINESBYPROPERTIES('2CcbFsszvAHgf3t3IUuTfl',#8971,$,$,(#8954),#8970);
#8973=IFCPROPERTYSINGLEVALUE('Tipo',$,IFCLABEL('PI'),$);
#8974=IFCPROPERTYSINGLEVALUE('CT',$,IFCREAL(20.514),$);
#8975=IFCPROPERTYSINGLEVALUE('CF',$,IFCREAL(19.914),$);
#8976=IFCPROPERTYSINGLEVALUE('Prof',$,IFCREAL(0.6),$);
#8977=IFCOWNERHISTORY(#3,#4,.READWRITE.,.ADDED.,1774189820,#3,#4,1774189820);
#8978=IFCPROPERTYSET('0kzae9kGjEjgbUfjDSfYHM',#8977,'Custo5D',$,(#8981));
#8979=IFCOWNERHISTORY(#3,#4,.READWRITE.,.ADDED.,1774189820,#3,#4,1774189820);
#8980=IFCRELDEFINESBYPROPERTIES('1rtrqJlh9B4e3EuEhmSSCF',#8979,$,$,(#8954),#8978);
#8981=IFCPROPERTYSINGLEVALUE('Total_RS',$,IFCREAL(1250.),$);
#8982=IFCOWNERHISTORY(#3,#4,.READWRITE.,.MODIFIED.,1774189820,#3,#4,1774189820);
#8983=IFCBUILDINGELEMENTPROXY('1MRmJFkj9EIevayFlmajpy',#8982,'PI_36',$,$,#8997,#8992,$,$);
#8989=IFCCIRCLEPROFILEDEF(.AREA.,$,#30,0.2);
#8990=IFCEXTRUDEDAREASOLID(#8989,#34,#32,0.599999999999998);
#8991=IFCSHAPEREPRESENTATION(#16,'Body','SweptSolid',(#8990));
#8992=IFCPRODUCTDEFINITIONSHAPE($,$,(#8991));
#8993=IFCCARTESIANPOINT((540.410111992736,503.009979904629,17.039));
#8994=IFCDIRECTION((0.,0.,1.));
#8995=IFCDIRECTION((1.,0.,0.));
#8996=IFCAXIS2PLACEMENT3D(#8993,#8994,#8995);
#8997=IFCLOCALPLACEMENT($,#8996);
#8998=IFCOWNERHISTORY(#3,#4,.READWRITE.,.ADDED.,1774189820,#3,#4,1774189820);
#8999=IFCPROPERTYSET('26y7hfW$b7x9ifRNL93O__',#8998,'PV',$,(#9002,#9003,#9004,#9005));
#9000=IFCOWNERHISTORY(#3,#4,.READWRITE.,.ADDED.,1774189820,#3,#4,1774189820);
#9001=IFCRELDEFINESBYPROPERTIES('3x4YppVIHAIQsZzq25NYp3',#9000,$,$,(#8983),#8999);
#9002=IFCPROPERTYSINGLEVALUE('Tipo',$,IFCLABEL('PI'),$);
#9003=IFCPROPERTYSINGLEVALUE('CT',$,IFCREAL(17.639),$);
#9004=IFCPROPERTYSINGLEVALUE('CF',$,IFCREAL(17.039),$);
#9005=IFCPROPERTYSINGLEVALUE('Prof',$,IFCREAL(0.6),$);
#9006=IFCOWNERHISTORY(#3,#4,.READWRITE.,.ADDED.,1774189820,#3,#4,1774189820);
#9007=IFCPROPERTYSET('0Xo$R5nJH0U8fEVFIrU3QH',#9006,'Custo5D',$,(#9010));
#9008=IFCOWNERHISTORY(#3,#4,.READWRITE.,.ADDED.,1774189820,#3,#4,1774189820);
#9009=IFCRELDEFINESBYPROPERTIES('0UOIUcxcP4CeYPF7L4mcO4',#9008,$,$,(#8983),#9007);
#9010=IFCPROPERTYSINGLEVALUE('Total_RS',$,IFCREAL(1250.),$);
#9011=IFCOWNERHISTORY(#3,#4,.READWRITE.,.MODIFIED.,1774189820,#3,#4,1774189820);
#9012=IFCBUILDINGELEMENTPROXY('0p6BN5gOnDTQhrtZqGN14p',#9011,'PI_39',$,$,#9026,#9021,$,$);
#9018=IFCCIRCLEPROFILEDEF(.AREA.,$,#30,0.2);
#9019=IFCEXTRUDEDAREASOLID(#9018,#34,#32,0.600000000000001);
#9020=IFCSHAPEREPRESENTATION(#16,'Body','SweptSolid',(#9019));
#9021=IFCPRODUCTDEFINITIONSHAPE($,$,(#9020));
#9022=IFCCARTESIANPOINT((547.85799832351,498.882475532591,21.967));
#9023=IFCDIRECTION((0.,0.,1.));
#9024=IFCDIRECTION((1.,0.,0.));
#9025=IFCAXIS2PLACEMENT3D(#9022,#9023,#9024);
#9026=IFCLOCALPLACEMENT($,#9025);
#9027=IFCOWNERHISTORY(#3,#4,.READWRITE.,.ADDED.,1774189820,#3,#4,1774189820);
#9028=IFCPROPERTYSET('2SXXf54fP1A9u6nfcpm7$Y',#9027,'PV',$,(#9031,#9032,#9033,#9034));
#9029=IFCOWNERHISTORY(#3,#4,.READWRITE.,.ADDED.,1774189820,#3,#4,1774189820);
#9030=IFCRELDEFINESBYPROPERTIES('3ki$o82Hb1lh_9su64BQ6K',#9029,$,$,(#9012),#9028);
#9031=IFCPROPERTYSINGLEVALUE('Tipo',$,IFCLABEL('PI'),$);
#9032=IFCPROPERTYSINGLEVALUE('CT',$,IFCREAL(22.567),$);
#9033=IFCPROPERTYSINGLEVALUE('CF',$,IFCREAL(21.967),$);
#9034=IFCPROPERTYSINGLEVALUE('Prof',$,IFCREAL(0.6),$);
#9035=IFCOWNERHISTORY(#3,#4,.READWRITE.,.ADDED.,1774189820,#3,#4,1774189820);
#9036=IFCPROPERTYSET('2bJCzuBdT5rAqj$r0Sycny',#9035,'Custo5D',$,(#9039));
#9037=IFCOWNERHISTORY(#3,#4,.READWRITE.,.ADDED.,1774189820,#3,#4,1774189820);
#9038=IFCRELDEFINESBYPROPERTIES('0FZ_heHQr1NRMCGFENdGFr',#9037,$,$,(#9012),#9036);
#9039=IFCPROPERTYSINGLEVALUE('Total_RS',$,IFCREAL(1250.),$);
#9040=IFCOWNERHISTORY(#3,#4,.READWRITE.,.MODIFIED.,1774189820,#3,#4,1774189820);
#9041=IFCBUILDINGELEMENTPROXY('2B5M2FceD7IO10iAqPuqmO',#9040,'PI_40',$,$,#9055,#9050,$,$);
#9047=IFCCIRCLEPROFILEDEF(.AREA.,$,#30,0.2);
#9048=IFCEXTRUDEDAREASOLID(#9047,#34,#32,0.600000000000001);
#9049=IFCSHAPEREPRESENTATION(#16,'Body','SweptSolid',(#9048));
#9050=IFCPRODUCTDEFINITIONSHAPE($,$,(#9049));
#9051=IFCCARTESIANPOINT((530.55252619501,497.283288339153,18.97));
#9052=IFCDIRECTION((0.,0.,1.));
#9053=IFCDIRECTION((1.,0.,0.));
#9054=IFCAXIS2PLACEMENT3D(#9051,#9052,#9053);
#9055=IFCLOCALPLACEMENT($,#9054);
#9056=IFCOWNERHISTORY(#3,#4,.READWRITE.,.ADDED.,1774189820,#3,#4,1774189820);
#9057=IFCPROPERTYSET('294n7wzWX8Gf1Bs9PkGwgr',#9056,'PV',$,(#9060,#9061,#9062,#9063));
#9058=IFCOWNERHISTORY(#3,#4,.READWRITE.,.ADDED.,1774189820,#3,#4,1774189820);
#9059=IFCRELDEFINESBYPROPERTIES('26QR67KMn5cQdxKGTYJlfX',#9058,$,$,(#9041),#9057);
#9060=IFCPROPERTYSINGLEVALUE('Tipo',$,IFCLABEL('PI'),$);
#9061=IFCPROPERTYSINGLEVALUE('CT',$,IFCREAL(19.57),$);
#9062=IFCPROPERTYSINGLEVALUE('CF',$,IFCREAL(18.97),$);
#9063=IFCPROPERTYSINGLEVALUE('Prof',$,IFCREAL(0.6),$);
#9064=IFCOWNERHISTORY(#3,#4,.READWRITE.,.ADDED.,1774189820,#3,#4,1774189820);
#9065=IFCPROPERTYSET('21f5gYe3X0ZwDZYtiwznu8',#9064,'Custo5D',$,(#9068));
#9066=IFCOWNERHISTORY(#3,#4,.READWRITE.,.ADDED.,1774189820,#3,#4,1774189820);
#9067=IFCRELDEFINESBYPROPERTIES('2J1K_FYnTEvvvS5QLrWvs9',#9066,$,$,(#9041),#9065);
#9068=IFCPROPERTYSINGLEVALUE('Total_RS',$,IFCREAL(1250.),$);
#9069=IFCOWNERHISTORY(#3,#4,.READWRITE.,.MODIFIED.,1774189820,#3,#4,1774189820);
#9070=IFCBUILDINGELEMENTPROXY('2R0S5l4VD11fbfs5dFXjOe',#9069,'PI_35',$,$,#9084,#9079,$,$);
#9076=IFCCIRCLEPROFILEDEF(.AREA.,$,#30,0.2);
#9077=IFCEXTRUDEDAREASOLID(#9076,#34,#32,0.600000000000001);
#9078=IFCSHAPEREPRESENTATION(#16,'Body','SweptSolid',(#9077));
#9079=IFCPRODUCTDEFINITIONSHAPE($,$,(#9078));
#9080=IFCCARTESIANPOINT((522.881997884018,491.66559309233,14.777));
#9081=IFCDIRECTION((0.,0.,1.));
#9082=IFCDIRECTION((1.,0.,0.));
#9083=IFCAXIS2PLACEMENT3D(#9080,#9081,#9082);
#9084=IFCLOCALPLACEMENT($,#9083);
#9085=IFCOWNERHISTORY(#3,#4,.READWRITE.,.ADDED.,1774189820,#3,#4,1774189820);
#9086=IFCPROPERTYSET('1EITCn3hPFEAdxK3RpJIvs',#9085,'PV',$,(#9089,#9090,#9091,#9092));
#9087=IFCOWNERHISTORY(#3,#4,.READWRITE.,.ADDED.,1774189820,#3,#4,1774189820);
#9088=IFCRELDEFINESBYPROPERTIES('1waT22i81AWAABW_f4YloI',#9087,$,$,(#9070),#9086);
#9089=IFCPROPERTYSINGLEVALUE('Tipo',$,IFCLABEL('PI'),$);
#9090=IFCPROPERTYSINGLEVALUE('CT',$,IFCREAL(15.377),$);
#9091=IFCPROPERTYSINGLEVALUE('CF',$,IFCREAL(14.777),$);
#9092=IFCPROPERTYSINGLEVALUE('Prof',$,IFCREAL(0.6),$);
#9093=IFCOWNERHISTORY(#3,#4,.READWRITE.,.ADDED.,1774189820,#3,#4,1774189820);
#9094=IFCPROPERTYSET('276nQrfD56lObh2rKUhML2',#9093,'Custo5D',$,(#9097));
#9095=IFCOWNERHISTORY(#3,#4,.READWRITE.,.ADDED.,1774189820,#3,#4,1774189820);
#9096=IFCRELDEFINESBYPROPERTIES('3HdE3Q7cX99QiMUayDnqBt',#9095,$,$,(#9070),#9094);
#9097=IFCPROPERTYSINGLEVALUE('Total_RS',$,IFCREAL(1250.),$);
#9098=IFCOWNERHISTORY(#3,#4,.READWRITE.,.MODIFIED.,1774189820,#3,#4,1774189820);
#9099=IFCBUILDINGELEMENTPROXY('2vJ9dcjqPD_RTFDa0Vlg55',#9098,'PI_42',$,$,#9113,#9108,$,$);
#9105=IFCCIRCLEPROFILEDEF(.AREA.,$,#30,0.2);
#9106=IFCEXTRUDEDAREASOLID(#9105,#34,#32,0.599999999999998);
#9107=IFCSHAPEREPRESENTATION(#16,'Body','SweptSolid',(#9106));
#9108=IFCPRODUCTDEFINITIONSHAPE($,$,(#9107));
#9109=IFCCARTESIANPOINT((537.365471955331,489.63179872185,16.1));
#9110=IFCDIRECTION((0.,0.,1.));
#9111=IFCDIRECTION((1.,0.,0.));
#9112=IFCAXIS2PLACEMENT3D(#9109,#9110,#9111);
#9113=IFCLOCALPLACEMENT($,#9112);
#9114=IFCOWNERHISTORY(#3,#4,.READWRITE.,.ADDED.,1774189820,#3,#4,1774189820);
#9115=IFCPROPERTYSET('3sMWwx5iz3t9y5UXwJ8cfo',#9114,'PV',$,(#9118,#9119,#9120,#9121));
#9116=IFCOWNERHISTORY(#3,#4,.READWRITE.,.ADDED.,1774189820,#3,#4,1774189820);
#9117=IFCRELDEFINESBYPROPERTIES('2Sr3Ff5WrAwR4KMm$sf71T',#9116,$,$,(#9099),#9115);
#9118=IFCPROPERTYSINGLEVALUE('Tipo',$,IFCLABEL('PI'),$);
#9119=IFCPROPERTYSINGLEVALUE('CT',$,IFCREAL(16.7),$);
#9120=IFCPROPERTYSINGLEVALUE('CF',$,IFCREAL(16.1),$);
#9121=IFCPROPERTYSINGLEVALUE('Prof',$,IFCREAL(0.6),$);
#9122=IFCOWNERHISTORY(#3,#4,.READWRITE.,.ADDED.,1774189820,#3,#4,1774189820);
#9123=IFCPROPERTYSET('0YnNnn$rz9MenxzquWLPXQ',#9122,'Custo5D',$,(#9126));
#9124=IFCOWNERHISTORY(#3,#4,.READWRITE.,.ADDED.,1774189820,#3,#4,1774189820);
#9125=IFCRELDEFINESBYPROPERTIES('1TRtOOpPzDIRw5jUJ5HbPj',#9124,$,$,(#9099),#9123);
#9126=IFCPROPERTYSINGLEVALUE('Total_RS',$,IFCREAL(1250.),$);
#9127=IFCOWNERHISTORY(#3,#4,.READWRITE.,.MODIFIED.,1774189820,#3,#4,1774189820);
#9128=IFCBUILDINGELEMENTPROXY('1UUwKGa5H9yOl9re_$zGyv',#9127,'PI_38',$,$,#9142,#9137,$,$);
#9134=IFCCIRCLEPROFILEDEF(.AREA.,$,#30,0.2);
#9135=IFCEXTRUDEDAREASOLID(#9134,#34,#32,0.600000000000001);
#9136=IFCSHAPEREPRESENTATION(#16,'Body','SweptSolid',(#9135));
#9137=IFCPRODUCTDEFINITIONSHAPE($,$,(#9136));
#9138=IFCCARTESIANPOINT((552.311208339117,512.930420125835,21.776));
#9139=IFCDIRECTION((0.,0.,1.));
#9140=IFCDIRECTION((1.,0.,0.));
#9141=IFCAXIS2PLACEMENT3D(#9138,#9139,#9140);
#9142=IFCLOCALPLACEMENT($,#9141);
#9143=IFCOWNERHISTORY(#3,#4,.READWRITE.,.ADDED.,1774189820,#3,#4,1774189820);
#9144=IFCPROPERTYSET('2T775OhlfAjuOxW8AWsTD5',#9143,'PV',$,(#9147,#9148,#9149,#9150));
#9145=IFCOWNERHISTORY(#3,#4,.READWRITE.,.ADDED.,1774189820,#3,#4,1774189820);
#9146=IFCRELDEFINESBYPROPERTIES('0ayXcxkUH4JAzwEIXpmvdH',#9145,$,$,(#9128),#9144);
#9147=IFCPROPERTYSINGLEVALUE('Tipo',$,IFCLABEL('PI'),$);
#9148=IFCPROPERTYSINGLEVALUE('CT',$,IFCREAL(22.376),$);
#9149=IFCPROPERTYSINGLEVALUE('CF',$,IFCREAL(21.776),$);
#9150=IFCPROPERTYSINGLEVALUE('Prof',$,IFCREAL(0.6),$);
#9151=IFCOWNERHISTORY(#3,#4,.READWRITE.,.ADDED.,1774189820,#3,#4,1774189820);
#9152=IFCPROPERTYSET('3XANFRiG16O9RbpbOph3Av',#9151,'Custo5D',$,(#9155));
#9153=IFCOWNERHISTORY(#3,#4,.READWRITE.,.ADDED.,1774189820,#3,#4,1774189820);
#9154=IFCRELDEFINESBYPROPERTIES('0iRjz2ptfA5hsGgVykNl1$',#9153,$,$,(#9128),#9152);
#9155=IFCPROPERTYSINGLEVALUE('Total_RS',$,IFCREAL(1250.),$);
#9156=IFCOWNERHISTORY(#3,#4,.READWRITE.,.MODIFIED.,1774189820,#3,#4,1774189820);
#9157=IFCBUILDINGELEMENTPROXY('3y9UupUE1BigHQU7tvHnKY',#9156,'PI_15',$,$,#9171,#9166,$,$);
#9163=IFCCIRCLEPROFILEDEF(.AREA.,$,#30,0.2);
#9164=IFCEXTRUDEDAREASOLID(#9163,#34,#32,0.600000000000001);
#9165=IFCSHAPEREPRESENTATION(#16,'Body','SweptSolid',(#9164));
#9166=IFCPRODUCTDEFINITIONSHAPE($,$,(#9165));
#9167=IFCCARTESIANPOINT((682.730535738636,595.330072944053,55.047));
#9168=IFCDIRECTION((0.,0.,1.));
#9169=IFCDIRECTION((1.,0.,0.));
#9170=IFCAXIS2PLACEMENT3D(#9167,#9168,#9169);
#9171=IFCLOCALPLACEMENT($,#9170);
#9172=IFCOWNERHISTORY(#3,#4,.READWRITE.,.ADDED.,1774189820,#3,#4,1774189820);
#9173=IFCPROPERTYSET('1nBhCw1a57wBoXPmk6jjWl',#9172,'PV',$,(#9176,#9177,#9178,#9179));
#9174=IFCOWNERHISTORY(#3,#4,.READWRITE.,.ADDED.,1774189820,#3,#4,1774189820);
#9175=IFCRELDEFINESBYPROPERTIES('2jA98C_Ev2CAqb3f3U55JP',#9174,$,$,(#9157),#9173);
#9176=IFCPROPERTYSINGLEVALUE('Tipo',$,IFCLABEL('PI'),$);
#9177=IFCPROPERTYSINGLEVALUE('CT',$,IFCREAL(55.647),$);
#9178=IFCPROPERTYSINGLEVALUE('CF',$,IFCREAL(55.047),$);
#9179=IFCPROPERTYSINGLEVALUE('Prof',$,IFCREAL(0.6),$);
#9180=IFCOWNERHISTORY(#3,#4,.READWRITE.,.ADDED.,1774189820,#3,#4,1774189820);
#9181=IFCPROPERTYSET('3tY74wplTCIRn8n2vSVcq8',#9180,'Custo5D',$,(#9184));
#9182=IFCOWNERHISTORY(#3,#4,.READWRITE.,.ADDED.,1774189820,#3,#4,1774189820);
#9183=IFCRELDEFINESBYPROPERTIES('3wDBGLXBb0PA0LN8FKNWJC',#9182,$,$,(#9157),#9181);
#9184=IFCPROPERTYSINGLEVALUE('Total_RS',$,IFCREAL(1250.),$);
#9185=IFCOWNERHISTORY(#3,#4,.READWRITE.,.MODIFIED.,1774189820,#3,#4,1774189820);
#9186=IFCBUILDINGELEMENTPROXY('3pqFnvjMX7fvd0Z_YZritw',#9185,'PI_16',$,$,#9200,#9195,$,$);
#9192=IFCCIRCLEPROFILEDEF(.AREA.,$,#30,0.2);
#9193=IFCEXTRUDEDAREASOLID(#9192,#34,#32,0.600000000000001);
#9194=IFCSHAPEREPRESENTATION(#16,'Body','SweptSolid',(#9193));
#9195=IFCPRODUCTDEFINITIONSHAPE($,$,(#9194));
#9196=IFCCARTESIANPOINT((684.361076126108,597.030573320575,57.024));
#9197=IFCDIRECTION((0.,0.,1.));
#9198=IFCDIRECTION((1.,0.,0.));
#9199=IFCAXIS2PLACEMENT3D(#9196,#9197,#9198);
#9200=IFCLOCALPLACEMENT($,#9199);
#9201=IFCOWNERHISTORY(#3,#4,.READWRITE.,.ADDED.,1774189820,#3,#4,1774189820);
#9202=IFCPROPERTYSET('2ogMdWjmz6ffNzeGGKc3MI',#9201,'PV',$,(#9205,#9206,#9207,#9208));
#9203=IFCOWNERHISTORY(#3,#4,.READWRITE.,.ADDED.,1774189820,#3,#4,1774189820);
#9204=IFCRELDEFINESBYPROPERTIES('1AfpCWpKb3Ch94Z5jt9ahW',#9203,$,$,(#9186),#9202);
#9205=IFCPROPERTYSINGLEVALUE('Tipo',$,IFCLABEL('PI'),$);
#9206=IFCPROPERTYSINGLEVALUE('CT',$,IFCREAL(57.624),$);
#9207=IFCPROPERTYSINGLEVALUE('CF',$,IFCREAL(57.024),$);
#9208=IFCPROPERTYSINGLEVALUE('Prof',$,IFCREAL(0.6),$);
#9209=IFCOWNERHISTORY(#3,#4,.READWRITE.,.ADDED.,1774189820,#3,#4,1774189820);
#9210=IFCPROPERTYSET('1xZ7hC79jExBE_3RZpgiCG',#9209,'Custo5D',$,(#9213));
#9211=IFCOWNERHISTORY(#3,#4,.READWRITE.,.ADDED.,1774189820,#3,#4,1774189820);
#9212=IFCRELDEFINESBYPROPERTIES('3EAqaFdJv4EQryYTobP78_',#9211,$,$,(#9186),#9210);
#9213=IFCPROPERTYSINGLEVALUE('Total_RS',$,IFCREAL(1250.),$);
#9214=IFCOWNERHISTORY(#3,#4,.READWRITE.,.MODIFIED.,1774189820,#3,#4,1774189820);
#9215=IFCBUILDINGELEMENTPROXY('2Av1gTZtX9jePtxkhT9FrH',#9214,'PI_14',$,$,#9229,#9224,$,$);
#9221=IFCCIRCLEPROFILEDEF(.AREA.,$,#30,0.2);
#9222=IFCEXTRUDEDAREASOLID(#9221,#34,#32,0.600000000000001);
#9223=IFCSHAPEREPRESENTATION(#16,'Body','SweptSolid',(#9222));
#9224=IFCPRODUCTDEFINITIONSHAPE($,$,(#9223));
#9225=IFCCARTESIANPOINT((667.774587701017,585.458261115476,49.826));
#9226=IFCDIRECTION((0.,0.,1.));
#9227=IFCDIRECTION((1.,0.,0.));
#9228=IFCAXIS2PLACEMENT3D(#9225,#9226,#9227);
#9229=IFCLOCALPLACEMENT($,#9228);
#9230=IFCOWNERHISTORY(#3,#4,.READWRITE.,.ADDED.,1774189820,#3,#4,1774189820);
#9231=IFCPROPERTYSET('1CPOrW8FbAyRl3$80uIcom',#9230,'PV',$,(#9234,#9235,#9236,#9237));
#9232=IFCOWNERHISTORY(#3,#4,.READWRITE.,.ADDED.,1774189820,#3,#4,1774189820);
#9233=IFCRELDEFINESBYPROPERTIES('224I91Zxv8LA3B$vhm1GBo',#9232,$,$,(#9215),#9231);
#9234=IFCPROPERTYSINGLEVALUE('Tipo',$,IFCLABEL('PI'),$);
#9235=IFCPROPERTYSINGLEVALUE('CT',$,IFCREAL(50.426),$);
#9236=IFCPROPERTYSINGLEVALUE('CF',$,IFCREAL(49.826),$);
#9237=IFCPROPERTYSINGLEVALUE('Prof',$,IFCREAL(0.6),$);
#9238=IFCOWNERHISTORY(#3,#4,.READWRITE.,.ADDED.,1774189820,#3,#4,1774189820);
#9239=IFCPROPERTYSET('1Q7NEBdy5D4AMU5sq7e0qX',#9238,'Custo5D',$,(#9242));
#9240=IFCOWNERHISTORY(#3,#4,.READWRITE.,.ADDED.,1774189820,#3,#4,1774189820);
#9241=IFCRELDEFINESBYPROPERTIES('3nMrhKbvX0L8kXwTg3SPMU',#9240,$,$,(#9215),#9239);
#9242=IFCPROPERTYSINGLEVALUE('Total_RS',$,IFCREAL(1250.),$);
#9243=IFCOWNERHISTORY(#3,#4,.READWRITE.,.MODIFIED.,1774189820,#3,#4,1774189820);
#9244=IFCBUILDINGELEMENTPROXY('2o5IpzGF54ThnGNzxp4zOI',#9243,'PI_13',$,$,#9258,#9253,$,$);
#9250=IFCCIRCLEPROFILEDEF(.AREA.,$,#30,0.2);
#9251=IFCEXTRUDEDAREASOLID(#9250,#34,#32,0.599999999999994);
#9252=IFCSHAPEREPRESENTATION(#16,'Body','SweptSolid',(#9251));
#9253=IFCPRODUCTDEFINITIONSHAPE($,$,(#9252));
#9254=IFCCARTESIANPOINT((669.948365742632,586.25114476122,46.749));
#9255=IFCDIRECTION((0.,0.,1.));
#9256=IFCDIRECTION((1.,0.,0.));
#9257=IFCAXIS2PLACEMENT3D(#9254,#9255,#9256);
#9258=IFCLOCALPLACEMENT($,#9257);
#9259=IFCOWNERHISTORY(#3,#4,.READWRITE.,.ADDED.,1774189820,#3,#4,1774189820);
#9260=IFCPROPERTYSET('2Ox9_iCx9Eqvgu5Me_omZ$',#9259,'PV',$,(#9263,#9264,#9265,#9266));
#9261=IFCOWNERHISTORY(#3,#4,.READWRITE.,.ADDED.,1774189820,#3,#4,1774189820);
#9262=IFCRELDEFINESBYPROPERTIES('1zEMRrZXX6cfi1TYQXbaSB',#9261,$,$,(#9244),#9260);
#9263=IFCPROPERTYSINGLEVALUE('Tipo',$,IFCLABEL('PI'),$);
#9264=IFCPROPERTYSINGLEVALUE('CT',$,IFCREAL(47.349),$);
#9265=IFCPROPERTYSINGLEVALUE('CF',$,IFCREAL(46.749),$);
#9266=IFCPROPERTYSINGLEVALUE('Prof',$,IFCREAL(0.6),$);
#9267=IFCOWNERHISTORY(#3,#4,.READWRITE.,.ADDED.,1774189820,#3,#4,1774189820);
#9268=IFCPROPERTYSET('1RiDAeIA5FoOBGZ5M6H0Cr',#9267,'Custo5D',$,(#9271));
#9269=IFCOWNERHISTORY(#3,#4,.READWRITE.,.ADDED.,1774189820,#3,#4,1774189820);
#9270=IFCRELDEFINESBYPROPERTIES('3KsaY3eCbCwQw5dtIMliFT',#9269,$,$,(#9244),#9268);
#9271=IFCPROPERTYSINGLEVALUE('Total_RS',$,IFCREAL(1250.),$);
#9272=IFCOWNERHISTORY(#3,#4,.READWRITE.,.MODIFIED.,1774189820,#3,#4,1774189820);
#9273=IFCBUILDINGELEMENTPROXY('3aY3OPhCf97BtflWc95rmL',#9272,'PI_12',$,$,#9287,#9282,$,$);
#9279=IFCCIRCLEPROFILEDEF(.AREA.,$,#30,0.2);
#9280=IFCEXTRUDEDAREASOLID(#9279,#34,#32,0.600000000000001);
#9281=IFCSHAPEREPRESENTATION(#16,'Body','SweptSolid',(#9280));
#9282=IFCPRODUCTDEFINITIONSHAPE($,$,(#9281));
#9283=IFCCARTESIANPOINT((656.583315961412,584.31960177049,41.897));
#9284=IFCDIRECTION((0.,0.,1.));
#9285=IFCDIRECTION((1.,0.,0.));
#9286=IFCAXIS2PLACEMENT3D(#9283,#9284,#9285);
#9287=IFCLOCALPLACEMENT($,#9286);
#9288=IFCOWNERHISTORY(#3,#4,.READWRITE.,.ADDED.,1774189820,#3,#4,1774189820);
#9289=IFCPROPERTYSET('1HyFbAHaP9ZBnlKZMzAh6K',#9288,'PV',$,(#9292,#9293,#9294,#9295));
#9290=IFCOWNERHISTORY(#3,#4,.READWRITE.,.ADDED.,1774189820,#3,#4,1774189820);
#9291=IFCRELDEFINESBYPROPERTIES('0X6sk4WLD46AsqhMswPvkv',#9290,$,$,(#9273),#9289);
#9292=IFCPROPERTYSINGLEVALUE('Tipo',$,IFCLABEL('PI'),$);
#9293=IFCPROPERTYSINGLEVALUE('CT',$,IFCREAL(42.497),$);
#9294=IFCPROPERTYSINGLEVALUE('CF',$,IFCREAL(41.897),$);
#9295=IFCPROPERTYSINGLEVALUE('Prof',$,IFCREAL(0.6),$);
#9296=IFCOWNERHISTORY(#3,#4,.READWRITE.,.ADDED.,1774189820,#3,#4,1774189820);
#9297=IFCPROPERTYSET('2bGepXsFH1ThPJ9Rhyrs3c',#9296,'Custo5D',$,(#9300));
#9298=IFCOWNERHISTORY(#3,#4,.READWRITE.,.ADDED.,1774189820,#3,#4,1774189820);
#9299=IFCRELDEFINESBYPROPERTIES('34jLXnvJrCqweEZQMFXH8y',#9298,$,$,(#9273),#9297);
#9300=IFCPROPERTYSINGLEVALUE('Total_RS',$,IFCREAL(1250.),$);
#9301=IFCOWNERHISTORY(#3,#4,.READWRITE.,.MODIFIED.,1774189820,#3,#4,1774189820);
#9302=IFCBUILDINGELEMENTPROXY('2qW$wFKs9EWuRfLaqYonYd',#9301,'PI_83',$,$,#9316,#9311,$,$);
#9308=IFCCIRCLEPROFILEDEF(.AREA.,$,#30,0.2);
#9309=IFCEXTRUDEDAREASOLID(#9308,#34,#32,0.6);
#9310=IFCSHAPEREPRESENTATION(#16,'Body','SweptSolid',(#9309));
#9311=IFCPRODUCTDEFINITIONSHAPE($,$,(#9310));
#9312=IFCCARTESIANPOINT((479.70807449409,449.328480944037,3.054));
#9313=IFCDIRECTION((0.,0.,1.));
#9314=IFCDIRECTION((1.,0.,0.));
#9315=IFCAXIS2PLACEMENT3D(#9312,#9313,#9314);
#9316=IFCLOCALPLACEMENT($,#9315);
#9317=IFCOWNERHISTORY(#3,#4,.READWRITE.,.ADDED.,1774189820,#3,#4,1774189820);
#9318=IFCPROPERTYSET('20X_F_sH1EjBi6bNDRU4KJ',#9317,'PV',$,(#9321,#9322,#9323,#9324));
#9319=IFCOWNERHISTORY(#3,#4,.READWRITE.,.ADDED.,1774189820,#3,#4,1774189820);
#9320=IFCRELDEFINESBYPROPERTIES('2bHXZnnM5C$RcGp4_QP_2C',#9319,$,$,(#9302),#9318);
#9321=IFCPROPERTYSINGLEVALUE('Tipo',$,IFCLABEL('PI'),$);
#9322=IFCPROPERTYSINGLEVALUE('CT',$,IFCREAL(3.654),$);
#9323=IFCPROPERTYSINGLEVALUE('CF',$,IFCREAL(3.054),$);
#9324=IFCPROPERTYSINGLEVALUE('Prof',$,IFCREAL(0.6),$);
#9325=IFCOWNERHISTORY(#3,#4,.READWRITE.,.ADDED.,1774189820,#3,#4,1774189820);
#9326=IFCPROPERTYSET('3ObwIItur6ePsewHYgwwV3',#9325,'Custo5D',$,(#9329));
#9327=IFCOWNERHISTORY(#3,#4,.READWRITE.,.ADDED.,1774189820,#3,#4,1774189820);
#9328=IFCRELDEFINESBYPROPERTIES('330sss$ZT1LBV3xdsigRHh',#9327,$,$,(#9302),#9326);
#9329=IFCPROPERTYSINGLEVALUE('Total_RS',$,IFCREAL(1250.),$);
#9330=IFCOWNERHISTORY(#3,#4,.READWRITE.,.MODIFIED.,1774189820,#3,#4,1774189820);
#9331=IFCBUILDINGELEMENTPROXY('2L_7kIoGzFRfW66SCzS_GP',#9330,'PI_82',$,$,#9345,#9340,$,$);
#9337=IFCCIRCLEPROFILEDEF(.AREA.,$,#30,0.2);
#9338=IFCEXTRUDEDAREASOLID(#9337,#34,#32,0.6);
#9339=IFCSHAPEREPRESENTATION(#16,'Body','SweptSolid',(#9338));
#9340=IFCPRODUCTDEFINITIONSHAPE($,$,(#9339));
#9341=IFCCARTESIANPOINT((495.619309531001,452.301883295178,3.673));
#9342=IFCDIRECTION((0.,0.,1.));
#9343=IFCDIRECTION((1.,0.,0.));
#9344=IFCAXIS2PLACEMENT3D(#9341,#9342,#9343);
#9345=IFCLOCALPLACEMENT($,#9344);
#9346=IFCOWNERHISTORY(#3,#4,.READWRITE.,.ADDED.,1774189820,#3,#4,1774189820);
#9347=IFCPROPERTYSET('21a54T2Zr1kvmO3b9F0cl$',#9346,'PV',$,(#9350,#9351,#9352,#9353));
#9348=IFCOWNERHISTORY(#3,#4,.READWRITE.,.ADDED.,1774189820,#3,#4,1774189820);
#9349=IFCRELDEFINESBYPROPERTIES('0dZKq3QCzAzeXf_gVTzaAq',#9348,$,$,(#9331),#9347);
#9350=IFCPROPERTYSINGLEVALUE('Tipo',$,IFCLABEL('PI'),$);
#9351=IFCPROPERTYSINGLEVALUE('CT',$,IFCREAL(4.273),$);
#9352=IFCPROPERTYSINGLEVALUE('CF',$,IFCREAL(3.673),$);
#9353=IFCPROPERTYSINGLEVALUE('Prof',$,IFCREAL(0.6),$);
#9354=IFCOWNERHISTORY(#3,#4,.READWRITE.,.ADDED.,1774189820,#3,#4,1774189820);
#9355=IFCPROPERTYSET('32K8kPEfX6BBsfzz$md38P',#9354,'Custo5D',$,(#9358));
#9356=IFCOWNERHISTORY(#3,#4,.READWRITE.,.ADDED.,1774189820,#3,#4,1774189820);
#9357=IFCRELDEFINESBYPROPERTIES('3f80lHi7TAwfi5McCS$KFE',#9356,$,$,(#9331),#9355);
#9358=IFCPROPERTYSINGLEVALUE('Total_RS',$,IFCREAL(1250.),$);
#9359=IFCOWNERHISTORY(#3,#4,.READWRITE.,.MODIFIED.,1774189820,#3,#4,1774189820);
#9360=IFCBUILDINGELEMENTPROXY('3AGjhqX8T5Rx3IQ6S54cxY',#9359,'PI_80',$,$,#9374,#9369,$,$);
#9366=IFCCIRCLEPROFILEDEF(.AREA.,$,#30,0.2);
#9367=IFCEXTRUDEDAREASOLID(#9366,#34,#32,0.6);
#9368=IFCSHAPEREPRESENTATION(#16,'Body','SweptSolid',(#9367));
#9369=IFCPRODUCTDEFINITIONSHAPE($,$,(#9368));
#9370=IFCCARTESIANPOINT((518.305752887507,462.049170087092,10.481));
#9371=IFCDIRECTION((0.,0.,1.));
#9372=IFCDIRECTION((1.,0.,0.));
#9373=IFCAXIS2PLACEMENT3D(#9370,#9371,#9372);
#9374=IFCLOCALPLACEMENT($,#9373);
#9375=IFCOWNERHISTORY(#3,#4,.READWRITE.,.ADDED.,1774189820,#3,#4,1774189820);
#9376=IFCPROPERTYSET('08Jo3fXZPAK85Q9pDen6fZ',#9375,'PV',$,(#9379,#9380,#9381,#9382));
#9377=IFCOWNERHISTORY(#3,#4,.READWRITE.,.ADDED.,1774189820,#3,#4,1774189820);
#9378=IFCRELDEFINESBYPROPERTIES('2Mlj0NJbz7U9RBZkdxAnBi',#9377,$,$,(#9360),#9376);
#9379=IFCPROPERTYSINGLEVALUE('Tipo',$,IFCLABEL('PI'),$);
#9380=IFCPROPERTYSINGLEVALUE('CT',$,IFCREAL(11.081),$);
#9381=IFCPROPERTYSINGLEVALUE('CF',$,IFCREAL(10.481),$);
#9382=IFCPROPERTYSINGLEVALUE('Prof',$,IFCREAL(0.6),$);
#9383=IFCOWNERHISTORY(#3,#4,.READWRITE.,.ADDED.,1774189820,#3,#4,1774189820);
#9384=IFCPROPERTYSET('2Gh2EUVzfFNg5nSYsINW8D',#9383,'Custo5D',$,(#9387));
#9385=IFCOWNERHISTORY(#3,#4,.READWRITE.,.ADDED.,1774189820,#3,#4,1774189820);
#9386=IFCRELDEFINESBYPROPERTIES('2oLq9$lwTF_RoPbo2Se9wJ',#9385,$,$,(#9360),#9384);
#9387=IFCPROPERTYSINGLEVALUE('Total_RS',$,IFCREAL(1250.),$);
#9388=IFCOWNERHISTORY(#3,#4,.READWRITE.,.MODIFIED.,1774189820,#3,#4,1774189820);
#9389=IFCBUILDINGELEMENTPROXY('1C_aLSLJT9_8JhooN9uDQs',#9388,'PI_81',$,$,#9403,#9398,$,$);
#9395=IFCCIRCLEPROFILEDEF(.AREA.,$,#30,0.2);
#9396=IFCEXTRUDEDAREASOLID(#9395,#34,#32,0.6);
#9397=IFCSHAPEREPRESENTATION(#16,'Body','SweptSolid',(#9396));
#9398=IFCPRODUCTDEFINITIONSHAPE($,$,(#9397));
#9399=IFCCARTESIANPOINT((516.844366868201,460.33831596002,8.161));
#9400=IFCDIRECTION((0.,0.,1.));
#9401=IFCDIRECTION((1.,0.,0.));
#9402=IFCAXIS2PLACEMENT3D(#9399,#9400,#9401);
#9403=IFCLOCALPLACEMENT($,#9402);
#9404=IFCOWNERHISTORY(#3,#4,.READWRITE.,.ADDED.,1774189820,#3,#4,1774189820);
#9405=IFCPROPERTYSET('3$zsDQ_9bBIBOQQfOcKtvV',#9404,'PV',$,(#9408,#9409,#9410,#9411));
#9406=IFCOWNERHISTORY(#3,#4,.READWRITE.,.ADDED.,1774189820,#3,#4,1774189820);
#9407=IFCRELDEFINESBYPROPERTIES('2cD1oPnUf8Hu4UyX6BvDFV',#9406,$,$,(#9389),#9405);
#9408=IFCPROPERTYSINGLEVALUE('Tipo',$,IFCLABEL('PI'),$);
#9409=IFCPROPERTYSINGLEVALUE('CT',$,IFCREAL(8.761),$);
#9410=IFCPROPERTYSINGLEVALUE('CF',$,IFCREAL(8.161),$);
#9411=IFCPROPERTYSINGLEVALUE('Prof',$,IFCREAL(0.6),$);
#9412=IFCOWNERHISTORY(#3,#4,.READWRITE.,.ADDED.,1774189820,#3,#4,1774189820);
#9413=IFCPROPERTYSET('0z_xT_LG952RPholMV_i9X',#9412,'Custo5D',$,(#9416));
#9414=IFCOWNERHISTORY(#3,#4,.READWRITE.,.ADDED.,1774189820,#3,#4,1774189820);
#9415=IFCRELDEFINESBYPROPERTIES('0Lw9Ym6oHCYhad3CH7MrPB',#9414,$,$,(#9389),#9413);
#9416=IFCPROPERTYSINGLEVALUE('Total_RS',$,IFCREAL(1250.),$);
#9417=IFCOWNERHISTORY(#3,#4,.READWRITE.,.MODIFIED.,1774189820,#3,#4,1774189820);
#9418=IFCBUILDINGELEMENTPROXY('1YkoApM$z7t95xDXaiRiNH',#9417,'PI_41',$,$,#9432,#9427,$,$);
#9424=IFCCIRCLEPROFILEDEF(.AREA.,$,#30,0.2);
#9425=IFCEXTRUDEDAREASOLID(#9424,#34,#32,0.6);
#9426=IFCSHAPEREPRESENTATION(#16,'Body','SweptSolid',(#9425));
#9427=IFCPRODUCTDEFINITIONSHAPE($,$,(#9426));
#9428=IFCCARTESIANPOINT((511.993222599616,457.629051937722,13.058));
#9429=IFCDIRECTION((0.,0.,1.));
#9430=IFCDIRECTION((1.,0.,0.));
#9431=IFCAXIS2PLACEMENT3D(#9428,#9429,#9430);
#9432=IFCLOCALPLACEMENT($,#9431);
#9433=IFCOWNERHISTORY(#3,#4,.READWRITE.,.ADDED.,1774189820,#3,#4,1774189820);
#9434=IFCPROPERTYSET('2zddDrTg5ER8GLJeE0MJ$X',#9433,'PV',$,(#9437,#9438,#9439,#9440));
#9435=IFCOWNERHISTORY(#3,#4,.READWRITE.,.ADDED.,1774189820,#3,#4,1774189820);
#9436=IFCRELDEFINESBYPROPERTIES('0sVAhBOr9EqBQJOTaPzk8t',#9435,$,$,(#9418),#9434);
#9437=IFCPROPERTYSINGLEVALUE('Tipo',$,IFCLABEL('PI'),$);
#9438=IFCPROPERTYSINGLEVALUE('CT',$,IFCREAL(13.658),$);
#9439=IFCPROPERTYSINGLEVALUE('CF',$,IFCREAL(13.058),$);
#9440=IFCPROPERTYSINGLEVALUE('Prof',$,IFCREAL(0.6),$);
#9441=IFCOWNERHISTORY(#3,#4,.READWRITE.,.ADDED.,1774189820,#3,#4,1774189820);
#9442=IFCPROPERTYSET('1MTwXd$xHAnOXrTxzTMm2Z',#9441,'Custo5D',$,(#9445));
#9443=IFCOWNERHISTORY(#3,#4,.READWRITE.,.ADDED.,1774189820,#3,#4,1774189820);
#9444=IFCRELDEFINESBYPROPERTIES('2MpxEfzEDD$BrxKP_uhGJi',#9443,$,$,(#9418),#9442);
#9445=IFCPROPERTYSINGLEVALUE('Total_RS',$,IFCREAL(1250.),$);
#9446=IFCOWNERHISTORY(#3,#4,.READWRITE.,.MODIFIED.,1774189820,#3,#4,1774189820);
#9447=IFCBUILDINGELEMENTPROXY('2gG0FupkrEwAZu_E1w14vQ',#9446,'PI_67',$,$,#9461,#9456,$,$);
#9453=IFCCIRCLEPROFILEDEF(.AREA.,$,#30,0.2);
#9454=IFCEXTRUDEDAREASOLID(#9453,#34,#32,0.600000000000001);
#9455=IFCSHAPEREPRESENTATION(#16,'Body','SweptSolid',(#9454));
#9456=IFCPRODUCTDEFINITIONSHAPE($,$,(#9455));
#9457=IFCCARTESIANPOINT((588.258246164711,469.463340386748,33.657));
#9458=IFCDIRECTION((0.,0.,1.));
#9459=IFCDIRECTION((1.,0.,0.));
#9460=IFCAXIS2PLACEMENT3D(#9457,#9458,#9459);
#9461=IFCLOCALPLACEMENT($,#9460);
#9462=IFCOWNERHISTORY(#3,#4,.READWRITE.,.ADDED.,1774189820,#3,#4,1774189820);
#9463=IFCPROPERTYSET('1G$DTLHAPElvycSkq_8m7S',#9462,'PV',$,(#9466,#9467,#9468,#9469));
#9464=IFCOWNERHISTORY(#3,#4,.READWRITE.,.ADDED.,1774189820,#3,#4,1774189820);
#9465=IFCRELDEFINESBYPROPERTIES('2mzEK$ID9018ymrB0pWNmV',#9464,$,$,(#9447),#9463);
#9466=IFCPROPERTYSINGLEVALUE('Tipo',$,IFCLABEL('PI'),$);
#9467=IFCPROPERTYSINGLEVALUE('CT',$,IFCREAL(34.257),$);
#9468=IFCPROPERTYSINGLEVALUE('CF',$,IFCREAL(33.657),$);
#9469=IFCPROPERTYSINGLEVALUE('Prof',$,IFCREAL(0.6),$);
#9470=IFCOWNERHISTORY(#3,#4,.READWRITE.,.ADDED.,1774189820,#3,#4,1774189820);
#9471=IFCPROPERTYSET('1mK4dcy1v1EuRrraPmMML8',#9470,'Custo5D',$,(#9474));
#9472=IFCOWNERHISTORY(#3,#4,.READWRITE.,.ADDED.,1774189820,#3,#4,1774189820);
#9473=IFCRELDEFINESBYPROPERTIES('3nsxvx95D4uQ4kQ0bseAd9',#9472,$,$,(#9447),#9471);
#9474=IFCPROPERTYSINGLEVALUE('Total_RS',$,IFCREAL(1250.),$);
#9475=IFCOWNERHISTORY(#3,#4,.READWRITE.,.MODIFIED.,1774189820,#3,#4,1774189820);
#9476=IFCBUILDINGELEMENTPROXY('38uFrKXqv0Bh$6btqdOQ6T',#9475,'PI_47',$,$,#9490,#9485,$,$);
#9482=IFCCIRCLEPROFILEDEF(.AREA.,$,#30,0.2);
#9483=IFCEXTRUDEDAREASOLID(#9482,#34,#32,0.599999999999998);
#9484=IFCSHAPEREPRESENTATION(#16,'Body','SweptSolid',(#9483));
#9485=IFCPRODUCTDEFINITIONSHAPE($,$,(#9484));
#9486=IFCCARTESIANPOINT((570.923345655727,474.560483954847,29.135));
#9487=IFCDIRECTION((0.,0.,1.));
#9488=IFCDIRECTION((1.,0.,0.));
#9489=IFCAXIS2PLACEMENT3D(#9486,#9487,#9488);
#9490=IFCLOCALPLACEMENT($,#9489);
#9491=IFCOWNERHISTORY(#3,#4,.READWRITE.,.ADDED.,1774189820,#3,#4,1774189820);
#9492=IFCPROPERTYSET('3udI_hMqz2mPRk_KZUT2jX',#9491,'PV',$,(#9495,#9496,#9497,#9498));
#9493=IFCOWNERHISTORY(#3,#4,.READWRITE.,.ADDED.,1774189820,#3,#4,1774189820);
#9494=IFCRELDEFINESBYPROPERTIES('2e8yNPkU1EKxXnEEw$1$Uh',#9493,$,$,(#9476),#9492);
#9495=IFCPROPERTYSINGLEVALUE('Tipo',$,IFCLABEL('PI'),$);
#9496=IFCPROPERTYSINGLEVALUE('CT',$,IFCREAL(29.735),$);
#9497=IFCPROPERTYSINGLEVALUE('CF',$,IFCREAL(29.135),$);
#9498=IFCPROPERTYSINGLEVALUE('Prof',$,IFCREAL(0.6),$);
#9499=IFCOWNERHISTORY(#3,#4,.READWRITE.,.ADDED.,1774189820,#3,#4,1774189820);
#9500=IFCPROPERTYSET('1ow_ZRQcr5FfrTWZCwNCwb',#9499,'Custo5D',$,(#9503));
#9501=IFCOWNERHISTORY(#3,#4,.READWRITE.,.ADDED.,1774189820,#3,#4,1774189820);
#9502=IFCRELDEFINESBYPROPERTIES('3sCA92BWv2bOl__e8cTybk',#9501,$,$,(#9476),#9500);
#9503=IFCPROPERTYSINGLEVALUE('Total_RS',$,IFCREAL(1250.),$);
#9504=IFCOWNERHISTORY(#3,#4,.READWRITE.,.MODIFIED.,1774189820,#3,#4,1774189820);
#9505=IFCBUILDINGELEMENTPROXY('2Fp_cV_qDEqhBPIbUAO2v0',#9504,'PI_272',$,$,#9519,#9514,$,$);
#9511=IFCCIRCLEPROFILEDEF(.AREA.,$,#30,0.2);
#9512=IFCEXTRUDEDAREASOLID(#9511,#34,#32,0.600000000000001);
#9513=IFCSHAPEREPRESENTATION(#16,'Body','SweptSolid',(#9512));
#9514=IFCPRODUCTDEFINITIONSHAPE($,$,(#9513));
#9515=IFCCARTESIANPOINT((572.98479349463,474.400938855484,26.133));
#9516=IFCDIRECTION((0.,0.,1.));
#9517=IFCDIRECTION((1.,0.,0.));
#9518=IFCAXIS2PLACEMENT3D(#9515,#9516,#9517);
#9519=IFCLOCALPLACEMENT($,#9518);
#9520=IFCOWNERHISTORY(#3,#4,.READWRITE.,.ADDED.,1774189820,#3,#4,1774189820);
#9521=IFCPROPERTYSET('2c4OSBt0n8t88aH3BDRVlW',#9520,'PV',$,(#9524,#9525,#9526,#9527));
#9522=IFCOWNERHISTORY(#3,#4,.READWRITE.,.ADDED.,1774189820,#3,#4,1774189820);
#9523=IFCRELDEFINESBYPROPERTIES('2$KQ1Kmdj5Ah3YEvJzowXd',#9522,$,$,(#9505),#9521);
#9524=IFCPROPERTYSINGLEVALUE('Tipo',$,IFCLABEL('PI'),$);
#9525=IFCPROPERTYSINGLEVALUE('CT',$,IFCREAL(26.733),$);
#9526=IFCPROPERTYSINGLEVALUE('CF',$,IFCREAL(26.133),$);
#9527=IFCPROPERTYSINGLEVALUE('Prof',$,IFCREAL(0.6),$);
#9528=IFCOWNERHISTORY(#3,#4,.READWRITE.,.ADDED.,1774189820,#3,#4,1774189820);
#9529=IFCPROPERTYSET('3eQj6uDu996wEPkoIc0Soi',#9528,'Custo5D',$,(#9532));
#9530=IFCOWNERHISTORY(#3,#4,.READWRITE.,.ADDED.,1774189820,#3,#4,1774189820);
#9531=IFCRELDEFINESBYPROPERTIES('0ch8iuo2f3VRhPH_a2YU35',#9530,$,$,(#9505),#9529);
#9532=IFCPROPERTYSINGLEVALUE('Total_RS',$,IFCREAL(1250.),$);
#9533=IFCOWNERHISTORY(#3,#4,.READWRITE.,.MODIFIED.,1774189820,#3,#4,1774189820);
#9534=IFCBUILDINGELEMENTPROXY('3StxiGpMr69Ba66mtMCS82',#9533,'PI_68',$,$,#9548,#9543,$,$);
#9540=IFCCIRCLEPROFILEDEF(.AREA.,$,#30,0.2);
#9541=IFCEXTRUDEDAREASOLID(#9540,#34,#32,0.599999999999998);
#9542=IFCSHAPEREPRESENTATION(#16,'Body','SweptSolid',(#9541));
#9543=IFCPRODUCTDEFINITIONSHAPE($,$,(#9542));
#9544=IFCCARTESIANPOINT((577.492925407831,471.98327460885,28.859));
#9545=IFCDIRECTION((0.,0.,1.));
#9546=IFCDIRECTION((1.,0.,0.));
#9547=IFCAXIS2PLACEMENT3D(#9544,#9545,#9546);
#9548=IFCLOCALPLACEMENT($,#9547);
#9549=IFCOWNERHISTORY(#3,#4,.READWRITE.,.ADDED.,1774189820,#3,#4,1774189820);
#9550=IFCPROPERTYSET('3D4AWXler6jPC8x12qZsTq',#9549,'PV',$,(#9553,#9554,#9555,#9556));
#9551=IFCOWNERHISTORY(#3,#4,.READWRITE.,.ADDED.,1774189820,#3,#4,1774189820);
#9552=IFCRELDEFINESBYPROPERTIES('0wtHQS9xb358UgKFaPbSth',#9551,$,$,(#9534),#9550);
#9553=IFCPROPERTYSINGLEVALUE('Tipo',$,IFCLABEL('PI'),$);
#9554=IFCPROPERTYSINGLEVALUE('CT',$,IFCREAL(29.459),$);
#9555=IFCPROPERTYSINGLEVALUE('CF',$,IFCREAL(28.859),$);
#9556=IFCPROPERTYSINGLEVALUE('Prof',$,IFCREAL(0.6),$);
#9557=IFCOWNERHISTORY(#3,#4,.READWRITE.,.ADDED.,1774189820,#3,#4,1774189820);
#9558=IFCPROPERTYSET('3TQYkrh998BxEqBX4buuzu',#9557,'Custo5D',$,(#9561));
#9559=IFCOWNERHISTORY(#3,#4,.READWRITE.,.ADDED.,1774189820,#3,#4,1774189820);
#9560=IFCRELDEFINESBYPROPERTIES('3Hvu45a6j1j8aqEbKnsZV6',#9559,$,$,(#9534),#9558);
#9561=IFCPROPERTYSINGLEVALUE('Total_RS',$,IFCREAL(1250.),$);
#9562=IFCOWNERHISTORY(#3,#4,.READWRITE.,.MODIFIED.,1774189820,#3,#4,1774189820);
#9563=IFCBUILDINGELEMENTPROXY('3fs2FR4CD9$8ipFOPLUBe0',#9562,'PI_45',$,$,#9577,#9572,$,$);
#9569=IFCCIRCLEPROFILEDEF(.AREA.,$,#30,0.2);
#9570=IFCEXTRUDEDAREASOLID(#9569,#34,#32,0.600000000000001);
#9571=IFCSHAPEREPRESENTATION(#16,'Body','SweptSolid',(#9570));
#9572=IFCPRODUCTDEFINITIONSHAPE($,$,(#9571));
#9573=IFCCARTESIANPOINT((562.708748282399,471.250401737168,23.11));
#9574=IFCDIRECTION((0.,0.,1.));
#9575=IFCDIRECTION((1.,0.,0.));
#9576=IFCAXIS2PLACEMENT3D(#9573,#9574,#9575);
#9577=IFCLOCALPLACEMENT($,#9576);
#9578=IFCOWNERHISTORY(#3,#4,.READWRITE.,.ADDED.,1774189820,#3,#4,1774189820);
#9579=IFCPROPERTYSET('2RMu5FYl5FKAoPA0NuCur3',#9578,'PV',$,(#9582,#9583,#9584,#9585));
#9580=IFCOWNERHISTORY(#3,#4,.READWRITE.,.ADDED.,1774189820,#3,#4,1774189820);
#9581=IFCRELDEFINESBYPROPERTIES('0cluQ1uHn93Owx8m5uIfPU',#9580,$,$,(#9563),#9579);
#9582=IFCPROPERTYSINGLEVALUE('Tipo',$,IFCLABEL('PI'),$);
#9583=IFCPROPERTYSINGLEVALUE('CT',$,IFCREAL(23.71),$);
#9584=IFCPROPERTYSINGLEVALUE('CF',$,IFCREAL(23.11),$);
#9585=IFCPROPERTYSINGLEVALUE('Prof',$,IFCREAL(0.6),$);
#9586=IFCOWNERHISTORY(#3,#4,.READWRITE.,.ADDED.,1774189820,#3,#4,1774189820);
#9587=IFCPROPERTYSET('2j_AzOUWvBv9FaXwADr0Uq',#9586,'Custo5D',$,(#9590));
#9588=IFCOWNERHISTORY(#3,#4,.READWRITE.,.ADDED.,1774189820,#3,#4,1774189820);
#9589=IFCRELDEFINESBYPROPERTIES('0OwjOpstPC7AuUW18seQkz',#9588,$,$,(#9563),#9587);
#9590=IFCPROPERTYSINGLEVALUE('Total_RS',$,IFCREAL(1250.),$);
#9591=IFCOWNERHISTORY(#3,#4,.READWRITE.,.MODIFIED.,1774189820,#3,#4,1774189820);
#9592=IFCBUILDINGELEMENTPROXY('2ERhYKLB16jRnkjS9xLC4Z',#9591,'PI_44',$,$,#9606,#9601,$,$);
#9598=IFCCIRCLEPROFILEDEF(.AREA.,$,#30,0.2);
#9599=IFCEXTRUDEDAREASOLID(#9598,#34,#32,0.599999999999998);
#9600=IFCSHAPEREPRESENTATION(#16,'Body','SweptSolid',(#9599));
#9601=IFCPRODUCTDEFINITIONSHAPE($,$,(#9600));
#9602=IFCCARTESIANPOINT((564.978883046017,471.653074962087,20.972));
#9603=IFCDIRECTION((0.,0.,1.));
#9604=IFCDIRECTION((1.,0.,0.));
#9605=IFCAXIS2PLACEMENT3D(#9602,#9603,#9604);
#9606=IFCLOCALPLACEMENT($,#9605);
#9607=IFCOWNERHISTORY(#3,#4,.READWRITE.,.ADDED.,1774189820,#3,#4,1774189820);
#9608=IFCPROPERTYSET('2ZYvZqiU5Cbgd1xMJG0DnA',#9607,'PV',$,(#9611,#9612,#9613,#9614));
#9609=IFCOWNERHISTORY(#3,#4,.READWRITE.,.ADDED.,1774189820,#3,#4,1774189820);
#9610=IFCRELDEFINESBYPROPERTIES('2euVVcGdj2ZxT_EIWooVSP',#9609,$,$,(#9592),#9608);
#9611=IFCPROPERTYSINGLEVALUE('Tipo',$,IFCLABEL('PI'),$);
#9612=IFCPROPERTYSINGLEVALUE('CT',$,IFCREAL(21.572),$);
#9613=IFCPROPERTYSINGLEVALUE('CF',$,IFCREAL(20.972),$);
#9614=IFCPROPERTYSINGLEVALUE('Prof',$,IFCREAL(0.6),$);
#9615=IFCOWNERHISTORY(#3,#4,.READWRITE.,.ADDED.,1774189820,#3,#4,1774189820);
#9616=IFCPROPERTYSET('2ZGqw1aq14DuvGUsWsS2ft',#9615,'Custo5D',$,(#9619));
#9617=IFCOWNERHISTORY(#3,#4,.READWRITE.,.ADDED.,1774189820,#3,#4,1774189820);
#9618=IFCRELDEFINESBYPROPERTIES('0F4bUXUFz79APrh2xKK4ts',#9617,$,$,(#9592),#9616);
#9619=IFCPROPERTYSINGLEVALUE('Total_RS',$,IFCREAL(1250.),$);
#9620=IFCOWNERHISTORY(#3,#4,.READWRITE.,.MODIFIED.,1774189820,#3,#4,1774189820);
#9621=IFCBUILDINGELEMENTPROXY('0yvYrMKCL4UhP8xB6zN5Z8',#9620,'PI_43',$,$,#9635,#9630,$,$);
#9627=IFCCIRCLEPROFILEDEF(.AREA.,$,#30,0.2);
#9628=IFCEXTRUDEDAREASOLID(#9627,#34,#32,0.600000000000001);
#9629=IFCSHAPEREPRESENTATION(#16,'Body','SweptSolid',(#9628));
#9630=IFCPRODUCTDEFINITIONSHAPE($,$,(#9629));
#9631=IFCCARTESIANPOINT((554.384629989916,471.775485745631,18.834));
#9632=IFCDIRECTION((0.,0.,1.));
#9633=IFCDIRECTION((1.,0.,0.));
#9634=IFCAXIS2PLACEMENT3D(#9631,#9632,#9633);
#9635=IFCLOCALPLACEMENT($,#9634);
#9636=IFCOWNERHISTORY(#3,#4,.READWRITE.,.ADDED.,1774189820,#3,#4,1774189820);
#9637=IFCPROPERTYSET('0SNR5djFb9B95KTuRYQcuX',#9636,'PV',$,(#9640,#9641,#9642,#9643));
#9638=IFCOWNERHISTORY(#3,#4,.READWRITE.,.ADDED.,1774189820,#3,#4,1774189820);
#9639=IFCRELDEFINESBYPROPERTIES('3MkYp2JFj1RvDDl9u2Qmfc',#9638,$,$,(#9621),#9637);
#9640=IFCPROPERTYSINGLEVALUE('Tipo',$,IFCLABEL('PI'),$);
#9641=IFCPROPERTYSINGLEVALUE('CT',$,IFCREAL(19.434),$);
#9642=IFCPROPERTYSINGLEVALUE('CF',$,IFCREAL(18.834),$);
#9643=IFCPROPERTYSINGLEVALUE('Prof',$,IFCREAL(0.6),$);
#9644=IFCOWNERHISTORY(#3,#4,.READWRITE.,.ADDED.,1774189820,#3,#4,1774189820);
#9645=IFCPROPERTYSET('0skoJZDgX0nO6xGVpIfY0W',#9644,'Custo5D',$,(#9648));
#9646=IFCOWNERHISTORY(#3,#4,.READWRITE.,.ADDED.,1774189820,#3,#4,1774189820);
#9647=IFCRELDEFINESBYPROPERTIES('2P_NryRCT0Tg5StJinGkpC',#9646,$,$,(#9621),#9645);
#9648=IFCPROPERTYSINGLEVALUE('Total_RS',$,IFCREAL(1250.),$);
#9649=IFCOWNERHISTORY(#3,#4,.READWRITE.,.MODIFIED.,1774189820,#3,#4,1774189820);
#9650=IFCBUILDINGELEMENTPROXY('1O3_ZNFoX9VwvXQ0Ot_Y32',#9649,'PI_69',$,$,#9664,#9659,$,$);
#9656=IFCCIRCLEPROFILEDEF(.AREA.,$,#30,0.2);
#9657=IFCEXTRUDEDAREASOLID(#9656,#34,#32,0.600000000000001);
#9658=IFCSHAPEREPRESENTATION(#16,'Body','SweptSolid',(#9657));
#9659=IFCPRODUCTDEFINITIONSHAPE($,$,(#9658));
#9660=IFCCARTESIANPOINT((556.756901923916,471.870222964324,26.552));
#9661=IFCDIRECTION((0.,0.,1.));
#9662=IFCDIRECTION((1.,0.,0.));
#9663=IFCAXIS2PLACEMENT3D(#9660,#9661,#9662);
#9664=IFCLOCALPLACEMENT($,#9663);
#9665=IFCOWNERHISTORY(#3,#4,.READWRITE.,.ADDED.,1774189820,#3,#4,1774189820);
#9666=IFCPROPERTYSET('1pj1$pAIv0zwWCK8KtekUx',#9665,'PV',$,(#9669,#9670,#9671,#9672));
#9667=IFCOWNERHISTORY(#3,#4,.READWRITE.,.ADDED.,1774189820,#3,#4,1774189820);
#9668=IFCRELDEFINESBYPROPERTIES('1YHVExAKX3FuvGQSdPuom$',#9667,$,$,(#9650),#9666);
#9669=IFCPROPERTYSINGLEVALUE('Tipo',$,IFCLABEL('PI'),$);
#9670=IFCPROPERTYSINGLEVALUE('CT',$,IFCREAL(27.152),$);
#9671=IFCPROPERTYSINGLEVALUE('CF',$,IFCREAL(26.552),$);
#9672=IFCPROPERTYSINGLEVALUE('Prof',$,IFCREAL(0.6),$);
#9673=IFCOWNERHISTORY(#3,#4,.READWRITE.,.ADDED.,1774189820,#3,#4,1774189820);
#9674=IFCPROPERTYSET('2PN30jiGv1ZOPInq4N$Cvs',#9673,'Custo5D',$,(#9677));
#9675=IFCOWNERHISTORY(#3,#4,.READWRITE.,.ADDED.,1774189820,#3,#4,1774189820);
#9676=IFCRELDEFINESBYPROPERTIES('0GtU3Ure12uwDHPH6PM8LV',#9675,$,$,(#9650),#9674);
#9677=IFCPROPERTYSINGLEVALUE('Total_RS',$,IFCREAL(1250.),$);
#9678=IFCOWNERHISTORY(#3,#4,.READWRITE.,.MODIFIED.,1774189820,#3,#4,1774189820);
#9679=IFCBUILDINGELEMENTPROXY('1MfB4K31L4I8EogkgHCAcS',#9678,'PI_102',$,$,#9693,#9688,$,$);
#9685=IFCCIRCLEPROFILEDEF(.AREA.,$,#30,0.2);
#9686=IFCEXTRUDEDAREASOLID(#9685,#34,#32,0.600000000000001);
#9687=IFCSHAPEREPRESENTATION(#16,'Body','SweptSolid',(#9686));
#9688=IFCPRODUCTDEFINITIONSHAPE($,$,(#9687));
#9689=IFCCARTESIANPOINT((605.784639295831,435.169485330582,21.802));
#9690=IFCDIRECTION((0.,0.,1.));
#9691=IFCDIRECTION((1.,0.,0.));
#9692=IFCAXIS2PLACEMENT3D(#9689,#9690,#9691);
#9693=IFCLOCALPLACEMENT($,#9692);
#9694=IFCOWNERHISTORY(#3,#4,.READWRITE.,.ADDED.,1774189820,#3,#4,1774189820);
#9695=IFCPROPERTYSET('02AGtzF0r31OimG0mxa8bl',#9694,'PV',$,(#9698,#9699,#9700,#9701));
#9696=IFCOWNERHISTORY(#3,#4,.READWRITE.,.ADDED.,1774189820,#3,#4,1774189820);
#9697=IFCRELDEFINESBYPROPERTIES('0xzd$sf_v0589IRYtqoGkt',#9696,$,$,(#9679),#9695);
#9698=IFCPROPERTYSINGLEVALUE('Tipo',$,IFCLABEL('PI'),$);
#9699=IFCPROPERTYSINGLEVALUE('CT',$,IFCREAL(22.402),$);
#9700=IFCPROPERTYSINGLEVALUE('CF',$,IFCREAL(21.802),$);
#9701=IFCPROPERTYSINGLEVALUE('Prof',$,IFCREAL(0.6),$);
#9702=IFCOWNERHISTORY(#3,#4,.READWRITE.,.ADDED.,1774189820,#3,#4,1774189820);
#9703=IFCPROPERTYSET('0jlWJwQ0D6NuCwPvL6iQed',#9702,'Custo5D',$,(#9706));
#9704=IFCOWNERHISTORY(#3,#4,.READWRITE.,.ADDED.,1774189820,#3,#4,1774189820);
#9705=IFCRELDEFINESBYPROPERTIES('2HjtS6oo1EJvDq3z5WprLU',#9704,$,$,(#9679),#9703);
#9706=IFCPROPERTYSINGLEVALUE('Total_RS',$,IFCREAL(1250.),$);
#9707=IFCOWNERHISTORY(#3,#4,.READWRITE.,.MODIFIED.,1774189820,#3,#4,1774189820);
#9708=IFCBUILDINGELEMENTPROXY('1WLkb778v5K9DwTLPi0rQG',#9707,'PI_101',$,$,#9722,#9717,$,$);
#9714=IFCCIRCLEPROFILEDEF(.AREA.,$,#30,0.2);
#9715=IFCEXTRUDEDAREASOLID(#9714,#34,#32,0.600000000000001);
#9716=IFCSHAPEREPRESENTATION(#16,'Body','SweptSolid',(#9715));
#9717=IFCPRODUCTDEFINITIONSHAPE($,$,(#9716));
#9718=IFCCARTESIANPOINT((607.854350030015,436.372246894054,18.83));
#9719=IFCDIRECTION((0.,0.,1.));
#9720=IFCDIRECTION((1.,0.,0.));
#9721=IFCAXIS2PLACEMENT3D(#9718,#9719,#9720);
#9722=IFCLOCALPLACEMENT($,#9721);
#9723=IFCOWNERHISTORY(#3,#4,.READWRITE.,.ADDED.,1774189820,#3,#4,1774189820);
#9724=IFCPROPERTYSET('3deliJi512rf4g$eA68xQe',#9723,'PV',$,(#9727,#9728,#9729,#9730));
#9725=IFCOWNERHISTORY(#3,#4,.READWRITE.,.ADDED.,1774189820,#3,#4,1774189820);
#9726=IFCRELDEFINESBYPROPERTIES('1H2$e7tEnBlAMiFFOeTrby',#9725,$,$,(#9708),#9724);
#9727=IFCPROPERTYSINGLEVALUE('Tipo',$,IFCLABEL('PI'),$);
#9728=IFCPROPERTYSINGLEVALUE('CT',$,IFCREAL(19.43),$);
#9729=IFCPROPERTYSINGLEVALUE('CF',$,IFCREAL(18.83),$);
#9730=IFCPROPERTYSINGLEVALUE('Prof',$,IFCREAL(0.6),$);
#9731=IFCOWNERHISTORY(#3,#4,.READWRITE.,.ADDED.,1774189820,#3,#4,1774189820);
#9732=IFCPROPERTYSET('1F$KefRRn2whc2$1Eh_uJE',#9731,'Custo5D',$,(#9735));
#9733=IFCOWNERHISTORY(#3,#4,.READWRITE.,.ADDED.,1774189820,#3,#4,1774189820);
#9734=IFCRELDEFINESBYPROPERTIES('18$b0zinLAZeAfA6TFbKiF',#9733,$,$,(#9708),#9732);
#9735=IFCPROPERTYSINGLEVALUE('Total_RS',$,IFCREAL(1250.),$);
#9736=IFCOWNERHISTORY(#3,#4,.READWRITE.,.MODIFIED.,1774189820,#3,#4,1774189820);
#9737=IFCBUILDINGELEMENTPROXY('1Ek88SMSX8TvS4FCoNOM2X',#9736,'PI_88',$,$,#9751,#9746,$,$);
#9743=IFCCIRCLEPROFILEDEF(.AREA.,$,#30,0.2);
#9744=IFCEXTRUDEDAREASOLID(#9743,#34,#32,0.6);
#9745=IFCSHAPEREPRESENTATION(#16,'Body','SweptSolid',(#9744));
#9746=IFCPRODUCTDEFINITIONSHAPE($,$,(#9745));
#9747=IFCCARTESIANPOINT((557.910248561238,436.305361676961,15.066));
#9748=IFCDIRECTION((0.,0.,1.));
#9749=IFCDIRECTION((1.,0.,0.));
#9750=IFCAXIS2PLACEMENT3D(#9747,#9748,#9749);
#9751=IFCLOCALPLACEMENT($,#9750);
#9752=IFCOWNERHISTORY(#3,#4,.READWRITE.,.ADDED.,1774189820,#3,#4,1774189820);
#9753=IFCPROPERTYSET('0sPYonbKz9BBPjkhgRb6$f',#9752,'PV',$,(#9756,#9757,#9758,#9759));
#9754=IFCOWNERHISTORY(#3,#4,.READWRITE.,.ADDED.,1774189820,#3,#4,1774189820);
#9755=IFCRELDEFINESBYPROPERTIES('2St4_Vm$T4UvJy5OR_ysRY',#9754,$,$,(#9737),#9753);
#9756=IFCPROPERTYSINGLEVALUE('Tipo',$,IFCLABEL('PI'),$);
#9757=IFCPROPERTYSINGLEVALUE('CT',$,IFCREAL(15.666),$);
#9758=IFCPROPERTYSINGLEVALUE('CF',$,IFCREAL(15.066),$);
#9759=IFCPROPERTYSINGLEVALUE('Prof',$,IFCREAL(0.6),$);
#9760=IFCOWNERHISTORY(#3,#4,.READWRITE.,.ADDED.,1774189820,#3,#4,1774189820);
#9761=IFCPROPERTYSET('2$Q0l$C096WgKZuL_A69fH',#9760,'Custo5D',$,(#9764));
#9762=IFCOWNERHISTORY(#3,#4,.READWRITE.,.ADDED.,1774189820,#3,#4,1774189820);
#9763=IFCRELDEFINESBYPROPERTIES('3IGgIaE99B0AEl7UW5Jj6u',#9762,$,$,(#9737),#9761);
#9764=IFCPROPERTYSINGLEVALUE('Total_RS',$,IFCREAL(1250.),$);
#9765=IFCOWNERHISTORY(#3,#4,.READWRITE.,.MODIFIED.,1774189820,#3,#4,1774189820);
#9766=IFCBUILDINGELEMENTPROXY('1gsxV1$Bv908W6i$8Lul6r',#9765,'PI_70',$,$,#9780,#9775,$,$);
#9772=IFCCIRCLEPROFILEDEF(.AREA.,$,#30,0.2);
#9773=IFCEXTRUDEDAREASOLID(#9772,#34,#32,0.600000000000001);
#9774=IFCSHAPEREPRESENTATION(#16,'Body','SweptSolid',(#9773));
#9775=IFCPRODUCTDEFINITIONSHAPE($,$,(#9774));
#9776=IFCCARTESIANPOINT((555.988695431908,434.892788267694,23.872));
#9777=IFCDIRECTION((0.,0.,1.));
#9778=IFCDIRECTION((1.,0.,0.));
#9779=IFCAXIS2PLACEMENT3D(#9776,#9777,#9778);
#9780=IFCLOCALPLACEMENT($,#9779);
#9781=IFCOWNERHISTORY(#3,#4,.READWRITE.,.ADDED.,1774189820,#3,#4,1774189820);
#9782=IFCPROPERTYSET('0oar6biST42Q8Y6ai2mWnm',#9781,'PV',$,(#9785,#9786,#9787,#9788));
#9783=IFCOWNERHISTORY(#3,#4,.READWRITE.,.ADDED.,1774189820,#3,#4,1774189820);
#9784=IFCRELDEFINESBYPROPERTIES('0rdI1euHj3egboltNmu6mP',#9783,$,$,(#9766),#9782);
#9785=IFCPROPERTYSINGLEVALUE('Tipo',$,IFCLABEL('PI'),$);
#9786=IFCPROPERTYSINGLEVALUE('CT',$,IFCREAL(24.472),$);
#9787=IFCPROPERTYSINGLEVALUE('CF',$,IFCREAL(23.872),$);
#9788=IFCPROPERTYSINGLEVALUE('Prof',$,IFCREAL(0.6),$);
#9789=IFCOWNERHISTORY(#3,#4,.READWRITE.,.ADDED.,1774189820,#3,#4,1774189820);
#9790=IFCPROPERTYSET('0dJtBuCj94iwHQcOe23_kZ',#9789,'Custo5D',$,(#9793));
#9791=IFCOWNERHISTORY(#3,#4,.READWRITE.,.ADDED.,1774189820,#3,#4,1774189820);
#9792=IFCRELDEFINESBYPROPERTIES('33PBaVf1j53ArmySU1vGmn',#9791,$,$,(#9766),#9790);
#9793=IFCPROPERTYSINGLEVALUE('Total_RS',$,IFCREAL(1250.),$);
#9794=IFCOWNERHISTORY(#3,#4,.READWRITE.,.MODIFIED.,1774189820,#3,#4,1774189820);
#9795=IFCBUILDINGELEMENTPROXY('1toW9rprvB4gF9ZVtStEcb',#9794,'PI_91',$,$,#9809,#9804,$,$);
#9801=IFCCIRCLEPROFILEDEF(.AREA.,$,#30,0.2);
#9802=IFCEXTRUDEDAREASOLID(#9801,#34,#32,0.600000000000001);
#9803=IFCSHAPEREPRESENTATION(#16,'Body','SweptSolid',(#9802));
#9804=IFCPRODUCTDEFINITIONSHAPE($,$,(#9803));
#9805=IFCCARTESIANPOINT((595.231794983556,430.490574847907,18.694));
#9806=IFCDIRECTION((0.,0.,1.));
#9807=IFCDIRECTION((1.,0.,0.));
#9808=IFCAXIS2PLACEMENT3D(#9805,#9806,#9807);
#9809=IFCLOCALPLACEMENT($,#9808);
#9810=IFCOWNERHISTORY(#3,#4,.READWRITE.,.ADDED.,1774189820,#3,#4,1774189820);
#9811=IFCPROPERTYSET('0svGyE0cnEjAY7$Q7NXjNS',#9810,'PV',$,(#9814,#9815,#9816,#9817));
#9812=IFCOWNERHISTORY(#3,#4,.READWRITE.,.ADDED.,1774189820,#3,#4,1774189820);
#9813=IFCRELDEFINESBYPROPERTIES('0zOkupwbH09gfSzrSkoKtu',#9812,$,$,(#9795),#9811);
#9814=IFCPROPERTYSINGLEVALUE('Tipo',$,IFCLABEL('PI'),$);
#9815=IFCPROPERTYSINGLEVALUE('CT',$,IFCREAL(19.294),$);
#9816=IFCPROPERTYSINGLEVALUE('CF',$,IFCREAL(18.694),$);
#9817=IFCPROPERTYSINGLEVALUE('Prof',$,IFCREAL(0.6),$);
#9818=IFCOWNERHISTORY(#3,#4,.READWRITE.,.ADDED.,1774189820,#3,#4,1774189820);
#9819=IFCPROPERTYSET('3d7vdQ_cnBff4zyjvljMij',#9818,'Custo5D',$,(#9822));
#9820=IFCOWNERHISTORY(#3,#4,.READWRITE.,.ADDED.,1774189820,#3,#4,1774189820);
#9821=IFCRELDEFINESBYPROPERTIES('3oPruSlzD8PPUZSYQbhrsA',#9820,$,$,(#9795),#9819);
#9822=IFCPROPERTYSINGLEVALUE('Total_RS',$,IFCREAL(1250.),$);
#9823=IFCOWNERHISTORY(#3,#4,.READWRITE.,.MODIFIED.,1774189820,#3,#4,1774189820);
#9824=IFCBUILDINGELEMENTPROXY('1EhnKjYV50gRV1Lwssc9Js',#9823,'PI_89',$,$,#9838,#9833,$,$);
#9830=IFCCIRCLEPROFILEDEF(.AREA.,$,#30,0.2);
#9831=IFCEXTRUDEDAREASOLID(#9830,#34,#32,1.8);
#9832=IFCSHAPEREPRESENTATION(#16,'Body','SweptSolid',(#9831));
#9833=IFCPRODUCTDEFINITIONSHAPE($,$,(#9832));
#9834=IFCCARTESIANPOINT((565.121788433113,424.573990641162,16.186));
#9835=IFCDIRECTION((0.,0.,1.));
#9836=IFCDIRECTION((1.,0.,0.));
#9837=IFCAXIS2PLACEMENT3D(#9834,#9835,#9836);
#9838=IFCLOCALPLACEMENT($,#9837);
#9839=IFCOWNERHISTORY(#3,#4,.READWRITE.,.ADDED.,1774189820,#3,#4,1774189820);
#9840=IFCPROPERTYSET('13c6igdWD3EPaClUFiR6td',#9839,'PV',$,(#9843,#9844,#9845,#9846));
#9841=IFCOWNERHISTORY(#3,#4,.READWRITE.,.ADDED.,1774189820,#3,#4,1774189820);
#9842=IFCRELDEFINESBYPROPERTIES('0ej_cMWaHA0gN2RKBNNBX7',#9841,$,$,(#9824),#9840);
#9843=IFCPROPERTYSINGLEVALUE('Tipo',$,IFCLABEL('PI'),$);
#9844=IFCPROPERTYSINGLEVALUE('CT',$,IFCREAL(17.986),$);
#9845=IFCPROPERTYSINGLEVALUE('CF',$,IFCREAL(16.186),$);
#9846=IFCPROPERTYSINGLEVALUE('Prof',$,IFCREAL(1.8),$);
#9847=IFCOWNERHISTORY(#3,#4,.READWRITE.,.ADDED.,1774189820,#3,#4,1774189820);
#9848=IFCPROPERTYSET('18YBOHdCjBk8$DPGWKe$pe',#9847,'Custo5D',$,(#9851));
#9849=IFCOWNERHISTORY(#3,#4,.READWRITE.,.ADDED.,1774189820,#3,#4,1774189820);
#9850=IFCRELDEFINESBYPROPERTIES('2wA01vBTrFwA9u7SsfG4BK',#9849,$,$,(#9824),#9848);
#9851=IFCPROPERTYSINGLEVALUE('Total_RS',$,IFCREAL(1250.),$);
#9852=IFCOWNERHISTORY(#3,#4,.READWRITE.,.MODIFIED.,1774189820,#3,#4,1774189820);
#9853=IFCBUILDINGELEMENTPROXY('2GdMb6qaHC58jDHj1As92Y',#9852,'PI_90',$,$,#9867,#9862,$,$);
#9859=IFCCIRCLEPROFILEDEF(.AREA.,$,#30,0.2);
#9860=IFCEXTRUDEDAREASOLID(#9859,#34,#32,0.400000000000002);
#9861=IFCSHAPEREPRESENTATION(#16,'Body','SweptSolid',(#9860));
#9862=IFCPRODUCTDEFINITIONSHAPE($,$,(#9861));
#9863=IFCCARTESIANPOINT((566.548336919514,426.456574510783,16.29));
#9864=IFCDIRECTION((0.,0.,1.));
#9865=IFCDIRECTION((1.,0.,0.));
#9866=IFCAXIS2PLACEMENT3D(#9863,#9864,#9865);
#9867=IFCLOCALPLACEMENT($,#9866);
#9868=IFCOWNERHISTORY(#3,#4,.READWRITE.,.ADDED.,1774189820,#3,#4,1774189820);
#9869=IFCPROPERTYSET('0YlsGOth91nRKoDXPpHm4e',#9868,'PV',$,(#9872,#9873,#9874,#9875));
#9870=IFCOWNERHISTORY(#3,#4,.READWRITE.,.ADDED.,1774189820,#3,#4,1774189820);
#9871=IFCRELDEFINESBYPROPERTIES('1JQmSoxwj52AjebTF8MWtl',#9870,$,$,(#9853),#9869);
#9872=IFCPROPERTYSINGLEVALUE('Tipo',$,IFCLABEL('PI'),$);
#9873=IFCPROPERTYSINGLEVALUE('CT',$,IFCREAL(16.69),$);
#9874=IFCPROPERTYSINGLEVALUE('CF',$,IFCREAL(16.29),$);
#9875=IFCPROPERTYSINGLEVALUE('Prof',$,IFCREAL(0.4),$);
#9876=IFCOWNERHISTORY(#3,#4,.READWRITE.,.ADDED.,1774189820,#3,#4,1774189820);
#9877=IFCPROPERTYSET('1MEJMeWYv2EuZ4uzYn7HKW',#9876,'Custo5D',$,(#9880));
#9878=IFCOWNERHISTORY(#3,#4,.READWRITE.,.ADDED.,1774189820,#3,#4,1774189820);
#9879=IFCRELDEFINESBYPROPERTIES('2Cd8CJj71BCxaoi_aqqPMn',#9878,$,$,(#9853),#9877);
#9880=IFCPROPERTYSINGLEVALUE('Total_RS',$,IFCREAL(1250.),$);
#9881=IFCOWNERHISTORY(#3,#4,.READWRITE.,.MODIFIED.,1774189820,#3,#4,1774189820);
#9882=IFCBUILDINGELEMENTPROXY('2$71mp$B1F09meOh6QFoYM',#9881,'PI_98',$,$,#9896,#9891,$,$);
#9888=IFCCIRCLEPROFILEDEF(.AREA.,$,#30,0.2);
#9889=IFCEXTRUDEDAREASOLID(#9888,#34,#32,0.600000000000001);
#9890=IFCSHAPEREPRESENTATION(#16,'Body','SweptSolid',(#9889));
#9891=IFCPRODUCTDEFINITIONSHAPE($,$,(#9890));
#9892=IFCCARTESIANPOINT((572.623375655909,431.759576007724,20.145));
#9893=IFCDIRECTION((0.,0.,1.));
#9894=IFCDIRECTION((1.,0.,0.));
#9895=IFCAXIS2PLACEMENT3D(#9892,#9893,#9894);
#9896=IFCLOCALPLACEMENT($,#9895);
#9897=IFCOWNERHISTORY(#3,#4,.READWRITE.,.ADDED.,1774189820,#3,#4,1774189820);
#9898=IFCPROPERTYSET('33nmzqUej42QclMNxjrR32',#9897,'PV',$,(#9901,#9902,#9903,#9904));
#9899=IFCOWNERHISTORY(#3,#4,.READWRITE.,.ADDED.,1774189820,#3,#4,1774189820);
#9900=IFCRELDEFINESBYPROPERTIES('3Xm8_ufhLBQAKdDW4aw_Pr',#9899,$,$,(#9882),#9898);
#9901=IFCPROPERTYSINGLEVALUE('Tipo',$,IFCLABEL('PI'),$);
#9902=IFCPROPERTYSINGLEVALUE('CT',$,IFCREAL(20.745),$);
#9903=IFCPROPERTYSINGLEVALUE('CF',$,IFCREAL(20.145),$);
#9904=IFCPROPERTYSINGLEVALUE('Prof',$,IFCREAL(0.6),$);
#9905=IFCOWNERHISTORY(#3,#4,.READWRITE.,.ADDED.,1774189820,#3,#4,1774189820);
#9906=IFCPROPERTYSET('38XqWSy4j32e5Y83V3IETe',#9905,'Custo5D',$,(#9909));
#9907=IFCOWNERHISTORY(#3,#4,.READWRITE.,.ADDED.,1774189820,#3,#4,1774189820);
#9908=IFCRELDEFINESBYPROPERTIES('1DQN3ps7XDHgcjdUcgKpQB',#9907,$,$,(#9882),#9906);
#9909=IFCPROPERTYSINGLEVALUE('Total_RS',$,IFCREAL(1250.),$);
#9910=IFCOWNERHISTORY(#3,#4,.READWRITE.,.MODIFIED.,1774189820,#3,#4,1774189820);
#9911=IFCBUILDINGELEMENTPROXY('2j6oUrP3r7MuzVpQ59ivd9',#9910,'PI_159',$,$,#9925,#9920,$,$);
#9917=IFCCIRCLEPROFILEDEF(.AREA.,$,#30,0.2);
#9918=IFCEXTRUDEDAREASOLID(#9917,#34,#32,0.599999999999994);
#9919=IFCSHAPEREPRESENTATION(#16,'Body','SweptSolid',(#9918));
#9920=IFCPRODUCTDEFINITIONSHAPE($,$,(#9919));
#9921=IFCCARTESIANPOINT((792.208905700245,611.150284956209,102.876));
#9922=IFCDIRECTION((0.,0.,1.));
#9923=IFCDIRECTION((1.,0.,0.));
#9924=IFCAXIS2PLACEMENT3D(#9921,#9922,#9923);
#9925=IFCLOCALPLACEMENT($,#9924);
#9926=IFCOWNERHISTORY(#3,#4,.READWRITE.,.ADDED.,1774189820,#3,#4,1774189820);
#9927=IFCPROPERTYSET('2gtO7_WqL3IPwg2JQlAp2C',#9926,'PV',$,(#9930,#9931,#9932,#9933));
#9928=IFCOWNERHISTORY(#3,#4,.READWRITE.,.ADDED.,1774189820,#3,#4,1774189820);
#9929=IFCRELDEFINESBYPROPERTIES('0pz2T52tH8Y8zzO3p8Mpiu',#9928,$,$,(#9911),#9927);
#9930=IFCPROPERTYSINGLEVALUE('Tipo',$,IFCLABEL('PI'),$);
#9931=IFCPROPERTYSINGLEVALUE('CT',$,IFCREAL(103.476),$);
#9932=IFCPROPERTYSINGLEVALUE('CF',$,IFCREAL(102.876),$);
#9933=IFCPROPERTYSINGLEVALUE('Prof',$,IFCREAL(0.6),$);
#9934=IFCOWNERHISTORY(#3,#4,.READWRITE.,.ADDED.,1774189820,#3,#4,1774189820);
#9935=IFCPROPERTYSET('0ORWa4$kLDo8FKT87BOBvF',#9934,'Custo5D',$,(#9938));
#9936=IFCOWNERHISTORY(#3,#4,.READWRITE.,.ADDED.,1774189820,#3,#4,1774189820);
#9937=IFCRELDEFINESBYPROPERTIES('17zRwTzmn8HewfOMMfJVlM',#9936,$,$,(#9911),#9935);
#9938=IFCPROPERTYSINGLEVALUE('Total_RS',$,IFCREAL(1250.),$);
#9939=IFCOWNERHISTORY(#3,#4,.READWRITE.,.MODIFIED.,1774189820,#3,#4,1774189820);
#9940=IFCBUILDINGELEMENTPROXY('3u0fG76G56mQc_3iFtOhB4',#9939,'PI_160',$,$,#9954,#9949,$,$);
#9946=IFCCIRCLEPROFILEDEF(.AREA.,$,#30,0.2);
#9947=IFCEXTRUDEDAREASOLID(#9946,#34,#32,0.600000000000009);
#9948=IFCSHAPEREPRESENTATION(#16,'Body','SweptSolid',(#9947));
#9949=IFCPRODUCTDEFINITIONSHAPE($,$,(#9948));
#9950=IFCCARTESIANPOINT((791.497522436024,608.972890381701,100.693));
#9951=IFCDIRECTION((0.,0.,1.));
#9952=IFCDIRECTION((1.,0.,0.));
#9953=IFCAXIS2PLACEMENT3D(#9950,#9951,#9952);
#9954=IFCLOCALPLACEMENT($,#9953);
#9955=IFCOWNERHISTORY(#3,#4,.READWRITE.,.ADDED.,1774189820,#3,#4,1774189820);
#9956=IFCPROPERTYSET('0Fo2xr_S158eopWj4CVZhl',#9955,'PV',$,(#9959,#9960,#9961,#9962));
#9957=IFCOWNERHISTORY(#3,#4,.READWRITE.,.ADDED.,1774189820,#3,#4,1774189820);
#9958=IFCRELDEFINESBYPROPERTIES('2fhNTXGtj2LunMfgDX3Dlv',#9957,$,$,(#9940),#9956);
#9959=IFCPROPERTYSINGLEVALUE('Tipo',$,IFCLABEL('PI'),$);
#9960=IFCPROPERTYSINGLEVALUE('CT',$,IFCREAL(101.293),$);
#9961=IFCPROPERTYSINGLEVALUE('CF',$,IFCREAL(100.693),$);
#9962=IFCPROPERTYSINGLEVALUE('Prof',$,IFCREAL(0.6),$);
#9963=IFCOWNERHISTORY(#3,#4,.READWRITE.,.ADDED.,1774189820,#3,#4,1774189820);
#9964=IFCPROPERTYSET('35QcdBXZX73PuRuxXv3Vba',#9963,'Custo5D',$,(#9967));
#9965=IFCOWNERHISTORY(#3,#4,.READWRITE.,.ADDED.,1774189820,#3,#4,1774189820);
#9966=IFCRELDEFINESBYPROPERTIES('3$bPR1jgP9XfcqOHSBGDeG',#9965,$,$,(#9940),#9964);
#9967=IFCPROPERTYSINGLEVALUE('Total_RS',$,IFCREAL(1250.),$);
#9968=IFCOWNERHISTORY(#3,#4,.READWRITE.,.MODIFIED.,1774189820,#3,#4,1774189820);
#9969=IFCBUILDINGELEMENTPROXY('0$kR7_HrjBG8hV0OzKO7xr',#9968,'PI_144',$,$,#9983,#9978,$,$);
#9975=IFCCIRCLEPROFILEDEF(.AREA.,$,#30,0.2);
#9976=IFCEXTRUDEDAREASOLID(#9975,#34,#32,0.599999999999994);
#9977=IFCSHAPEREPRESENTATION(#16,'Body','SweptSolid',(#9976));
#9978=IFCPRODUCTDEFINITIONSHAPE($,$,(#9977));
#9979=IFCCARTESIANPOINT((795.990286495595,622.717317850329,110.212));
#9980=IFCDIRECTION((0.,0.,1.));
#9981=IFCDIRECTION((1.,0.,0.));
#9982=IFCAXIS2PLACEMENT3D(#9979,#9980,#9981);
#9983=IFCLOCALPLACEMENT($,#9982);
#9984=IFCOWNERHISTORY(#3,#4,.READWRITE.,.ADDED.,1774189820,#3,#4,1774189820);
#9985=IFCPROPERTYSET('2Y1_Y03Ev4qOwyP$9r5uzJ',#9984,'PV',$,(#9988,#9989,#9990,#9991));
#9986=IFCOWNERHISTORY(#3,#4,.READWRITE.,.ADDED.,1774189820,#3,#4,1774189820);
#9987=IFCRELDEFINESBYPROPERTIES('0i_AJpxTP5ZuuwfoRzEulx',#9986,$,$,(#9969),#9985);
#9988=IFCPROPERTYSINGLEVALUE('Tipo',$,IFCLABEL('PI'),$);
#9989=IFCPROPERTYSINGLEVALUE('CT',$,IFCREAL(110.812),$);
#9990=IFCPROPERTYSINGLEVALUE('CF',$,IFCREAL(110.212),$);
#9991=IFCPROPERTYSINGLEVALUE('Prof',$,IFCREAL(0.6),$);
#9992=IFCOWNERHISTORY(#3,#4,.READWRITE.,.ADDED.,1774189820,#3,#4,1774189820);
#9993=IFCPROPERTYSET('3PKAxYVODBgOQTlKNLSdy5',#9992,'Custo5D',$,(#9996));
#9994=IFCOWNERHISTORY(#3,#4,.READWRITE.,.ADDED.,1774189820,#3,#4,1774189820);
#9995=IFCRELDEFINESBYPROPERTIES('2nDev9JX9FJP8XJLnMkHaV',#9994,$,$,(#9969),#9993);
#9996=IFCPROPERTYSINGLEVALUE('Total_RS',$,IFCREAL(1250.),$);
#9997=IFCOWNERHISTORY(#3,#4,.READWRITE.,.MODIFIED.,1774189820,#3,#4,1774189820);
#9998=IFCBUILDINGELEMENTPROXY('22ciM6XP9EPhbwFnpjFfnb',#9997,'PI_161',$,$,#10012,#10007,$,$);
#10004=IFCCIRCLEPROFILEDEF(.AREA.,$,#30,0.2);
#10005=IFCEXTRUDEDAREASOLID(#10004,#34,#32,0.599999999999994);
#10006=IFCSHAPEREPRESENTATION(#16,'Body','SweptSolid',(#10005));
#10007=IFCPRODUCTDEFINITIONSHAPE($,$,(#10006));
#10008=IFCCARTESIANPOINT((778.942145522044,601.405475740321,96.563));
#10009=IFCDIRECTION((0.,0.,1.));
#10010=IFCDIRECTION((1.,0.,0.));
#10011=IFCAXIS2PLACEMENT3D(#10008,#10009,#10010);
#10012=IFCLOCALPLACEMENT($,#10011);
#10013=IFCOWNERHISTORY(#3,#4,.READWRITE.,.ADDED.,1774189820,#3,#4,1774189820);
#10014=IFCPROPERTYSET('2iOCZY9vLAEfAXnBpTZpOH',#10013,'PV',$,(#10017,#10018,#10019,#10020));
#10015=IFCOWNERHISTORY(#3,#4,.READWRITE.,.ADDED.,1774189820,#3,#4,1774189820);
#10016=IFCRELDEFINESBYPROPERTIES('2wLFjMJdTE1PxClruqFZPB',#10015,$,$,(#9998),#10014);
#10017=IFCPROPERTYSINGLEVALUE('Tipo',$,IFCLABEL('PI'),$);
#10018=IFCPROPERTYSINGLEVALUE('CT',$,IFCREAL(97.163),$);
#10019=IFCPROPERTYSINGLEVALUE('CF',$,IFCREAL(96.563),$);
#10020=IFCPROPERTYSINGLEVALUE('Prof',$,IFCREAL(0.6),$);
#10021=IFCOWNERHISTORY(#3,#4,.READWRITE.,.ADDED.,1774189820,#3,#4,1774189820);
#10022=IFCPROPERTYSET('0IKIq_z11BsQytuTlpk4VI',#10021,'Custo5D',$,(#10025));
#10023=IFCOWNERHISTORY(#3,#4,.READWRITE.,.ADDED.,1774189820,#3,#4,1774189820);
#10024=IFCRELDEFINESBYPROPERTIES('0lu7Su8c5DSA$lUzeMuQd3',#10023,$,$,(#9998),#10022);
#10025=IFCPROPERTYSINGLEVALUE('Total_RS',$,IFCREAL(1250.),$);
#10026=IFCOWNERHISTORY(#3,#4,.READWRITE.,.MODIFIED.,1774189820,#3,#4,1774189820);
#10027=IFCBUILDINGELEMENTPROXY('1MepUZezL2HAmXUcKe0tvj',#10026,'PI_123',$,$,#10041,#10036,$,$);
#10033=IFCCIRCLEPROFILEDEF(.AREA.,$,#30,0.2);
#10034=IFCEXTRUDEDAREASOLID(#10033,#34,#32,0.600000000000001);
#10035=IFCSHAPEREPRESENTATION(#16,'Body','SweptSolid',(#10034));
#10036=IFCPRODUCTDEFINITIONSHAPE($,$,(#10035));
#10037=IFCCARTESIANPOINT((703.743497623538,532.326589340344,59.545));
#10038=IFCDIRECTION((0.,0.,1.));
#10039=IFCDIRECTION((1.,0.,0.));
#10040=IFCAXIS2PLACEMENT3D(#10037,#10038,#10039);
#10041=IFCLOCALPLACEMENT($,#10040);
#10042=IFCOWNERHISTORY(#3,#4,.READWRITE.,.ADDED.,1774189820,#3,#4,1774189820);
#10043=IFCPROPERTYSET('2rC3PJvN97gvDRdFUef5JP',#10042,'PV',$,(#10046,#10047,#10048,#10049));
#10044=IFCOWNERHISTORY(#3,#4,.READWRITE.,.ADDED.,1774189820,#3,#4,1774189820);
#10045=IFCRELDEFINESBYPROPERTIES('2BLsqOtAT5b9_gIkmNG7v0',#10044,$,$,(#10027),#10043);
#10046=IFCPROPERTYSINGLEVALUE('Tipo',$,IFCLABEL('PI'),$);
#10047=IFCPROPERTYSINGLEVALUE('CT',$,IFCREAL(60.145),$);
#10048=IFCPROPERTYSINGLEVALUE('CF',$,IFCREAL(59.545),$);
#10049=IFCPROPERTYSINGLEVALUE('Prof',$,IFCREAL(0.6),$);
#10050=IFCOWNERHISTORY(#3,#4,.READWRITE.,.ADDED.,1774189820,#3,#4,1774189820);
#10051=IFCPROPERTYSET('2ns7$CMQLCtB$igD5uRvQ6',#10050,'Custo5D',$,(#10054));
#10052=IFCOWNERHISTORY(#3,#4,.READWRITE.,.ADDED.,1774189820,#3,#4,1774189820);
#10053=IFCRELDEFINESBYPROPERTIES('0xorLhTj92_u3TcCPUc78j',#10052,$,$,(#10027),#10051);
#10054=IFCPROPERTYSINGLEVALUE('Total_RS',$,IFCREAL(1250.),$);
#10055=IFCOWNERHISTORY(#3,#4,.READWRITE.,.MODIFIED.,1774189820,#3,#4,1774189820);
#10056=IFCBUILDINGELEMENTPROXY('0ekTMRNJP7RgD6xi9cLRE3',#10055,'PI_136',$,$,#10070,#10065,$,$);
#10062=IFCCIRCLEPROFILEDEF(.AREA.,$,#30,0.2);
#10063=IFCEXTRUDEDAREASOLID(#10062,#34,#32,0.600000000000009);
#10064=IFCSHAPEREPRESENTATION(#16,'Body','SweptSolid',(#10063));
#10065=IFCPRODUCTDEFINITIONSHAPE($,$,(#10064));
#10066=IFCCARTESIANPOINT((762.350854899909,606.613967872225,89.91));
#10067=IFCDIRECTION((0.,0.,1.));
#10068=IFCDIRECTION((1.,0.,0.));
#10069=IFCAXIS2PLACEMENT3D(#10066,#10067,#10068);
#10070=IFCLOCALPLACEMENT($,#10069);
#10071=IFCOWNERHISTORY(#3,#4,.READWRITE.,.ADDED.,1774189820,#3,#4,1774189820);
#10072=IFCPROPERTYSET('3wM3VAyRH9a9J8jxAPBo7V',#10071,'PV',$,(#10075,#10076,#10077,#10078));
#10073=IFCOWNERHISTORY(#3,#4,.READWRITE.,.ADDED.,1774189820,#3,#4,1774189820);
#10074=IFCRELDEFINESBYPROPERTIES('155H8BtMjFPP94$hM7Yhui',#10073,$,$,(#10056),#10072);
#10075=IFCPROPERTYSINGLEVALUE('Tipo',$,IFCLABEL('PI'),$);
#10076=IFCPROPERTYSINGLEVALUE('CT',$,IFCREAL(90.51),$);
#10077=IFCPROPERTYSINGLEVALUE('CF',$,IFCREAL(89.91),$);
#10078=IFCPROPERTYSINGLEVALUE('Prof',$,IFCREAL(0.6),$);
#10079=IFCOWNERHISTORY(#3,#4,.READWRITE.,.ADDED.,1774189820,#3,#4,1774189820);
#10080=IFCPROPERTYSET('2jIwEWi$r2tuQaLlWivFlc',#10079,'Custo5D',$,(#10083));
#10081=IFCOWNERHISTORY(#3,#4,.READWRITE.,.ADDED.,1774189820,#3,#4,1774189820);
#10082=IFCRELDEFINESBYPROPERTIES('1smBP13gHCCwm_aJjHhiA1',#10081,$,$,(#10056),#10080);
#10083=IFCPROPERTYSINGLEVALUE('Total_RS',$,IFCREAL(1250.),$);
#10084=IFCOWNERHISTORY(#3,#4,.READWRITE.,.MODIFIED.,1774189820,#3,#4,1774189820);
#10085=IFCBUILDINGELEMENTPROXY('2dhHnKjo94mvz$l1ihaADx',#10084,'PI_54',$,$,#10099,#10094,$,$);
#10091=IFCCIRCLEPROFILEDEF(.AREA.,$,#30,0.2);
#10092=IFCEXTRUDEDAREASOLID(#10091,#34,#32,0.600000000000001);
#10093=IFCSHAPEREPRESENTATION(#16,'Body','SweptSolid',(#10092));
#10094=IFCPRODUCTDEFINITIONSHAPE($,$,(#10093));
#10095=IFCCARTESIANPOINT((612.610113550501,532.32797256764,38.748));
#10096=IFCDIRECTION((0.,0.,1.));
#10097=IFCDIRECTION((1.,0.,0.));
#10098=IFCAXIS2PLACEMENT3D(#10095,#10096,#10097);
#10099=IFCLOCALPLACEMENT($,#10098);
#10100=IFCOWNERHISTORY(#3,#4,.READWRITE.,.ADDED.,1774189820,#3,#4,1774189820);
#10101=IFCPROPERTYSET('03fDxCUgDAufK9zdFmclAL',#10100,'PV',$,(#10104,#10105,#10106,#10107));
#10102=IFCOWNERHISTORY(#3,#4,.READWRITE.,.ADDED.,1774189820,#3,#4,1774189820);
#10103=IFCRELDEFINESBYPROPERTIES('277pBpfx97k8FV7h75Qmv3',#10102,$,$,(#10085),#10101);
#10104=IFCPROPERTYSINGLEVALUE('Tipo',$,IFCLABEL('PI'),$);
#10105=IFCPROPERTYSINGLEVALUE('CT',$,IFCREAL(39.348),$);
#10106=IFCPROPERTYSINGLEVALUE('CF',$,IFCREAL(38.748),$);
#10107=IFCPROPERTYSINGLEVALUE('Prof',$,IFCREAL(0.6),$);
#10108=IFCOWNERHISTORY(#3,#4,.READWRITE.,.ADDED.,1774189820,#3,#4,1774189820);
#10109=IFCPROPERTYSET('2tS1lEtiX8ggZzsBlQ9YVG',#10108,'Custo5D',$,(#10112));
#10110=IFCOWNERHISTORY(#3,#4,.READWRITE.,.ADDED.,1774189820,#3,#4,1774189820);
#10111=IFCRELDEFINESBYPROPERTIES('0EDMV1hivCuApWKjzyrsPq',#10110,$,$,(#10085),#10109);
#10112=IFCPROPERTYSINGLEVALUE('Total_RS',$,IFCREAL(1250.),$);
#10113=IFCOWNERHISTORY(#3,#4,.READWRITE.,.MODIFIED.,1774189820,#3,#4,1774189820);
#10114=IFCBUILDINGELEMENTPROXY('3owMmPgKDE6u1J4tV8CJUe',#10113,'PI_56',$,$,#10128,#10123,$,$);
#10120=IFCCIRCLEPROFILEDEF(.AREA.,$,#30,0.2);
#10121=IFCEXTRUDEDAREASOLID(#10120,#34,#32,0.599999999999994);
#10122=IFCSHAPEREPRESENTATION(#16,'Body','SweptSolid',(#10121));
#10123=IFCPRODUCTDEFINITIONSHAPE($,$,(#10122));
#10124=IFCCARTESIANPOINT((617.494081765122,529.0975649748,43.81));
#10125=IFCDIRECTION((0.,0.,1.));
#10126=IFCDIRECTION((1.,0.,0.));
#10127=IFCAXIS2PLACEMENT3D(#10124,#10125,#10126);
#10128=IFCLOCALPLACEMENT($,#10127);
#10129=IFCOWNERHISTORY(#3,#4,.READWRITE.,.ADDED.,1774189820,#3,#4,1774189820);
#10130=IFCPROPERTYSET('30HMFGqBXDjO35l9VImoPx',#10129,'PV',$,(#10133,#10134,#10135,#10136));
#10131=IFCOWNERHISTORY(#3,#4,.READWRITE.,.ADDED.,1774189820,#3,#4,1774189820);
#10132=IFCRELDEFINESBYPROPERTIES('0gOej$sjj2yu2BctQ3Ro3l',#10131,$,$,(#10114),#10130);
#10133=IFCPROPERTYSINGLEVALUE('Tipo',$,IFCLABEL('PI'),$);
#10134=IFCPROPERTYSINGLEVALUE('CT',$,IFCREAL(44.41),$);
#10135=IFCPROPERTYSINGLEVALUE('CF',$,IFCREAL(43.81),$);
#10136=IFCPROPERTYSINGLEVALUE('Prof',$,IFCREAL(0.6),$);
#10137=IFCOWNERHISTORY(#3,#4,.READWRITE.,.ADDED.,1774189820,#3,#4,1774189820);
#10138=IFCPROPERTYSET('1rlIJnB658AghGpZMEFE5v',#10137,'Custo5D',$,(#10141));
#10139=IFCOWNERHISTORY(#3,#4,.READWRITE.,.ADDED.,1774189820,#3,#4,1774189820);
#10140=IFCRELDEFINESBYPROPERTIES('09UTvhCn51PQ6q4rAxa7By',#10139,$,$,(#10114),#10138);
#10141=IFCPROPERTYSINGLEVALUE('Total_RS',$,IFCREAL(1250.),$);
#10142=IFCOWNERHISTORY(#3,#4,.READWRITE.,.MODIFIED.,1774189820,#3,#4,1774189820);
#10143=IFCBUILDINGELEMENTPROXY('2eZVdfLaX5QBOL4nj3bBvM',#10142,'PI_63',$,$,#10157,#10152,$,$);
#10149=IFCCIRCLEPROFILEDEF(.AREA.,$,#30,0.2);
#10150=IFCEXTRUDEDAREASOLID(#10149,#34,#32,0.599999999999994);
#10151=IFCSHAPEREPRESENTATION(#16,'Body','SweptSolid',(#10150));
#10152=IFCPRODUCTDEFINITIONSHAPE($,$,(#10151));
#10153=IFCCARTESIANPOINT((618.318482607254,527.191587219015,42.566));
#10154=IFCDIRECTION((0.,0.,1.));
#10155=IFCDIRECTION((1.,0.,0.));
#10156=IFCAXIS2PLACEMENT3D(#10153,#10154,#10155);
#10157=IFCLOCALPLACEMENT($,#10156);
#10158=IFCOWNERHISTORY(#3,#4,.READWRITE.,.ADDED.,1774189820,#3,#4,1774189820);
#10159=IFCPROPERTYSET('33f05QOf14rAONsQQiCHiG',#10158,'PV',$,(#10162,#10163,#10164,#10165));
#10160=IFCOWNERHISTORY(#3,#4,.READWRITE.,.ADDED.,1774189820,#3,#4,1774189820);
#10161=IFCRELDEFINESBYPROPERTIES('23LOQCSVP7AhDpED_GSxgh',#10160,$,$,(#10143),#10159);
#10162=IFCPROPERTYSINGLEVALUE('Tipo',$,IFCLABEL('PI'),$);
#10163=IFCPROPERTYSINGLEVALUE('CT',$,IFCREAL(43.166),$);
#10164=IFCPROPERTYSINGLEVALUE('CF',$,IFCREAL(42.566),$);
#10165=IFCPROPERTYSINGLEVALUE('Prof',$,IFCREAL(0.6),$);
#10166=IFCOWNERHISTORY(#3,#4,.READWRITE.,.ADDED.,1774189820,#3,#4,1774189820);
#10167=IFCPROPERTYSET('1BTiH8fGfBExq2pKe5er_V',#10166,'Custo5D',$,(#10170));
#10168=IFCOWNERHISTORY(#3,#4,.READWRITE.,.ADDED.,1774189820,#3,#4,1774189820);
#10169=IFCRELDEFINESBYPROPERTIES('3jTi889OL9gOzikPI7UkN$',#10168,$,$,(#10143),#10167);
#10170=IFCPROPERTYSINGLEVALUE('Total_RS',$,IFCREAL(1250.),$);
#10171=IFCOWNERHISTORY(#3,#4,.READWRITE.,.MODIFIED.,1774189820,#3,#4,1774189820);
#10172=IFCBUILDINGELEMENTPROXY('1OjZYuWKX2KPrnUD1XlvM1',#10171,'PI_62',$,$,#10186,#10181,$,$);
#10178=IFCCIRCLEPROFILEDEF(.AREA.,$,#30,0.2);
#10179=IFCEXTRUDEDAREASOLID(#10178,#34,#32,1.227);
#10180=IFCSHAPEREPRESENTATION(#16,'Body','SweptSolid',(#10179));
#10181=IFCPRODUCTDEFINITIONSHAPE($,$,(#10180));
#10182=IFCCARTESIANPOINT((639.225461143011,578.763043094426,39.905));
#10183=IFCDIRECTION((0.,0.,1.));
#10184=IFCDIRECTION((1.,0.,0.));
#10185=IFCAXIS2PLACEMENT3D(#10182,#10183,#10184);
#10186=IFCLOCALPLACEMENT($,#10185);
#10187=IFCOWNERHISTORY(#3,#4,.READWRITE.,.ADDED.,1774189820,#3,#4,1774189820);
#10188=IFCPROPERTYSET('3$HMAqcrnBA8BBKZXlYdVj',#10187,'PV',$,(#10191,#10192,#10193,#10194));
#10189=IFCOWNERHISTORY(#3,#4,.READWRITE.,.ADDED.,1774189820,#3,#4,1774189820);
#10190=IFCRELDEFINESBYPROPERTIES('0pki4Wvaj2FAz0G0s17c6I',#10189,$,$,(#10172),#10188);
#10191=IFCPROPERTYSINGLEVALUE('Tipo',$,IFCLABEL('PI'),$);
#10192=IFCPROPERTYSINGLEVALUE('CT',$,IFCREAL(41.132),$);
#10193=IFCPROPERTYSINGLEVALUE('CF',$,IFCREAL(39.905),$);
#10194=IFCPROPERTYSINGLEVALUE('Prof',$,IFCREAL(1.23),$);
#10195=IFCOWNERHISTORY(#3,#4,.READWRITE.,.ADDED.,1774189820,#3,#4,1774189820);
#10196=IFCPROPERTYSET('2U0c99UD9BM8xKKla09v8P',#10195,'Custo5D',$,(#10199));
#10197=IFCOWNERHISTORY(#3,#4,.READWRITE.,.ADDED.,1774189820,#3,#4,1774189820);
#10198=IFCRELDEFINESBYPROPERTIES('3BPeawpn91HxyepzAms9Ii',#10197,$,$,(#10172),#10196);
#10199=IFCPROPERTYSINGLEVALUE('Total_RS',$,IFCREAL(1250.),$);
#10200=IFCOWNERHISTORY(#3,#4,.READWRITE.,.MODIFIED.,1774189820,#3,#4,1774189820);
#10201=IFCBUILDINGELEMENTPROXY('26BFJVszPCi8qiQiF6LsAk',#10200,'PI_132',$,$,#10215,#10210,$,$);
#10207=IFCCIRCLEPROFILEDEF(.AREA.,$,#30,0.2);
#10208=IFCEXTRUDEDAREASOLID(#10207,#34,#32,0.381);
#10209=IFCSHAPEREPRESENTATION(#16,'Body','SweptSolid',(#10208));
#10210=IFCPRODUCTDEFINITIONSHAPE($,$,(#10209));
#10211=IFCCARTESIANPOINT((727.74750281655,585.891397703439,83.437));
#10212=IFCDIRECTION((0.,0.,1.));
#10213=IFCDIRECTION((1.,0.,0.));
#10214=IFCAXIS2PLACEMENT3D(#10211,#10212,#10213);
#10215=IFCLOCALPLACEMENT($,#10214);
#10216=IFCOWNERHISTORY(#3,#4,.READWRITE.,.ADDED.,1774189820,#3,#4,1774189820);
#10217=IFCPROPERTYSET('30xvUT3Dv5Xg8vpbInaIdx',#10216,'PV',$,(#10220,#10221,#10222,#10223));
#10218=IFCOWNERHISTORY(#3,#4,.READWRITE.,.ADDED.,1774189820,#3,#4,1774189820);
#10219=IFCRELDEFINESBYPROPERTIES('3sg5UAQbL8QheGaaWBy8IA',#10218,$,$,(#10201),#10217);
#10220=IFCPROPERTYSINGLEVALUE('Tipo',$,IFCLABEL('PI'),$);
#10221=IFCPROPERTYSINGLEVALUE('CT',$,IFCREAL(83.818),$);
#10222=IFCPROPERTYSINGLEVALUE('CF',$,IFCREAL(83.437),$);
#10223=IFCPROPERTYSINGLEVALUE('Prof',$,IFCREAL(0.38),$);
#10224=IFCOWNERHISTORY(#3,#4,.READWRITE.,.ADDED.,1774189820,#3,#4,1774189820);
#10225=IFCPROPERTYSET('2LoVIxrH9B8u6ZcrsSTHID',#10224,'Custo5D',$,(#10228));
#10226=IFCOWNERHISTORY(#3,#4,.READWRITE.,.ADDED.,1774189820,#3,#4,1774189820);
#10227=IFCRELDEFINESBYPROPERTIES('2doSTpr256EhMk133DDMRA',#10226,$,$,(#10201),#10225);
#10228=IFCPROPERTYSINGLEVALUE('Total_RS',$,IFCREAL(1250.),$);
#10229=IFCOWNERHISTORY(#3,#4,.READWRITE.,.MODIFIED.,1774189820,#3,#4,1774189820);
#10230=IFCBUILDINGELEMENTPROXY('2JsLUNg2PANub84r9gUlfM',#10229,'PI_133',$,$,#10244,#10239,$,$);
#10236=IFCCIRCLEPROFILEDEF(.AREA.,$,#30,0.2);
#10237=IFCEXTRUDEDAREASOLID(#10236,#34,#32,0.600000000000009);
#10238=IFCSHAPEREPRESENTATION(#16,'Body','SweptSolid',(#10237));
#10239=IFCPRODUCTDEFINITIONSHAPE($,$,(#10238));
#10240=IFCCARTESIANPOINT((726.930443866935,587.897872271016,83.567));
#10241=IFCDIRECTION((0.,0.,1.));
#10242=IFCDIRECTION((1.,0.,0.));
#10243=IFCAXIS2PLACEMENT3D(#10240,#10241,#10242);
#10244=IFCLOCALPLACEMENT($,#10243);
#10245=IFCOWNERHISTORY(#3,#4,.READWRITE.,.ADDED.,1774189820,#3,#4,1774189820);
#10246=IFCPROPERTYSET('1BmiH34CnFv8UQ6s5esszu',#10245,'PV',$,(#10249,#10250,#10251,#10252));
#10247=IFCOWNERHISTORY(#3,#4,.READWRITE.,.ADDED.,1774189820,#3,#4,1774189820);
#10248=IFCRELDEFINESBYPROPERTIES('0WZTzN5ZD1sgsvWfIQ977H',#10247,$,$,(#10230),#10246);
#10249=IFCPROPERTYSINGLEVALUE('Tipo',$,IFCLABEL('PI'),$);
#10250=IFCPROPERTYSINGLEVALUE('CT',$,IFCREAL(84.167),$);
#10251=IFCPROPERTYSINGLEVALUE('CF',$,IFCREAL(83.567),$);
#10252=IFCPROPERTYSINGLEVALUE('Prof',$,IFCREAL(0.6),$);
#10253=IFCOWNERHISTORY(#3,#4,.READWRITE.,.ADDED.,1774189820,#3,#4,1774189820);
#10254=IFCPROPERTYSET('135WcVU2X4vOmMt$WrPhWM',#10253,'Custo5D',$,(#10257));
#10255=IFCOWNERHISTORY(#3,#4,.READWRITE.,.ADDED.,1774189820,#3,#4,1774189820);
#10256=IFCRELDEFINESBYPROPERTIES('2enLWhl35FDPx0G3KGlckq',#10255,$,$,(#10230),#10254);
#10257=IFCPROPERTYSINGLEVALUE('Total_RS',$,IFCREAL(1250.),$);
#10258=IFCOWNERHISTORY(#3,#4,.READWRITE.,.MODIFIED.,1774189820,#3,#4,1774189820);
#10259=IFCBUILDINGELEMENTPROXY('3SeeMsy3bBhvaHHLZBBJ5O',#10258,'PI_134',$,$,#10273,#10268,$,$);
#10265=IFCCIRCLEPROFILEDEF(.AREA.,$,#30,0.2);
#10266=IFCEXTRUDEDAREASOLID(#10265,#34,#32,0.799999999999997);
#10267=IFCSHAPEREPRESENTATION(#16,'Body','SweptSolid',(#10266));
#10268=IFCPRODUCTDEFINITIONSHAPE($,$,(#10267));
#10269=IFCCARTESIANPOINT((727.375045480148,595.80465810094,87.51));
#10270=IFCDIRECTION((0.,0.,1.));
#10271=IFCDIRECTION((1.,0.,0.));
#10272=IFCAXIS2PLACEMENT3D(#10269,#10270,#10271);
#10273=IFCLOCALPLACEMENT($,#10272);
#10274=IFCOWNERHISTORY(#3,#4,.READWRITE.,.ADDED.,1774189820,#3,#4,1774189820);
#10275=IFCPROPERTYSET('3S3dWHXanB1Om4u0Q8OgAU',#10274,'PV',$,(#10278,#10279,#10280,#10281));
#10276=IFCOWNERHISTORY(#3,#4,.READWRITE.,.ADDED.,1774189820,#3,#4,1774189820);
#10277=IFCRELDEFINESBYPROPERTIES('0t$3A1cQ1CS9_g62_K2$KO',#10276,$,$,(#10259),#10275);
#10278=IFCPROPERTYSINGLEVALUE('Tipo',$,IFCLABEL('PI'),$);
#10279=IFCPROPERTYSINGLEVALUE('CT',$,IFCREAL(88.31),$);
#10280=IFCPROPERTYSINGLEVALUE('CF',$,IFCREAL(87.51),$);
#10281=IFCPROPERTYSINGLEVALUE('Prof',$,IFCREAL(0.8),$);
#10282=IFCOWNERHISTORY(#3,#4,.READWRITE.,.ADDED.,1774189820,#3,#4,1774189820);
#10283=IFCPROPERTYSET('2ovJ8qyl52TPbX3zwfBWob',#10282,'Custo5D',$,(#10286));
#10284=IFCOWNERHISTORY(#3,#4,.READWRITE.,.ADDED.,1774189820,#3,#4,1774189820);
#10285=IFCRELDEFINESBYPROPERTIES('1VgzHxV2TBU8b7HrG0gDBU',#10284,$,$,(#10259),#10283);
#10286=IFCPROPERTYSINGLEVALUE('Total_RS',$,IFCREAL(1250.),$);
#10287=IFCOWNERHISTORY(#3,#4,.READWRITE.,.MODIFIED.,1774189820,#3,#4,1774189820);
#10288=IFCBUILDINGELEMENTPROXY('1h7xranRv5dgXx2SKCflpG',#10287,'PI_135',$,$,#10302,#10297,$,$);
#10294=IFCCIRCLEPROFILEDEF(.AREA.,$,#30,0.2);
#10295=IFCEXTRUDEDAREASOLID(#10294,#34,#32,0.399999999999991);
#10296=IFCSHAPEREPRESENTATION(#16,'Body','SweptSolid',(#10295));
#10297=IFCPRODUCTDEFINITIONSHAPE($,$,(#10296));
#10298=IFCCARTESIANPOINT((728.484923754702,597.595309718512,87.608));
#10299=IFCDIRECTION((0.,0.,1.));
#10300=IFCDIRECTION((1.,0.,0.));
#10301=IFCAXIS2PLACEMENT3D(#10298,#10299,#10300);
#10302=IFCLOCALPLACEMENT($,#10301);
#10303=IFCOWNERHISTORY(#3,#4,.READWRITE.,.ADDED.,1774189820,#3,#4,1774189820);
#10304=IFCPROPERTYSET('1izBhZ6WvCIhdnCC8Lepi5',#10303,'PV',$,(#10307,#10308,#10309,#10310));
#10305=IFCOWNERHISTORY(#3,#4,.READWRITE.,.ADDED.,1774189820,#3,#4,1774189820);
#10306=IFCRELDEFINESBYPROPERTIES('0C2CHzZzX5XxSUymVuUkaW',#10305,$,$,(#10288),#10304);
#10307=IFCPROPERTYSINGLEVALUE('Tipo',$,IFCLABEL('PI'),$);
#10308=IFCPROPERTYSINGLEVALUE('CT',$,IFCREAL(88.008),$);
#10309=IFCPROPERTYSINGLEVALUE('CF',$,IFCREAL(87.608),$);
#10310=IFCPROPERTYSINGLEVALUE('Prof',$,IFCREAL(0.4),$);
#10311=IFCOWNERHISTORY(#3,#4,.READWRITE.,.ADDED.,1774189820,#3,#4,1774189820);
#10312=IFCPROPERTYSET('1Vfe00XsD50O8EeMRv03Gl',#10311,'Custo5D',$,(#10315));
#10313=IFCOWNERHISTORY(#3,#4,.READWRITE.,.ADDED.,1774189820,#3,#4,1774189820);
#10314=IFCRELDEFINESBYPROPERTIES('3oyWk7jBP4Cfdf3bqGAq5U',#10313,$,$,(#10288),#10312);
#10315=IFCPROPERTYSINGLEVALUE('Total_RS',$,IFCREAL(1250.),$);
#10316=IFCOWNERHISTORY(#3,#4,.READWRITE.,.MODIFIED.,1774189820,#3,#4,1774189820);
#10317=IFCBUILDINGELEMENTPROXY('3P8Isiayn6pu2xiN3XujBZ',#10316,'PI_137',$,$,#10331,#10326,$,$);
#10323=IFCCIRCLEPROFILEDEF(.AREA.,$,#30,0.2);
#10324=IFCEXTRUDEDAREASOLID(#10323,#34,#32,0.599999999999994);
#10325=IFCSHAPEREPRESENTATION(#16,'Body','SweptSolid',(#10324));
#10326=IFCPRODUCTDEFINITIONSHAPE($,$,(#10325));
#10327=IFCCARTESIANPOINT((745.181290464301,610.073502546176,90.762));
#10328=IFCDIRECTION((0.,0.,1.));
#10329=IFCDIRECTION((1.,0.,0.));
#10330=IFCAXIS2PLACEMENT3D(#10327,#10328,#10329);
#10331=IFCLOCALPLACEMENT($,#10330);
#10332=IFCOWNERHISTORY(#3,#4,.READWRITE.,.ADDED.,1774189820,#3,#4,1774189820);
#10333=IFCPROPERTYSET('1gYswG4R157O_OfqwVQOzY',#10332,'PV',$,(#10336,#10337,#10338,#10339));
#10334=IFCOWNERHISTORY(#3,#4,.READWRITE.,.ADDED.,1774189820,#3,#4,1774189820);
#10335=IFCRELDEFINESBYPROPERTIES('22shP4Jib2HBHpKTncw5$0',#10334,$,$,(#10317),#10333);
#10336=IFCPROPERTYSINGLEVALUE('Tipo',$,IFCLABEL('PI'),$);
#10337=IFCPROPERTYSINGLEVALUE('CT',$,IFCREAL(91.362),$);
#10338=IFCPROPERTYSINGLEVALUE('CF',$,IFCREAL(90.762),$);
#10339=IFCPROPERTYSINGLEVALUE('Prof',$,IFCREAL(0.6),$);
#10340=IFCOWNERHISTORY(#3,#4,.READWRITE.,.ADDED.,1774189820,#3,#4,1774189820);
#10341=IFCPROPERTYSET('01V7kPgjTF2wdkS_aNmZ5m',#10340,'Custo5D',$,(#10344));
#10342=IFCOWNERHISTORY(#3,#4,.READWRITE.,.ADDED.,1774189820,#3,#4,1774189820);
#10343=IFCRELDEFINESBYPROPERTIES('1vJoweRL5DKPvcfygMvzNK',#10342,$,$,(#10317),#10341);
#10344=IFCPROPERTYSINGLEVALUE('Total_RS',$,IFCREAL(1250.),$);
#10345=IFCOWNERHISTORY(#3,#4,.READWRITE.,.MODIFIED.,1774189820,#3,#4,1774189820);
#10346=IFCBUILDINGELEMENTPROXY('3H7gkZHQX6yecl5jCjBVxB',#10345,'PI_118',$,$,#10360,#10355,$,$);
#10352=IFCCIRCLEPROFILEDEF(.AREA.,$,#30,0.2);
#10353=IFCEXTRUDEDAREASOLID(#10352,#34,#32,0.600000000000001);
#10354=IFCSHAPEREPRESENTATION(#16,'Body','SweptSolid',(#10353));
#10355=IFCPRODUCTDEFINITIONSHAPE($,$,(#10354));
#10356=IFCCARTESIANPOINT((675.167544730764,482.635669752955,40.253));
#10357=IFCDIRECTION((0.,0.,1.));
#10358=IFCDIRECTION((1.,0.,0.));
#10359=IFCAXIS2PLACEMENT3D(#10356,#10357,#10358);
#10360=IFCLOCALPLACEMENT($,#10359);
#10361=IFCOWNERHISTORY(#3,#4,.READWRITE.,.ADDED.,1774189820,#3,#4,1774189820);
#10362=IFCPROPERTYSET('0aCJeHlkn4KxQmk$4AxxyO',#10361,'PV',$,(#10365,#10366,#10367,#10368));
#10363=IFCOWNERHISTORY(#3,#4,.READWRITE.,.ADDED.,1774189820,#3,#4,1774189820);
#10364=IFCRELDEFINESBYPROPERTIES('0Z0rJKYKj4R9j0U2UneTYI',#10363,$,$,(#10346),#10362);
#10365=IFCPROPERTYSINGLEVALUE('Tipo',$,IFCLABEL('PI'),$);
#10366=IFCPROPERTYSINGLEVALUE('CT',$,IFCREAL(40.853),$);
#10367=IFCPROPERTYSINGLEVALUE('CF',$,IFCREAL(40.253),$);
#10368=IFCPROPERTYSINGLEVALUE('Prof',$,IFCREAL(0.6),$);
#10369=IFCOWNERHISTORY(#3,#4,.READWRITE.,.ADDED.,1774189820,#3,#4,1774189820);
#10370=IFCPROPERTYSET('2Dbfv8Rgb6IhP_zqB2tdCT',#10369,'Custo5D',$,(#10373));
#10371=IFCOWNERHISTORY(#3,#4,.READWRITE.,.ADDED.,1774189820,#3,#4,1774189820);
#10372=IFCRELDEFINESBYPROPERTIES('0Z0eNB$jTCjPRrtCei7vzY',#10371,$,$,(#10346),#10370);
#10373=IFCPROPERTYSINGLEVALUE('Total_RS',$,IFCREAL(1250.),$);
#10374=IFCOWNERHISTORY(#3,#4,.READWRITE.,.MODIFIED.,1774189820,#3,#4,1774189820);
#10375=IFCBUILDINGELEMENTPROXY('1rkvBnEs51Ywo1boEPRMR7',#10374,'PI_117',$,$,#10389,#10384,$,$);
#10381=IFCCIRCLEPROFILEDEF(.AREA.,$,#30,0.2);
#10382=IFCEXTRUDEDAREASOLID(#10381,#34,#32,0.600000000000001);
#10383=IFCSHAPEREPRESENTATION(#16,'Body','SweptSolid',(#10382));
#10384=IFCPRODUCTDEFINITIONSHAPE($,$,(#10383));
#10385=IFCCARTESIANPOINT((669.747784619511,485.054052091204,40.181));
#10386=IFCDIRECTION((0.,0.,1.));
#10387=IFCDIRECTION((1.,0.,0.));
#10388=IFCAXIS2PLACEMENT3D(#10385,#10386,#10387);
#10389=IFCLOCALPLACEMENT($,#10388);
#10390=IFCOWNERHISTORY(#3,#4,.READWRITE.,.ADDED.,1774189820,#3,#4,1774189820);
#10391=IFCPROPERTYSET('2VEL6_iRrCxffCI3L7bEpb',#10390,'PV',$,(#10394,#10395,#10396,#10397));
#10392=IFCOWNERHISTORY(#3,#4,.READWRITE.,.ADDED.,1774189820,#3,#4,1774189820);
#10393=IFCRELDEFINESBYPROPERTIES('09Ufo3vdX2QAadABqkSdtK',#10392,$,$,(#10375),#10391);
#10394=IFCPROPERTYSINGLEVALUE('Tipo',$,IFCLABEL('PI'),$);
#10395=IFCPROPERTYSINGLEVALUE('CT',$,IFCREAL(40.781),$);
#10396=IFCPROPERTYSINGLEVALUE('CF',$,IFCREAL(40.181),$);
#10397=IFCPROPERTYSINGLEVALUE('Prof',$,IFCREAL(0.6),$);
#10398=IFCOWNERHISTORY(#3,#4,.READWRITE.,.ADDED.,1774189820,#3,#4,1774189820);
#10399=IFCPROPERTYSET('1UbsLQD7H1vPST215CoL8T',#10398,'Custo5D',$,(#10402));
#10400=IFCOWNERHISTORY(#3,#4,.READWRITE.,.ADDED.,1774189820,#3,#4,1774189820);
#10401=IFCRELDEFINESBYPROPERTIES('15NQbu5KP7pxd_3EqMKabe',#10400,$,$,(#10375),#10399);
#10402=IFCPROPERTYSINGLEVALUE('Total_RS',$,IFCREAL(1250.),$);
#10403=IFCOWNERHISTORY(#3,#4,.READWRITE.,.MODIFIED.,1774189820,#3,#4,1774189820);
#10404=IFCBUILDINGELEMENTPROXY('2iVMbYlIL1NAYR8eqhwitQ',#10403,'PI_115',$,$,#10418,#10413,$,$);
#10410=IFCCIRCLEPROFILEDEF(.AREA.,$,#30,0.2);
#10411=IFCEXTRUDEDAREASOLID(#10410,#34,#32,0.600000000000001);
#10412=IFCSHAPEREPRESENTATION(#16,'Body','SweptSolid',(#10411));
#10413=IFCPRODUCTDEFINITIONSHAPE($,$,(#10412));
#10414=IFCCARTESIANPOINT((671.882987878751,484.481302448548,39.744));
#10415=IFCDIRECTION((0.,0.,1.));
#10416=IFCDIRECTION((1.,0.,0.));
#10417=IFCAXIS2PLACEMENT3D(#10414,#10415,#10416);
#10418=IFCLOCALPLACEMENT($,#10417);
#10419=IFCOWNERHISTORY(#3,#4,.READWRITE.,.ADDED.,1774189820,#3,#4,1774189820);
#10420=IFCPROPERTYSET('2IVWUItLL0lAv1Sipr9YOH',#10419,'PV',$,(#10423,#10424,#10425,#10426));
#10421=IFCOWNERHISTORY(#3,#4,.READWRITE.,.ADDED.,1774189820,#3,#4,1774189820);
#10422=IFCRELDEFINESBYPROPERTIES('1FgWYWxvf1kxTFkFbzp5MV',#10421,$,$,(#10404),#10420);
#10423=IFCPROPERTYSINGLEVALUE('Tipo',$,IFCLABEL('PI'),$);
#10424=IFCPROPERTYSINGLEVALUE('CT',$,IFCREAL(40.344),$);
#10425=IFCPROPERTYSINGLEVALUE('CF',$,IFCREAL(39.744),$);
#10426=IFCPROPERTYSINGLEVALUE('Prof',$,IFCREAL(0.6),$);
#10427=IFCOWNERHISTORY(#3,#4,.READWRITE.,.ADDED.,1774189820,#3,#4,1774189820);
#10428=IFCPROPERTYSET('0HLanJYLv2k9MB_nnUlsp3',#10427,'Custo5D',$,(#10431));
#10429=IFCOWNERHISTORY(#3,#4,.READWRITE.,.ADDED.,1774189820,#3,#4,1774189820);
#10430=IFCRELDEFINESBYPROPERTIES('184ry11q1DPA9gLiQEVSYE',#10429,$,$,(#10404),#10428);
#10431=IFCPROPERTYSINGLEVALUE('Total_RS',$,IFCREAL(1250.),$);
#10432=IFCOWNERHISTORY(#3,#4,.READWRITE.,.MODIFIED.,1774189820,#3,#4,1774189820);
#10433=IFCBUILDINGELEMENTPROXY('09TD8D$$LEUOI2Jy54wKb8',#10432,'PI_110',$,$,#10447,#10442,$,$);
#10439=IFCCIRCLEPROFILEDEF(.AREA.,$,#30,0.2);
#10440=IFCEXTRUDEDAREASOLID(#10439,#34,#32,0.600000000000001);
#10441=IFCSHAPEREPRESENTATION(#16,'Body','SweptSolid',(#10440));
#10442=IFCPRODUCTDEFINITIONSHAPE($,$,(#10441));
#10443=IFCCARTESIANPOINT((627.385955345235,487.248244292103,41.986));
#10444=IFCDIRECTION((0.,0.,1.));
#10445=IFCDIRECTION((1.,0.,0.));
#10446=IFCAXIS2PLACEMENT3D(#10443,#10444,#10445);
#10447=IFCLOCALPLACEMENT($,#10446);
#10448=IFCOWNERHISTORY(#3,#4,.READWRITE.,.ADDED.,1774189820,#3,#4,1774189820);
#10449=IFCPROPERTYSET('0WH0Lvc7jAeh2W7O9ZqBls',#10448,'PV',$,(#10452,#10453,#10454,#10455));
#10450=IFCOWNERHISTORY(#3,#4,.READWRITE.,.ADDED.,1774189820,#3,#4,1774189820);
#10451=IFCRELDEFINESBYPROPERTIES('24T7YIjKb3VRYo8pKGTPbq',#10450,$,$,(#10433),#10449);
#10452=IFCPROPERTYSINGLEVALUE('Tipo',$,IFCLABEL('PI'),$);
#10453=IFCPROPERTYSINGLEVALUE('CT',$,IFCREAL(42.586),$);
#10454=IFCPROPERTYSINGLEVALUE('CF',$,IFCREAL(41.986),$);
#10455=IFCPROPERTYSINGLEVALUE('Prof',$,IFCREAL(0.6),$);
#10456=IFCOWNERHISTORY(#3,#4,.READWRITE.,.ADDED.,1774189820,#3,#4,1774189820);
#10457=IFCPROPERTYSET('3LX$35XuLAuOH4FeFXcPQP',#10456,'Custo5D',$,(#10460));
#10458=IFCOWNERHISTORY(#3,#4,.READWRITE.,.ADDED.,1774189820,#3,#4,1774189820);
#10459=IFCRELDEFINESBYPROPERTIES('3lKtbVoz16CvYEQDyqRBfq',#10458,$,$,(#10433),#10457);
#10460=IFCPROPERTYSINGLEVALUE('Total_RS',$,IFCREAL(1250.),$);
#10461=IFCOWNERHISTORY(#3,#4,.READWRITE.,.MODIFIED.,1774189820,#3,#4,1774189820);
#10462=IFCBUILDINGELEMENTPROXY('33lPYu$En5tB0CTPIF_y58',#10461,'PI_112',$,$,#10476,#10471,$,$);
#10468=IFCCIRCLEPROFILEDEF(.AREA.,$,#30,0.2);
#10469=IFCEXTRUDEDAREASOLID(#10468,#34,#32,0.600000000000001);
#10470=IFCSHAPEREPRESENTATION(#16,'Body','SweptSolid',(#10469));
#10471=IFCPRODUCTDEFINITIONSHAPE($,$,(#10470));
#10472=IFCCARTESIANPOINT((625.643271453446,488.834766657092,44.102));
#10473=IFCDIRECTION((0.,0.,1.));
#10474=IFCDIRECTION((1.,0.,0.));
#10475=IFCAXIS2PLACEMENT3D(#10472,#10473,#10474);
#10476=IFCLOCALPLACEMENT($,#10475);
#10477=IFCOWNERHISTORY(#3,#4,.READWRITE.,.ADDED.,1774189820,#3,#4,1774189820);
#10478=IFCPROPERTYSET('0mjfPe2if9cv_$eGe_ewzz',#10477,'PV',$,(#10481,#10482,#10483,#10484));
#10479=IFCOWNERHISTORY(#3,#4,.READWRITE.,.ADDED.,1774189820,#3,#4,1774189820);
#10480=IFCRELDEFINESBYPROPERTIES('3Ar7QGGqj0Rf67SfXLL3ge',#10479,$,$,(#10462),#10478);
#10481=IFCPROPERTYSINGLEVALUE('Tipo',$,IFCLABEL('PI'),$);
#10482=IFCPROPERTYSINGLEVALUE('CT',$,IFCREAL(44.702),$);
#10483=IFCPROPERTYSINGLEVALUE('CF',$,IFCREAL(44.102),$);
#10484=IFCPROPERTYSINGLEVALUE('Prof',$,IFCREAL(0.6),$);
#10485=IFCOWNERHISTORY(#3,#4,.READWRITE.,.ADDED.,1774189820,#3,#4,1774189820);
#10486=IFCPROPERTYSET('3Q96qoNHD93gDox0p7pugh',#10485,'Custo5D',$,(#10489));
#10487=IFCOWNERHISTORY(#3,#4,.READWRITE.,.ADDED.,1774189820,#3,#4,1774189820);
#10488=IFCRELDEFINESBYPROPERTIES('06l7cRLQPC58Ny68Kngu5M',#10487,$,$,(#10462),#10486);
#10489=IFCPROPERTYSINGLEVALUE('Total_RS',$,IFCREAL(1250.),$);
#10490=IFCOWNERHISTORY(#3,#4,.READWRITE.,.MODIFIED.,1774189820,#3,#4,1774189820);
#10491=IFCBUILDINGELEMENTPROXY('1UbGythsb11v3WXp$B89fR',#10490,'PI_66',$,$,#10505,#10500,$,$);
#10497=IFCCIRCLEPROFILEDEF(.AREA.,$,#30,0.2);
#10498=IFCEXTRUDEDAREASOLID(#10497,#34,#32,0.600000000000001);
#10499=IFCSHAPEREPRESENTATION(#16,'Body','SweptSolid',(#10498));
#10500=IFCPRODUCTDEFINITIONSHAPE($,$,(#10499));
#10501=IFCCARTESIANPOINT((608.683494071534,488.78417873662,38.753));
#10502=IFCDIRECTION((0.,0.,1.));
#10503=IFCDIRECTION((1.,0.,0.));
#10504=IFCAXIS2PLACEMENT3D(#10501,#10502,#10503);
#10505=IFCLOCALPLACEMENT($,#10504);
#10506=IFCOWNERHISTORY(#3,#4,.READWRITE.,.ADDED.,1774189820,#3,#4,1774189820);
#10507=IFCPROPERTYSET('1g5pT0J0bC69WLebYyd6WE',#10506,'PV',$,(#10510,#10511,#10512,#10513));
#10508=IFCOWNERHISTORY(#3,#4,.READWRITE.,.ADDED.,1774189820,#3,#4,1774189820);
#10509=IFCRELDEFINESBYPROPERTIES('0FpDM7gUL278S4T4TvdQMo',#10508,$,$,(#10491),#10507);
#10510=IFCPROPERTYSINGLEVALUE('Tipo',$,IFCLABEL('PI'),$);
#10511=IFCPROPERTYSINGLEVALUE('CT',$,IFCREAL(39.353),$);
#10512=IFCPROPERTYSINGLEVALUE('CF',$,IFCREAL(38.753),$);
#10513=IFCPROPERTYSINGLEVALUE('Prof',$,IFCREAL(0.6),$);
#10514=IFCOWNERHISTORY(#3,#4,.READWRITE.,.ADDED.,1774189820,#3,#4,1774189820);
#10515=IFCPROPERTYSET('2hSTA8hdr9e8vRrcpbArdH',#10514,'Custo5D',$,(#10518));
#10516=IFCOWNERHISTORY(#3,#4,.READWRITE.,.ADDED.,1774189820,#3,#4,1774189820);
#10517=IFCRELDEFINESBYPROPERTIES('0aJoJ4Kkf9DO3PnVjW9U_Q',#10516,$,$,(#10491),#10515);
#10518=IFCPROPERTYSINGLEVALUE('Total_RS',$,IFCREAL(1250.),$);
#10519=IFCOWNERHISTORY(#3,#4,.READWRITE.,.MODIFIED.,1774189820,#3,#4,1774189820);
#10520=IFCBUILDINGELEMENTPROXY('1E5h7QAR1D7BPzE7safbj5',#10519,'PI_65',$,$,#10534,#10529,$,$);
#10526=IFCCIRCLEPROFILEDEF(.AREA.,$,#30,0.2);
#10527=IFCEXTRUDEDAREASOLID(#10526,#34,#32,0.599999999999994);
#10528=IFCSHAPEREPRESENTATION(#16,'Body','SweptSolid',(#10527));
#10529=IFCPRODUCTDEFINITIONSHAPE($,$,(#10528));
#10530=IFCCARTESIANPOINT((607.122443959408,486.977340658195,40.773));
#10531=IFCDIRECTION((0.,0.,1.));
#10532=IFCDIRECTION((1.,0.,0.));
#10533=IFCAXIS2PLACEMENT3D(#10530,#10531,#10532);
#10534=IFCLOCALPLACEMENT($,#10533);
#10535=IFCOWNERHISTORY(#3,#4,.READWRITE.,.ADDED.,1774189820,#3,#4,1774189820);
#10536=IFCPROPERTYSET('2dZabgO8XFQP53wC81InKC',#10535,'PV',$,(#10539,#10540,#10541,#10542));
#10537=IFCOWNERHISTORY(#3,#4,.READWRITE.,.ADDED.,1774189820,#3,#4,1774189820);
#10538=IFCRELDEFINESBYPROPERTIES('39SK5vsLvDzQPEnco_cnOH',#10537,$,$,(#10520),#10536);
#10539=IFCPROPERTYSINGLEVALUE('Tipo',$,IFCLABEL('PI'),$);
#10540=IFCPROPERTYSINGLEVALUE('CT',$,IFCREAL(41.373),$);
#10541=IFCPROPERTYSINGLEVALUE('CF',$,IFCREAL(40.773),$);
#10542=IFCPROPERTYSINGLEVALUE('Prof',$,IFCREAL(0.6),$);
#10543=IFCOWNERHISTORY(#3,#4,.READWRITE.,.ADDED.,1774189820,#3,#4,1774189820);
#10544=IFCPROPERTYSET('2HxiQxeTL9pxE_bHyyDm8K',#10543,'Custo5D',$,(#10547));
#10545=IFCOWNERHISTORY(#3,#4,.READWRITE.,.ADDED.,1774189820,#3,#4,1774189820);
#10546=IFCRELDEFINESBYPROPERTIES('03sF4Rc$L5NPtUknYSZbUB',#10545,$,$,(#10520),#10544);
#10547=IFCPROPERTYSINGLEVALUE('Total_RS',$,IFCREAL(1250.),$);
#10548=IFCOWNERHISTORY(#3,#4,.READWRITE.,.MODIFIED.,1774189820,#3,#4,1774189820);
#10549=IFCBUILDINGELEMENTPROXY('09fGsTygbD28Rxzb6zm05Y',#10548,'PI_111',$,$,#10563,#10558,$,$);
#10555=IFCCIRCLEPROFILEDEF(.AREA.,$,#30,0.2);
#10556=IFCEXTRUDEDAREASOLID(#10555,#34,#32,0.599999999999994);
#10557=IFCSHAPEREPRESENTATION(#16,'Body','SweptSolid',(#10556));
#10558=IFCPRODUCTDEFINITIONSHAPE($,$,(#10557));
#10559=IFCCARTESIANPOINT((622.773578582506,498.650828529149,42.209));
#10560=IFCDIRECTION((0.,0.,1.));
#10561=IFCDIRECTION((1.,0.,0.));
#10562=IFCAXIS2PLACEMENT3D(#10559,#10560,#10561);
#10563=IFCLOCALPLACEMENT($,#10562);
#10564=IFCOWNERHISTORY(#3,#4,.READWRITE.,.ADDED.,1774189820,#3,#4,1774189820);
#10565=IFCPROPERTYSET('2f8lebnij5zenB9K6BI9yC',#10564,'PV',$,(#10568,#10569,#10570,#10571));
#10566=IFCOWNERHISTORY(#3,#4,.READWRITE.,.ADDED.,1774189820,#3,#4,1774189820);
#10567=IFCRELDEFINESBYPROPERTIES('2w8owc0ILD3uMXzGgPeFYF',#10566,$,$,(#10549),#10565);
#10568=IFCPROPERTYSINGLEVALUE('Tipo',$,IFCLABEL('PI'),$);
#10569=IFCPROPERTYSINGLEVALUE('CT',$,IFCREAL(42.809),$);
#10570=IFCPROPERTYSINGLEVALUE('CF',$,IFCREAL(42.209),$);
#10571=IFCPROPERTYSINGLEVALUE('Prof',$,IFCREAL(0.6),$);
#10572=IFCOWNERHISTORY(#3,#4,.READWRITE.,.ADDED.,1774189820,#3,#4,1774189820);
#10573=IFCPROPERTYSET('09ANkaPnf1_fs3UX1B0N$K',#10572,'Custo5D',$,(#10576));
#10574=IFCOWNERHISTORY(#3,#4,.READWRITE.,.ADDED.,1774189820,#3,#4,1774189820);
#10575=IFCRELDEFINESBYPROPERTIES('3vAok1WUDAuQrt0A9wv9sV',#10574,$,$,(#10549),#10573);
#10576=IFCPROPERTYSINGLEVALUE('Total_RS',$,IFCREAL(1250.),$);
#10577=IFCOWNERHISTORY(#3,#4,.READWRITE.,.MODIFIED.,1774189820,#3,#4,1774189820);
#10578=IFCBUILDINGELEMENTPROXY('2tIlVJ3015vvrS4zjXKd_V',#10577,'PI_113',$,$,#10592,#10587,$,$);
#10584=IFCCIRCLEPROFILEDEF(.AREA.,$,#30,0.2);
#10585=IFCEXTRUDEDAREASOLID(#10584,#34,#32,0.600000000000001);
#10586=IFCSHAPEREPRESENTATION(#16,'Body','SweptSolid',(#10585));
#10587=IFCPRODUCTDEFINITIONSHAPE($,$,(#10586));
#10588=IFCCARTESIANPOINT((625.076139536453,498.263150020503,44.138));
#10589=IFCDIRECTION((0.,0.,1.));
#10590=IFCDIRECTION((1.,0.,0.));
#10591=IFCAXIS2PLACEMENT3D(#10588,#10589,#10590);
#10592=IFCLOCALPLACEMENT($,#10591);
#10593=IFCOWNERHISTORY(#3,#4,.READWRITE.,.ADDED.,1774189820,#3,#4,1774189820);
#10594=IFCPROPERTYSET('1sbChKdy1FKAQfivh6esza',#10593,'PV',$,(#10597,#10598,#10599,#10600));
#10595=IFCOWNERHISTORY(#3,#4,.READWRITE.,.ADDED.,1774189820,#3,#4,1774189820);
#10596=IFCRELDEFINESBYPROPERTIES('0ZdXR315n9FQ1Mx3BlBKGK',#10595,$,$,(#10578),#10594);
#10597=IFCPROPERTYSINGLEVALUE('Tipo',$,IFCLABEL('PI'),$);
#10598=IFCPROPERTYSINGLEVALUE('CT',$,IFCREAL(44.738),$);
#10599=IFCPROPERTYSINGLEVALUE('CF',$,IFCREAL(44.138),$);
#10600=IFCPROPERTYSINGLEVALUE('Prof',$,IFCREAL(0.6),$);
#10601=IFCOWNERHISTORY(#3,#4,.READWRITE.,.ADDED.,1774189820,#3,#4,1774189820);
#10602=IFCPROPERTYSET('30QYtGMo51ye$CZ30fvtfE',#10601,'Custo5D',$,(#10605));
#10603=IFCOWNERHISTORY(#3,#4,.READWRITE.,.ADDED.,1774189820,#3,#4,1774189820);
#10604=IFCRELDEFINESBYPROPERTIES('2tg0ddU2z0JhvGFSqUrw3Z',#10603,$,$,(#10578),#10602);
#10605=IFCPROPERTYSINGLEVALUE('Total_RS',$,IFCREAL(1250.),$);
#10606=IFCOWNERHISTORY(#3,#4,.READWRITE.,.MODIFIED.,1774189820,#3,#4,1774189820);
#10607=IFCBUILDINGELEMENTPROXY('2R4l3kA2T3UAGT572pG_oy',#10606,'PI_103',$,$,#10621,#10616,$,$);
#10613=IFCCIRCLEPROFILEDEF(.AREA.,$,#30,0.2);
#10614=IFCEXTRUDEDAREASOLID(#10613,#34,#32,0.600000000000001);
#10615=IFCSHAPEREPRESENTATION(#16,'Body','SweptSolid',(#10614));
#10616=IFCPRODUCTDEFINITIONSHAPE($,$,(#10615));
#10617=IFCCARTESIANPOINT((621.038387095439,445.116822790354,26.714));
#10618=IFCDIRECTION((0.,0.,1.));
#10619=IFCDIRECTION((1.,0.,0.));
#10620=IFCAXIS2PLACEMENT3D(#10617,#10618,#10619);
#10621=IFCLOCALPLACEMENT($,#10620);
#10622=IFCOWNERHISTORY(#3,#4,.READWRITE.,.ADDED.,1774189820,#3,#4,1774189820);
#10623=IFCPROPERTYSET('1jfBhZoqv5SQweqXw71HEK',#10622,'PV',$,(#10626,#10627,#10628,#10629));
#10624=IFCOWNERHISTORY(#3,#4,.READWRITE.,.ADDED.,1774189820,#3,#4,1774189820);
#10625=IFCRELDEFINESBYPROPERTIES('2f_68iyD57sQOup_uGflx7',#10624,$,$,(#10607),#10623);
#10626=IFCPROPERTYSINGLEVALUE('Tipo',$,IFCLABEL('PI'),$);
#10627=IFCPROPERTYSINGLEVALUE('CT',$,IFCREAL(27.314),$);
#10628=IFCPROPERTYSINGLEVALUE('CF',$,IFCREAL(26.714),$);
#10629=IFCPROPERTYSINGLEVALUE('Prof',$,IFCREAL(0.6),$);
#10630=IFCOWNERHISTORY(#3,#4,.READWRITE.,.ADDED.,1774189820,#3,#4,1774189820);
#10631=IFCPROPERTYSET('2WuAN2tGDCdBLghhIVDU$k',#10630,'Custo5D',$,(#10634));
#10632=IFCOWNERHISTORY(#3,#4,.READWRITE.,.ADDED.,1774189820,#3,#4,1774189820);
#10633=IFCRELDEFINESBYPROPERTIES('2rp_zsTVHEHQdwVN7_DCnU',#10632,$,$,(#10607),#10631);
#10634=IFCPROPERTYSINGLEVALUE('Total_RS',$,IFCREAL(1250.),$);
#10635=IFCOWNERHISTORY(#3,#4,.READWRITE.,.MODIFIED.,1774189820,#3,#4,1774189820);
#10636=IFCBUILDINGELEMENTPROXY('3r4wPOBhHFsum8KsQPPOx9',#10635,'PI_104',$,$,#10650,#10645,$,$);
#10642=IFCCIRCLEPROFILEDEF(.AREA.,$,#30,0.2);
#10643=IFCEXTRUDEDAREASOLID(#10642,#34,#32,0.599999999999998);
#10644=IFCSHAPEREPRESENTATION(#16,'Body','SweptSolid',(#10643));
#10645=IFCPRODUCTDEFINITIONSHAPE($,$,(#10644));
#10646=IFCCARTESIANPOINT((623.088752452808,446.356746478938,28.132));
#10647=IFCDIRECTION((0.,0.,1.));
#10648=IFCDIRECTION((1.,0.,0.));
#10649=IFCAXIS2PLACEMENT3D(#10646,#10647,#10648);
#10650=IFCLOCALPLACEMENT($,#10649);
#10651=IFCOWNERHISTORY(#3,#4,.READWRITE.,.ADDED.,1774189820,#3,#4,1774189820);
#10652=IFCPROPERTYSET('26faWC9Xb4LfDJnJJz2Vgs',#10651,'PV',$,(#10655,#10656,#10657,#10658));
#10653=IFCOWNERHISTORY(#3,#4,.READWRITE.,.ADDED.,1774189820,#3,#4,1774189820);
#10654=IFCRELDEFINESBYPROPERTIES('2ciu6GLuLDXPF$DRRvv$az',#10653,$,$,(#10636),#10652);
#10655=IFCPROPERTYSINGLEVALUE('Tipo',$,IFCLABEL('PI'),$);
#10656=IFCPROPERTYSINGLEVALUE('CT',$,IFCREAL(28.732),$);
#10657=IFCPROPERTYSINGLEVALUE('CF',$,IFCREAL(28.132),$);
#10658=IFCPROPERTYSINGLEVALUE('Prof',$,IFCREAL(0.6),$);
#10659=IFCOWNERHISTORY(#3,#4,.READWRITE.,.ADDED.,1774189820,#3,#4,1774189820);
#10660=IFCPROPERTYSET('2z4PstCvX6T9W2SPBHI8Qd',#10659,'Custo5D',$,(#10663));
#10661=IFCOWNERHISTORY(#3,#4,.READWRITE.,.ADDED.,1774189820,#3,#4,1774189820);
#10662=IFCRELDEFINESBYPROPERTIES('3gRHq5Eyz30hgVuvsmlUYN',#10661,$,$,(#10636),#10660);
#10663=IFCPROPERTYSINGLEVALUE('Total_RS',$,IFCREAL(1250.),$);
#10664=IFCOWNERHISTORY(#3,#4,.READWRITE.,.MODIFIED.,1774189820,#3,#4,1774189820);
#10665=IFCBUILDINGELEMENTPROXY('0pjRKOY5L8yfUjhhD$UwBr',#10664,'PI_250',$,$,#10679,#10674,$,$);
#10671=IFCCIRCLEPROFILEDEF(.AREA.,$,#30,0.2);
#10672=IFCEXTRUDEDAREASOLID(#10671,#34,#32,0.600000000000001);
#10673=IFCSHAPEREPRESENTATION(#16,'Body','SweptSolid',(#10672));
#10674=IFCPRODUCTDEFINITIONSHAPE($,$,(#10673));
#10675=IFCCARTESIANPOINT((680.203427414759,510.860861022957,51.024));
#10676=IFCDIRECTION((0.,0.,1.));
#10677=IFCDIRECTION((1.,0.,0.));
#10678=IFCAXIS2PLACEMENT3D(#10675,#10676,#10677);
#10679=IFCLOCALPLACEMENT($,#10678);
#10680=IFCOWNERHISTORY(#3,#4,.READWRITE.,.ADDED.,1774189820,#3,#4,1774189820);
#10681=IFCPROPERTYSET('2$Ibd1KA901O_ZK4KZ01rw',#10680,'PV',$,(#10684,#10685,#10686,#10687));
#10682=IFCOWNERHISTORY(#3,#4,.READWRITE.,.ADDED.,1774189820,#3,#4,1774189820);
#10683=IFCRELDEFINESBYPROPERTIES('1ntIRGNJLEye8ux9no25Va',#10682,$,$,(#10665),#10681);
#10684=IFCPROPERTYSINGLEVALUE('Tipo',$,IFCLABEL('PI'),$);
#10685=IFCPROPERTYSINGLEVALUE('CT',$,IFCREAL(51.624),$);
#10686=IFCPROPERTYSINGLEVALUE('CF',$,IFCREAL(51.024),$);
#10687=IFCPROPERTYSINGLEVALUE('Prof',$,IFCREAL(0.6),$);
#10688=IFCOWNERHISTORY(#3,#4,.READWRITE.,.ADDED.,1774189820,#3,#4,1774189820);
#10689=IFCPROPERTYSET('1GaNCJgo91lBjn1qQzl8lW',#10688,'Custo5D',$,(#10692));
#10690=IFCOWNERHISTORY(#3,#4,.READWRITE.,.ADDED.,1774189820,#3,#4,1774189820);
#10691=IFCRELDEFINESBYPROPERTIES('0dwlQal71Dauk7gfC7tJb$',#10690,$,$,(#10665),#10689);
#10692=IFCPROPERTYSINGLEVALUE('Total_RS',$,IFCREAL(1250.),$);
#10693=IFCOWNERHISTORY(#3,#4,.READWRITE.,.MODIFIED.,1774189820,#3,#4,1774189820);
#10694=IFCBUILDINGELEMENTPROXY('1BtV1bMErDow47HMn_czP1',#10693,'PI_229',$,$,#10708,#10703,$,$);
#10700=IFCCIRCLEPROFILEDEF(.AREA.,$,#30,0.2);
#10701=IFCEXTRUDEDAREASOLID(#10700,#34,#32,0.600000000000001);
#10702=IFCSHAPEREPRESENTATION(#16,'Body','SweptSolid',(#10701));
#10703=IFCPRODUCTDEFINITIONSHAPE($,$,(#10702));
#10704=IFCCARTESIANPOINT((678.5805093362,515.112134748138,49.12));
#10705=IFCDIRECTION((0.,0.,1.));
#10706=IFCDIRECTION((1.,0.,0.));
#10707=IFCAXIS2PLACEMENT3D(#10704,#10705,#10706);
#10708=IFCLOCALPLACEMENT($,#10707);
#10709=IFCOWNERHISTORY(#3,#4,.READWRITE.,.ADDED.,1774189820,#3,#4,1774189820);
#10710=IFCPROPERTYSET('2Nn4k8i4fDChQ4MeLmOuEY',#10709,'PV',$,(#10713,#10714,#10715,#10716));
#10711=IFCOWNERHISTORY(#3,#4,.READWRITE.,.ADDED.,1774189820,#3,#4,1774189820);
#10712=IFCRELDEFINESBYPROPERTIES('2xWirrr8X5s8vXYgBwQiup',#10711,$,$,(#10694),#10710);
#10713=IFCPROPERTYSINGLEVALUE('Tipo',$,IFCLABEL('PI'),$);
#10714=IFCPROPERTYSINGLEVALUE('CT',$,IFCREAL(49.72),$);
#10715=IFCPROPERTYSINGLEVALUE('CF',$,IFCREAL(49.12),$);
#10716=IFCPROPERTYSINGLEVALUE('Prof',$,IFCREAL(0.6),$);
#10717=IFCOWNERHISTORY(#3,#4,.READWRITE.,.ADDED.,1774189820,#3,#4,1774189820);
#10718=IFCPROPERTYSET('00XKHABKX5x9vg872vK0jo',#10717,'Custo5D',$,(#10721));
#10719=IFCOWNERHISTORY(#3,#4,.READWRITE.,.ADDED.,1774189820,#3,#4,1774189820);
#10720=IFCRELDEFINESBYPROPERTIES('3$JJ7PF_L2qxeA1ZJxgSdN',#10719,$,$,(#10694),#10718);
#10721=IFCPROPERTYSINGLEVALUE('Total_RS',$,IFCREAL(1250.),$);
#10722=IFCOWNERHISTORY(#3,#4,.READWRITE.,.MODIFIED.,1774189820,#3,#4,1774189820);
#10723=IFCBUILDINGELEMENTPROXY('1mwsKEAjj2mxLgdrB9diYL',#10722,'PI_106',$,$,#10737,#10732,$,$);
#10729=IFCCIRCLEPROFILEDEF(.AREA.,$,#30,0.2);
#10730=IFCEXTRUDEDAREASOLID(#10729,#34,#32,0.600000000000001);
#10731=IFCSHAPEREPRESENTATION(#16,'Body','SweptSolid',(#10730));
#10732=IFCPRODUCTDEFINITIONSHAPE($,$,(#10731));
#10733=IFCCARTESIANPOINT((632.349840710522,451.441873725504,33.67));
#10734=IFCDIRECTION((0.,0.,1.));
#10735=IFCDIRECTION((1.,0.,0.));
#10736=IFCAXIS2PLACEMENT3D(#10733,#10734,#10735);
#10737=IFCLOCALPLACEMENT($,#10736);
#10738=IFCOWNERHISTORY(#3,#4,.READWRITE.,.ADDED.,1774189820,#3,#4,1774189820);
#10739=IFCPROPERTYSET('1yldESog55JB227fNnIdfk',#10738,'PV',$,(#10742,#10743,#10744,#10745));
#10740=IFCOWNERHISTORY(#3,#4,.READWRITE.,.ADDED.,1774189820,#3,#4,1774189820);
#10741=IFCRELDEFINESBYPROPERTIES('3W3MaB3vb2If8UMIf9uTjB',#10740,$,$,(#10723),#10739);
#10742=IFCPROPERTYSINGLEVALUE('Tipo',$,IFCLABEL('PI'),$);
#10743=IFCPROPERTYSINGLEVALUE('CT',$,IFCREAL(34.27),$);
#10744=IFCPROPERTYSINGLEVALUE('CF',$,IFCREAL(33.67),$);
#10745=IFCPROPERTYSINGLEVALUE('Prof',$,IFCREAL(0.6),$);
#10746=IFCOWNERHISTORY(#3,#4,.READWRITE.,.ADDED.,1774189820,#3,#4,1774189820);
#10747=IFCPROPERTYSET('0T26ee9fD4vRhgNY7dODdi',#10746,'Custo5D',$,(#10750));
#10748=IFCOWNERHISTORY(#3,#4,.READWRITE.,.ADDED.,1774189820,#3,#4,1774189820);
#10749=IFCRELDEFINESBYPROPERTIES('1jpfFfCrH0W8bB8y7fy74e',#10748,$,$,(#10723),#10747);
#10750=IFCPROPERTYSINGLEVALUE('Total_RS',$,IFCREAL(1250.),$);
#10751=IFCOWNERHISTORY(#3,#4,.READWRITE.,.MODIFIED.,1774189820,#3,#4,1774189820);
#10752=IFCBUILDINGELEMENTPROXY('1NWd13dsbC4xAaonT9oni4',#10751,'PI_108',$,$,#10766,#10761,$,$);
#10758=IFCCIRCLEPROFILEDEF(.AREA.,$,#30,0.2);
#10759=IFCEXTRUDEDAREASOLID(#10758,#34,#32,0.599999999999994);
#10760=IFCSHAPEREPRESENTATION(#16,'Body','SweptSolid',(#10759));
#10761=IFCPRODUCTDEFINITIONSHAPE($,$,(#10760));
#10762=IFCCARTESIANPOINT((647.976459036756,478.746468957514,37.688));
#10763=IFCDIRECTION((0.,0.,1.));
#10764=IFCDIRECTION((1.,0.,0.));
#10765=IFCAXIS2PLACEMENT3D(#10762,#10763,#10764);
#10766=IFCLOCALPLACEMENT($,#10765);
#10767=IFCOWNERHISTORY(#3,#4,.READWRITE.,.ADDED.,1774189820,#3,#4,1774189820);
#10768=IFCPROPERTYSET('1CVXTujh9CzgCXMFUYO6GN',#10767,'PV',$,(#10771,#10772,#10773,#10774));
#10769=IFCOWNERHISTORY(#3,#4,.READWRITE.,.ADDED.,1774189820,#3,#4,1774189820);
#10770=IFCRELDEFINESBYPROPERTIES('3rBVDbNYXAQApN8yDYp4Eo',#10769,$,$,(#10752),#10768);
#10771=IFCPROPERTYSINGLEVALUE('Tipo',$,IFCLABEL('PI'),$);
#10772=IFCPROPERTYSINGLEVALUE('CT',$,IFCREAL(38.288),$);
#10773=IFCPROPERTYSINGLEVALUE('CF',$,IFCREAL(37.688),$);
#10774=IFCPROPERTYSINGLEVALUE('Prof',$,IFCREAL(0.6),$);
#10775=IFCOWNERHISTORY(#3,#4,.READWRITE.,.ADDED.,1774189820,#3,#4,1774189820);
#10776=IFCPROPERTYSET('0Ihq7Rqzv0_QrlRvgMl8bt',#10775,'Custo5D',$,(#10779));
#10777=IFCOWNERHISTORY(#3,#4,.READWRITE.,.ADDED.,1774189820,#3,#4,1774189820);
#10778=IFCRELDEFINESBYPROPERTIES('3MNNRK62n5EBQ$mA$jwFIs',#10777,$,$,(#10752),#10776);
#10779=IFCPROPERTYSINGLEVALUE('Total_RS',$,IFCREAL(1250.),$);
#10780=IFCOWNERHISTORY(#3,#4,.READWRITE.,.MODIFIED.,1774189820,#3,#4,1774189820);
#10781=IFCBUILDINGELEMENTPROXY('10VINBGTzD3AWMrKj8F3Rn',#10780,'PI_249',$,$,#10795,#10790,$,$);
#10787=IFCCIRCLEPROFILEDEF(.AREA.,$,#30,0.2);
#10788=IFCEXTRUDEDAREASOLID(#10787,#34,#32,0.400000000000006);
#10789=IFCSHAPEREPRESENTATION(#16,'Body','SweptSolid',(#10788));
#10790=IFCPRODUCTDEFINITIONSHAPE($,$,(#10789));
#10791=IFCCARTESIANPOINT((645.699702040642,478.105147937313,42.907));
#10792=IFCDIRECTION((0.,0.,1.));
#10793=IFCDIRECTION((1.,0.,0.));
#10794=IFCAXIS2PLACEMENT3D(#10791,#10792,#10793);
#10795=IFCLOCALPLACEMENT($,#10794);
#10796=IFCOWNERHISTORY(#3,#4,.READWRITE.,.ADDED.,1774189820,#3,#4,1774189820);
#10797=IFCPROPERTYSET('1HdLozUTTFeOo0ZZHs9dJh',#10796,'PV',$,(#10800,#10801,#10802,#10803));
#10798=IFCOWNERHISTORY(#3,#4,.READWRITE.,.ADDED.,1774189820,#3,#4,1774189820);
#10799=IFCRELDEFINESBYPROPERTIES('3N6t1V5m1CbAQaqWq7my1l',#10798,$,$,(#10781),#10797);
#10800=IFCPROPERTYSINGLEVALUE('Tipo',$,IFCLABEL('PI'),$);
#10801=IFCPROPERTYSINGLEVALUE('CT',$,IFCREAL(43.307),$);
#10802=IFCPROPERTYSINGLEVALUE('CF',$,IFCREAL(42.907),$);
#10803=IFCPROPERTYSINGLEVALUE('Prof',$,IFCREAL(0.4),$);
#10804=IFCOWNERHISTORY(#3,#4,.READWRITE.,.ADDED.,1774189820,#3,#4,1774189820);
#10805=IFCPROPERTYSET('1kAf7cwgjBNeimfky1of0Z',#10804,'Custo5D',$,(#10808));
#10806=IFCOWNERHISTORY(#3,#4,.READWRITE.,.ADDED.,1774189820,#3,#4,1774189820);
#10807=IFCRELDEFINESBYPROPERTIES('1KbKoox5zCePPeFyfGVfg6',#10806,$,$,(#10781),#10805);
#10808=IFCPROPERTYSINGLEVALUE('Total_RS',$,IFCREAL(1250.),$);
#10809=IFCOWNERHISTORY(#3,#4,.READWRITE.,.MODIFIED.,1774189820,#3,#4,1774189820);
#10810=IFCBUILDINGELEMENTPROXY('1yI$bHm5n3WOlgjmx$W2oX',#10809,'PI_107',$,$,#10824,#10819,$,$);
#10816=IFCCIRCLEPROFILEDEF(.AREA.,$,#30,0.2);
#10817=IFCEXTRUDEDAREASOLID(#10816,#34,#32,0.600000000000001);
#10818=IFCSHAPEREPRESENTATION(#16,'Body','SweptSolid',(#10817));
#10819=IFCPRODUCTDEFINITIONSHAPE($,$,(#10818));
#10820=IFCCARTESIANPOINT((639.072066703578,477.069307150319,34.93));
#10821=IFCDIRECTION((0.,0.,1.));
#10822=IFCDIRECTION((1.,0.,0.));
#10823=IFCAXIS2PLACEMENT3D(#10820,#10821,#10822);
#10824=IFCLOCALPLACEMENT($,#10823);
#10825=IFCOWNERHISTORY(#3,#4,.READWRITE.,.ADDED.,1774189820,#3,#4,1774189820);
#10826=IFCPROPERTYSET('0wfG_$qIn2AuiklamVN6R_',#10825,'PV',$,(#10829,#10830,#10831,#10832));
#10827=IFCOWNERHISTORY(#3,#4,.READWRITE.,.ADDED.,1774189820,#3,#4,1774189820);
#10828=IFCRELDEFINESBYPROPERTIES('0vuUQu9Yv8hfGJ07ElSEy2',#10827,$,$,(#10810),#10826);
#10829=IFCPROPERTYSINGLEVALUE('Tipo',$,IFCLABEL('PI'),$);
#10830=IFCPROPERTYSINGLEVALUE('CT',$,IFCREAL(35.53),$);
#10831=IFCPROPERTYSINGLEVALUE('CF',$,IFCREAL(34.93),$);
#10832=IFCPROPERTYSINGLEVALUE('Prof',$,IFCREAL(0.6),$);
#10833=IFCOWNERHISTORY(#3,#4,.READWRITE.,.ADDED.,1774189820,#3,#4,1774189820);
#10834=IFCPROPERTYSET('39UvJbWE10_gIdcPVAhSqr',#10833,'Custo5D',$,(#10837));
#10835=IFCOWNERHISTORY(#3,#4,.READWRITE.,.ADDED.,1774189820,#3,#4,1774189820);
#10836=IFCRELDEFINESBYPROPERTIES('1JcfxMBnjEjPkje0iYk_rY',#10835,$,$,(#10810),#10834);
#10837=IFCPROPERTYSINGLEVALUE('Total_RS',$,IFCREAL(1250.),$);
#10838=IFCOWNERHISTORY(#3,#4,.READWRITE.,.MODIFIED.,1774189820,#3,#4,1774189820);
#10839=IFCBUILDINGELEMENTPROXY('0ED0pfVWD0POsX9FJU7JlN',#10838,'PI_114',$,$,#10853,#10848,$,$);
#10845=IFCCIRCLEPROFILEDEF(.AREA.,$,#30,0.2);
#10846=IFCEXTRUDEDAREASOLID(#10845,#34,#32,1.8);
#10847=IFCSHAPEREPRESENTATION(#16,'Body','SweptSolid',(#10846));
#10848=IFCPRODUCTDEFINITIONSHAPE($,$,(#10847));
#10849=IFCCARTESIANPOINT((657.840405186871,483.710730049759,42.873));
#10850=IFCDIRECTION((0.,0.,1.));
#10851=IFCDIRECTION((1.,0.,0.));
#10852=IFCAXIS2PLACEMENT3D(#10849,#10850,#10851);
#10853=IFCLOCALPLACEMENT($,#10852);
#10854=IFCOWNERHISTORY(#3,#4,.READWRITE.,.ADDED.,1774189820,#3,#4,1774189820);
#10855=IFCPROPERTYSET('2P$wz3vR11NvehT2jOvRgq',#10854,'PV',$,(#10858,#10859,#10860,#10861));
#10856=IFCOWNERHISTORY(#3,#4,.READWRITE.,.ADDED.,1774189820,#3,#4,1774189820);
#10857=IFCRELDEFINESBYPROPERTIES('0bb17p1z1DGROMpKKy$zTO',#10856,$,$,(#10839),#10855);
#10858=IFCPROPERTYSINGLEVALUE('Tipo',$,IFCLABEL('PI'),$);
#10859=IFCPROPERTYSINGLEVALUE('CT',$,IFCREAL(44.673),$);
#10860=IFCPROPERTYSINGLEVALUE('CF',$,IFCREAL(42.873),$);
#10861=IFCPROPERTYSINGLEVALUE('Prof',$,IFCREAL(1.8),$);
#10862=IFCOWNERHISTORY(#3,#4,.READWRITE.,.ADDED.,1774189820,#3,#4,1774189820);
#10863=IFCPROPERTYSET('3HybzOgNP0MeLNCyrdup5K',#10862,'Custo5D',$,(#10866));
#10864=IFCOWNERHISTORY(#3,#4,.READWRITE.,.ADDED.,1774189820,#3,#4,1774189820);
#10865=IFCRELDEFINESBYPROPERTIES('0BBXgVHHfESuJw6yQz_eW_',#10864,$,$,(#10839),#10863);
#10866=IFCPROPERTYSINGLEVALUE('Total_RS',$,IFCREAL(1250.),$);
#10867=IFCOWNERHISTORY(#3,#4,.READWRITE.,.MODIFIED.,1774189820,#3,#4,1774189820);
#10868=IFCBUILDINGELEMENTPROXY('2fv4xEDzj5iAYi8K8KloNN',#10867,'PI_248',$,$,#10882,#10877,$,$);
#10874=IFCCIRCLEPROFILEDEF(.AREA.,$,#30,0.2);
#10875=IFCEXTRUDEDAREASOLID(#10874,#34,#32,1.958);
#10876=IFCSHAPEREPRESENTATION(#16,'Body','SweptSolid',(#10875));
#10877=IFCPRODUCTDEFINITIONSHAPE($,$,(#10876));
#10878=IFCCARTESIANPOINT((639.339073190466,493.623424466699,47.796));
#10879=IFCDIRECTION((0.,0.,1.));
#10880=IFCDIRECTION((1.,0.,0.));
#10881=IFCAXIS2PLACEMENT3D(#10878,#10879,#10880);
#10882=IFCLOCALPLACEMENT($,#10881);
#10883=IFCOWNERHISTORY(#3,#4,.READWRITE.,.ADDED.,1774189820,#3,#4,1774189820);
#10884=IFCPROPERTYSET('2S3za7rfT3du81cStHZHb3',#10883,'PV',$,(#10887,#10888,#10889,#10890));
#10885=IFCOWNERHISTORY(#3,#4,.READWRITE.,.ADDED.,1774189820,#3,#4,1774189820);
#10886=IFCRELDEFINESBYPROPERTIES('1n7wkONi92gAex6wErha1V',#10885,$,$,(#10868),#10884);
#10887=IFCPROPERTYSINGLEVALUE('Tipo',$,IFCLABEL('PI'),$);
#10888=IFCPROPERTYSINGLEVALUE('CT',$,IFCREAL(49.754),$);
#10889=IFCPROPERTYSINGLEVALUE('CF',$,IFCREAL(47.796),$);
#10890=IFCPROPERTYSINGLEVALUE('Prof',$,IFCREAL(1.96),$);
#10891=IFCOWNERHISTORY(#3,#4,.READWRITE.,.ADDED.,1774189820,#3,#4,1774189820);
#10892=IFCPROPERTYSET('3Ha_WJEVzDWgqLOoBe_20H',#10891,'Custo5D',$,(#10895));
#10893=IFCOWNERHISTORY(#3,#4,.READWRITE.,.ADDED.,1774189820,#3,#4,1774189820);
#10894=IFCRELDEFINESBYPROPERTIES('2m8B6iaWrALBggZa1eS0Tc',#10893,$,$,(#10868),#10892);
#10895=IFCPROPERTYSINGLEVALUE('Total_RS',$,IFCREAL(1250.),$);
#10896=IFCOWNERHISTORY(#3,#4,.READWRITE.,.MODIFIED.,1774189820,#3,#4,1774189820);
#10897=IFCBUILDINGELEMENTPROXY('1D9Cjed49D1B92jjIvRYjW',#10896,'PI_230',$,$,#10911,#10906,$,$);
#10903=IFCCIRCLEPROFILEDEF(.AREA.,$,#30,0.2);
#10904=IFCEXTRUDEDAREASOLID(#10903,#34,#32,0.800999999999995);
#10905=IFCSHAPEREPRESENTATION(#16,'Body','SweptSolid',(#10904));
#10906=IFCPRODUCTDEFINITIONSHAPE($,$,(#10905));
#10907=IFCCARTESIANPOINT((655.024914153735,494.31618946977,49.084));
#10908=IFCDIRECTION((0.,0.,1.));
#10909=IFCDIRECTION((1.,0.,0.));
#10910=IFCAXIS2PLACEMENT3D(#10907,#10908,#10909);
#10911=IFCLOCALPLACEMENT($,#10910);
#10912=IFCOWNERHISTORY(#3,#4,.READWRITE.,.ADDED.,1774189820,#3,#4,1774189820);
#10913=IFCPROPERTYSET('3Q$wDhuZzFmuhgQ$lGIYj1',#10912,'PV',$,(#10916,#10917,#10918,#10919));
#10914=IFCOWNERHISTORY(#3,#4,.READWRITE.,.ADDED.,1774189820,#3,#4,1774189820);
#10915=IFCRELDEFINESBYPROPERTIES('0qXunA7lX6Ie2PSgWyObLd',#10914,$,$,(#10897),#10913);
#10916=IFCPROPERTYSINGLEVALUE('Tipo',$,IFCLABEL('PI'),$);
#10917=IFCPROPERTYSINGLEVALUE('CT',$,IFCREAL(49.885),$);
#10918=IFCPROPERTYSINGLEVALUE('CF',$,IFCREAL(49.084),$);
#10919=IFCPROPERTYSINGLEVALUE('Prof',$,IFCREAL(0.8),$);
#10920=IFCOWNERHISTORY(#3,#4,.READWRITE.,.ADDED.,1774189820,#3,#4,1774189820);
#10921=IFCPROPERTYSET('1_fJFlZUrAp9vZkdIyXJBR',#10920,'Custo5D',$,(#10924));
#10922=IFCOWNERHISTORY(#3,#4,.READWRITE.,.ADDED.,1774189820,#3,#4,1774189820);
#10923=IFCRELDEFINESBYPROPERTIES('3bhmRbRijCXwJxw0Uqq2z3',#10922,$,$,(#10897),#10921);
#10924=IFCPROPERTYSINGLEVALUE('Total_RS',$,IFCREAL(1250.),$);
#10925=IFCOWNERHISTORY(#3,#4,.READWRITE.,.MODIFIED.,1774189820,#3,#4,1774189820);
#10926=IFCBUILDINGELEMENTPROXY('2GInE0l6P6rg3Wxp$mgfqP',#10925,'PI_227',$,$,#10940,#10935,$,$);
#10932=IFCCIRCLEPROFILEDEF(.AREA.,$,#30,0.2);
#10933=IFCEXTRUDEDAREASOLID(#10932,#34,#32,0.600000000000001);
#10934=IFCSHAPEREPRESENTATION(#16,'Body','SweptSolid',(#10933));
#10935=IFCPRODUCTDEFINITIONSHAPE($,$,(#10934));
#10936=IFCCARTESIANPOINT((647.80002783722,504.989451651461,54.339));
#10937=IFCDIRECTION((0.,0.,1.));
#10938=IFCDIRECTION((1.,0.,0.));
#10939=IFCAXIS2PLACEMENT3D(#10936,#10937,#10938);
#10940=IFCLOCALPLACEMENT($,#10939);
#10941=IFCOWNERHISTORY(#3,#4,.READWRITE.,.ADDED.,1774189820,#3,#4,1774189820);
#10942=IFCPROPERTYSET('2DFu6sPiDFRAoWKEezCDdz',#10941,'PV',$,(#10945,#10946,#10947,#10948));
#10943=IFCOWNERHISTORY(#3,#4,.READWRITE.,.ADDED.,1774189820,#3,#4,1774189820);
#10944=IFCRELDEFINESBYPROPERTIES('372rvJpXb6KBro$KHOkIj2',#10943,$,$,(#10926),#10942);
#10945=IFCPROPERTYSINGLEVALUE('Tipo',$,IFCLABEL('PI'),$);
#10946=IFCPROPERTYSINGLEVALUE('CT',$,IFCREAL(54.939),$);
#10947=IFCPROPERTYSINGLEVALUE('CF',$,IFCREAL(54.339),$);
#10948=IFCPROPERTYSINGLEVALUE('Prof',$,IFCREAL(0.6),$);
#10949=IFCOWNERHISTORY(#3,#4,.READWRITE.,.ADDED.,1774189820,#3,#4,1774189820);
#10950=IFCPROPERTYSET('2xfWExqJTBJxwVvoPotB_q',#10949,'Custo5D',$,(#10953));
#10951=IFCOWNERHISTORY(#3,#4,.READWRITE.,.ADDED.,1774189820,#3,#4,1774189820);
#10952=IFCRELDEFINESBYPROPERTIES('39ESODAB16sOEa8UvMWkVP',#10951,$,$,(#10926),#10950);
#10953=IFCPROPERTYSINGLEVALUE('Total_RS',$,IFCREAL(1250.),$);
#10954=IFCOWNERHISTORY(#3,#4,.READWRITE.,.MODIFIED.,1774189820,#3,#4,1774189820);
#10955=IFCBUILDINGELEMENTPROXY('0q2rauMYvAxOeHFY62W8Zr',#10954,'PI_228',$,$,#10969,#10964,$,$);
#10961=IFCCIRCLEPROFILEDEF(.AREA.,$,#30,0.2);
#10962=IFCEXTRUDEDAREASOLID(#10961,#34,#32,0.600000000000001);
#10963=IFCSHAPEREPRESENTATION(#16,'Body','SweptSolid',(#10962));
#10964=IFCPRODUCTDEFINITIONSHAPE($,$,(#10963));
#10965=IFCCARTESIANPOINT((666.722217824077,517.826426904649,51.838));
#10966=IFCDIRECTION((0.,0.,1.));
#10967=IFCDIRECTION((1.,0.,0.));
#10968=IFCAXIS2PLACEMENT3D(#10965,#10966,#10967);
#10969=IFCLOCALPLACEMENT($,#10968);
#10970=IFCOWNERHISTORY(#3,#4,.READWRITE.,.ADDED.,1774189820,#3,#4,1774189820);
#10971=IFCPROPERTYSET('35C4pE00bAfP91UtVMjsm3',#10970,'PV',$,(#10974,#10975,#10976,#10977));
#10972=IFCOWNERHISTORY(#3,#4,.READWRITE.,.ADDED.,1774189820,#3,#4,1774189820);
#10973=IFCRELDEFINESBYPROPERTIES('2ctfEl1dz1aP8R2nS_7Kc2',#10972,$,$,(#10955),#10971);
#10974=IFCPROPERTYSINGLEVALUE('Tipo',$,IFCLABEL('PI'),$);
#10975=IFCPROPERTYSINGLEVALUE('CT',$,IFCREAL(52.438),$);
#10976=IFCPROPERTYSINGLEVALUE('CF',$,IFCREAL(51.838),$);
#10977=IFCPROPERTYSINGLEVALUE('Prof',$,IFCREAL(0.6),$);
#10978=IFCOWNERHISTORY(#3,#4,.READWRITE.,.ADDED.,1774189820,#3,#4,1774189820);
#10979=IFCPROPERTYSET('2yP39rDbb8rvRy30hBnQA2',#10978,'Custo5D',$,(#10982));
#10980=IFCOWNERHISTORY(#3,#4,.READWRITE.,.ADDED.,1774189820,#3,#4,1774189820);
#10981=IFCRELDEFINESBYPROPERTIES('2UCgEHrCfDzhdL8FPFzATx',#10980,$,$,(#10955),#10979);
#10982=IFCPROPERTYSINGLEVALUE('Total_RS',$,IFCREAL(1250.),$);
#10983=IFCOWNERHISTORY(#3,#4,.READWRITE.,.MODIFIED.,1774189820,#3,#4,1774189820);
#10984=IFCBUILDINGELEMENTPROXY('1IPfGggGn4SvJR22SxoVIM',#10983,'PI_129',$,$,#10998,#10993,$,$);
#10990=IFCCIRCLEPROFILEDEF(.AREA.,$,#30,0.2);
#10991=IFCEXTRUDEDAREASOLID(#10990,#34,#32,0.600000000000009);
#10992=IFCSHAPEREPRESENTATION(#16,'Body','SweptSolid',(#10991));
#10993=IFCPRODUCTDEFINITIONSHAPE($,$,(#10992));
#10994=IFCCARTESIANPOINT((719.989526457619,553.616776255891,73.981));
#10995=IFCDIRECTION((0.,0.,1.));
#10996=IFCDIRECTION((1.,0.,0.));
#10997=IFCAXIS2PLACEMENT3D(#10994,#10995,#10996);
#10998=IFCLOCALPLACEMENT($,#10997);
#10999=IFCOWNERHISTORY(#3,#4,.READWRITE.,.ADDED.,1774189820,#3,#4,1774189820);
#11000=IFCPROPERTYSET('0AgPQna3jAiQREIqpsRHP1',#10999,'PV',$,(#11003,#11004,#11005,#11006));
#11001=IFCOWNERHISTORY(#3,#4,.READWRITE.,.ADDED.,1774189820,#3,#4,1774189820);
#11002=IFCRELDEFINESBYPROPERTIES('37aGprM6f3SudoJ$3Od5Nw',#11001,$,$,(#10984),#11000);
#11003=IFCPROPERTYSINGLEVALUE('Tipo',$,IFCLABEL('PI'),$);
#11004=IFCPROPERTYSINGLEVALUE('CT',$,IFCREAL(74.581),$);
#11005=IFCPROPERTYSINGLEVALUE('CF',$,IFCREAL(73.981),$);
#11006=IFCPROPERTYSINGLEVALUE('Prof',$,IFCREAL(0.6),$);
#11007=IFCOWNERHISTORY(#3,#4,.READWRITE.,.ADDED.,1774189820,#3,#4,1774189820);
#11008=IFCPROPERTYSET('3OVTb_G7bDGOl3zszDQGHY',#11007,'Custo5D',$,(#11011));
#11009=IFCOWNERHISTORY(#3,#4,.READWRITE.,.ADDED.,1774189820,#3,#4,1774189820);
#11010=IFCRELDEFINESBYPROPERTIES('0z4YgD_4X8yhM89ccArruh',#11009,$,$,(#10984),#11008);
#11011=IFCPROPERTYSINGLEVALUE('Total_RS',$,IFCREAL(1250.),$);
#11012=IFCOWNERHISTORY(#3,#4,.READWRITE.,.MODIFIED.,1774189820,#3,#4,1774189820);
#11013=IFCBUILDINGELEMENTPROXY('3d497m_YLEBw_qv79XGr3X',#11012,'PI_130',$,$,#11027,#11022,$,$);
#11019=IFCCIRCLEPROFILEDEF(.AREA.,$,#30,0.2);
#11020=IFCEXTRUDEDAREASOLID(#11019,#34,#32,0.600000000000009);
#11021=IFCSHAPEREPRESENTATION(#16,'Body','SweptSolid',(#11020));
#11022=IFCPRODUCTDEFINITIONSHAPE($,$,(#11021));
#11023=IFCCARTESIANPOINT((721.933571657399,554.879053558223,79.818));
#11024=IFCDIRECTION((0.,0.,1.));
#11025=IFCDIRECTION((1.,0.,0.));
#11026=IFCAXIS2PLACEMENT3D(#11023,#11024,#11025);
#11027=IFCLOCALPLACEMENT($,#11026);
#11028=IFCOWNERHISTORY(#3,#4,.READWRITE.,.ADDED.,1774189820,#3,#4,1774189820);
#11029=IFCPROPERTYSET('1qbhDL9XXDEhaC6ly9Hujl',#11028,'PV',$,(#11032,#11033,#11034,#11035));
#11030=IFCOWNERHISTORY(#3,#4,.READWRITE.,.ADDED.,1774189820,#3,#4,1774189820);
#11031=IFCRELDEFINESBYPROPERTIES('3Z8_Y54Pz7vh2p8OyybfyA',#11030,$,$,(#11013),#11029);
#11032=IFCPROPERTYSINGLEVALUE('Tipo',$,IFCLABEL('PI'),$);
#11033=IFCPROPERTYSINGLEVALUE('CT',$,IFCREAL(80.418),$);
#11034=IFCPROPERTYSINGLEVALUE('CF',$,IFCREAL(79.818),$);
#11035=IFCPROPERTYSINGLEVALUE('Prof',$,IFCREAL(0.6),$);
#11036=IFCOWNERHISTORY(#3,#4,.READWRITE.,.ADDED.,1774189820,#3,#4,1774189820);
#11037=IFCPROPERTYSET('27gV5wH_v7JBGwKLIp0isB',#11036,'Custo5D',$,(#11040));
#11038=IFCOWNERHISTORY(#3,#4,.READWRITE.,.ADDED.,1774189820,#3,#4,1774189820);
#11039=IFCRELDEFINESBYPROPERTIES('0PzSaPTWX0IgG1QWZoxYpl',#11038,$,$,(#11013),#11037);
#11040=IFCPROPERTYSINGLEVALUE('Total_RS',$,IFCREAL(1250.),$);
#11041=IFCOWNERHISTORY(#3,#4,.READWRITE.,.MODIFIED.,1774189820,#3,#4,1774189820);
#11042=IFCBUILDINGELEMENTPROXY('0xUgstZUn0qgxIbtKY35ez',#11041,'PI_127',$,$,#11056,#11051,$,$);
#11048=IFCCIRCLEPROFILEDEF(.AREA.,$,#30,0.2);
#11049=IFCEXTRUDEDAREASOLID(#11048,#34,#32,0.600000000000009);
#11050=IFCSHAPEREPRESENTATION(#16,'Body','SweptSolid',(#11049));
#11051=IFCPRODUCTDEFINITIONSHAPE($,$,(#11050));
#11052=IFCCARTESIANPOINT((700.311869292636,552.10748777166,71.109));
#11053=IFCDIRECTION((0.,0.,1.));
#11054=IFCDIRECTION((1.,0.,0.));
#11055=IFCAXIS2PLACEMENT3D(#11052,#11053,#11054);
#11056=IFCLOCALPLACEMENT($,#11055);
#11057=IFCOWNERHISTORY(#3,#4,.READWRITE.,.ADDED.,1774189820,#3,#4,1774189820);
#11058=IFCPROPERTYSET('28THdz2H12gA9VuV9PhCIS',#11057,'PV',$,(#11061,#11062,#11063,#11064));
#11059=IFCOWNERHISTORY(#3,#4,.READWRITE.,.ADDED.,1774189820,#3,#4,1774189820);
#11060=IFCRELDEFINESBYPROPERTIES('3oTwO3zczDahNF0cXYHFGk',#11059,$,$,(#11042),#11058);
#11061=IFCPROPERTYSINGLEVALUE('Tipo',$,IFCLABEL('PI'),$);
#11062=IFCPROPERTYSINGLEVALUE('CT',$,IFCREAL(71.709),$);
#11063=IFCPROPERTYSINGLEVALUE('CF',$,IFCREAL(71.109),$);
#11064=IFCPROPERTYSINGLEVALUE('Prof',$,IFCREAL(0.6),$);
#11065=IFCOWNERHISTORY(#3,#4,.READWRITE.,.ADDED.,1774189820,#3,#4,1774189820);
#11066=IFCPROPERTYSET('0oz6GnZUPEMOOEqy0ZAkk0',#11065,'Custo5D',$,(#11069));
#11067=IFCOWNERHISTORY(#3,#4,.READWRITE.,.ADDED.,1774189820,#3,#4,1774189820);
#11068=IFCRELDEFINESBYPROPERTIES('0kwZZqOmb2GOp$4GnBOBQW',#11067,$,$,(#11042),#11066);
#11069=IFCPROPERTYSINGLEVALUE('Total_RS',$,IFCREAL(1250.),$);
#11070=IFCOWNERHISTORY(#3,#4,.READWRITE.,.MODIFIED.,1774189820,#3,#4,1774189820);
#11071=IFCBUILDINGELEMENTPROXY('3mWrn15nH8Tu_AtFc7JCAJ',#11070,'PI_128',$,$,#11085,#11080,$,$);
#11077=IFCCIRCLEPROFILEDEF(.AREA.,$,#30,0.2);
#11078=IFCEXTRUDEDAREASOLID(#11077,#34,#32,0.469999999999999);
#11079=IFCSHAPEREPRESENTATION(#16,'Body','SweptSolid',(#11078));
#11080=IFCPRODUCTDEFINITIONSHAPE($,$,(#11079));
#11081=IFCCARTESIANPOINT((702.357996920357,552.669970905408,71.16));
#11082=IFCDIRECTION((0.,0.,1.));
#11083=IFCDIRECTION((1.,0.,0.));
#11084=IFCAXIS2PLACEMENT3D(#11081,#11082,#11083);
#11085=IFCLOCALPLACEMENT($,#11084);
#11086=IFCOWNERHISTORY(#3,#4,.READWRITE.,.ADDED.,1774189820,#3,#4,1774189820);
#11087=IFCPROPERTYSET('0qPtm0uLbBCfPVVbxwZI2M',#11086,'PV',$,(#11090,#11091,#11092,#11093));
#11088=IFCOWNERHISTORY(#3,#4,.READWRITE.,.ADDED.,1774189820,#3,#4,1774189820);
#11089=IFCRELDEFINESBYPROPERTIES('1LUK9v4yjDM8RP0flrK_R5',#11088,$,$,(#11071),#11087);
#11090=IFCPROPERTYSINGLEVALUE('Tipo',$,IFCLABEL('PI'),$);
#11091=IFCPROPERTYSINGLEVALUE('CT',$,IFCREAL(71.63),$);
#11092=IFCPROPERTYSINGLEVALUE('CF',$,IFCREAL(71.16),$);
#11093=IFCPROPERTYSINGLEVALUE('Prof',$,IFCREAL(0.47),$);
#11094=IFCOWNERHISTORY(#3,#4,.READWRITE.,.ADDED.,1774189820,#3,#4,1774189820);
#11095=IFCPROPERTYSET('0wYrA3tKfAiRrkZuP$74Mq',#11094,'Custo5D',$,(#11098));
#11096=IFCOWNERHISTORY(#3,#4,.READWRITE.,.ADDED.,1774189820,#3,#4,1774189820);
#11097=IFCRELDEFINESBYPROPERTIES('3LLVX_W7P0rRbskTMj$2tU',#11096,$,$,(#11071),#11095);
#11098=IFCPROPERTYSINGLEVALUE('Total_RS',$,IFCREAL(1250.),$);
#11099=IFCOWNERHISTORY(#3,#4,.READWRITE.,.MODIFIED.,1774189820,#3,#4,1774189820);
#11100=IFCBUILDINGELEMENTPROXY('2ojU0ws2j7KPjnQENVdSsY',#11099,'PI_59',$,$,#11114,#11109,$,$);
#11106=IFCCIRCLEPROFILEDEF(.AREA.,$,#30,0.2);
#11107=IFCEXTRUDEDAREASOLID(#11106,#34,#32,0.600000000000001);
#11108=IFCSHAPEREPRESENTATION(#16,'Body','SweptSolid',(#11107));
#11109=IFCPRODUCTDEFINITIONSHAPE($,$,(#11108));
#11110=IFCCARTESIANPOINT((643.42204746051,544.188172404654,41.289));
#11111=IFCDIRECTION((0.,0.,1.));
#11112=IFCDIRECTION((1.,0.,0.));
#11113=IFCAXIS2PLACEMENT3D(#11110,#11111,#11112);
#11114=IFCLOCALPLACEMENT($,#11113);
#11115=IFCOWNERHISTORY(#3,#4,.READWRITE.,.ADDED.,1774189820,#3,#4,1774189820);
#11116=IFCPROPERTYSET('0SC$U$4zD4Z8ts9LK4P_Jd',#11115,'PV',$,(#11119,#11120,#11121,#11122));
#11117=IFCOWNERHISTORY(#3,#4,.READWRITE.,.ADDED.,1774189820,#3,#4,1774189820);
#11118=IFCRELDEFINESBYPROPERTIES('0kwwWS7Tz5afNP0AuxVw7H',#11117,$,$,(#11100),#11116);
#11119=IFCPROPERTYSINGLEVALUE('Tipo',$,IFCLABEL('PI'),$);
#11120=IFCPROPERTYSINGLEVALUE('CT',$,IFCREAL(41.889),$);
#11121=IFCPROPERTYSINGLEVALUE('CF',$,IFCREAL(41.289),$);
#11122=IFCPROPERTYSINGLEVALUE('Prof',$,IFCREAL(0.6),$);
#11123=IFCOWNERHISTORY(#3,#4,.READWRITE.,.ADDED.,1774189820,#3,#4,1774189820);
#11124=IFCPROPERTYSET('1i01aU3GX7XenRkRCiPijw',#11123,'Custo5D',$,(#11127));
#11125=IFCOWNERHISTORY(#3,#4,.READWRITE.,.ADDED.,1774189820,#3,#4,1774189820);
#11126=IFCRELDEFINESBYPROPERTIES('0GEGkljzz1Pv$puqkccJcD',#11125,$,$,(#11100),#11124);
#11127=IFCPROPERTYSINGLEVALUE('Total_RS',$,IFCREAL(1250.),$);
#11128=IFCOWNERHISTORY(#3,#4,.READWRITE.,.MODIFIED.,1774189820,#3,#4,1774189820);
#11129=IFCBUILDINGELEMENTPROXY('0Jf_eNZZ1EoAM5JS42AS3z',#11128,'PI_225',$,$,#11143,#11138,$,$);
#11135=IFCCIRCLEPROFILEDEF(.AREA.,$,#30,0.2);
#11136=IFCEXTRUDEDAREASOLID(#11135,#34,#32,0.599999999999994);
#11137=IFCSHAPEREPRESENTATION(#16,'Body','SweptSolid',(#11136));
#11138=IFCPRODUCTDEFINITIONSHAPE($,$,(#11137));
#11139=IFCCARTESIANPOINT((643.170007765526,546.336811111309,49.444));
#11140=IFCDIRECTION((0.,0.,1.));
#11141=IFCDIRECTION((1.,0.,0.));
#11142=IFCAXIS2PLACEMENT3D(#11139,#11140,#11141);
#11143=IFCLOCALPLACEMENT($,#11142);
#11144=IFCOWNERHISTORY(#3,#4,.READWRITE.,.ADDED.,1774189820,#3,#4,1774189820);
#11145=IFCPROPERTYSET('1cZHf2D1b7XR2_USzVNzrn',#11144,'PV',$,(#11148,#11149,#11150,#11151));
#11146=IFCOWNERHISTORY(#3,#4,.READWRITE.,.ADDED.,1774189820,#3,#4,1774189820);
#11147=IFCRELDEFINESBYPROPERTIES('3rmi$g6KPBTAk5NrhRKtlY',#11146,$,$,(#11129),#11145);
#11148=IFCPROPERTYSINGLEVALUE('Tipo',$,IFCLABEL('PI'),$);
#11149=IFCPROPERTYSINGLEVALUE('CT',$,IFCREAL(50.044),$);
#11150=IFCPROPERTYSINGLEVALUE('CF',$,IFCREAL(49.444),$);
#11151=IFCPROPERTYSINGLEVALUE('Prof',$,IFCREAL(0.6),$);
#11152=IFCOWNERHISTORY(#3,#4,.READWRITE.,.ADDED.,1774189820,#3,#4,1774189820);
#11153=IFCPROPERTYSET('2iEqBEsFPCoOK_lXpEzHR3',#11152,'Custo5D',$,(#11156));
#11154=IFCOWNERHISTORY(#3,#4,.READWRITE.,.ADDED.,1774189820,#3,#4,1774189820);
#11155=IFCRELDEFINESBYPROPERTIES('0t7LwH0Q13HQNT_2tpKW9d',#11154,$,$,(#11129),#11153);
#11156=IFCPROPERTYSINGLEVALUE('Total_RS',$,IFCREAL(1250.),$);
#11157=IFCOWNERHISTORY(#3,#4,.READWRITE.,.MODIFIED.,1774189820,#3,#4,1774189820);
#11158=IFCBUILDINGELEMENTPROXY('0jQn25n19D4w0Wi96p41Xs',#11157,'PI_61',$,$,#11172,#11167,$,$);
#11164=IFCCIRCLEPROFILEDEF(.AREA.,$,#30,0.2);
#11165=IFCEXTRUDEDAREASOLID(#11164,#34,#32,1.432);
#11166=IFCSHAPEREPRESENTATION(#16,'Body','SweptSolid',(#11165));
#11167=IFCPRODUCTDEFINITIONSHAPE($,$,(#11166));
#11168=IFCCARTESIANPOINT((631.171722204715,566.086566451937,39.939));
#11169=IFCDIRECTION((0.,0.,1.));
#11170=IFCDIRECTION((1.,0.,0.));
#11171=IFCAXIS2PLACEMENT3D(#11168,#11169,#11170);
#11172=IFCLOCALPLACEMENT($,#11171);
#11173=IFCOWNERHISTORY(#3,#4,.READWRITE.,.ADDED.,1774189820,#3,#4,1774189820);
#11174=IFCPROPERTYSET('1p7OTHvWn9bOhpmwNpoy$g',#11173,'PV',$,(#11177,#11178,#11179,#11180));
#11175=IFCOWNERHISTORY(#3,#4,.READWRITE.,.ADDED.,1774189820,#3,#4,1774189820);
#11176=IFCRELDEFINESBYPROPERTIES('0zT1Obw_rE6fzuF5qNZSyn',#11175,$,$,(#11158),#11174);
#11177=IFCPROPERTYSINGLEVALUE('Tipo',$,IFCLABEL('PI'),$);
#11178=IFCPROPERTYSINGLEVALUE('CT',$,IFCREAL(41.371),$);
#11179=IFCPROPERTYSINGLEVALUE('CF',$,IFCREAL(39.939),$);
#11180=IFCPROPERTYSINGLEVALUE('Prof',$,IFCREAL(1.43),$);
#11181=IFCOWNERHISTORY(#3,#4,.READWRITE.,.ADDED.,1774189820,#3,#4,1774189820);
#11182=IFCPROPERTYSET('2tZ5KXRWH5WAidkZeenMr$',#11181,'Custo5D',$,(#11185));
#11183=IFCOWNERHISTORY(#3,#4,.READWRITE.,.ADDED.,1774189820,#3,#4,1774189820);
#11184=IFCRELDEFINESBYPROPERTIES('14dz4BEsr0DhF9iHF_sjHs',#11183,$,$,(#11158),#11182);
#11185=IFCPROPERTYSINGLEVALUE('Total_RS',$,IFCREAL(1250.),$);
#11186=IFCOWNERHISTORY(#3,#4,.READWRITE.,.MODIFIED.,1774189820,#3,#4,1774189820);
#11187=IFCBUILDINGELEMENTPROXY('0GYIGNaJb54x2bODsl9j5z',#11186,'PI_60',$,$,#11201,#11196,$,$);
#11193=IFCCIRCLEPROFILEDEF(.AREA.,$,#30,0.2);
#11194=IFCEXTRUDEDAREASOLID(#11193,#34,#32,0.600000000000001);
#11195=IFCSHAPEREPRESENTATION(#16,'Body','SweptSolid',(#11194));
#11196=IFCPRODUCTDEFINITIONSHAPE($,$,(#11195));
#11197=IFCCARTESIANPOINT((639.117722162511,561.293811107986,39.971));
#11198=IFCDIRECTION((0.,0.,1.));
#11199=IFCDIRECTION((1.,0.,0.));
#11200=IFCAXIS2PLACEMENT3D(#11197,#11198,#11199);
#11201=IFCLOCALPLACEMENT($,#11200);
#11202=IFCOWNERHISTORY(#3,#4,.READWRITE.,.ADDED.,1774189820,#3,#4,1774189820);
#11203=IFCPROPERTYSET('3qT3HWQwfDoAbAfWyCKGNa',#11202,'PV',$,(#11206,#11207,#11208,#11209));
#11204=IFCOWNERHISTORY(#3,#4,.READWRITE.,.ADDED.,1774189820,#3,#4,1774189820);
#11205=IFCRELDEFINESBYPROPERTIES('0VsSiZ7SXDc9TbNCzWZJdx',#11204,$,$,(#11187),#11203);
#11206=IFCPROPERTYSINGLEVALUE('Tipo',$,IFCLABEL('PI'),$);
#11207=IFCPROPERTYSINGLEVALUE('CT',$,IFCREAL(40.571),$);
#11208=IFCPROPERTYSINGLEVALUE('CF',$,IFCREAL(39.971),$);
#11209=IFCPROPERTYSINGLEVALUE('Prof',$,IFCREAL(0.6),$);
#11210=IFCOWNERHISTORY(#3,#4,.READWRITE.,.ADDED.,1774189820,#3,#4,1774189820);
#11211=IFCPROPERTYSET('34h6u3VCP7ehOQO5A1SrDD',#11210,'Custo5D',$,(#11214));
#11212=IFCOWNERHISTORY(#3,#4,.READWRITE.,.ADDED.,1774189820,#3,#4,1774189820);
#11213=IFCRELDEFINESBYPROPERTIES('0LlL3g$hTErfQw2KzzfwwZ',#11212,$,$,(#11187),#11211);
#11214=IFCPROPERTYSINGLEVALUE('Total_RS',$,IFCREAL(1250.),$);
#11215=IFCOWNERHISTORY(#3,#4,.READWRITE.,.MODIFIED.,1774189820,#3,#4,1774189820);
#11216=IFCBUILDINGELEMENTPROXY('2S97e8qAf10fhM8pyeuLKq',#11215,'PI_57',$,$,#11230,#11225,$,$);
#11222=IFCCIRCLEPROFILEDEF(.AREA.,$,#30,0.2);
#11223=IFCEXTRUDEDAREASOLID(#11222,#34,#32,0.600000000000001);
#11224=IFCSHAPEREPRESENTATION(#16,'Body','SweptSolid',(#11223));
#11225=IFCPRODUCTDEFINITIONSHAPE($,$,(#11224));
#11226=IFCCARTESIANPOINT((642.312252277974,557.448161973618,44.854));
#11227=IFCDIRECTION((0.,0.,1.));
#11228=IFCDIRECTION((1.,0.,0.));
#11229=IFCAXIS2PLACEMENT3D(#11226,#11227,#11228);
#11230=IFCLOCALPLACEMENT($,#11229);
#11231=IFCOWNERHISTORY(#3,#4,.READWRITE.,.ADDED.,1774189820,#3,#4,1774189820);
#11232=IFCPROPERTYSET('0FE1HKbBj1mOKi$hKuwqQn',#11231,'PV',$,(#11235,#11236,#11237,#11238));
#11233=IFCOWNERHISTORY(#3,#4,.READWRITE.,.ADDED.,1774189820,#3,#4,1774189820);
#11234=IFCRELDEFINESBYPROPERTIES('04uGz0V9T3de0xjAbaJJZj',#11233,$,$,(#11216),#11232);
#11235=IFCPROPERTYSINGLEVALUE('Tipo',$,IFCLABEL('PI'),$);
#11236=IFCPROPERTYSINGLEVALUE('CT',$,IFCREAL(45.454),$);
#11237=IFCPROPERTYSINGLEVALUE('CF',$,IFCREAL(44.854),$);
#11238=IFCPROPERTYSINGLEVALUE('Prof',$,IFCREAL(0.6),$);
#11239=IFCOWNERHISTORY(#3,#4,.READWRITE.,.ADDED.,1774189820,#3,#4,1774189820);
#11240=IFCPROPERTYSET('3jB5h4VTP2IRpLHaJk8frM',#11239,'Custo5D',$,(#11243));
#11241=IFCOWNERHISTORY(#3,#4,.READWRITE.,.ADDED.,1774189820,#3,#4,1774189820);
#11242=IFCRELDEFINESBYPROPERTIES('1BzmRefJDDFwEI3TWZklu9',#11241,$,$,(#11216),#11240);
#11243=IFCPROPERTYSINGLEVALUE('Total_RS',$,IFCREAL(1250.),$);
#11244=IFCOWNERHISTORY(#3,#4,.READWRITE.,.MODIFIED.,1774189820,#3,#4,1774189820);
#11245=IFCBUILDINGELEMENTPROXY('0$Sjzl4f5EjP5YgtaAbb3t',#11244,'PI_256',$,$,#11259,#11254,$,$);
#11251=IFCCIRCLEPROFILEDEF(.AREA.,$,#30,0.2);
#11252=IFCEXTRUDEDAREASOLID(#11251,#34,#32,0.600000000000001);
#11253=IFCSHAPEREPRESENTATION(#16,'Body','SweptSolid',(#11252));
#11254=IFCPRODUCTDEFINITIONSHAPE($,$,(#11253));
#11255=IFCCARTESIANPOINT((640.085102808778,552.261632491834,54.931));
#11256=IFCDIRECTION((0.,0.,1.));
#11257=IFCDIRECTION((1.,0.,0.));
#11258=IFCAXIS2PLACEMENT3D(#11255,#11256,#11257);
#11259=IFCLOCALPLACEMENT($,#11258);
#11260=IFCOWNERHISTORY(#3,#4,.READWRITE.,.ADDED.,1774189820,#3,#4,1774189820);
#11261=IFCPROPERTYSET('0RjfBmGFr4ifH4zRd3x1AW',#11260,'PV',$,(#11264,#11265,#11266,#11267));
#11262=IFCOWNERHISTORY(#3,#4,.READWRITE.,.ADDED.,1774189820,#3,#4,1774189820);
#11263=IFCRELDEFINESBYPROPERTIES('0o$YvfAOLAkx0HRxdbAhd7',#11262,$,$,(#11245),#11261);
#11264=IFCPROPERTYSINGLEVALUE('Tipo',$,IFCLABEL('PI'),$);
#11265=IFCPROPERTYSINGLEVALUE('CT',$,IFCREAL(55.531),$);
#11266=IFCPROPERTYSINGLEVALUE('CF',$,IFCREAL(54.931),$);
#11267=IFCPROPERTYSINGLEVALUE('Prof',$,IFCREAL(0.6),$);
#11268=IFCOWNERHISTORY(#3,#4,.READWRITE.,.ADDED.,1774189820,#3,#4,1774189820);
#11269=IFCPROPERTYSET('3AJ43CbAb6AerGT5haSzoM',#11268,'Custo5D',$,(#11272));
#11270=IFCOWNERHISTORY(#3,#4,.READWRITE.,.ADDED.,1774189820,#3,#4,1774189820);
#11271=IFCRELDEFINESBYPROPERTIES('3wcbgz4vb2Ogg_xjpauGoQ',#11270,$,$,(#11245),#11269);
#11272=IFCPROPERTYSINGLEVALUE('Total_RS',$,IFCREAL(1250.),$);
#11273=IFCOWNERHISTORY(#3,#4,.READWRITE.,.MODIFIED.,1774189820,#3,#4,1774189820);
#11274=IFCBUILDINGELEMENTPROXY('3N_GU4gj10cvmC5FkUBtSp',#11273,'PI_226',$,$,#11288,#11283,$,$);
#11280=IFCCIRCLEPROFILEDEF(.AREA.,$,#30,0.2);
#11281=IFCEXTRUDEDAREASOLID(#11280,#34,#32,0.600000000000001);
#11282=IFCSHAPEREPRESENTATION(#16,'Body','SweptSolid',(#11281));
#11283=IFCPRODUCTDEFINITIONSHAPE($,$,(#11282));
#11284=IFCCARTESIANPOINT((653.225740699098,525.132496698759,52.045));
#11285=IFCDIRECTION((0.,0.,1.));
#11286=IFCDIRECTION((1.,0.,0.));
#11287=IFCAXIS2PLACEMENT3D(#11284,#11285,#11286);
#11288=IFCLOCALPLACEMENT($,#11287);
#11289=IFCOWNERHISTORY(#3,#4,.READWRITE.,.ADDED.,1774189820,#3,#4,1774189820);
#11290=IFCPROPERTYSET('2h4q1SNBL3KhciiOcQo_2v',#11289,'PV',$,(#11293,#11294,#11295,#11296));
#11291=IFCOWNERHISTORY(#3,#4,.READWRITE.,.ADDED.,1774189820,#3,#4,1774189820);
#11292=IFCRELDEFINESBYPROPERTIES('3379ZZUenCVvM2eCMTk1wg',#11291,$,$,(#11274),#11290);
#11293=IFCPROPERTYSINGLEVALUE('Tipo',$,IFCLABEL('PI'),$);
#11294=IFCPROPERTYSINGLEVALUE('CT',$,IFCREAL(52.645),$);
#11295=IFCPROPERTYSINGLEVALUE('CF',$,IFCREAL(52.045),$);
#11296=IFCPROPERTYSINGLEVALUE('Prof',$,IFCREAL(0.6),$);
#11297=IFCOWNERHISTORY(#3,#4,.READWRITE.,.ADDED.,1774189820,#3,#4,1774189820);
#11298=IFCPROPERTYSET('3nwZNbo_X2pQPVQmwjR366',#11297,'Custo5D',$,(#11301));
#11299=IFCOWNERHISTORY(#3,#4,.READWRITE.,.ADDED.,1774189820,#3,#4,1774189820);
#11300=IFCRELDEFINESBYPROPERTIES('0WzfmUhT99whHv0hJruLs3',#11299,$,$,(#11274),#11298);
#11301=IFCPROPERTYSINGLEVALUE('Total_RS',$,IFCREAL(1250.),$);
#11302=IFCOWNERHISTORY(#3,#4,.READWRITE.,.MODIFIED.,1774189820,#3,#4,1774189820);
#11303=IFCBUILDINGELEMENTPROXY('2APtjBTv5CpQc1LtugGihH',#11302,'PI_257',$,$,#11317,#11312,$,$);
#11309=IFCCIRCLEPROFILEDEF(.AREA.,$,#30,0.2);
#11310=IFCEXTRUDEDAREASOLID(#11309,#34,#32,0.600000000000001);
#11311=IFCSHAPEREPRESENTATION(#16,'Body','SweptSolid',(#11310));
#11312=IFCPRODUCTDEFINITIONSHAPE($,$,(#11311));
#11313=IFCCARTESIANPOINT((658.30987601215,535.69293108955,58.579));
#11314=IFCDIRECTION((0.,0.,1.));
#11315=IFCDIRECTION((1.,0.,0.));
#11316=IFCAXIS2PLACEMENT3D(#11313,#11314,#11315);
#11317=IFCLOCALPLACEMENT($,#11316);
#11318=IFCOWNERHISTORY(#3,#4,.READWRITE.,.ADDED.,1774189820,#3,#4,1774189820);
#11319=IFCPROPERTYSET('0gaY9L_sP04hpZZPCRBLYn',#11318,'PV',$,(#11322,#11323,#11324,#11325));
#11320=IFCOWNERHISTORY(#3,#4,.READWRITE.,.ADDED.,1774189820,#3,#4,1774189820);
#11321=IFCRELDEFINESBYPROPERTIES('06S6S1pmL0GhSKgXfOtTZt',#11320,$,$,(#11303),#11319);
#11322=IFCPROPERTYSINGLEVALUE('Tipo',$,IFCLABEL('PI'),$);
#11323=IFCPROPERTYSINGLEVALUE('CT',$,IFCREAL(59.179),$);
#11324=IFCPROPERTYSINGLEVALUE('CF',$,IFCREAL(58.579),$);
#11325=IFCPROPERTYSINGLEVALUE('Prof',$,IFCREAL(0.6),$);
#11326=IFCOWNERHISTORY(#3,#4,.READWRITE.,.ADDED.,1774189820,#3,#4,1774189820);
#11327=IFCPROPERTYSET('3$nyMecT9ETQK$oPk3yij6',#11326,'Custo5D',$,(#11330));
#11328=IFCOWNERHISTORY(#3,#4,.READWRITE.,.ADDED.,1774189820,#3,#4,1774189820);
#11329=IFCRELDEFINESBYPROPERTIES('3OX8899W10I8q1JEOhiOME',#11328,$,$,(#11303),#11327);
#11330=IFCPROPERTYSINGLEVALUE('Total_RS',$,IFCREAL(1250.),$);
#11331=IFCOWNERHISTORY(#3,#4,.READWRITE.,.MODIFIED.,1774189820,#3,#4,1774189820);
#11332=IFCBUILDINGELEMENTPROXY('35V0dWmVr4wvuT1FPAIRQ6',#11331,'PI_258',$,$,#11346,#11341,$,$);
#11338=IFCCIRCLEPROFILEDEF(.AREA.,$,#30,0.2);
#11339=IFCEXTRUDEDAREASOLID(#11338,#34,#32,0.600000000000001);
#11340=IFCSHAPEREPRESENTATION(#16,'Body','SweptSolid',(#11339));
#11341=IFCPRODUCTDEFINITIONSHAPE($,$,(#11340));
#11342=IFCCARTESIANPOINT((659.769545714022,537.554069427773,60.4));
#11343=IFCDIRECTION((0.,0.,1.));
#11344=IFCDIRECTION((1.,0.,0.));
#11345=IFCAXIS2PLACEMENT3D(#11342,#11343,#11344);
#11346=IFCLOCALPLACEMENT($,#11345);
#11347=IFCOWNERHISTORY(#3,#4,.READWRITE.,.ADDED.,1774189820,#3,#4,1774189820);
#11348=IFCPROPERTYSET('3uBGGscl56vuOSUrxyRbPB',#11347,'PV',$,(#11351,#11352,#11353,#11354));
#11349=IFCOWNERHISTORY(#3,#4,.READWRITE.,.ADDED.,1774189820,#3,#4,1774189820);
#11350=IFCRELDEFINESBYPROPERTIES('2K8Y7TM1v4bfGpbaGiMLuy',#11349,$,$,(#11332),#11348);
#11351=IFCPROPERTYSINGLEVALUE('Tipo',$,IFCLABEL('PI'),$);
#11352=IFCPROPERTYSINGLEVALUE('CT',$,IFCREAL(61.),$);
#11353=IFCPROPERTYSINGLEVALUE('CF',$,IFCREAL(60.4),$);
#11354=IFCPROPERTYSINGLEVALUE('Prof',$,IFCREAL(0.6),$);
#11355=IFCOWNERHISTORY(#3,#4,.READWRITE.,.ADDED.,1774189820,#3,#4,1774189820);
#11356=IFCPROPERTYSET('1_geKw7OLDzeESjUl7S6ro',#11355,'Custo5D',$,(#11359));
#11357=IFCOWNERHISTORY(#3,#4,.READWRITE.,.ADDED.,1774189820,#3,#4,1774189820);
#11358=IFCRELDEFINESBYPROPERTIES('1VNy_Qjr91uA$d3TMEo9vZ',#11357,$,$,(#11332),#11356);
#11359=IFCPROPERTYSINGLEVALUE('Total_RS',$,IFCREAL(1250.),$);
#11360=IFCOWNERHISTORY(#3,#4,.READWRITE.,.MODIFIED.,1774189820,#3,#4,1774189820);
#11361=IFCBUILDINGELEMENTPROXY('3dwZXqQDLB_eRSvAflzD1A',#11360,'PI_259',$,$,#11375,#11370,$,$);
#11367=IFCCIRCLEPROFILEDEF(.AREA.,$,#30,0.2);
#11368=IFCEXTRUDEDAREASOLID(#11367,#34,#32,0.600000000000001);
#11369=IFCSHAPEREPRESENTATION(#16,'Body','SweptSolid',(#11368));
#11370=IFCPRODUCTDEFINITIONSHAPE($,$,(#11369));
#11371=IFCCARTESIANPOINT((668.338527374552,544.614304637536,62.228));
#11372=IFCDIRECTION((0.,0.,1.));
#11373=IFCDIRECTION((1.,0.,0.));
#11374=IFCAXIS2PLACEMENT3D(#11371,#11372,#11373);
#11375=IFCLOCALPLACEMENT($,#11374);
#11376=IFCOWNERHISTORY(#3,#4,.READWRITE.,.ADDED.,1774189820,#3,#4,1774189820);
#11377=IFCPROPERTYSET('1nTEwLVgn6X9NZ_PEoJ_F2',#11376,'PV',$,(#11380,#11381,#11382,#11383));
#11378=IFCOWNERHISTORY(#3,#4,.READWRITE.,.ADDED.,1774189820,#3,#4,1774189820);
#11379=IFCRELDEFINESBYPROPERTIES('2lhJKehWT1mv9UEjHkp$Xc',#11378,$,$,(#11361),#11377);
#11380=IFCPROPERTYSINGLEVALUE('Tipo',$,IFCLABEL('PI'),$);
#11381=IFCPROPERTYSINGLEVALUE('CT',$,IFCREAL(62.828),$);
#11382=IFCPROPERTYSINGLEVALUE('CF',$,IFCREAL(62.228),$);
#11383=IFCPROPERTYSINGLEVALUE('Prof',$,IFCREAL(0.6),$);
#11384=IFCOWNERHISTORY(#3,#4,.READWRITE.,.ADDED.,1774189820,#3,#4,1774189820);
#11385=IFCPROPERTYSET('2vrKTPPvD4COHuv1uad0Pr',#11384,'Custo5D',$,(#11388));
#11386=IFCOWNERHISTORY(#3,#4,.READWRITE.,.ADDED.,1774189820,#3,#4,1774189820);
#11387=IFCRELDEFINESBYPROPERTIES('23i8zdL_XAff$BjGV0$V7X',#11386,$,$,(#11361),#11385);
#11388=IFCPROPERTYSINGLEVALUE('Total_RS',$,IFCREAL(1250.),$);
#11389=IFCOWNERHISTORY(#3,#4,.READWRITE.,.MODIFIED.,1774189820,#3,#4,1774189820);
#11390=IFCBUILDINGELEMENTPROXY('1OELfWb89FDvrfegHaP1dZ',#11389,'PI_125',$,$,#11404,#11399,$,$);
#11396=IFCCIRCLEPROFILEDEF(.AREA.,$,#30,0.2);
#11397=IFCEXTRUDEDAREASOLID(#11396,#34,#32,0.599999999999994);
#11398=IFCSHAPEREPRESENTATION(#16,'Body','SweptSolid',(#11397));
#11399=IFCPRODUCTDEFINITIONSHAPE($,$,(#11398));
#11400=IFCCARTESIANPOINT((672.069341929804,543.193957909942,64.923));
#11401=IFCDIRECTION((0.,0.,1.));
#11402=IFCDIRECTION((1.,0.,0.));
#11403=IFCAXIS2PLACEMENT3D(#11400,#11401,#11402);
#11404=IFCLOCALPLACEMENT($,#11403);
#11405=IFCOWNERHISTORY(#3,#4,.READWRITE.,.ADDED.,1774189820,#3,#4,1774189820);
#11406=IFCPROPERTYSET('0gpMSmqlLDrOspty4kZQUu',#11405,'PV',$,(#11409,#11410,#11411,#11412));
#11407=IFCOWNERHISTORY(#3,#4,.READWRITE.,.ADDED.,1774189820,#3,#4,1774189820);
#11408=IFCRELDEFINESBYPROPERTIES('2oTrCA9yP6bgA8bdygKUxl',#11407,$,$,(#11390),#11406);
#11409=IFCPROPERTYSINGLEVALUE('Tipo',$,IFCLABEL('PI'),$);
#11410=IFCPROPERTYSINGLEVALUE('CT',$,IFCREAL(65.523),$);
#11411=IFCPROPERTYSINGLEVALUE('CF',$,IFCREAL(64.923),$);
#11412=IFCPROPERTYSINGLEVALUE('Prof',$,IFCREAL(0.6),$);
#11413=IFCOWNERHISTORY(#3,#4,.READWRITE.,.ADDED.,1774189820,#3,#4,1774189820);
#11414=IFCPROPERTYSET('281G5PPFX1P8zPDTiSp8Te',#11413,'Custo5D',$,(#11417));
#11415=IFCOWNERHISTORY(#3,#4,.READWRITE.,.ADDED.,1774189820,#3,#4,1774189820);
#11416=IFCRELDEFINESBYPROPERTIES('1ph$UTL$LAXxT06durD$U_',#11415,$,$,(#11390),#11414);
#11417=IFCPROPERTYSINGLEVALUE('Total_RS',$,IFCREAL(1250.),$);
#11418=IFCOWNERHISTORY(#3,#4,.READWRITE.,.MODIFIED.,1774189820,#3,#4,1774189820);
#11419=IFCBUILDINGELEMENTPROXY('3rXv3IsYD9qPnROjLffI2w',#11418,'PI_124',$,$,#11433,#11428,$,$);
#11425=IFCCIRCLEPROFILEDEF(.AREA.,$,#30,0.2);
#11426=IFCEXTRUDEDAREASOLID(#11425,#34,#32,0.600000000000001);
#11427=IFCSHAPEREPRESENTATION(#16,'Body','SweptSolid',(#11426));
#11428=IFCPRODUCTDEFINITIONSHAPE($,$,(#11427));
#11429=IFCCARTESIANPOINT((674.271377193218,542.28330888506,63.4));
#11430=IFCDIRECTION((0.,0.,1.));
#11431=IFCDIRECTION((1.,0.,0.));
#11432=IFCAXIS2PLACEMENT3D(#11429,#11430,#11431);
#11433=IFCLOCALPLACEMENT($,#11432);
#11434=IFCOWNERHISTORY(#3,#4,.READWRITE.,.ADDED.,1774189820,#3,#4,1774189820);
#11435=IFCPROPERTYSET('2xKkz4xy17Fv7KvnKSDdoK',#11434,'PV',$,(#11438,#11439,#11440,#11441));
#11436=IFCOWNERHISTORY(#3,#4,.READWRITE.,.ADDED.,1774189820,#3,#4,1774189820);
#11437=IFCRELDEFINESBYPROPERTIES('08A$arkwf9QvjdDeUyz8cc',#11436,$,$,(#11419),#11435);
#11438=IFCPROPERTYSINGLEVALUE('Tipo',$,IFCLABEL('PI'),$);
#11439=IFCPROPERTYSINGLEVALUE('CT',$,IFCREAL(64.),$);
#11440=IFCPROPERTYSINGLEVALUE('CF',$,IFCREAL(63.4),$);
#11441=IFCPROPERTYSINGLEVALUE('Prof',$,IFCREAL(0.6),$);
#11442=IFCOWNERHISTORY(#3,#4,.READWRITE.,.ADDED.,1774189820,#3,#4,1774189820);
#11443=IFCPROPERTYSET('1WFPgqXmr5OQuG9hLrcTmi',#11442,'Custo5D',$,(#11446));
#11444=IFCOWNERHISTORY(#3,#4,.READWRITE.,.ADDED.,1774189820,#3,#4,1774189820);
#11445=IFCRELDEFINESBYPROPERTIES('3oIKOc9zLC58JF29LdoaNR',#11444,$,$,(#11419),#11443);
#11446=IFCPROPERTYSINGLEVALUE('Total_RS',$,IFCREAL(1250.),$);
#11447=IFCOWNERHISTORY(#3,#4,.READWRITE.,.MODIFIED.,1774189820,#3,#4,1774189820);
#11448=IFCBUILDINGELEMENTPROXY('3PGi$vyl96xhBlSJ1oeD5Z',#11447,'PI_126',$,$,#11462,#11457,$,$);
#11454=IFCCIRCLEPROFILEDEF(.AREA.,$,#30,0.2);
#11455=IFCEXTRUDEDAREASOLID(#11454,#34,#32,0.599999999999994);
#11456=IFCSHAPEREPRESENTATION(#16,'Body','SweptSolid',(#11455));
#11457=IFCPRODUCTDEFINITIONSHAPE($,$,(#11456));
#11458=IFCCARTESIANPOINT((690.450386707147,544.349854109809,66.396));
#11459=IFCDIRECTION((0.,0.,1.));
#11460=IFCDIRECTION((1.,0.,0.));
#11461=IFCAXIS2PLACEMENT3D(#11458,#11459,#11460);
#11462=IFCLOCALPLACEMENT($,#11461);
#11463=IFCOWNERHISTORY(#3,#4,.READWRITE.,.ADDED.,1774189820,#3,#4,1774189820);
#11464=IFCPROPERTYSET('3KyLAfs9bEXuqktF74ioJP',#11463,'PV',$,(#11467,#11468,#11469,#11470));
#11465=IFCOWNERHISTORY(#3,#4,.READWRITE.,.ADDED.,1774189820,#3,#4,1774189820);
#11466=IFCRELDEFINESBYPROPERTIES('3iZGwW$Br37AM9ZPLbc50h',#11465,$,$,(#11448),#11464);
#11467=IFCPROPERTYSINGLEVALUE('Tipo',$,IFCLABEL('PI'),$);
#11468=IFCPROPERTYSINGLEVALUE('CT',$,IFCREAL(66.996),$);
#11469=IFCPROPERTYSINGLEVALUE('CF',$,IFCREAL(66.396),$);
#11470=IFCPROPERTYSINGLEVALUE('Prof',$,IFCREAL(0.6),$);
#11471=IFCOWNERHISTORY(#3,#4,.READWRITE.,.ADDED.,1774189820,#3,#4,1774189820);
#11472=IFCPROPERTYSET('1Px9xhwm9BMBBONLmDUaxR',#11471,'Custo5D',$,(#11475));
#11473=IFCOWNERHISTORY(#3,#4,.READWRITE.,.ADDED.,1774189820,#3,#4,1774189820);
#11474=IFCRELDEFINESBYPROPERTIES('1SAJ0YcyjDVwuW73lmP7Nv',#11473,$,$,(#11448),#11472);
#11475=IFCPROPERTYSINGLEVALUE('Total_RS',$,IFCREAL(1250.),$);
#11476=IFCOWNERHISTORY(#3,#4,.READWRITE.,.MODIFIED.,1774189820,#3,#4,1774189820);
#11477=IFCBUILDINGELEMENTPROXY('0kyVOt7VD1VRz3W0vYOhot',#11476,'PI_131',$,$,#11491,#11486,$,$);
#11483=IFCCIRCLEPROFILEDEF(.AREA.,$,#30,0.2);
#11484=IFCEXTRUDEDAREASOLID(#11483,#34,#32,2.80000000000001);
#11485=IFCSHAPEREPRESENTATION(#16,'Body','SweptSolid',(#11484));
#11486=IFCPRODUCTDEFINITIONSHAPE($,$,(#11485));
#11487=IFCCARTESIANPOINT((738.000778672926,575.700034645386,83.356));
#11488=IFCDIRECTION((0.,0.,1.));
#11489=IFCDIRECTION((1.,0.,0.));
#11490=IFCAXIS2PLACEMENT3D(#11487,#11488,#11489);
#11491=IFCLOCALPLACEMENT($,#11490);
#11492=IFCOWNERHISTORY(#3,#4,.READWRITE.,.ADDED.,1774189820,#3,#4,1774189820);
#11493=IFCPROPERTYSET('3iT8N5xP10ogbi3ixd0Pce',#11492,'PV',$,(#11496,#11497,#11498,#11499));
#11494=IFCOWNERHISTORY(#3,#4,.READWRITE.,.ADDED.,1774189820,#3,#4,1774189820);
#11495=IFCRELDEFINESBYPROPERTIES('3YVAuOeBX8NO6G$dGKk16c',#11494,$,$,(#11477),#11493);
#11496=IFCPROPERTYSINGLEVALUE('Tipo',$,IFCLABEL('PI'),$);
#11497=IFCPROPERTYSINGLEVALUE('CT',$,IFCREAL(86.156),$);
#11498=IFCPROPERTYSINGLEVALUE('CF',$,IFCREAL(83.356),$);
#11499=IFCPROPERTYSINGLEVALUE('Prof',$,IFCREAL(2.8),$);
#11500=IFCOWNERHISTORY(#3,#4,.READWRITE.,.ADDED.,1774189820,#3,#4,1774189820);
#11501=IFCPROPERTYSET('1SjEdB$BL7oepcVMg_5puo',#11500,'Custo5D',$,(#11504));
#11502=IFCOWNERHISTORY(#3,#4,.READWRITE.,.ADDED.,1774189820,#3,#4,1774189820);
#11503=IFCRELDEFINESBYPROPERTIES('3tl_ZgXoPCSP95Av_ZePdb',#11502,$,$,(#11477),#11501);
#11504=IFCPROPERTYSINGLEVALUE('Total_RS',$,IFCREAL(1250.),$);
#11505=IFCOWNERHISTORY(#3,#4,.READWRITE.,.MODIFIED.,1774189820,#3,#4,1774189820);
#11506=IFCBUILDINGELEMENTPROXY('1yC_J3mk9FGwNBx1Wwnnba',#11505,'PI_138',$,$,#11520,#11515,$,$);
#11512=IFCCIRCLEPROFILEDEF(.AREA.,$,#30,0.2);
#11513=IFCEXTRUDEDAREASOLID(#11512,#34,#32,0.600000000000009);
#11514=IFCSHAPEREPRESENTATION(#16,'Body','SweptSolid',(#11513));
#11515=IFCPRODUCTDEFINITIONSHAPE($,$,(#11514));
#11516=IFCCARTESIANPOINT((750.37922603183,626.189689913765,92.416));
#11517=IFCDIRECTION((0.,0.,1.));
#11518=IFCDIRECTION((1.,0.,0.));
#11519=IFCAXIS2PLACEMENT3D(#11516,#11517,#11518);
#11520=IFCLOCALPLACEMENT($,#11519);
#11521=IFCOWNERHISTORY(#3,#4,.READWRITE.,.ADDED.,1774189820,#3,#4,1774189820);
#11522=IFCPROPERTYSET('1mxjo9etf06R6X4rQdtV$i',#11521,'PV',$,(#11525,#11526,#11527,#11528));
#11523=IFCOWNERHISTORY(#3,#4,.READWRITE.,.ADDED.,1774189820,#3,#4,1774189820);
#11524=IFCRELDEFINESBYPROPERTIES('2pfQczLhDCL9VS_3e_$VLJ',#11523,$,$,(#11506),#11522);
#11525=IFCPROPERTYSINGLEVALUE('Tipo',$,IFCLABEL('PI'),$);
#11526=IFCPROPERTYSINGLEVALUE('CT',$,IFCREAL(93.016),$);
#11527=IFCPROPERTYSINGLEVALUE('CF',$,IFCREAL(92.416),$);
#11528=IFCPROPERTYSINGLEVALUE('Prof',$,IFCREAL(0.6),$);
#11529=IFCOWNERHISTORY(#3,#4,.READWRITE.,.ADDED.,1774189820,#3,#4,1774189820);
#11530=IFCPROPERTYSET('0U2COgQsPDExIwLn4dJj$_',#11529,'Custo5D',$,(#11533));
#11531=IFCOWNERHISTORY(#3,#4,.READWRITE.,.ADDED.,1774189820,#3,#4,1774189820);
#11532=IFCRELDEFINESBYPROPERTIES('2_ZV5fMsr01AIh1z9hYT7c',#11531,$,$,(#11506),#11530);
#11533=IFCPROPERTYSINGLEVALUE('Total_RS',$,IFCREAL(1250.),$);
#11534=IFCOWNERHISTORY(#3,#4,.READWRITE.,.MODIFIED.,1774189820,#3,#4,1774189820);
#11535=IFCBUILDINGELEMENTPROXY('13brQeNBr5fvh$Rmo60Fai',#11534,'PI_139',$,$,#11549,#11544,$,$);
#11541=IFCCIRCLEPROFILEDEF(.AREA.,$,#30,0.2);
#11542=IFCEXTRUDEDAREASOLID(#11541,#34,#32,0.599999999999994);
#11543=IFCSHAPEREPRESENTATION(#16,'Body','SweptSolid',(#11542));
#11544=IFCPRODUCTDEFINITIONSHAPE($,$,(#11543));
#11545=IFCCARTESIANPOINT((751.390246772033,628.35211659316,91.932));
#11546=IFCDIRECTION((0.,0.,1.));
#11547=IFCDIRECTION((1.,0.,0.));
#11548=IFCAXIS2PLACEMENT3D(#11545,#11546,#11547);
#11549=IFCLOCALPLACEMENT($,#11548);
#11550=IFCOWNERHISTORY(#3,#4,.READWRITE.,.ADDED.,1774189820,#3,#4,1774189820);
#11551=IFCPROPERTYSET('2BJnY9xBLBfwVVKn24T4CE',#11550,'PV',$,(#11554,#11555,#11556,#11557));
#11552=IFCOWNERHISTORY(#3,#4,.READWRITE.,.ADDED.,1774189820,#3,#4,1774189820);
#11553=IFCRELDEFINESBYPROPERTIES('3mo4I0GBn0ORI4ySCStvA5',#11552,$,$,(#11535),#11551);
#11554=IFCPROPERTYSINGLEVALUE('Tipo',$,IFCLABEL('PI'),$);
#11555=IFCPROPERTYSINGLEVALUE('CT',$,IFCREAL(92.532),$);
#11556=IFCPROPERTYSINGLEVALUE('CF',$,IFCREAL(91.932),$);
#11557=IFCPROPERTYSINGLEVALUE('Prof',$,IFCREAL(0.6),$);
#11558=IFCOWNERHISTORY(#3,#4,.READWRITE.,.ADDED.,1774189820,#3,#4,1774189820);
#11559=IFCPROPERTYSET('0um8WnPyf2FQzhzjx$xT1X',#11558,'Custo5D',$,(#11562));
#11560=IFCOWNERHISTORY(#3,#4,.READWRITE.,.ADDED.,1774189820,#3,#4,1774189820);
#11561=IFCRELDEFINESBYPROPERTIES('0HsDu6hb9AcuwzekGeWXVS',#11560,$,$,(#11535),#11559);
#11562=IFCPROPERTYSINGLEVALUE('Total_RS',$,IFCREAL(1250.),$);
#11563=IFCOWNERHISTORY(#3,#4,.READWRITE.,.MODIFIED.,1774189820,#3,#4,1774189820);
#11564=IFCBUILDINGELEMENTPROXY('2t2C_pj1HC_AgQvVZ5MNMZ',#11563,'PI_19',$,$,#11578,#11573,$,$);
#11570=IFCCIRCLEPROFILEDEF(.AREA.,$,#30,0.2);
#11571=IFCEXTRUDEDAREASOLID(#11570,#34,#32,0.600000000000009);
#11572=IFCSHAPEREPRESENTATION(#16,'Body','SweptSolid',(#11571));
#11573=IFCPRODUCTDEFINITIONSHAPE($,$,(#11572));
#11574=IFCCARTESIANPOINT((724.398745497921,657.413701425306,73.151));
#11575=IFCDIRECTION((0.,0.,1.));
#11576=IFCDIRECTION((1.,0.,0.));
#11577=IFCAXIS2PLACEMENT3D(#11574,#11575,#11576);
#11578=IFCLOCALPLACEMENT($,#11577);
#11579=IFCOWNERHISTORY(#3,#4,.READWRITE.,.ADDED.,1774189820,#3,#4,1774189820);
#11580=IFCPROPERTYSET('3_oX297vb6NvOZK9hGd2Ip',#11579,'PV',$,(#11583,#11584,#11585,#11586));
#11581=IFCOWNERHISTORY(#3,#4,.READWRITE.,.ADDED.,1774189820,#3,#4,1774189820);
#11582=IFCRELDEFINESBYPROPERTIES('2WKVEqJiD7TeOG1XSuv3El',#11581,$,$,(#11564),#11580);
#11583=IFCPROPERTYSINGLEVALUE('Tipo',$,IFCLABEL('PI'),$);
#11584=IFCPROPERTYSINGLEVALUE('CT',$,IFCREAL(73.751),$);
#11585=IFCPROPERTYSINGLEVALUE('CF',$,IFCREAL(73.151),$);
#11586=IFCPROPERTYSINGLEVALUE('Prof',$,IFCREAL(0.6),$);
#11587=IFCOWNERHISTORY(#3,#4,.READWRITE.,.ADDED.,1774189820,#3,#4,1774189820);
#11588=IFCPROPERTYSET('1fFj6h6APAUwUuClYvvVVn',#11587,'Custo5D',$,(#11591));
#11589=IFCOWNERHISTORY(#3,#4,.READWRITE.,.ADDED.,1774189820,#3,#4,1774189820);
#11590=IFCRELDEFINESBYPROPERTIES('1G$26FUtL0sfiDijHZL2vG',#11589,$,$,(#11564),#11588);
#11591=IFCPROPERTYSINGLEVALUE('Total_RS',$,IFCREAL(1250.),$);
#11592=IFCOWNERHISTORY(#3,#4,.READWRITE.,.MODIFIED.,1774189820,#3,#4,1774189820);
#11593=IFCBUILDINGELEMENTPROXY('3hwqOxOPz07A29QPIAiQBm',#11592,'PI_20',$,$,#11607,#11602,$,$);
#11599=IFCCIRCLEPROFILEDEF(.AREA.,$,#30,0.2);
#11600=IFCEXTRUDEDAREASOLID(#11599,#34,#32,0.599999999999994);
#11601=IFCSHAPEREPRESENTATION(#16,'Body','SweptSolid',(#11600));
#11602=IFCPRODUCTDEFINITIONSHAPE($,$,(#11601));
#11603=IFCCARTESIANPOINT((726.364054719044,658.604291474447,76.742));
#11604=IFCDIRECTION((0.,0.,1.));
#11605=IFCDIRECTION((1.,0.,0.));
#11606=IFCAXIS2PLACEMENT3D(#11603,#11604,#11605);
#11607=IFCLOCALPLACEMENT($,#11606);
#11608=IFCOWNERHISTORY(#3,#4,.READWRITE.,.ADDED.,1774189820,#3,#4,1774189820);
#11609=IFCPROPERTYSET('3_zmb9llz3IeP6kGB$_Gmz',#11608,'PV',$,(#11612,#11613,#11614,#11615));
#11610=IFCOWNERHISTORY(#3,#4,.READWRITE.,.ADDED.,1774189820,#3,#4,1774189820);
#11611=IFCRELDEFINESBYPROPERTIES('0ZCpvZY515dwvr184M_Sdt',#11610,$,$,(#11593),#11609);
#11612=IFCPROPERTYSINGLEVALUE('Tipo',$,IFCLABEL('PI'),$);
#11613=IFCPROPERTYSINGLEVALUE('CT',$,IFCREAL(77.342),$);
#11614=IFCPROPERTYSINGLEVALUE('CF',$,IFCREAL(76.742),$);
#11615=IFCPROPERTYSINGLEVALUE('Prof',$,IFCREAL(0.6),$);
#11616=IFCOWNERHISTORY(#3,#4,.READWRITE.,.ADDED.,1774189820,#3,#4,1774189820);
#11617=IFCPROPERTYSET('0nPMBMxdv2Sw_w0tAuV6n3',#11616,'Custo5D',$,(#11620));
#11618=IFCOWNERHISTORY(#3,#4,.READWRITE.,.ADDED.,1774189820,#3,#4,1774189820);
#11619=IFCRELDEFINESBYPROPERTIES('1RTDfNR1jFzx_$hUH1psgd',#11618,$,$,(#11593),#11617);
#11620=IFCPROPERTYSINGLEVALUE('Total_RS',$,IFCREAL(1250.),$);
#11621=IFCOWNERHISTORY(#3,#4,.READWRITE.,.MODIFIED.,1774189820,#3,#4,1774189820);
#11622=IFCBUILDINGELEMENTPROXY('2tYhVeyvzBzBcEuTY3VQbB',#11621,'PI_143',$,$,#11636,#11631,$,$);
#11628=IFCCIRCLEPROFILEDEF(.AREA.,$,#30,0.2);
#11629=IFCEXTRUDEDAREASOLID(#11628,#34,#32,0.600000000000009);
#11630=IFCSHAPEREPRESENTATION(#16,'Body','SweptSolid',(#11629));
#11631=IFCPRODUCTDEFINITIONSHAPE($,$,(#11630));
#11632=IFCCARTESIANPOINT((770.854016866302,634.616838042624,98.225));
#11633=IFCDIRECTION((0.,0.,1.));
#11634=IFCDIRECTION((1.,0.,0.));
#11635=IFCAXIS2PLACEMENT3D(#11632,#11633,#11634);
#11636=IFCLOCALPLACEMENT($,#11635);
#11637=IFCOWNERHISTORY(#3,#4,.READWRITE.,.ADDED.,1774189820,#3,#4,1774189820);
#11638=IFCPROPERTYSET('3ezYZhJjXC0wiJL_X7yzJX',#11637,'PV',$,(#11641,#11642,#11643,#11644));
#11639=IFCOWNERHISTORY(#3,#4,.READWRITE.,.ADDED.,1774189820,#3,#4,1774189820);
#11640=IFCRELDEFINESBYPROPERTIES('3QwmT$G0n7583uOxrDPSMH',#11639,$,$,(#11622),#11638);
#11641=IFCPROPERTYSINGLEVALUE('Tipo',$,IFCLABEL('PI'),$);
#11642=IFCPROPERTYSINGLEVALUE('CT',$,IFCREAL(98.825),$);
#11643=IFCPROPERTYSINGLEVALUE('CF',$,IFCREAL(98.225),$);
#11644=IFCPROPERTYSINGLEVALUE('Prof',$,IFCREAL(0.6),$);
#11645=IFCOWNERHISTORY(#3,#4,.READWRITE.,.ADDED.,1774189820,#3,#4,1774189820);
#11646=IFCPROPERTYSET('27SAU1i5v58uIyYHuw4ls8',#11645,'Custo5D',$,(#11649));
#11647=IFCOWNERHISTORY(#3,#4,.READWRITE.,.ADDED.,1774189820,#3,#4,1774189820);
#11648=IFCRELDEFINESBYPROPERTIES('02PGU2J4zCSu0pmkClIpYx',#11647,$,$,(#11622),#11646);
#11649=IFCPROPERTYSINGLEVALUE('Total_RS',$,IFCREAL(1250.),$);
#11650=IFCOWNERHISTORY(#3,#4,.READWRITE.,.MODIFIED.,1774189820,#3,#4,1774189820);
#11651=IFCBUILDINGELEMENTPROXY('11tbhsOpH408ihilecBBl3',#11650,'PI_21',$,$,#11665,#11660,$,$);
#11657=IFCCIRCLEPROFILEDEF(.AREA.,$,#30,0.2);
#11658=IFCEXTRUDEDAREASOLID(#11657,#34,#32,0.600000000000009);
#11659=IFCSHAPEREPRESENTATION(#16,'Body','SweptSolid',(#11658));
#11660=IFCPRODUCTDEFINITIONSHAPE($,$,(#11659));
#11661=IFCCARTESIANPOINT((748.373622573155,657.699043425731,80.961));
#11662=IFCDIRECTION((0.,0.,1.));
#11663=IFCDIRECTION((1.,0.,0.));
#11664=IFCAXIS2PLACEMENT3D(#11661,#11662,#11663);
#11665=IFCLOCALPLACEMENT($,#11664);
#11666=IFCOWNERHISTORY(#3,#4,.READWRITE.,.ADDED.,1774189820,#3,#4,1774189820);
#11667=IFCPROPERTYSET('0GlyRlKvP5y8$x0R1IdDGE',#11666,'PV',$,(#11670,#11671,#11672,#11673));
#11668=IFCOWNERHISTORY(#3,#4,.READWRITE.,.ADDED.,1774189820,#3,#4,1774189820);
#11669=IFCRELDEFINESBYPROPERTIES('0fRN7Sd7b6qOzbjIRv_YUY',#11668,$,$,(#11651),#11667);
#11670=IFCPROPERTYSINGLEVALUE('Tipo',$,IFCLABEL('PI'),$);
#11671=IFCPROPERTYSINGLEVALUE('CT',$,IFCREAL(81.561),$);
#11672=IFCPROPERTYSINGLEVALUE('CF',$,IFCREAL(80.961),$);
#11673=IFCPROPERTYSINGLEVALUE('Prof',$,IFCREAL(0.6),$);
#11674=IFCOWNERHISTORY(#3,#4,.READWRITE.,.ADDED.,1774189820,#3,#4,1774189820);
#11675=IFCPROPERTYSET('2XN2W2eF14DhD1xloVfdaC',#11674,'Custo5D',$,(#11678));
#11676=IFCOWNERHISTORY(#3,#4,.READWRITE.,.ADDED.,1774189820,#3,#4,1774189820);
#11677=IFCRELDEFINESBYPROPERTIES('1oLiIJ3rL8sgnNhWoIynZi',#11676,$,$,(#11651),#11675);
#11678=IFCPROPERTYSINGLEVALUE('Total_RS',$,IFCREAL(1250.),$);
#11679=IFCOWNERHISTORY(#3,#4,.READWRITE.,.MODIFIED.,1774189820,#3,#4,1774189820);
#11680=IFCBUILDINGELEMENTPROXY('0W6myYhcT5IOcdS68xl_Xk',#11679,'PI_140',$,$,#11694,#11689,$,$);
#11686=IFCCIRCLEPROFILEDEF(.AREA.,$,#30,0.2);
#11687=IFCEXTRUDEDAREASOLID(#11686,#34,#32,0.599999999999994);
#11688=IFCSHAPEREPRESENTATION(#16,'Body','SweptSolid',(#11687));
#11689=IFCPRODUCTDEFINITIONSHAPE($,$,(#11688));
#11690=IFCCARTESIANPOINT((750.458324294828,657.755608229898,90.156));
#11691=IFCDIRECTION((0.,0.,1.));
#11692=IFCDIRECTION((1.,0.,0.));
#11693=IFCAXIS2PLACEMENT3D(#11690,#11691,#11692);
#11694=IFCLOCALPLACEMENT($,#11693);
#11695=IFCOWNERHISTORY(#3,#4,.READWRITE.,.ADDED.,1774189820,#3,#4,1774189820);
#11696=IFCPROPERTYSET('3mfX6UzNHEjwsMoDFyxKBo',#11695,'PV',$,(#11699,#11700,#11701,#11702));
#11697=IFCOWNERHISTORY(#3,#4,.READWRITE.,.ADDED.,1774189820,#3,#4,1774189820);
#11698=IFCRELDEFINESBYPROPERTIES('2h50Sg9MH9lP6nZ164bAdk',#11697,$,$,(#11680),#11696);
#11699=IFCPROPERTYSINGLEVALUE('Tipo',$,IFCLABEL('PI'),$);
#11700=IFCPROPERTYSINGLEVALUE('CT',$,IFCREAL(90.756),$);
#11701=IFCPROPERTYSINGLEVALUE('CF',$,IFCREAL(90.156),$);
#11702=IFCPROPERTYSINGLEVALUE('Prof',$,IFCREAL(0.6),$);
#11703=IFCOWNERHISTORY(#3,#4,.READWRITE.,.ADDED.,1774189820,#3,#4,1774189820);
#11704=IFCPROPERTYSET('3lggx0dIjCWwSkYtlauwxH',#11703,'Custo5D',$,(#11707));
#11705=IFCOWNERHISTORY(#3,#4,.READWRITE.,.ADDED.,1774189820,#3,#4,1774189820);
#11706=IFCRELDEFINESBYPROPERTIES('2xXUeAT_n1COOXi4_6UYZG',#11705,$,$,(#11680),#11704);
#11707=IFCPROPERTYSINGLEVALUE('Total_RS',$,IFCREAL(1250.),$);
#11708=IFCOWNERHISTORY(#3,#4,.READWRITE.,.MODIFIED.,1774189820,#3,#4,1774189820);
#11709=IFCBUILDINGELEMENTPROXY('2kIQAzgvP47fnCgddQ4hKN',#11708,'PI_24',$,$,#11723,#11718,$,$);
#11715=IFCCIRCLEPROFILEDEF(.AREA.,$,#30,0.2);
#11716=IFCEXTRUDEDAREASOLID(#11715,#34,#32,0.599999999999994);
#11717=IFCSHAPEREPRESENTATION(#16,'Body','SweptSolid',(#11716));
#11718=IFCPRODUCTDEFINITIONSHAPE($,$,(#11717));
#11719=IFCCARTESIANPOINT((773.566778373613,679.78802709654,90.322));
#11720=IFCDIRECTION((0.,0.,1.));
#11721=IFCDIRECTION((1.,0.,0.));
#11722=IFCAXIS2PLACEMENT3D(#11719,#11720,#11721);
#11723=IFCLOCALPLACEMENT($,#11722);
#11724=IFCOWNERHISTORY(#3,#4,.READWRITE.,.ADDED.,1774189820,#3,#4,1774189820);
#11725=IFCPROPERTYSET('2l9HwgJ4D01Rz3ezJsO$PJ',#11724,'PV',$,(#11728,#11729,#11730,#11731));
#11726=IFCOWNERHISTORY(#3,#4,.READWRITE.,.ADDED.,1774189820,#3,#4,1774189820);
#11727=IFCRELDEFINESBYPROPERTIES('0_rhDtUTz3UQdfzZRT2W9A',#11726,$,$,(#11709),#11725);
#11728=IFCPROPERTYSINGLEVALUE('Tipo',$,IFCLABEL('PI'),$);
#11729=IFCPROPERTYSINGLEVALUE('CT',$,IFCREAL(90.922),$);
#11730=IFCPROPERTYSINGLEVALUE('CF',$,IFCREAL(90.322),$);
#11731=IFCPROPERTYSINGLEVALUE('Prof',$,IFCREAL(0.6),$);
#11732=IFCOWNERHISTORY(#3,#4,.READWRITE.,.ADDED.,1774189820,#3,#4,1774189820);
#11733=IFCPROPERTYSET('2uQAd1wHz0n9DZwpwyQj1Q',#11732,'Custo5D',$,(#11736));
#11734=IFCOWNERHISTORY(#3,#4,.READWRITE.,.ADDED.,1774189820,#3,#4,1774189820);
#11735=IFCRELDEFINESBYPROPERTIES('1$KYk_j4nEIf2E80Y_o95S',#11734,$,$,(#11709),#11733);
#11736=IFCPROPERTYSINGLEVALUE('Total_RS',$,IFCREAL(1250.),$);
#11737=IFCOWNERHISTORY(#3,#4,.READWRITE.,.MODIFIED.,1774189820,#3,#4,1774189820);
#11738=IFCBUILDINGELEMENTPROXY('1kHo4nfq92eOERJSiDwcAS',#11737,'PI_23',$,$,#11752,#11747,$,$);
#11744=IFCCIRCLEPROFILEDEF(.AREA.,$,#30,0.2);
#11745=IFCEXTRUDEDAREASOLID(#11744,#34,#32,0.599999999999994);
#11746=IFCSHAPEREPRESENTATION(#16,'Body','SweptSolid',(#11745));
#11747=IFCPRODUCTDEFINITIONSHAPE($,$,(#11746));
#11748=IFCCARTESIANPOINT((773.860722830403,682.097337551415,86.807));
#11749=IFCDIRECTION((0.,0.,1.));
#11750=IFCDIRECTION((1.,0.,0.));
#11751=IFCAXIS2PLACEMENT3D(#11748,#11749,#11750);
#11752=IFCLOCALPLACEMENT($,#11751);
#11753=IFCOWNERHISTORY(#3,#4,.READWRITE.,.ADDED.,1774189820,#3,#4,1774189820);
#11754=IFCPROPERTYSET('1qFRVvrVH9pArktCaE97ny',#11753,'PV',$,(#11757,#11758,#11759,#11760));
#11755=IFCOWNERHISTORY(#3,#4,.READWRITE.,.ADDED.,1774189820,#3,#4,1774189820);
#11756=IFCRELDEFINESBYPROPERTIES('1OHI8fK9vBhe3CUrNfcPjO',#11755,$,$,(#11738),#11754);
#11757=IFCPROPERTYSINGLEVALUE('Tipo',$,IFCLABEL('PI'),$);
#11758=IFCPROPERTYSINGLEVALUE('CT',$,IFCREAL(87.407),$);
#11759=IFCPROPERTYSINGLEVALUE('CF',$,IFCREAL(86.807),$);
#11760=IFCPROPERTYSINGLEVALUE('Prof',$,IFCREAL(0.6),$);
#11761=IFCOWNERHISTORY(#3,#4,.READWRITE.,.ADDED.,1774189820,#3,#4,1774189820);
#11762=IFCPROPERTYSET('3MbMyuzdDFAudkHvuqaQ7y',#11761,'Custo5D',$,(#11765));
#11763=IFCOWNERHISTORY(#3,#4,.READWRITE.,.ADDED.,1774189820,#3,#4,1774189820);
#11764=IFCRELDEFINESBYPROPERTIES('24FzI$kMjBI9UDNAXoDwfD',#11763,$,$,(#11738),#11762);
#11765=IFCPROPERTYSINGLEVALUE('Total_RS',$,IFCREAL(1250.),$);
#11766=IFCOWNERHISTORY(#3,#4,.READWRITE.,.MODIFIED.,1774189820,#3,#4,1774189820);
#11767=IFCBUILDINGELEMENTPROXY('1LeQ$UdH95gPcNVq5O$QBv',#11766,'PI_142',$,$,#11781,#11776,$,$);
#11773=IFCCIRCLEPROFILEDEF(.AREA.,$,#30,0.2);
#11774=IFCEXTRUDEDAREASOLID(#11773,#34,#32,0.599999999999994);
#11775=IFCSHAPEREPRESENTATION(#16,'Body','SweptSolid',(#11774));
#11776=IFCPRODUCTDEFINITIONSHAPE($,$,(#11775));
#11777=IFCCARTESIANPOINT((769.6821893038,671.047676353715,87.215));
#11778=IFCDIRECTION((0.,0.,1.));
#11779=IFCDIRECTION((1.,0.,0.));
#11780=IFCAXIS2PLACEMENT3D(#11777,#11778,#11779);
#11781=IFCLOCALPLACEMENT($,#11780);
#11782=IFCOWNERHISTORY(#3,#4,.READWRITE.,.ADDED.,1774189820,#3,#4,1774189820);
#11783=IFCPROPERTYSET('0PXXYKMkv5UAWR7LHW5OTN',#11782,'PV',$,(#11786,#11787,#11788,#11789));
#11784=IFCOWNERHISTORY(#3,#4,.READWRITE.,.ADDED.,1774189820,#3,#4,1774189820);
#11785=IFCRELDEFINESBYPROPERTIES('1sc9sT$jb6OOQmy1qeoTVO',#11784,$,$,(#11767),#11783);
#11786=IFCPROPERTYSINGLEVALUE('Tipo',$,IFCLABEL('PI'),$);
#11787=IFCPROPERTYSINGLEVALUE('CT',$,IFCREAL(87.815),$);
#11788=IFCPROPERTYSINGLEVALUE('CF',$,IFCREAL(87.215),$);
#11789=IFCPROPERTYSINGLEVALUE('Prof',$,IFCREAL(0.6),$);
#11790=IFCOWNERHISTORY(#3,#4,.READWRITE.,.ADDED.,1774189820,#3,#4,1774189820);
#11791=IFCPROPERTYSET('3hV7S2JTb30vK5s2Y0h_Ra',#11790,'Custo5D',$,(#11794));
#11792=IFCOWNERHISTORY(#3,#4,.READWRITE.,.ADDED.,1774189820,#3,#4,1774189820);
#11793=IFCRELDEFINESBYPROPERTIES('1WFQ7KyS57Iw0GDKy22se3',#11792,$,$,(#11767),#11791);
#11794=IFCPROPERTYSINGLEVALUE('Total_RS',$,IFCREAL(1250.),$);
#11795=IFCOWNERHISTORY(#3,#4,.READWRITE.,.MODIFIED.,1774189820,#3,#4,1774189820);
#11796=IFCBUILDINGELEMENTPROXY('1xL1RFIfvCYgeXsMErFuJE',#11795,'PI_22',$,$,#11810,#11805,$,$);
#11802=IFCCIRCLEPROFILEDEF(.AREA.,$,#30,0.2);
#11803=IFCEXTRUDEDAREASOLID(#11802,#34,#32,0.599999999999994);
#11804=IFCSHAPEREPRESENTATION(#16,'Body','SweptSolid',(#11803));
#11805=IFCPRODUCTDEFINITIONSHAPE($,$,(#11804));
#11806=IFCCARTESIANPOINT((770.950443997339,673.026523322798,85.146));
#11807=IFCDIRECTION((0.,0.,1.));
#11808=IFCDIRECTION((1.,0.,0.));
#11809=IFCAXIS2PLACEMENT3D(#11806,#11807,#11808);
#11810=IFCLOCALPLACEMENT($,#11809);
#11811=IFCOWNERHISTORY(#3,#4,.READWRITE.,.ADDED.,1774189820,#3,#4,1774189820);
#11812=IFCPROPERTYSET('2HXe1fgxj0Pg8hHoSF$GVE',#11811,'PV',$,(#11815,#11816,#11817,#11818));
#11813=IFCOWNERHISTORY(#3,#4,.READWRITE.,.ADDED.,1774189820,#3,#4,1774189820);
#11814=IFCRELDEFINESBYPROPERTIES('1E6l0YrhP9I9mk7dF2gbOF',#11813,$,$,(#11796),#11812);
#11815=IFCPROPERTYSINGLEVALUE('Tipo',$,IFCLABEL('PI'),$);
#11816=IFCPROPERTYSINGLEVALUE('CT',$,IFCREAL(85.746),$);
#11817=IFCPROPERTYSINGLEVALUE('CF',$,IFCREAL(85.146),$);
#11818=IFCPROPERTYSINGLEVALUE('Prof',$,IFCREAL(0.6),$);
#11819=IFCOWNERHISTORY(#3,#4,.READWRITE.,.ADDED.,1774189820,#3,#4,1774189820);
#11820=IFCPROPERTYSET('0vYNjfd_L43AGhwFWufIC7',#11819,'Custo5D',$,(#11823));
#11821=IFCOWNERHISTORY(#3,#4,.READWRITE.,.ADDED.,1774189820,#3,#4,1774189820);
#11822=IFCRELDEFINESBYPROPERTIES('0dyqmAM_v0ExBc8NjHQQlk',#11821,$,$,(#11796),#11820);
#11823=IFCPROPERTYSINGLEVALUE('Total_RS',$,IFCREAL(1250.),$);
#11824=IFCOWNERHISTORY(#3,#4,.READWRITE.,.MODIFIED.,1774189820,#3,#4,1774189820);
#11825=IFCBUILDINGELEMENTPROXY('1TIUarX_P3YuOG991OXxF_',#11824,'PI_25',$,$,#11839,#11834,$,$);
#11831=IFCCIRCLEPROFILEDEF(.AREA.,$,#30,0.2);
#11832=IFCEXTRUDEDAREASOLID(#11831,#34,#32,0.599999999999994);
#11833=IFCSHAPEREPRESENTATION(#16,'Body','SweptSolid',(#11832));
#11834=IFCPRODUCTDEFINITIONSHAPE($,$,(#11833));
#11835=IFCCARTESIANPOINT((772.479909932299,693.944214994088,93.025));
#11836=IFCDIRECTION((0.,0.,1.));
#11837=IFCDIRECTION((1.,0.,0.));
#11838=IFCAXIS2PLACEMENT3D(#11835,#11836,#11837);
#11839=IFCLOCALPLACEMENT($,#11838);
#11840=IFCOWNERHISTORY(#3,#4,.READWRITE.,.ADDED.,1774189820,#3,#4,1774189820);
#11841=IFCPROPERTYSET('0hHQyivkf1ggQCYBfTgXEw',#11840,'PV',$,(#11844,#11845,#11846,#11847));
#11842=IFCOWNERHISTORY(#3,#4,.READWRITE.,.ADDED.,1774189820,#3,#4,1774189820);
#11843=IFCRELDEFINESBYPROPERTIES('13x4N0nzjFoByUHVzxY8r8',#11842,$,$,(#11825),#11841);
#11844=IFCPROPERTYSINGLEVALUE('Tipo',$,IFCLABEL('PI'),$);
#11845=IFCPROPERTYSINGLEVALUE('CT',$,IFCREAL(93.625),$);
#11846=IFCPROPERTYSINGLEVALUE('CF',$,IFCREAL(93.025),$);
#11847=IFCPROPERTYSINGLEVALUE('Prof',$,IFCREAL(0.6),$);
#11848=IFCOWNERHISTORY(#3,#4,.READWRITE.,.ADDED.,1774189820,#3,#4,1774189820);
#11849=IFCPROPERTYSET('0WrTd3ig90IgaYqNec78Ce',#11848,'Custo5D',$,(#11852));
#11850=IFCOWNERHISTORY(#3,#4,.READWRITE.,.ADDED.,1774189820,#3,#4,1774189820);
#11851=IFCRELDEFINESBYPROPERTIES('1xfIj8cX111xoh_HSroBll',#11850,$,$,(#11825),#11849);
#11852=IFCPROPERTYSINGLEVALUE('Total_RS',$,IFCREAL(1250.),$);
#11853=IFCOWNERHISTORY(#3,#4,.READWRITE.,.MODIFIED.,1774189820,#3,#4,1774189820);
#11854=IFCBUILDINGELEMENTPROXY('0B7ZCjmun8kfDYfwwHaMhu',#11853,'PI_26',$,$,#11868,#11863,$,$);
#11860=IFCCIRCLEPROFILEDEF(.AREA.,$,#30,0.2);
#11861=IFCEXTRUDEDAREASOLID(#11860,#34,#32,0.600000000000009);
#11862=IFCSHAPEREPRESENTATION(#16,'Body','SweptSolid',(#11861));
#11863=IFCPRODUCTDEFINITIONSHAPE($,$,(#11862));
#11864=IFCCARTESIANPOINT((772.652130420902,696.294113528915,94.234));
#11865=IFCDIRECTION((0.,0.,1.));
#11866=IFCDIRECTION((1.,0.,0.));
#11867=IFCAXIS2PLACEMENT3D(#11864,#11865,#11866);
#11868=IFCLOCALPLACEMENT($,#11867);
#11869=IFCOWNERHISTORY(#3,#4,.READWRITE.,.ADDED.,1774189820,#3,#4,1774189820);
#11870=IFCPROPERTYSET('3ga2lsmCz5f9K1Pqdi3L5r',#11869,'PV',$,(#11873,#11874,#11875,#11876));
#11871=IFCOWNERHISTORY(#3,#4,.READWRITE.,.ADDED.,1774189820,#3,#4,1774189820);
#11872=IFCRELDEFINESBYPROPERTIES('0VzSh4OFD4Gvnzx3NT2aLk',#11871,$,$,(#11854),#11870);
#11873=IFCPROPERTYSINGLEVALUE('Tipo',$,IFCLABEL('PI'),$);
#11874=IFCPROPERTYSINGLEVALUE('CT',$,IFCREAL(94.834),$);
#11875=IFCPROPERTYSINGLEVALUE('CF',$,IFCREAL(94.234),$);
#11876=IFCPROPERTYSINGLEVALUE('Prof',$,IFCREAL(0.6),$);
#11877=IFCOWNERHISTORY(#3,#4,.READWRITE.,.ADDED.,1774189820,#3,#4,1774189820);
#11878=IFCPROPERTYSET('2bjymWYa57mx849xfnyXiW',#11877,'Custo5D',$,(#11881));
#11879=IFCOWNERHISTORY(#3,#4,.READWRITE.,.ADDED.,1774189820,#3,#4,1774189820);
#11880=IFCRELDEFINESBYPROPERTIES('13WiulSUL2ZQD8FvamtynQ',#11879,$,$,(#11854),#11878);
#11881=IFCPROPERTYSINGLEVALUE('Total_RS',$,IFCREAL(1250.),$);
#11882=IFCOWNERHISTORY(#3,#4,.READWRITE.,.MODIFIED.,1774189820,#3,#4,1774189820);
#11883=IFCBUILDINGELEMENTPROXY('0tMHFKgeTD6hqsFcrBHFOV',#11882,'PV_31',$,$,#11897,#11892,$,$);
#11889=IFCCIRCLEPROFILEDEF(.AREA.,$,#30,0.3);
#11890=IFCEXTRUDEDAREASOLID(#11889,#34,#32,0.599999999999994);
#11891=IFCSHAPEREPRESENTATION(#16,'Body','SweptSolid',(#11890));
#11892=IFCPRODUCTDEFINITIONSHAPE($,$,(#11891));
#11893=IFCCARTESIANPOINT((1033.890040097,625.344848414883,86.989));
#11894=IFCDIRECTION((0.,0.,1.));
#11895=IFCDIRECTION((1.,0.,0.));
#11896=IFCAXIS2PLACEMENT3D(#11893,#11894,#11895);
#11897=IFCLOCALPLACEMENT($,#11896);
#11898=IFCOWNERHISTORY(#3,#4,.READWRITE.,.ADDED.,1774189820,#3,#4,1774189820);
#11899=IFCPROPERTYSET('1HUm0fwF5DkwXCT5$rYkMX',#11898,'PV',$,(#11902,#11903,#11904,#11905));
#11900=IFCOWNERHISTORY(#3,#4,.READWRITE.,.ADDED.,1774189820,#3,#4,1774189820);
#11901=IFCRELDEFINESBYPROPERTIES('1zv1gzjiPBahhFnezdN$aR',#11900,$,$,(#11883),#11899);
#11902=IFCPROPERTYSINGLEVALUE('Tipo',$,IFCLABEL('PV'),$);
#11903=IFCPROPERTYSINGLEVALUE('CT',$,IFCREAL(87.589),$);
#11904=IFCPROPERTYSINGLEVALUE('CF',$,IFCREAL(86.989),$);
#11905=IFCPROPERTYSINGLEVALUE('Prof',$,IFCREAL(0.6),$);
#11906=IFCOWNERHISTORY(#3,#4,.READWRITE.,.ADDED.,1774189820,#3,#4,1774189820);
#11907=IFCPROPERTYSET('1_XW0ijN92mwQkAFoFqlZP',#11906,'Custo5D',$,(#11910));
#11908=IFCOWNERHISTORY(#3,#4,.READWRITE.,.ADDED.,1774189820,#3,#4,1774189820);
#11909=IFCRELDEFINESBYPROPERTIES('0o6WQvsPn8sPhtDSJF_Xs1',#11908,$,$,(#11883),#11907);
#11910=IFCPROPERTYSINGLEVALUE('Total_RS',$,IFCREAL(3078.),$);
#11911=IFCOWNERHISTORY(#3,#4,.READWRITE.,.MODIFIED.,1774189820,#3,#4,1774189820);
#11912=IFCBUILDINGELEMENTPROXY('1mSqz0ywDFpvMnv2AaqijU',#11911,'PI_174',$,$,#11926,#11921,$,$);
#11918=IFCCIRCLEPROFILEDEF(.AREA.,$,#30,0.2);
#11919=IFCEXTRUDEDAREASOLID(#11918,#34,#32,0.599999999999994);
#11920=IFCSHAPEREPRESENTATION(#16,'Body','SweptSolid',(#11919));
#11921=IFCPRODUCTDEFINITIONSHAPE($,$,(#11920));
#11922=IFCCARTESIANPOINT((884.146441307443,575.096384637058,70.424));
#11923=IFCDIRECTION((0.,0.,1.));
#11924=IFCDIRECTION((1.,0.,0.));
#11925=IFCAXIS2PLACEMENT3D(#11922,#11923,#11924);
#11926=IFCLOCALPLACEMENT($,#11925);
#11927=IFCOWNERHISTORY(#3,#4,.READWRITE.,.ADDED.,1774189820,#3,#4,1774189820);
#11928=IFCPROPERTYSET('1UO1PUFcj2refW0HGFIhZw',#11927,'PV',$,(#11931,#11932,#11933,#11934));
#11929=IFCOWNERHISTORY(#3,#4,.READWRITE.,.ADDED.,1774189820,#3,#4,1774189820);
#11930=IFCRELDEFINESBYPROPERTIES('2vtO9_LkD5lPyA0REi$DVy',#11929,$,$,(#11912),#11928);
#11931=IFCPROPERTYSINGLEVALUE('Tipo',$,IFCLABEL('PI'),$);
#11932=IFCPROPERTYSINGLEVALUE('CT',$,IFCREAL(71.024),$);
#11933=IFCPROPERTYSINGLEVALUE('CF',$,IFCREAL(70.424),$);
#11934=IFCPROPERTYSINGLEVALUE('Prof',$,IFCREAL(0.6),$);
#11935=IFCOWNERHISTORY(#3,#4,.READWRITE.,.ADDED.,1774189820,#3,#4,1774189820);
#11936=IFCPROPERTYSET('2YTnN$F316B8RZHW5IhUww',#11935,'Custo5D',$,(#11939));
#11937=IFCOWNERHISTORY(#3,#4,.READWRITE.,.ADDED.,1774189820,#3,#4,1774189820);
#11938=IFCRELDEFINESBYPROPERTIES('3FxldtL0XDEf_i6I13ZqmN',#11937,$,$,(#11912),#11936);
#11939=IFCPROPERTYSINGLEVALUE('Total_RS',$,IFCREAL(1250.),$);
#11940=IFCOWNERHISTORY(#3,#4,.READWRITE.,.MODIFIED.,1774189820,#3,#4,1774189820);
#11941=IFCBUILDINGELEMENTPROXY('3aVGAJmQH4NvQfQKMV7VJ5',#11940,'PI_202',$,$,#11955,#11950,$,$);
#11947=IFCCIRCLEPROFILEDEF(.AREA.,$,#30,0.2);
#11948=IFCEXTRUDEDAREASOLID(#11947,#34,#32,0.600000000000001);
#11949=IFCSHAPEREPRESENTATION(#16,'Body','SweptSolid',(#11948));
#11950=IFCPRODUCTDEFINITIONSHAPE($,$,(#11949));
#11951=IFCCARTESIANPOINT((886.198851351102,576.329682453535,59.271));
#11952=IFCDIRECTION((0.,0.,1.));
#11953=IFCDIRECTION((1.,0.,0.));
#11954=IFCAXIS2PLACEMENT3D(#11951,#11952,#11953);
#11955=IFCLOCALPLACEMENT($,#11954);
#11956=IFCOWNERHISTORY(#3,#4,.READWRITE.,.ADDED.,1774189820,#3,#4,1774189820);
#11957=IFCPROPERTYSET('16yyKbb2rFHeGm52P0Ei3J',#11956,'PV',$,(#11960,#11961,#11962,#11963));
#11958=IFCOWNERHISTORY(#3,#4,.READWRITE.,.ADDED.,1774189820,#3,#4,1774189820);
#11959=IFCRELDEFINESBYPROPERTIES('3vEavS4QDAOhPmuhuryEWy',#11958,$,$,(#11941),#11957);
#11960=IFCPROPERTYSINGLEVALUE('Tipo',$,IFCLABEL('PI'),$);
#11961=IFCPROPERTYSINGLEVALUE('CT',$,IFCREAL(59.871),$);
#11962=IFCPROPERTYSINGLEVALUE('CF',$,IFCREAL(59.271),$);
#11963=IFCPROPERTYSINGLEVALUE('Prof',$,IFCREAL(0.6),$);
#11964=IFCOWNERHISTORY(#3,#4,.READWRITE.,.ADDED.,1774189820,#3,#4,1774189820);
#11965=IFCPROPERTYSET('0FY9onEFD2HfJJ2ENRU6ho',#11964,'Custo5D',$,(#11968));
#11966=IFCOWNERHISTORY(#3,#4,.READWRITE.,.ADDED.,1774189820,#3,#4,1774189820);
#11967=IFCRELDEFINESBYPROPERTIES('3wd_McdkX7tQMS7v8Xk7t7',#11966,$,$,(#11941),#11965);
#11968=IFCPROPERTYSINGLEVALUE('Total_RS',$,IFCREAL(1250.),$);
#11969=IFCOWNERHISTORY(#3,#4,.READWRITE.,.MODIFIED.,1774189820,#3,#4,1774189820);
#11970=IFCBUILDINGELEMENTPROXY('1ZirgsE5rAQg8f1Xe1CsK5',#11969,'PI_172',$,$,#11984,#11979,$,$);
#11976=IFCCIRCLEPROFILEDEF(.AREA.,$,#30,0.2);
#11977=IFCEXTRUDEDAREASOLID(#11976,#34,#32,0.599999999999994);
#11978=IFCSHAPEREPRESENTATION(#16,'Body','SweptSolid',(#11977));
#11979=IFCPRODUCTDEFINITIONSHAPE($,$,(#11978));
#11980=IFCCARTESIANPOINT((863.662931806932,560.088574435562,65.819));
#11981=IFCDIRECTION((0.,0.,1.));
#11982=IFCDIRECTION((1.,0.,0.));
#11983=IFCAXIS2PLACEMENT3D(#11980,#11981,#11982);
#11984=IFCLOCALPLACEMENT($,#11983);
#11985=IFCOWNERHISTORY(#3,#4,.READWRITE.,.ADDED.,1774189820,#3,#4,1774189820);
#11986=IFCPROPERTYSET('0yNJjezGrF$9xpV6MTWLU0',#11985,'PV',$,(#11989,#11990,#11991,#11992));
#11987=IFCOWNERHISTORY(#3,#4,.READWRITE.,.ADDED.,1774189820,#3,#4,1774189820);
#11988=IFCRELDEFINESBYPROPERTIES('2wUsT93x5EaxSSQoP0i2BY',#11987,$,$,(#11970),#11986);
#11989=IFCPROPERTYSINGLEVALUE('Tipo',$,IFCLABEL('PI'),$);
#11990=IFCPROPERTYSINGLEVALUE('CT',$,IFCREAL(66.419),$);
#11991=IFCPROPERTYSINGLEVALUE('CF',$,IFCREAL(65.819),$);
#11992=IFCPROPERTYSINGLEVALUE('Prof',$,IFCREAL(0.6),$);
#11993=IFCOWNERHISTORY(#3,#4,.READWRITE.,.ADDED.,1774189820,#3,#4,1774189820);
#11994=IFCPROPERTYSET('06hEnwtwXFvAUTp$7GOyaO',#11993,'Custo5D',$,(#11997));
#11995=IFCOWNERHISTORY(#3,#4,.READWRITE.,.ADDED.,1774189820,#3,#4,1774189820);
#11996=IFCRELDEFINESBYPROPERTIES('3RJxylwKD7lRMYPSpQ5mgb',#11995,$,$,(#11970),#11994);
#11997=IFCPROPERTYSINGLEVALUE('Total_RS',$,IFCREAL(1250.),$);
#11998=IFCOWNERHISTORY(#3,#4,.READWRITE.,.MODIFIED.,1774189820,#3,#4,1774189820);
#11999=IFCBUILDINGELEMENTPROXY('0bqo76$rL5UgHMqmwrWz5B',#11998,'PI_171',$,$,#12013,#12008,$,$);
#12005=IFCCIRCLEPROFILEDEF(.AREA.,$,#30,0.2);
#12006=IFCEXTRUDEDAREASOLID(#12005,#34,#32,0.600000000000001);
#12007=IFCSHAPEREPRESENTATION(#16,'Body','SweptSolid',(#12006));
#12008=IFCPRODUCTDEFINITIONSHAPE($,$,(#12007));
#12009=IFCCARTESIANPOINT((864.829036652925,561.949621800333,63.656));
#12010=IFCDIRECTION((0.,0.,1.));
#12011=IFCDIRECTION((1.,0.,0.));
#12012=IFCAXIS2PLACEMENT3D(#12009,#12010,#12011);
#12013=IFCLOCALPLACEMENT($,#12012);
#12014=IFCOWNERHISTORY(#3,#4,.READWRITE.,.ADDED.,1774189820,#3,#4,1774189820);
#12015=IFCPROPERTYSET('1wZW3NlG94UgLX8zrwgFVl',#12014,'PV',$,(#12018,#12019,#12020,#12021));
#12016=IFCOWNERHISTORY(#3,#4,.READWRITE.,.ADDED.,1774189820,#3,#4,1774189820);
#12017=IFCRELDEFINESBYPROPERTIES('2m0otKlXjD5BJ1xQHrxugo',#12016,$,$,(#11999),#12015);
#12018=IFCPROPERTYSINGLEVALUE('Tipo',$,IFCLABEL('PI'),$);
#12019=IFCPROPERTYSINGLEVALUE('CT',$,IFCREAL(64.256),$);
#12020=IFCPROPERTYSINGLEVALUE('CF',$,IFCREAL(63.656),$);
#12021=IFCPROPERTYSINGLEVALUE('Prof',$,IFCREAL(0.6),$);
#12022=IFCOWNERHISTORY(#3,#4,.READWRITE.,.ADDED.,1774189820,#3,#4,1774189820);
#12023=IFCPROPERTYSET('0Bto7ADVPBcuhlPYKgcDu9',#12022,'Custo5D',$,(#12026));
#12024=IFCOWNERHISTORY(#3,#4,.READWRITE.,.ADDED.,1774189820,#3,#4,1774189820);
#12025=IFCRELDEFINESBYPROPERTIES('0AVc$d0ezEfRL2N4RC3HHx',#12024,$,$,(#11999),#12023);
#12026=IFCPROPERTYSINGLEVALUE('Total_RS',$,IFCREAL(1250.),$);
#12027=IFCOWNERHISTORY(#3,#4,.READWRITE.,.MODIFIED.,1774189820,#3,#4,1774189820);
#12028=IFCBUILDINGELEMENTPROXY('1mXngT7_j9zwbeGpmepVr5',#12027,'PI_206',$,$,#12042,#12037,$,$);
#12034=IFCCIRCLEPROFILEDEF(.AREA.,$,#30,0.2);
#12035=IFCEXTRUDEDAREASOLID(#12034,#34,#32,0.600000000000001);
#12036=IFCSHAPEREPRESENTATION(#16,'Body','SweptSolid',(#12035));
#12037=IFCPRODUCTDEFINITIONSHAPE($,$,(#12036));
#12038=IFCCARTESIANPOINT((861.752884073008,553.820373980328,51.799));
#12039=IFCDIRECTION((0.,0.,1.));
#12040=IFCDIRECTION((1.,0.,0.));
#12041=IFCAXIS2PLACEMENT3D(#12038,#12039,#12040);
#12042=IFCLOCALPLACEMENT($,#12041);
#12043=IFCOWNERHISTORY(#3,#4,.READWRITE.,.ADDED.,1774189820,#3,#4,1774189820);
#12044=IFCPROPERTYSET('2Ksq0QaoP47gDVNNcpGnqz',#12043,'PV',$,(#12047,#12048,#12049,#12050));
#12045=IFCOWNERHISTORY(#3,#4,.READWRITE.,.ADDED.,1774189820,#3,#4,1774189820);
#12046=IFCRELDEFINESBYPROPERTIES('3EcWGdGLzF6u5JwhVl0Aiz',#12045,$,$,(#12028),#12044);
#12047=IFCPROPERTYSINGLEVALUE('Tipo',$,IFCLABEL('PI'),$);
#12048=IFCPROPERTYSINGLEVALUE('CT',$,IFCREAL(52.399),$);
#12049=IFCPROPERTYSINGLEVALUE('CF',$,IFCREAL(51.799),$);
#12050=IFCPROPERTYSINGLEVALUE('Prof',$,IFCREAL(0.6),$);
#12051=IFCOWNERHISTORY(#3,#4,.READWRITE.,.ADDED.,1774189820,#3,#4,1774189820);
#12052=IFCPROPERTYSET('1XFwQFpT14vey6K9xSOeqe',#12051,'Custo5D',$,(#12055));
#12053=IFCOWNERHISTORY(#3,#4,.READWRITE.,.ADDED.,1774189820,#3,#4,1774189820);
#12054=IFCRELDEFINESBYPROPERTIES('0ksqhSA6jBmwf2jh_aefHi',#12053,$,$,(#12028),#12052);
#12055=IFCPROPERTYSINGLEVALUE('Total_RS',$,IFCREAL(1250.),$);
#12056=IFCOWNERHISTORY(#3,#4,.READWRITE.,.MODIFIED.,1774189820,#3,#4,1774189820);
#12057=IFCBUILDINGELEMENTPROXY('32QangBV55vxOHdV8YLOO_',#12056,'PI_210',$,$,#12071,#12066,$,$);
#12063=IFCCIRCLEPROFILEDEF(.AREA.,$,#30,0.2);
#12064=IFCEXTRUDEDAREASOLID(#12063,#34,#32,1.40000000000001);
#12065=IFCSHAPEREPRESENTATION(#16,'Body','SweptSolid',(#12064));
#12066=IFCPRODUCTDEFINITIONSHAPE($,$,(#12065));
#12067=IFCCARTESIANPOINT((862.995341310801,555.551495311782,50.971));
#12068=IFCDIRECTION((0.,0.,1.));
#12069=IFCDIRECTION((1.,0.,0.));
#12070=IFCAXIS2PLACEMENT3D(#12067,#12068,#12069);
#12071=IFCLOCALPLACEMENT($,#12070);
#12072=IFCOWNERHISTORY(#3,#4,.READWRITE.,.ADDED.,1774189820,#3,#4,1774189820);
#12073=IFCPROPERTYSET('1cB_l$YO92DB4xmRMFprsR',#12072,'PV',$,(#12076,#12077,#12078,#12079));
#12074=IFCOWNERHISTORY(#3,#4,.READWRITE.,.ADDED.,1774189820,#3,#4,1774189820);
#12075=IFCRELDEFINESBYPROPERTIES('3XTXCV_1H06uDDwuA$OHGK',#12074,$,$,(#12057),#12073);
#12076=IFCPROPERTYSINGLEVALUE('Tipo',$,IFCLABEL('PI'),$);
#12077=IFCPROPERTYSINGLEVALUE('CT',$,IFCREAL(52.371),$);
#12078=IFCPROPERTYSINGLEVALUE('CF',$,IFCREAL(50.971),$);
#12079=IFCPROPERTYSINGLEVALUE('Prof',$,IFCREAL(1.4),$);
#12080=IFCOWNERHISTORY(#3,#4,.READWRITE.,.ADDED.,1774189820,#3,#4,1774189820);
#12081=IFCPROPERTYSET('1CWcn$HIj11vjybsR3cl60',#12080,'Custo5D',$,(#12084));
#12082=IFCOWNERHISTORY(#3,#4,.READWRITE.,.ADDED.,1774189820,#3,#4,1774189820);
#12083=IFCRELDEFINESBYPROPERTIES('0bMCEPUZLE2R3FfdRqV_Bw',#12082,$,$,(#12057),#12081);
#12084=IFCPROPERTYSINGLEVALUE('Total_RS',$,IFCREAL(1250.),$);
#12085=IFCOWNERHISTORY(#3,#4,.READWRITE.,.MODIFIED.,1774189820,#3,#4,1774189820);
#12086=IFCBUILDINGELEMENTPROXY('0W1k3_4TnETPM2n9O$SqXX',#12085,'PI_207',$,$,#12100,#12095,$,$);
#12092=IFCCIRCLEPROFILEDEF(.AREA.,$,#30,0.2);
#12093=IFCEXTRUDEDAREASOLID(#12092,#34,#32,0.600000000000001);
#12094=IFCSHAPEREPRESENTATION(#16,'Body','SweptSolid',(#12093));
#12095=IFCPRODUCTDEFINITIONSHAPE($,$,(#12094));
#12096=IFCCARTESIANPOINT((856.828735708143,550.372425092384,50.403));
#12097=IFCDIRECTION((0.,0.,1.));
#12098=IFCDIRECTION((1.,0.,0.));
#12099=IFCAXIS2PLACEMENT3D(#12096,#12097,#12098);
#12100=IFCLOCALPLACEMENT($,#12099);
#12101=IFCOWNERHISTORY(#3,#4,.READWRITE.,.ADDED.,1774189820,#3,#4,1774189820);
#12102=IFCPROPERTYSET('1NXCXL9p52zwdKPdEO30QQ',#12101,'PV',$,(#12105,#12106,#12107,#12108));
#12103=IFCOWNERHISTORY(#3,#4,.READWRITE.,.ADDED.,1774189820,#3,#4,1774189820);
#12104=IFCRELDEFINESBYPROPERTIES('2ld$ivVaHDBeJWoVScxZED',#12103,$,$,(#12086),#12102);
#12105=IFCPROPERTYSINGLEVALUE('Tipo',$,IFCLABEL('PI'),$);
#12106=IFCPROPERTYSINGLEVALUE('CT',$,IFCREAL(51.003),$);
#12107=IFCPROPERTYSINGLEVALUE('CF',$,IFCREAL(50.403),$);
#12108=IFCPROPERTYSINGLEVALUE('Prof',$,IFCREAL(0.6),$);
#12109=IFCOWNERHISTORY(#3,#4,.READWRITE.,.ADDED.,1774189820,#3,#4,1774189820);
#12110=IFCPROPERTYSET('0owzybuzjCqfZgwmELqLz2',#12109,'Custo5D',$,(#12113));
#12111=IFCOWNERHISTORY(#3,#4,.READWRITE.,.ADDED.,1774189820,#3,#4,1774189820);
#12112=IFCRELDEFINESBYPROPERTIES('3QbMANQVH9Hu_dLXsqn4Ib',#12111,$,$,(#12086),#12110);
#12113=IFCPROPERTYSINGLEVALUE('Total_RS',$,IFCREAL(1250.),$);
#12114=IFCOWNERHISTORY(#3,#4,.READWRITE.,.MODIFIED.,1774189820,#3,#4,1774189820);
#12115=IFCBUILDINGELEMENTPROXY('0PJqChmI52fw7M0u68FmpL',#12114,'PI_167',$,$,#12129,#12124,$,$);
#12121=IFCCIRCLEPROFILEDEF(.AREA.,$,#30,0.2);
#12122=IFCEXTRUDEDAREASOLID(#12121,#34,#32,0.600000000000001);
#12123=IFCSHAPEREPRESENTATION(#16,'Body','SweptSolid',(#12122));
#12124=IFCPRODUCTDEFINITIONSHAPE($,$,(#12123));
#12125=IFCCARTESIANPOINT((824.061097371043,498.111914924346,38.955));
#12126=IFCDIRECTION((0.,0.,1.));
#12127=IFCDIRECTION((1.,0.,0.));
#12128=IFCAXIS2PLACEMENT3D(#12125,#12126,#12127);
#12129=IFCLOCALPLACEMENT($,#12128);
#12130=IFCOWNERHISTORY(#3,#4,.READWRITE.,.ADDED.,1774189820,#3,#4,1774189820);
#12131=IFCPROPERTYSET('29j39FVEz4YuVkwnymeMPJ',#12130,'PV',$,(#12134,#12135,#12136,#12137));
#12132=IFCOWNERHISTORY(#3,#4,.READWRITE.,.ADDED.,1774189820,#3,#4,1774189820);
#12133=IFCRELDEFINESBYPROPERTIES('2DyPTfM6f6ihQtPMel35NH',#12132,$,$,(#12115),#12131);
#12134=IFCPROPERTYSINGLEVALUE('Tipo',$,IFCLABEL('PI'),$);
#12135=IFCPROPERTYSINGLEVALUE('CT',$,IFCREAL(39.555),$);
#12136=IFCPROPERTYSINGLEVALUE('CF',$,IFCREAL(38.955),$);
#12137=IFCPROPERTYSINGLEVALUE('Prof',$,IFCREAL(0.6),$);
#12138=IFCOWNERHISTORY(#3,#4,.READWRITE.,.ADDED.,1774189820,#3,#4,1774189820);
#12139=IFCPROPERTYSET('3NTsjgSSL9LApNWEtbygJ8',#12138,'Custo5D',$,(#12142));
#12140=IFCOWNERHISTORY(#3,#4,.READWRITE.,.ADDED.,1774189820,#3,#4,1774189820);
#12141=IFCRELDEFINESBYPROPERTIES('1Z2DqQGOv3VPMZJapcHWQ8',#12140,$,$,(#12115),#12139);
#12142=IFCPROPERTYSINGLEVALUE('Total_RS',$,IFCREAL(1250.),$);
#12143=IFCOWNERHISTORY(#3,#4,.READWRITE.,.MODIFIED.,1774189820,#3,#4,1774189820);
#12144=IFCBUILDINGELEMENTPROXY('1Zmzbf2JzBa90n3BnBExFN',#12143,'PV_19',$,$,#12158,#12153,$,$);
#12150=IFCCIRCLEPROFILEDEF(.AREA.,$,#30,0.3);
#12151=IFCEXTRUDEDAREASOLID(#12150,#34,#32,0.599999999999994);
#12152=IFCSHAPEREPRESENTATION(#16,'Body','SweptSolid',(#12151));
#12153=IFCPRODUCTDEFINITIONSHAPE($,$,(#12152));
#12154=IFCCARTESIANPOINT((852.943198758527,499.169835816137,42.377));
#12155=IFCDIRECTION((0.,0.,1.));
#12156=IFCDIRECTION((1.,0.,0.));
#12157=IFCAXIS2PLACEMENT3D(#12154,#12155,#12156);
#12158=IFCLOCALPLACEMENT($,#12157);
#12159=IFCOWNERHISTORY(#3,#4,.READWRITE.,.ADDED.,1774189820,#3,#4,1774189820);
#12160=IFCPROPERTYSET('20$dEj7CbBjPzjXfxVelyf',#12159,'PV',$,(#12163,#12164,#12165,#12166));
#12161=IFCOWNERHISTORY(#3,#4,.READWRITE.,.ADDED.,1774189820,#3,#4,1774189820);
#12162=IFCRELDEFINESBYPROPERTIES('0$5Ji1tPDFkwnpqlkowPSf',#12161,$,$,(#12144),#12160);
#12163=IFCPROPERTYSINGLEVALUE('Tipo',$,IFCLABEL('PV'),$);
#12164=IFCPROPERTYSINGLEVALUE('CT',$,IFCREAL(42.977),$);
#12165=IFCPROPERTYSINGLEVALUE('CF',$,IFCREAL(42.377),$);
#12166=IFCPROPERTYSINGLEVALUE('Prof',$,IFCREAL(0.6),$);
#12167=IFCOWNERHISTORY(#3,#4,.READWRITE.,.ADDED.,1774189820,#3,#4,1774189820);
#12168=IFCPROPERTYSET('2JJi3W0gfEMB97MgEGhGrg',#12167,'Custo5D',$,(#12171));
#12169=IFCOWNERHISTORY(#3,#4,.READWRITE.,.ADDED.,1774189820,#3,#4,1774189820);
#12170=IFCRELDEFINESBYPROPERTIES('1pAQS859P2Qx6sOJgXgEPX',#12169,$,$,(#12144),#12168);
#12171=IFCPROPERTYSINGLEVALUE('Total_RS',$,IFCREAL(3078.),$);
#12172=IFCOWNERHISTORY(#3,#4,.READWRITE.,.MODIFIED.,1774189820,#3,#4,1774189820);
#12173=IFCBUILDINGELEMENTPROXY('1ga4xLT4nCsw$f_l432o_n',#12172,'PV_18',$,$,#12187,#12182,$,$);
#12179=IFCCIRCLEPROFILEDEF(.AREA.,$,#30,0.3);
#12180=IFCEXTRUDEDAREASOLID(#12179,#34,#32,0.600000000000001);
#12181=IFCSHAPEREPRESENTATION(#16,'Body','SweptSolid',(#12180));
#12182=IFCPRODUCTDEFINITIONSHAPE($,$,(#12181));
#12183=IFCCARTESIANPOINT((854.92865800811,500.331138566136,40.766));
#12184=IFCDIRECTION((0.,0.,1.));
#12185=IFCDIRECTION((1.,0.,0.));
#12186=IFCAXIS2PLACEMENT3D(#12183,#12184,#12185);
#12187=IFCLOCALPLACEMENT($,#12186);
#12188=IFCOWNERHISTORY(#3,#4,.READWRITE.,.ADDED.,1774189820,#3,#4,1774189820);
#12189=IFCPROPERTYSET('3Dr3VfNJX9uxx5meYUGPVZ',#12188,'PV',$,(#12192,#12193,#12194,#12195));
#12190=IFCOWNERHISTORY(#3,#4,.READWRITE.,.ADDED.,1774189820,#3,#4,1774189820);
#12191=IFCRELDEFINESBYPROPERTIES('3QH_F1fq56Ox3Zt_ru7WTC',#12190,$,$,(#12173),#12189);
#12192=IFCPROPERTYSINGLEVALUE('Tipo',$,IFCLABEL('PV'),$);
#12193=IFCPROPERTYSINGLEVALUE('CT',$,IFCREAL(41.366),$);
#12194=IFCPROPERTYSINGLEVALUE('CF',$,IFCREAL(40.766),$);
#12195=IFCPROPERTYSINGLEVALUE('Prof',$,IFCREAL(0.6),$);
#12196=IFCOWNERHISTORY(#3,#4,.READWRITE.,.ADDED.,1774189820,#3,#4,1774189820);
#12197=IFCPROPERTYSET('1e1lFuBYb2OAmokLCTkW8M',#12196,'Custo5D',$,(#12200));
#12198=IFCOWNERHISTORY(#3,#4,.READWRITE.,.ADDED.,1774189820,#3,#4,1774189820);
#12199=IFCRELDEFINESBYPROPERTIES('1DRrxq0Vb9zxtAAzQH8yjl',#12198,$,$,(#12173),#12197);
#12200=IFCPROPERTYSINGLEVALUE('Total_RS',$,IFCREAL(3078.),$);
#12201=IFCOWNERHISTORY(#3,#4,.READWRITE.,.MODIFIED.,1774189820,#3,#4,1774189820);
#12202=IFCBUILDINGELEMENTPROXY('1wJoEiHL9FF8yNFGkmotah',#12201,'PI_190',$,$,#12216,#12211,$,$);
#12208=IFCCIRCLEPROFILEDEF(.AREA.,$,#30,0.2);
#12209=IFCEXTRUDEDAREASOLID(#12208,#34,#32,1.5);
#12210=IFCSHAPEREPRESENTATION(#16,'Body','SweptSolid',(#12209));
#12211=IFCPRODUCTDEFINITIONSHAPE($,$,(#12210));
#12212=IFCCARTESIANPOINT((910.574940687628,493.270863573067,57.491));
#12213=IFCDIRECTION((0.,0.,1.));
#12214=IFCDIRECTION((1.,0.,0.));
#12215=IFCAXIS2PLACEMENT3D(#12212,#12213,#12214);
#12216=IFCLOCALPLACEMENT($,#12215);
#12217=IFCOWNERHISTORY(#3,#4,.READWRITE.,.ADDED.,1774189820,#3,#4,1774189820);
#12218=IFCPROPERTYSET('1_1PwpEUL0QA2k5$r2Hn7N',#12217,'PV',$,(#12221,#12222,#12223,#12224));
#12219=IFCOWNERHISTORY(#3,#4,.READWRITE.,.ADDED.,1774189820,#3,#4,1774189820);
#12220=IFCRELDEFINESBYPROPERTIES('2SBYar1fv8feE_9xPBTthR',#12219,$,$,(#12202),#12218);
#12221=IFCPROPERTYSINGLEVALUE('Tipo',$,IFCLABEL('PI'),$);
#12222=IFCPROPERTYSINGLEVALUE('CT',$,IFCREAL(58.991),$);
#12223=IFCPROPERTYSINGLEVALUE('CF',$,IFCREAL(57.491),$);
#12224=IFCPROPERTYSINGLEVALUE('Prof',$,IFCREAL(1.5),$);
#12225=IFCOWNERHISTORY(#3,#4,.READWRITE.,.ADDED.,1774189820,#3,#4,1774189820);
#12226=IFCPROPERTYSET('39CbC1QEr4suSZ9HgN5Dhd',#12225,'Custo5D',$,(#12229));
#12227=IFCOWNERHISTORY(#3,#4,.READWRITE.,.ADDED.,1774189820,#3,#4,1774189820);
#12228=IFCRELDEFINESBYPROPERTIES('11sZs_UOXFtuM1ymBSuCju',#12227,$,$,(#12202),#12226);
#12229=IFCPROPERTYSINGLEVALUE('Total_RS',$,IFCREAL(1250.),$);
#12230=IFCOWNERHISTORY(#3,#4,.READWRITE.,.MODIFIED.,1774189820,#3,#4,1774189820);
#12231=IFCBUILDINGELEMENTPROXY('21mmIQb1z6g9VOSfGiSK$_',#12230,'PI_191',$,$,#12245,#12240,$,$);
#12237=IFCCIRCLEPROFILEDEF(.AREA.,$,#30,0.2);
#12238=IFCEXTRUDEDAREASOLID(#12237,#34,#32,1.2);
#12239=IFCSHAPEREPRESENTATION(#16,'Body','SweptSolid',(#12238));
#12240=IFCPRODUCTDEFINITIONSHAPE($,$,(#12239));
#12241=IFCCARTESIANPOINT((914.641103328206,500.881788834929,57.767));
#12242=IFCDIRECTION((0.,0.,1.));
#12243=IFCDIRECTION((1.,0.,0.));
#12244=IFCAXIS2PLACEMENT3D(#12241,#12242,#12243);
#12245=IFCLOCALPLACEMENT($,#12244);
#12246=IFCOWNERHISTORY(#3,#4,.READWRITE.,.ADDED.,1774189820,#3,#4,1774189820);
#12247=IFCPROPERTYSET('3ZVjcfeBf6GfiqcHJgYLih',#12246,'PV',$,(#12250,#12251,#12252,#12253));
#12248=IFCOWNERHISTORY(#3,#4,.READWRITE.,.ADDED.,1774189820,#3,#4,1774189820);
#12249=IFCRELDEFINESBYPROPERTIES('3qKVrJcaLE$x$E4lkcmG7o',#12248,$,$,(#12231),#12247);
#12250=IFCPROPERTYSINGLEVALUE('Tipo',$,IFCLABEL('PI'),$);
#12251=IFCPROPERTYSINGLEVALUE('CT',$,IFCREAL(58.967),$);
#12252=IFCPROPERTYSINGLEVALUE('CF',$,IFCREAL(57.767),$);
#12253=IFCPROPERTYSINGLEVALUE('Prof',$,IFCREAL(1.2),$);
#12254=IFCOWNERHISTORY(#3,#4,.READWRITE.,.ADDED.,1774189820,#3,#4,1774189820);
#12255=IFCPROPERTYSET('1CCCpvo9X0eQHo_4iEp2or',#12254,'Custo5D',$,(#12258));
#12256=IFCOWNERHISTORY(#3,#4,.READWRITE.,.ADDED.,1774189820,#3,#4,1774189820);
#12257=IFCRELDEFINESBYPROPERTIES('2m0EMJyrXD7QDaKDZKh2Xe',#12256,$,$,(#12231),#12255);
#12258=IFCPROPERTYSINGLEVALUE('Total_RS',$,IFCREAL(1250.),$);
#12259=IFCOWNERHISTORY(#3,#4,.READWRITE.,.MODIFIED.,1774189820,#3,#4,1774189820);
#12260=IFCBUILDINGELEMENTPROXY('2w3oW8UD5Ay9_QPV_5iCs$',#12259,'PI_192',$,$,#12274,#12269,$,$);
#12266=IFCCIRCLEPROFILEDEF(.AREA.,$,#30,0.2);
#12267=IFCEXTRUDEDAREASOLID(#12266,#34,#32,0.599999999999994);
#12268=IFCSHAPEREPRESENTATION(#16,'Body','SweptSolid',(#12267));
#12269=IFCPRODUCTDEFINITIONSHAPE($,$,(#12268));
#12270=IFCCARTESIANPOINT((915.61283043545,503.074555094354,51.017));
#12271=IFCDIRECTION((0.,0.,1.));
#12272=IFCDIRECTION((1.,0.,0.));
#12273=IFCAXIS2PLACEMENT3D(#12270,#12271,#12272);
#12274=IFCLOCALPLACEMENT($,#12273);
#12275=IFCOWNERHISTORY(#3,#4,.READWRITE.,.ADDED.,1774189820,#3,#4,1774189820);
#12276=IFCPROPERTYSET('3_PBXv3aP1leV1VJToyKzG',#12275,'PV',$,(#12279,#12280,#12281,#12282));
#12277=IFCOWNERHISTORY(#3,#4,.READWRITE.,.ADDED.,1774189820,#3,#4,1774189820);
#12278=IFCRELDEFINESBYPROPERTIES('3H2VQRSnb4Cv6chVFBOrqA',#12277,$,$,(#12260),#12276);
#12279=IFCPROPERTYSINGLEVALUE('Tipo',$,IFCLABEL('PI'),$);
#12280=IFCPROPERTYSINGLEVALUE('CT',$,IFCREAL(51.617),$);
#12281=IFCPROPERTYSINGLEVALUE('CF',$,IFCREAL(51.017),$);
#12282=IFCPROPERTYSINGLEVALUE('Prof',$,IFCREAL(0.6),$);
#12283=IFCOWNERHISTORY(#3,#4,.READWRITE.,.ADDED.,1774189820,#3,#4,1774189820);
#12284=IFCPROPERTYSET('0OhKEQOCX47u97dO9Gdb9e',#12283,'Custo5D',$,(#12287));
#12285=IFCOWNERHISTORY(#3,#4,.READWRITE.,.ADDED.,1774189820,#3,#4,1774189820);
#12286=IFCRELDEFINESBYPROPERTIES('1eV56BOd5BDeMpjwmn1vUr',#12285,$,$,(#12260),#12284);
#12287=IFCPROPERTYSINGLEVALUE('Total_RS',$,IFCREAL(1250.),$);
#12288=IFCOWNERHISTORY(#3,#4,.READWRITE.,.MODIFIED.,1774189820,#3,#4,1774189820);
#12289=IFCBUILDINGELEMENTPROXY('1IjYbvbzf1wf2nOvNr$1gC',#12288,'PI_189',$,$,#12303,#12298,$,$);
#12295=IFCCIRCLEPROFILEDEF(.AREA.,$,#30,0.2);
#12296=IFCEXTRUDEDAREASOLID(#12295,#34,#32,0.600000000000001);
#12297=IFCSHAPEREPRESENTATION(#16,'Body','SweptSolid',(#12296));
#12298=IFCPRODUCTDEFINITIONSHAPE($,$,(#12297));
#12299=IFCCARTESIANPOINT((898.780522573274,496.192585985176,52.326));
#12300=IFCDIRECTION((0.,0.,1.));
#12301=IFCDIRECTION((1.,0.,0.));
#12302=IFCAXIS2PLACEMENT3D(#12299,#12300,#12301);
#12303=IFCLOCALPLACEMENT($,#12302);
#12304=IFCOWNERHISTORY(#3,#4,.READWRITE.,.ADDED.,1774189820,#3,#4,1774189820);
#12305=IFCPROPERTYSET('14giNf_M1Bsha6Y3wRLNwX',#12304,'PV',$,(#12308,#12309,#12310,#12311));
#12306=IFCOWNERHISTORY(#3,#4,.READWRITE.,.ADDED.,1774189820,#3,#4,1774189820);
#12307=IFCRELDEFINESBYPROPERTIES('1zAJ8foEzCcBXIriBr5RfI',#12306,$,$,(#12289),#12305);
#12308=IFCPROPERTYSINGLEVALUE('Tipo',$,IFCLABEL('PI'),$);
#12309=IFCPROPERTYSINGLEVALUE('CT',$,IFCREAL(52.926),$);
#12310=IFCPROPERTYSINGLEVALUE('CF',$,IFCREAL(52.326),$);
#12311=IFCPROPERTYSINGLEVALUE('Prof',$,IFCREAL(0.6),$);
#12312=IFCOWNERHISTORY(#3,#4,.READWRITE.,.ADDED.,1774189820,#3,#4,1774189820);
#12313=IFCPROPERTYSET('0B78EkHIT4pACVbSH3jBf0',#12312,'Custo5D',$,(#12316));
#12314=IFCOWNERHISTORY(#3,#4,.READWRITE.,.ADDED.,1774189820,#3,#4,1774189820);
#12315=IFCRELDEFINESBYPROPERTIES('0iEuLFgUjBaBILNQlLQO3s',#12314,$,$,(#12289),#12313);
#12316=IFCPROPERTYSINGLEVALUE('Total_RS',$,IFCREAL(1250.),$);
#12317=IFCOWNERHISTORY(#3,#4,.READWRITE.,.MODIFIED.,1774189820,#3,#4,1774189820);
#12318=IFCBUILDINGELEMENTPROXY('1Yq61lrmfAeRjYNG3NtyJe',#12317,'PI_188',$,$,#12332,#12327,$,$);
#12324=IFCCIRCLEPROFILEDEF(.AREA.,$,#30,0.2);
#12325=IFCEXTRUDEDAREASOLID(#12324,#34,#32,0.599999999999994);
#12326=IFCSHAPEREPRESENTATION(#16,'Body','SweptSolid',(#12325));
#12327=IFCPRODUCTDEFINITIONSHAPE($,$,(#12326));
#12328=IFCCARTESIANPOINT((897.150434189942,494.898027726449,51.136));
#12329=IFCDIRECTION((0.,0.,1.));
#12330=IFCDIRECTION((1.,0.,0.));
#12331=IFCAXIS2PLACEMENT3D(#12328,#12329,#12330);
#12332=IFCLOCALPLACEMENT($,#12331);
#12333=IFCOWNERHISTORY(#3,#4,.READWRITE.,.ADDED.,1774189820,#3,#4,1774189820);
#12334=IFCPROPERTYSET('0ekfe_1sf1lhKqXIGQowO3',#12333,'PV',$,(#12337,#12338,#12339,#12340));
#12335=IFCOWNERHISTORY(#3,#4,.READWRITE.,.ADDED.,1774189820,#3,#4,1774189820);
#12336=IFCRELDEFINESBYPROPERTIES('2BWUDveeLAKurOtc6v2wnz',#12335,$,$,(#12318),#12334);
#12337=IFCPROPERTYSINGLEVALUE('Tipo',$,IFCLABEL('PI'),$);
#12338=IFCPROPERTYSINGLEVALUE('CT',$,IFCREAL(51.736),$);
#12339=IFCPROPERTYSINGLEVALUE('CF',$,IFCREAL(51.136),$);
#12340=IFCPROPERTYSINGLEVALUE('Prof',$,IFCREAL(0.6),$);
#12341=IFCOWNERHISTORY(#3,#4,.READWRITE.,.ADDED.,1774189820,#3,#4,1774189820);
#12342=IFCPROPERTYSET('23NfUntPz6oREFuwu9Wuqp',#12341,'Custo5D',$,(#12345));
#12343=IFCOWNERHISTORY(#3,#4,.READWRITE.,.ADDED.,1774189820,#3,#4,1774189820);
#12344=IFCRELDEFINESBYPROPERTIES('1uS7PDJSjF8AbpennfDqTO',#12343,$,$,(#12318),#12342);
#12345=IFCPROPERTYSINGLEVALUE('Total_RS',$,IFCREAL(1250.),$);
#12346=IFCOWNERHISTORY(#3,#4,.READWRITE.,.MODIFIED.,1774189820,#3,#4,1774189820);
#12347=IFCBUILDINGELEMENTPROXY('3KmIAoCQz6H9pkYxipSiJq',#12346,'PI_187',$,$,#12361,#12356,$,$);
#12353=IFCCIRCLEPROFILEDEF(.AREA.,$,#30,0.2);
#12354=IFCEXTRUDEDAREASOLID(#12353,#34,#32,0.600000000000001);
#12355=IFCSHAPEREPRESENTATION(#16,'Body','SweptSolid',(#12354));
#12356=IFCPRODUCTDEFINITIONSHAPE($,$,(#12355));
#12357=IFCCARTESIANPOINT((892.953011724341,491.116982755251,48.915));
#12358=IFCDIRECTION((0.,0.,1.));
#12359=IFCDIRECTION((1.,0.,0.));
#12360=IFCAXIS2PLACEMENT3D(#12357,#12358,#12359);
#12361=IFCLOCALPLACEMENT($,#12360);
#12362=IFCOWNERHISTORY(#3,#4,.READWRITE.,.ADDED.,1774189820,#3,#4,1774189820);
#12363=IFCPROPERTYSET('13nDNItSn8wfuKsfLLE_2I',#12362,'PV',$,(#12366,#12367,#12368,#12369));
#12364=IFCOWNERHISTORY(#3,#4,.READWRITE.,.ADDED.,1774189820,#3,#4,1774189820);
#12365=IFCRELDEFINESBYPROPERTIES('18FclK0EH58u9pSUkqsX7N',#12364,$,$,(#12347),#12363);
#12366=IFCPROPERTYSINGLEVALUE('Tipo',$,IFCLABEL('PI'),$);
#12367=IFCPROPERTYSINGLEVALUE('CT',$,IFCREAL(49.515),$);
#12368=IFCPROPERTYSINGLEVALUE('CF',$,IFCREAL(48.915),$);
#12369=IFCPROPERTYSINGLEVALUE('Prof',$,IFCREAL(0.6),$);
#12370=IFCOWNERHISTORY(#3,#4,.READWRITE.,.ADDED.,1774189820,#3,#4,1774189820);
#12371=IFCPROPERTYSET('2ivpnqYMDC7RtuLne6Hp8w',#12370,'Custo5D',$,(#12374));
#12372=IFCOWNERHISTORY(#3,#4,.READWRITE.,.ADDED.,1774189820,#3,#4,1774189820);
#12373=IFCRELDEFINESBYPROPERTIES('0eS_pJcCjE5h84$wdwubsH',#12372,$,$,(#12347),#12371);
#12374=IFCPROPERTYSINGLEVALUE('Total_RS',$,IFCREAL(1250.),$);
#12375=IFCOWNERHISTORY(#3,#4,.READWRITE.,.MODIFIED.,1774189820,#3,#4,1774189820);
#12376=IFCBUILDINGELEMENTPROXY('22DVkITrj2gOsItLMG0RjC',#12375,'PI_186',$,$,#12390,#12385,$,$);
#12382=IFCCIRCLEPROFILEDEF(.AREA.,$,#30,0.2);
#12383=IFCEXTRUDEDAREASOLID(#12382,#34,#32,0.600000000000001);
#12384=IFCSHAPEREPRESENTATION(#16,'Body','SweptSolid',(#12383));
#12385=IFCPRODUCTDEFINITIONSHAPE($,$,(#12384));
#12386=IFCCARTESIANPOINT((888.702830120164,493.312133372761,48.237));
#12387=IFCDIRECTION((0.,0.,1.));
#12388=IFCDIRECTION((1.,0.,0.));
#12389=IFCAXIS2PLACEMENT3D(#12386,#12387,#12388);
#12390=IFCLOCALPLACEMENT($,#12389);
#12391=IFCOWNERHISTORY(#3,#4,.READWRITE.,.ADDED.,1774189820,#3,#4,1774189820);
#12392=IFCPROPERTYSET('0MnqDRXcj8RfkapYMTbO58',#12391,'PV',$,(#12395,#12396,#12397,#12398));
#12393=IFCOWNERHISTORY(#3,#4,.READWRITE.,.ADDED.,1774189820,#3,#4,1774189820);
#12394=IFCRELDEFINESBYPROPERTIES('2ZkTIIfs5BqeP597IQ$RpI',#12393,$,$,(#12376),#12392);
#12395=IFCPROPERTYSINGLEVALUE('Tipo',$,IFCLABEL('PI'),$);
#12396=IFCPROPERTYSINGLEVALUE('CT',$,IFCREAL(48.837),$);
#12397=IFCPROPERTYSINGLEVALUE('CF',$,IFCREAL(48.237),$);
#12398=IFCPROPERTYSINGLEVALUE('Prof',$,IFCREAL(0.6),$);
#12399=IFCOWNERHISTORY(#3,#4,.READWRITE.,.ADDED.,1774189820,#3,#4,1774189820);
#12400=IFCPROPERTYSET('1n1wbU15j7BxaK3Cy$wPsI',#12399,'Custo5D',$,(#12403));
#12401=IFCOWNERHISTORY(#3,#4,.READWRITE.,.ADDED.,1774189820,#3,#4,1774189820);
#12402=IFCRELDEFINESBYPROPERTIES('3Jpi1fjt9AphyHJDOtucFt',#12401,$,$,(#12376),#12400);
#12403=IFCPROPERTYSINGLEVALUE('Total_RS',$,IFCREAL(1250.),$);
#12404=IFCOWNERHISTORY(#3,#4,.READWRITE.,.MODIFIED.,1774189820,#3,#4,1774189820);
#12405=IFCBUILDINGELEMENTPROXY('2YvsvpUS57RPIxHUh72_17',#12404,'PI_185',$,$,#12419,#12414,$,$);
#12411=IFCCIRCLEPROFILEDEF(.AREA.,$,#30,0.2);
#12412=IFCEXTRUDEDAREASOLID(#12411,#34,#32,0.600000000000001);
#12413=IFCSHAPEREPRESENTATION(#16,'Body','SweptSolid',(#12412));
#12414=IFCPRODUCTDEFINITIONSHAPE($,$,(#12413));
#12415=IFCCARTESIANPOINT((874.010130282317,478.35807215143,46.427));
#12416=IFCDIRECTION((0.,0.,1.));
#12417=IFCDIRECTION((1.,0.,0.));
#12418=IFCAXIS2PLACEMENT3D(#12415,#12416,#12417);
#12419=IFCLOCALPLACEMENT($,#12418);
#12420=IFCOWNERHISTORY(#3,#4,.READWRITE.,.ADDED.,1774189820,#3,#4,1774189820);
#12421=IFCPROPERTYSET('0ILxjzzF1CjAJacelpUcOw',#12420,'PV',$,(#12424,#12425,#12426,#12427));
#12422=IFCOWNERHISTORY(#3,#4,.READWRITE.,.ADDED.,1774189820,#3,#4,1774189820);
#12423=IFCRELDEFINESBYPROPERTIES('2J7CSi5bT3xQf5Y0zV1Yxw',#12422,$,$,(#12405),#12421);
#12424=IFCPROPERTYSINGLEVALUE('Tipo',$,IFCLABEL('PI'),$);
#12425=IFCPROPERTYSINGLEVALUE('CT',$,IFCREAL(47.027),$);
#12426=IFCPROPERTYSINGLEVALUE('CF',$,IFCREAL(46.427),$);
#12427=IFCPROPERTYSINGLEVALUE('Prof',$,IFCREAL(0.6),$);
#12428=IFCOWNERHISTORY(#3,#4,.READWRITE.,.ADDED.,1774189820,#3,#4,1774189820);
#12429=IFCPROPERTYSET('1ftICtcu51z83n_PIegOBw',#12428,'Custo5D',$,(#12432));
#12430=IFCOWNERHISTORY(#3,#4,.READWRITE.,.ADDED.,1774189820,#3,#4,1774189820);
#12431=IFCRELDEFINESBYPROPERTIES('1bF99jpZjCcf79uJAOY8AP',#12430,$,$,(#12405),#12429);
#12432=IFCPROPERTYSINGLEVALUE('Total_RS',$,IFCREAL(1250.),$);
#12433=IFCOWNERHISTORY(#3,#4,.READWRITE.,.MODIFIED.,1774189820,#3,#4,1774189820);
#12434=IFCBUILDINGELEMENTPROXY('1ooLhlhtn5JvO_AAsv2h5t',#12433,'PV_20',$,$,#12448,#12443,$,$);
#12440=IFCCIRCLEPROFILEDEF(.AREA.,$,#30,0.3);
#12441=IFCEXTRUDEDAREASOLID(#12440,#34,#32,0.600000000000001);
#12442=IFCSHAPEREPRESENTATION(#16,'Body','SweptSolid',(#12441));
#12443=IFCPRODUCTDEFINITIONSHAPE($,$,(#12442));
#12444=IFCCARTESIANPOINT((864.837871204829,510.869809094816,43.196));
#12445=IFCDIRECTION((0.,0.,1.));
#12446=IFCDIRECTION((1.,0.,0.));
#12447=IFCAXIS2PLACEMENT3D(#12444,#12445,#12446);
#12448=IFCLOCALPLACEMENT($,#12447);
#12449=IFCOWNERHISTORY(#3,#4,.READWRITE.,.ADDED.,1774189820,#3,#4,1774189820);
#12450=IFCPROPERTYSET('3BLm76J6z2HATAiWlho$kp',#12449,'PV',$,(#12453,#12454,#12455,#12456));
#12451=IFCOWNERHISTORY(#3,#4,.READWRITE.,.ADDED.,1774189820,#3,#4,1774189820);
#12452=IFCRELDEFINESBYPROPERTIES('2r67Y1sInBpBTiV7LJhg7n',#12451,$,$,(#12434),#12450);
#12453=IFCPROPERTYSINGLEVALUE('Tipo',$,IFCLABEL('PV'),$);
#12454=IFCPROPERTYSINGLEVALUE('CT',$,IFCREAL(43.796),$);
#12455=IFCPROPERTYSINGLEVALUE('CF',$,IFCREAL(43.196),$);
#12456=IFCPROPERTYSINGLEVALUE('Prof',$,IFCREAL(0.6),$);
#12457=IFCOWNERHISTORY(#3,#4,.READWRITE.,.ADDED.,1774189820,#3,#4,1774189820);
#12458=IFCPROPERTYSET('0NcV_5sLz6APlw0Hbmzohp',#12457,'Custo5D',$,(#12461));
#12459=IFCOWNERHISTORY(#3,#4,.READWRITE.,.ADDED.,1774189820,#3,#4,1774189820);
#12460=IFCRELDEFINESBYPROPERTIES('0Vgje9ebP2R8sLFGgFZOIL',#12459,$,$,(#12434),#12458);
#12461=IFCPROPERTYSINGLEVALUE('Total_RS',$,IFCREAL(3078.),$);
#12462=IFCOWNERHISTORY(#3,#4,.READWRITE.,.MODIFIED.,1774189820,#3,#4,1774189820);
#12463=IFCBUILDINGELEMENTPROXY('2flieFVb5DSf0sUn9pPCbN',#12462,'PV_21',$,$,#12477,#12472,$,$);
#12469=IFCCIRCLEPROFILEDEF(.AREA.,$,#30,0.3);
#12470=IFCEXTRUDEDAREASOLID(#12469,#34,#32,0.600000000000001);
#12471=IFCSHAPEREPRESENTATION(#16,'Body','SweptSolid',(#12470));
#12472=IFCPRODUCTDEFINITIONSHAPE($,$,(#12471));
#12473=IFCCARTESIANPOINT((866.725037162309,512.29212458618,44.802));
#12474=IFCDIRECTION((0.,0.,1.));
#12475=IFCDIRECTION((1.,0.,0.));
#12476=IFCAXIS2PLACEMENT3D(#12473,#12474,#12475);
#12477=IFCLOCALPLACEMENT($,#12476);
#12478=IFCOWNERHISTORY(#3,#4,.READWRITE.,.ADDED.,1774189820,#3,#4,1774189820);
#12479=IFCPROPERTYSET('1nGUMHkeH9iPJgx9u665Mt',#12478,'PV',$,(#12482,#12483,#12484,#12485));
#12480=IFCOWNERHISTORY(#3,#4,.READWRITE.,.ADDED.,1774189820,#3,#4,1774189820);
#12481=IFCRELDEFINESBYPROPERTIES('1g31kZJKvDwBoz2sxDfOj9',#12480,$,$,(#12463),#12479);
#12482=IFCPROPERTYSINGLEVALUE('Tipo',$,IFCLABEL('PV'),$);
#12483=IFCPROPERTYSINGLEVALUE('CT',$,IFCREAL(45.402),$);
#12484=IFCPROPERTYSINGLEVALUE('CF',$,IFCREAL(44.802),$);
#12485=IFCPROPERTYSINGLEVALUE('Prof',$,IFCREAL(0.6),$);
#12486=IFCOWNERHISTORY(#3,#4,.READWRITE.,.ADDED.,1774189820,#3,#4,1774189820);
#12487=IFCPROPERTYSET('0y_h7mwDDEaPk8u3hUeVxZ',#12486,'Custo5D',$,(#12490));
#12488=IFCOWNERHISTORY(#3,#4,.READWRITE.,.ADDED.,1774189820,#3,#4,1774189820);
#12489=IFCRELDEFINESBYPROPERTIES('2_Ew3wBHD5LBFsZyiAocZf',#12488,$,$,(#12463),#12487);
#12490=IFCPROPERTYSINGLEVALUE('Total_RS',$,IFCREAL(3078.),$);
#12491=IFCOWNERHISTORY(#3,#4,.READWRITE.,.MODIFIED.,1774189820,#3,#4,1774189820);
#12492=IFCBUILDINGELEMENTPROXY('2DXh97f7LAvg_1DT4uK6Qu',#12491,'PV_22',$,$,#12506,#12501,$,$);
#12498=IFCCIRCLEPROFILEDEF(.AREA.,$,#30,0.3);
#12499=IFCEXTRUDEDAREASOLID(#12498,#34,#32,0.161000000000001);
#12500=IFCSHAPEREPRESENTATION(#16,'Body','SweptSolid',(#12499));
#12501=IFCPRODUCTDEFINITIONSHAPE($,$,(#12500));
#12502=IFCCARTESIANPOINT((882.603681850014,515.058030317537,44.835));
#12503=IFCDIRECTION((0.,0.,1.));
#12504=IFCDIRECTION((1.,0.,0.));
#12505=IFCAXIS2PLACEMENT3D(#12502,#12503,#12504);
#12506=IFCLOCALPLACEMENT($,#12505);
#12507=IFCOWNERHISTORY(#3,#4,.READWRITE.,.ADDED.,1774189820,#3,#4,1774189820);
#12508=IFCPROPERTYSET('1dyQuYvLH4sOFblIPzn$Ul',#12507,'PV',$,(#12511,#12512,#12513,#12514));
#12509=IFCOWNERHISTORY(#3,#4,.READWRITE.,.ADDED.,1774189820,#3,#4,1774189820);
#12510=IFCRELDEFINESBYPROPERTIES('2YDI2pHGjCyxSgAHV8bTeW',#12509,$,$,(#12492),#12508);
#12511=IFCPROPERTYSINGLEVALUE('Tipo',$,IFCLABEL('PV'),$);
#12512=IFCPROPERTYSINGLEVALUE('CT',$,IFCREAL(44.996),$);
#12513=IFCPROPERTYSINGLEVALUE('CF',$,IFCREAL(44.835),$);
#12514=IFCPROPERTYSINGLEVALUE('Prof',$,IFCREAL(0.16),$);
#12515=IFCOWNERHISTORY(#3,#4,.READWRITE.,.ADDED.,1774189820,#3,#4,1774189820);
#12516=IFCPROPERTYSET('2mFajyp4bE3xOD3QNmh$n6',#12515,'Custo5D',$,(#12519));
#12517=IFCOWNERHISTORY(#3,#4,.READWRITE.,.ADDED.,1774189820,#3,#4,1774189820);
#12518=IFCRELDEFINESBYPROPERTIES('3X26itldTBFPUIQUbA_N_$',#12517,$,$,(#12492),#12516);
#12519=IFCPROPERTYSINGLEVALUE('Total_RS',$,IFCREAL(3078.),$);
#12520=IFCOWNERHISTORY(#3,#4,.READWRITE.,.MODIFIED.,1774189820,#3,#4,1774189820);
#12521=IFCBUILDINGELEMENTPROXY('3BLxhAz5nBJhx3uN23LI3h',#12520,'PV_23',$,$,#12535,#12530,$,$);
#12527=IFCCIRCLEPROFILEDEF(.AREA.,$,#30,0.3);
#12528=IFCEXTRUDEDAREASOLID(#12527,#34,#32,0.600000000000001);
#12529=IFCSHAPEREPRESENTATION(#16,'Body','SweptSolid',(#12528));
#12530=IFCPRODUCTDEFINITIONSHAPE($,$,(#12529));
#12531=IFCCARTESIANPOINT((884.628501624742,514.891064118594,46.849));
#12532=IFCDIRECTION((0.,0.,1.));
#12533=IFCDIRECTION((1.,0.,0.));
#12534=IFCAXIS2PLACEMENT3D(#12531,#12532,#12533);
#12535=IFCLOCALPLACEMENT($,#12534);
#12536=IFCOWNERHISTORY(#3,#4,.READWRITE.,.ADDED.,1774189820,#3,#4,1774189820);
#12537=IFCPROPERTYSET('20vlBxr29CkvXByyx2D0ss',#12536,'PV',$,(#12540,#12541,#12542,#12543));
#12538=IFCOWNERHISTORY(#3,#4,.READWRITE.,.ADDED.,1774189820,#3,#4,1774189820);
#12539=IFCRELDEFINESBYPROPERTIES('00_pKhkuHAXfyBUpE81lM_',#12538,$,$,(#12521),#12537);
#12540=IFCPROPERTYSINGLEVALUE('Tipo',$,IFCLABEL('PV'),$);
#12541=IFCPROPERTYSINGLEVALUE('CT',$,IFCREAL(47.449),$);
#12542=IFCPROPERTYSINGLEVALUE('CF',$,IFCREAL(46.849),$);
#12543=IFCPROPERTYSINGLEVALUE('Prof',$,IFCREAL(0.6),$);
#12544=IFCOWNERHISTORY(#3,#4,.READWRITE.,.ADDED.,1774189820,#3,#4,1774189820);
#12545=IFCPROPERTYSET('1NbuxFK$bCkR1Yu4y6CxQa',#12544,'Custo5D',$,(#12548));
#12546=IFCOWNERHISTORY(#3,#4,.READWRITE.,.ADDED.,1774189820,#3,#4,1774189820);
#12547=IFCRELDEFINESBYPROPERTIES('0Rvd_QRnXAihCgMNsDG4qG',#12546,$,$,(#12521),#12545);
#12548=IFCPROPERTYSINGLEVALUE('Total_RS',$,IFCREAL(3078.),$);
#12549=IFCOWNERHISTORY(#3,#4,.READWRITE.,.MODIFIED.,1774189820,#3,#4,1774189820);
#12550=IFCBUILDINGELEMENTPROXY('2n2P5Ibk1Fae9S2N12CJbQ',#12549,'PV_25',$,$,#12564,#12559,$,$);
#12556=IFCCIRCLEPROFILEDEF(.AREA.,$,#30,0.3);
#12557=IFCEXTRUDEDAREASOLID(#12556,#34,#32,0.600000000000001);
#12558=IFCSHAPEREPRESENTATION(#16,'Body','SweptSolid',(#12557));
#12559=IFCPRODUCTDEFINITIONSHAPE($,$,(#12558));
#12560=IFCCARTESIANPOINT((907.626249704917,526.409108282067,51.576));
#12561=IFCDIRECTION((0.,0.,1.));
#12562=IFCDIRECTION((1.,0.,0.));
#12563=IFCAXIS2PLACEMENT3D(#12560,#12561,#12562);
#12564=IFCLOCALPLACEMENT($,#12563);
#12565=IFCOWNERHISTORY(#3,#4,.READWRITE.,.ADDED.,1774189820,#3,#4,1774189820);
#12566=IFCPROPERTYSET('3XNS10v_TA1wxievd4mfqj',#12565,'PV',$,(#12569,#12570,#12571,#12572));
#12567=IFCOWNERHISTORY(#3,#4,.READWRITE.,.ADDED.,1774189820,#3,#4,1774189820);
#12568=IFCRELDEFINESBYPROPERTIES('0QBuprCgHF3hLVnH4h4FNi',#12567,$,$,(#12550),#12566);
#12569=IFCPROPERTYSINGLEVALUE('Tipo',$,IFCLABEL('PV'),$);
#12570=IFCPROPERTYSINGLEVALUE('CT',$,IFCREAL(52.176),$);
#12571=IFCPROPERTYSINGLEVALUE('CF',$,IFCREAL(51.576),$);
#12572=IFCPROPERTYSINGLEVALUE('Prof',$,IFCREAL(0.6),$);
#12573=IFCOWNERHISTORY(#3,#4,.READWRITE.,.ADDED.,1774189820,#3,#4,1774189820);
#12574=IFCPROPERTYSET('0SiFmp0R92QhZwRJ4QEHam',#12573,'Custo5D',$,(#12577));
#12575=IFCOWNERHISTORY(#3,#4,.READWRITE.,.ADDED.,1774189820,#3,#4,1774189820);
#12576=IFCRELDEFINESBYPROPERTIES('1IiYzvdbv0AAOSznXIXrU3',#12575,$,$,(#12550),#12574);
#12577=IFCPROPERTYSINGLEVALUE('Total_RS',$,IFCREAL(3078.),$);
#12578=IFCOWNERHISTORY(#3,#4,.READWRITE.,.MODIFIED.,1774189820,#3,#4,1774189820);
#12579=IFCBUILDINGELEMENTPROXY('1nO$XcZUj7vPN6SSG7acWj',#12578,'PV_24',$,$,#12593,#12588,$,$);
#12585=IFCCIRCLEPROFILEDEF(.AREA.,$,#30,0.3);
#12586=IFCEXTRUDEDAREASOLID(#12585,#34,#32,0.600000000000001);
#12587=IFCSHAPEREPRESENTATION(#16,'Body','SweptSolid',(#12586));
#12588=IFCPRODUCTDEFINITIONSHAPE($,$,(#12587));
#12589=IFCCARTESIANPOINT((906.174167834048,524.585895963013,47.408));
#12590=IFCDIRECTION((0.,0.,1.));
#12591=IFCDIRECTION((1.,0.,0.));
#12592=IFCAXIS2PLACEMENT3D(#12589,#12590,#12591);
#12593=IFCLOCALPLACEMENT($,#12592);
#12594=IFCOWNERHISTORY(#3,#4,.READWRITE.,.ADDED.,1774189820,#3,#4,1774189820);
#12595=IFCPROPERTYSET('3Ef3yCKEz8_98mO_MZo8Bp',#12594,'PV',$,(#12598,#12599,#12600,#12601));
#12596=IFCOWNERHISTORY(#3,#4,.READWRITE.,.ADDED.,1774189820,#3,#4,1774189820);
#12597=IFCRELDEFINESBYPROPERTIES('0wlulDxF1Eve_nMcRSXI$N',#12596,$,$,(#12579),#12595);
#12598=IFCPROPERTYSINGLEVALUE('Tipo',$,IFCLABEL('PV'),$);
#12599=IFCPROPERTYSINGLEVALUE('CT',$,IFCREAL(48.008),$);
#12600=IFCPROPERTYSINGLEVALUE('CF',$,IFCREAL(47.408),$);
#12601=IFCPROPERTYSINGLEVALUE('Prof',$,IFCREAL(0.6),$);
#12602=IFCOWNERHISTORY(#3,#4,.READWRITE.,.ADDED.,1774189820,#3,#4,1774189820);
#12603=IFCPROPERTYSET('3FPJ5Jumb3GOdy_2qvHXW8',#12602,'Custo5D',$,(#12606));
#12604=IFCOWNERHISTORY(#3,#4,.READWRITE.,.ADDED.,1774189820,#3,#4,1774189820);
#12605=IFCRELDEFINESBYPROPERTIES('0d61TJItDEk8PFDBzOd7XK',#12604,$,$,(#12579),#12603);
#12606=IFCPROPERTYSINGLEVALUE('Total_RS',$,IFCREAL(3078.),$);
#12607=IFCOWNERHISTORY(#3,#4,.READWRITE.,.MODIFIED.,1774189820,#3,#4,1774189820);
#12608=IFCBUILDINGELEMENTPROXY('1gvmbbdIbCsv8hx7yDsI0S',#12607,'PV_26',$,$,#12622,#12617,$,$);
#12614=IFCCIRCLEPROFILEDEF(.AREA.,$,#30,0.3);
#12615=IFCEXTRUDEDAREASOLID(#12614,#34,#32,0.599999999999994);
#12616=IFCSHAPEREPRESENTATION(#16,'Body','SweptSolid',(#12615));
#12617=IFCPRODUCTDEFINITIONSHAPE($,$,(#12616));
#12618=IFCCARTESIANPOINT((916.297632909846,542.994836862199,55.093));
#12619=IFCDIRECTION((0.,0.,1.));
#12620=IFCDIRECTION((1.,0.,0.));
#12621=IFCAXIS2PLACEMENT3D(#12618,#12619,#12620);
#12622=IFCLOCALPLACEMENT($,#12621);
#12623=IFCOWNERHISTORY(#3,#4,.READWRITE.,.ADDED.,1774189820,#3,#4,1774189820);
#12624=IFCPROPERTYSET('06RaLj$e19Av_fmar4IF6j',#12623,'PV',$,(#12627,#12628,#12629,#12630));
#12625=IFCOWNERHISTORY(#3,#4,.READWRITE.,.ADDED.,1774189820,#3,#4,1774189820);
#12626=IFCRELDEFINESBYPROPERTIES('3iTu9dzEf9hh$NfMBl0y1h',#12625,$,$,(#12608),#12624);
#12627=IFCPROPERTYSINGLEVALUE('Tipo',$,IFCLABEL('PV'),$);
#12628=IFCPROPERTYSINGLEVALUE('CT',$,IFCREAL(55.693),$);
#12629=IFCPROPERTYSINGLEVALUE('CF',$,IFCREAL(55.093),$);
#12630=IFCPROPERTYSINGLEVALUE('Prof',$,IFCREAL(0.6),$);
#12631=IFCOWNERHISTORY(#3,#4,.READWRITE.,.ADDED.,1774189820,#3,#4,1774189820);
#12632=IFCPROPERTYSET('0qyKH3spLEQfhxRAGdlX_I',#12631,'Custo5D',$,(#12635));
#12633=IFCOWNERHISTORY(#3,#4,.READWRITE.,.ADDED.,1774189820,#3,#4,1774189820);
#12634=IFCRELDEFINESBYPROPERTIES('2rKpqv0cP6EvOGp3HMwYub',#12633,$,$,(#12608),#12632);
#12635=IFCPROPERTYSINGLEVALUE('Total_RS',$,IFCREAL(3078.),$);
#12636=IFCOWNERHISTORY(#3,#4,.READWRITE.,.MODIFIED.,1774189820,#3,#4,1774189820);
#12637=IFCBUILDINGELEMENTPROXY('1GN0uIaaH1OxECP99WHiwP',#12636,'PI_194',$,$,#12651,#12646,$,$);
#12643=IFCCIRCLEPROFILEDEF(.AREA.,$,#30,0.2);
#12644=IFCEXTRUDEDAREASOLID(#12643,#34,#32,0.600000000000001);
#12645=IFCSHAPEREPRESENTATION(#16,'Body','SweptSolid',(#12644));
#12646=IFCPRODUCTDEFINITIONSHAPE($,$,(#12645));
#12647=IFCCARTESIANPOINT((914.646949870337,541.554209722206,59.506));
#12648=IFCDIRECTION((0.,0.,1.));
#12649=IFCDIRECTION((1.,0.,0.));
#12650=IFCAXIS2PLACEMENT3D(#12647,#12648,#12649);
#12651=IFCLOCALPLACEMENT($,#12650);
#12652=IFCOWNERHISTORY(#3,#4,.READWRITE.,.ADDED.,1774189820,#3,#4,1774189820);
#12653=IFCPROPERTYSET('3LbCdsPjDBog0dOR1tf7tj',#12652,'PV',$,(#12656,#12657,#12658,#12659));
#12654=IFCOWNERHISTORY(#3,#4,.READWRITE.,.ADDED.,1774189820,#3,#4,1774189820);
#12655=IFCRELDEFINESBYPROPERTIES('0EWd3bssv0Vh89p6pwAZqm',#12654,$,$,(#12637),#12653);
#12656=IFCPROPERTYSINGLEVALUE('Tipo',$,IFCLABEL('PI'),$);
#12657=IFCPROPERTYSINGLEVALUE('CT',$,IFCREAL(60.106),$);
#12658=IFCPROPERTYSINGLEVALUE('CF',$,IFCREAL(59.506),$);
#12659=IFCPROPERTYSINGLEVALUE('Prof',$,IFCREAL(0.6),$);
#12660=IFCOWNERHISTORY(#3,#4,.READWRITE.,.ADDED.,1774189820,#3,#4,1774189820);
#12661=IFCPROPERTYSET('15oiXHUHv8qQMiPryWNKqn',#12660,'Custo5D',$,(#12664));
#12662=IFCOWNERHISTORY(#3,#4,.READWRITE.,.ADDED.,1774189820,#3,#4,1774189820);
#12663=IFCRELDEFINESBYPROPERTIES('0P1NSd8wL9Be6d$g9Pn_6C',#12662,$,$,(#12637),#12661);
#12664=IFCPROPERTYSINGLEVALUE('Total_RS',$,IFCREAL(1250.),$);
#12665=IFCOWNERHISTORY(#3,#4,.READWRITE.,.MODIFIED.,1774189820,#3,#4,1774189820);
#12666=IFCBUILDINGELEMENTPROXY('3PwdhPxL960QMkSBLubcRF',#12665,'PI_170',$,$,#12680,#12675,$,$);
#12672=IFCCIRCLEPROFILEDEF(.AREA.,$,#30,0.2);
#12673=IFCEXTRUDEDAREASOLID(#12672,#34,#32,0.599999999999994);
#12674=IFCSHAPEREPRESENTATION(#16,'Body','SweptSolid',(#12673));
#12675=IFCPRODUCTDEFINITIONSHAPE($,$,(#12674));
#12676=IFCCARTESIANPOINT((870.9305682712,533.653370480984,54.587));
#12677=IFCDIRECTION((0.,0.,1.));
#12678=IFCDIRECTION((1.,0.,0.));
#12679=IFCAXIS2PLACEMENT3D(#12676,#12677,#12678);
#12680=IFCLOCALPLACEMENT($,#12679);
#12681=IFCOWNERHISTORY(#3,#4,.READWRITE.,.ADDED.,1774189820,#3,#4,1774189820);
#12682=IFCPROPERTYSET('3oFWu1MDj3D8tGWNC8OyZG',#12681,'PV',$,(#12685,#12686,#12687,#12688));
#12683=IFCOWNERHISTORY(#3,#4,.READWRITE.,.ADDED.,1774189820,#3,#4,1774189820);
#12684=IFCRELDEFINESBYPROPERTIES('2oyKFxfLvBffLZ63JjzR1h',#12683,$,$,(#12666),#12682);
#12685=IFCPROPERTYSINGLEVALUE('Tipo',$,IFCLABEL('PI'),$);
#12686=IFCPROPERTYSINGLEVALUE('CT',$,IFCREAL(55.187),$);
#12687=IFCPROPERTYSINGLEVALUE('CF',$,IFCREAL(54.587),$);
#12688=IFCPROPERTYSINGLEVALUE('Prof',$,IFCREAL(0.6),$);
#12689=IFCOWNERHISTORY(#3,#4,.READWRITE.,.ADDED.,1774189820,#3,#4,1774189820);
#12690=IFCPROPERTYSET('2mJRyiZHbECO5vjuZBA$N6',#12689,'Custo5D',$,(#12693));
#12691=IFCOWNERHISTORY(#3,#4,.READWRITE.,.ADDED.,1774189820,#3,#4,1774189820);
#12692=IFCRELDEFINESBYPROPERTIES('3niwY1w0D4Lg4$3vykhsS6',#12691,$,$,(#12666),#12690);
#12693=IFCPROPERTYSINGLEVALUE('Total_RS',$,IFCREAL(1250.),$);
#12694=IFCOWNERHISTORY(#3,#4,.READWRITE.,.MODIFIED.,1774189820,#3,#4,1774189820);
#12695=IFCBUILDINGELEMENTPROXY('2Qka8FmX942A3mSev44TcC',#12694,'PI_168',$,$,#12709,#12704,$,$);
#12701=IFCCIRCLEPROFILEDEF(.AREA.,$,#30,0.2);
#12702=IFCEXTRUDEDAREASOLID(#12701,#34,#32,0.600000000000001);
#12703=IFCSHAPEREPRESENTATION(#16,'Body','SweptSolid',(#12702));
#12704=IFCPRODUCTDEFINITIONSHAPE($,$,(#12703));
#12705=IFCCARTESIANPOINT((857.47012894525,528.007667247206,50.134));
#12706=IFCDIRECTION((0.,0.,1.));
#12707=IFCDIRECTION((1.,0.,0.));
#12708=IFCAXIS2PLACEMENT3D(#12705,#12706,#12707);
#12709=IFCLOCALPLACEMENT($,#12708);
#12710=IFCOWNERHISTORY(#3,#4,.READWRITE.,.ADDED.,1774189820,#3,#4,1774189820);
#12711=IFCPROPERTYSET('3KldnzEuPDPOttjo3jLpy9',#12710,'PV',$,(#12714,#12715,#12716,#12717));
#12712=IFCOWNERHISTORY(#3,#4,.READWRITE.,.ADDED.,1774189820,#3,#4,1774189820);
#12713=IFCRELDEFINESBYPROPERTIES('1r8ZMiaHD3agoDXEws48OE',#12712,$,$,(#12695),#12711);
#12714=IFCPROPERTYSINGLEVALUE('Tipo',$,IFCLABEL('PI'),$);
#12715=IFCPROPERTYSINGLEVALUE('CT',$,IFCREAL(50.734),$);
#12716=IFCPROPERTYSINGLEVALUE('CF',$,IFCREAL(50.134),$);
#12717=IFCPROPERTYSINGLEVALUE('Prof',$,IFCREAL(0.6),$);
#12718=IFCOWNERHISTORY(#3,#4,.READWRITE.,.ADDED.,1774189820,#3,#4,1774189820);
#12719=IFCPROPERTYSET('3qmjFMw4rFHv44NhtAjT4s',#12718,'Custo5D',$,(#12722));
#12720=IFCOWNERHISTORY(#3,#4,.READWRITE.,.ADDED.,1774189820,#3,#4,1774189820);
#12721=IFCRELDEFINESBYPROPERTIES('1Zm3nlc7z0E9N9h9M6ey0t',#12720,$,$,(#12695),#12719);
#12722=IFCPROPERTYSINGLEVALUE('Total_RS',$,IFCREAL(1250.),$);
#12723=IFCOWNERHISTORY(#3,#4,.READWRITE.,.MODIFIED.,1774189820,#3,#4,1774189820);
#12724=IFCBUILDINGELEMENTPROXY('30Dj2SG8nFAu8lFIa$3YwK',#12723,'PI_193',$,$,#12738,#12733,$,$);
#12730=IFCCIRCLEPROFILEDEF(.AREA.,$,#30,0.2);
#12731=IFCEXTRUDEDAREASOLID(#12730,#34,#32,0.600000000000001);
#12732=IFCSHAPEREPRESENTATION(#16,'Body','SweptSolid',(#12731));
#12733=IFCPRODUCTDEFINITIONSHAPE($,$,(#12732));
#12734=IFCCARTESIANPOINT((930.264696727216,536.443318218924,57.979));
#12735=IFCDIRECTION((0.,0.,1.));
#12736=IFCDIRECTION((1.,0.,0.));
#12737=IFCAXIS2PLACEMENT3D(#12734,#12735,#12736);
#12738=IFCLOCALPLACEMENT($,#12737);
#12739=IFCOWNERHISTORY(#3,#4,.READWRITE.,.ADDED.,1774189820,#3,#4,1774189820);
#12740=IFCPROPERTYSET('1gWji_sSX3ce$HpGKbLDoj',#12739,'PV',$,(#12743,#12744,#12745,#12746));
#12741=IFCOWNERHISTORY(#3,#4,.READWRITE.,.ADDED.,1774189820,#3,#4,1774189820);
#12742=IFCRELDEFINESBYPROPERTIES('1uyYV7za5Bdxi9BhNYhpFC',#12741,$,$,(#12724),#12740);
#12743=IFCPROPERTYSINGLEVALUE('Tipo',$,IFCLABEL('PI'),$);
#12744=IFCPROPERTYSINGLEVALUE('CT',$,IFCREAL(58.579),$);
#12745=IFCPROPERTYSINGLEVALUE('CF',$,IFCREAL(57.979),$);
#12746=IFCPROPERTYSINGLEVALUE('Prof',$,IFCREAL(0.6),$);
#12747=IFCOWNERHISTORY(#3,#4,.READWRITE.,.ADDED.,1774189820,#3,#4,1774189820);
#12748=IFCPROPERTYSET('08Jsym0bT7APgY31RR25h1',#12747,'Custo5D',$,(#12751));
#12749=IFCOWNERHISTORY(#3,#4,.READWRITE.,.ADDED.,1774189820,#3,#4,1774189820);
#12750=IFCRELDEFINESBYPROPERTIES('3hejXf2eX6bQr_RKMIHjYC',#12749,$,$,(#12724),#12748);
#12751=IFCPROPERTYSINGLEVALUE('Total_RS',$,IFCREAL(1250.),$);
#12752=IFCOWNERHISTORY(#3,#4,.READWRITE.,.MODIFIED.,1774189820,#3,#4,1774189820);
#12753=IFCBUILDINGELEMENTPROXY('2DnsPOpOf2cw3pyD9$dfbh',#12752,'PI_216',$,$,#12767,#12762,$,$);
#12759=IFCCIRCLEPROFILEDEF(.AREA.,$,#30,0.2);
#12760=IFCEXTRUDEDAREASOLID(#12759,#34,#32,0.600000000000001);
#12761=IFCSHAPEREPRESENTATION(#16,'Body','SweptSolid',(#12760));
#12762=IFCPRODUCTDEFINITIONSHAPE($,$,(#12761));
#12763=IFCCARTESIANPOINT((929.2480430656,534.272277807817,62.845));
#12764=IFCDIRECTION((0.,0.,1.));
#12765=IFCDIRECTION((1.,0.,0.));
#12766=IFCAXIS2PLACEMENT3D(#12763,#12764,#12765);
#12767=IFCLOCALPLACEMENT($,#12766);
#12768=IFCOWNERHISTORY(#3,#4,.READWRITE.,.ADDED.,1774189820,#3,#4,1774189820);
#12769=IFCPROPERTYSET('08x1_Sw0109hGWPBLrlF2E',#12768,'PV',$,(#12772,#12773,#12774,#12775));
#12770=IFCOWNERHISTORY(#3,#4,.READWRITE.,.ADDED.,1774189820,#3,#4,1774189820);
#12771=IFCRELDEFINESBYPROPERTIES('13Nm7$6gf7IhrHKMGxkCO8',#12770,$,$,(#12753),#12769);
#12772=IFCPROPERTYSINGLEVALUE('Tipo',$,IFCLABEL('PI'),$);
#12773=IFCPROPERTYSINGLEVALUE('CT',$,IFCREAL(63.445),$);
#12774=IFCPROPERTYSINGLEVALUE('CF',$,IFCREAL(62.845),$);
#12775=IFCPROPERTYSINGLEVALUE('Prof',$,IFCREAL(0.6),$);
#12776=IFCOWNERHISTORY(#3,#4,.READWRITE.,.ADDED.,1774189820,#3,#4,1774189820);
#12777=IFCPROPERTYSET('3ahrGHhHPBUQKopCfPRP54',#12776,'Custo5D',$,(#12780));
#12778=IFCOWNERHISTORY(#3,#4,.READWRITE.,.ADDED.,1774189820,#3,#4,1774189820);
#12779=IFCRELDEFINESBYPROPERTIES('0Ib6gOEn156gZIDLG59P4B',#12778,$,$,(#12753),#12777);
#12780=IFCPROPERTYSINGLEVALUE('Total_RS',$,IFCREAL(1250.),$);
#12781=IFCOWNERHISTORY(#3,#4,.READWRITE.,.MODIFIED.,1774189820,#3,#4,1774189820);
#12782=IFCBUILDINGELEMENTPROXY('0xmC$ucfT2DOJCEWw0I2tz',#12781,'PI_221',$,$,#12796,#12791,$,$);
#12788=IFCCIRCLEPROFILEDEF(.AREA.,$,#30,0.2);
#12789=IFCEXTRUDEDAREASOLID(#12788,#34,#32,0.599999999999994);
#12790=IFCSHAPEREPRESENTATION(#16,'Body','SweptSolid',(#12789));
#12791=IFCPRODUCTDEFINITIONSHAPE($,$,(#12790));
#12792=IFCCARTESIANPOINT((981.201108755311,512.79764342308,78.555));
#12793=IFCDIRECTION((0.,0.,1.));
#12794=IFCDIRECTION((1.,0.,0.));
#12795=IFCAXIS2PLACEMENT3D(#12792,#12793,#12794);
#12796=IFCLOCALPLACEMENT($,#12795);
#12797=IFCOWNERHISTORY(#3,#4,.READWRITE.,.ADDED.,1774189820,#3,#4,1774189820);
#12798=IFCPROPERTYSET('1M06dvxovEQRM_mY4jrGTX',#12797,'PV',$,(#12801,#12802,#12803,#12804));
#12799=IFCOWNERHISTORY(#3,#4,.READWRITE.,.ADDED.,1774189820,#3,#4,1774189820);
#12800=IFCRELDEFINESBYPROPERTIES('3JNr$hKP5ENufbaToFVk0Y',#12799,$,$,(#12782),#12798);
#12801=IFCPROPERTYSINGLEVALUE('Tipo',$,IFCLABEL('PI'),$);
#12802=IFCPROPERTYSINGLEVALUE('CT',$,IFCREAL(79.155),$);
#12803=IFCPROPERTYSINGLEVALUE('CF',$,IFCREAL(78.555),$);
#12804=IFCPROPERTYSINGLEVALUE('Prof',$,IFCREAL(0.6),$);
#12805=IFCOWNERHISTORY(#3,#4,.READWRITE.,.ADDED.,1774189820,#3,#4,1774189820);
#12806=IFCPROPERTYSET('1WHOetOGr3VxjLogwUjHls',#12805,'Custo5D',$,(#12809));
#12807=IFCOWNERHISTORY(#3,#4,.READWRITE.,.ADDED.,1774189820,#3,#4,1774189820);
#12808=IFCRELDEFINESBYPROPERTIES('0vgO6713bFEeXgrx_5jVIj',#12807,$,$,(#12782),#12806);
#12809=IFCPROPERTYSINGLEVALUE('Total_RS',$,IFCREAL(1250.),$);
#12810=IFCOWNERHISTORY(#3,#4,.READWRITE.,.MODIFIED.,1774189820,#3,#4,1774189820);
#12811=IFCBUILDINGELEMENTPROXY('1qTSSHD619pej6hBeB43dm',#12810,'PI_205',$,$,#12825,#12820,$,$);
#12817=IFCCIRCLEPROFILEDEF(.AREA.,$,#30,0.2);
#12818=IFCEXTRUDEDAREASOLID(#12817,#34,#32,0.600000000000001);
#12819=IFCSHAPEREPRESENTATION(#16,'Body','SweptSolid',(#12818));
#12820=IFCPRODUCTDEFINITIONSHAPE($,$,(#12819));
#12821=IFCCARTESIANPOINT((891.542517464433,537.849279109389,51.071));
#12822=IFCDIRECTION((0.,0.,1.));
#12823=IFCDIRECTION((1.,0.,0.));
#12824=IFCAXIS2PLACEMENT3D(#12821,#12822,#12823);
#12825=IFCLOCALPLACEMENT($,#12824);
#12826=IFCOWNERHISTORY(#3,#4,.READWRITE.,.ADDED.,1774189820,#3,#4,1774189820);
#12827=IFCPROPERTYSET('36e9ePo4r6jh5yNoEZsIn6',#12826,'PV',$,(#12830,#12831,#12832,#12833));
#12828=IFCOWNERHISTORY(#3,#4,.READWRITE.,.ADDED.,1774189820,#3,#4,1774189820);
#12829=IFCRELDEFINESBYPROPERTIES('1LLKoyer1Dkhd$wEwaBaFm',#12828,$,$,(#12811),#12827);
#12830=IFCPROPERTYSINGLEVALUE('Tipo',$,IFCLABEL('PI'),$);
#12831=IFCPROPERTYSINGLEVALUE('CT',$,IFCREAL(51.671),$);
#12832=IFCPROPERTYSINGLEVALUE('CF',$,IFCREAL(51.071),$);
#12833=IFCPROPERTYSINGLEVALUE('Prof',$,IFCREAL(0.6),$);
#12834=IFCOWNERHISTORY(#3,#4,.READWRITE.,.ADDED.,1774189820,#3,#4,1774189820);
#12835=IFCPROPERTYSET('151FE_ooPA$ujSWVc_xgth',#12834,'Custo5D',$,(#12838));
#12836=IFCOWNERHISTORY(#3,#4,.READWRITE.,.ADDED.,1774189820,#3,#4,1774189820);
#12837=IFCRELDEFINESBYPROPERTIES('2LSbhRvePCBem4ZAYkc_q7',#12836,$,$,(#12811),#12835);
#12838=IFCPROPERTYSINGLEVALUE('Total_RS',$,IFCREAL(1250.),$);
#12839=IFCOWNERHISTORY(#3,#4,.READWRITE.,.MODIFIED.,1774189820,#3,#4,1774189820);
#12840=IFCBUILDINGELEMENTPROXY('2sXioSxAPBlP9QCoqrVjTT',#12839,'PI_203',$,$,#12854,#12849,$,$);
#12846=IFCCIRCLEPROFILEDEF(.AREA.,$,#30,0.2);
#12847=IFCEXTRUDEDAREASOLID(#12846,#34,#32,0.600000000000001);
#12848=IFCSHAPEREPRESENTATION(#16,'Body','SweptSolid',(#12847));
#12849=IFCPRODUCTDEFINITIONSHAPE($,$,(#12848));
#12850=IFCCARTESIANPOINT((890.196208473237,544.485991884954,57.471));
#12851=IFCDIRECTION((0.,0.,1.));
#12852=IFCDIRECTION((1.,0.,0.));
#12853=IFCAXIS2PLACEMENT3D(#12850,#12851,#12852);
#12854=IFCLOCALPLACEMENT($,#12853);
#12855=IFCOWNERHISTORY(#3,#4,.READWRITE.,.ADDED.,1774189820,#3,#4,1774189820);
#12856=IFCPROPERTYSET('25Zirjok52e8FduTa$SbHf',#12855,'PV',$,(#12859,#12860,#12861,#12862));
#12857=IFCOWNERHISTORY(#3,#4,.READWRITE.,.ADDED.,1774189820,#3,#4,1774189820);
#12858=IFCRELDEFINESBYPROPERTIES('3mwMN9plr2UO0M3UjFrHta',#12857,$,$,(#12840),#12856);
#12859=IFCPROPERTYSINGLEVALUE('Tipo',$,IFCLABEL('PI'),$);
#12860=IFCPROPERTYSINGLEVALUE('CT',$,IFCREAL(58.071),$);
#12861=IFCPROPERTYSINGLEVALUE('CF',$,IFCREAL(57.471),$);
#12862=IFCPROPERTYSINGLEVALUE('Prof',$,IFCREAL(0.6),$);
#12863=IFCOWNERHISTORY(#3,#4,.READWRITE.,.ADDED.,1774189820,#3,#4,1774189820);
#12864=IFCPROPERTYSET('2nI$t2tP95Reuvc6piKv_J',#12863,'Custo5D',$,(#12867));
#12865=IFCOWNERHISTORY(#3,#4,.READWRITE.,.ADDED.,1774189820,#3,#4,1774189820);
#12866=IFCRELDEFINESBYPROPERTIES('2zI3MXLa10KgliAFi408FT',#12865,$,$,(#12840),#12864);
#12867=IFCPROPERTYSINGLEVALUE('Total_RS',$,IFCREAL(1250.),$);
#12868=IFCOWNERHISTORY(#3,#4,.READWRITE.,.MODIFIED.,1774189820,#3,#4,1774189820);
#12869=IFCBUILDINGELEMENTPROXY('14rc6ITXn0NAikG24HcDfb',#12868,'PI_201',$,$,#12883,#12878,$,$);
#12875=IFCCIRCLEPROFILEDEF(.AREA.,$,#30,0.2);
#12876=IFCEXTRUDEDAREASOLID(#12875,#34,#32,0.599999999999994);
#12877=IFCSHAPEREPRESENTATION(#16,'Body','SweptSolid',(#12876));
#12878=IFCPRODUCTDEFINITIONSHAPE($,$,(#12877));
#12879=IFCCARTESIANPOINT((900.630601741956,559.528939849697,61.078));
#12880=IFCDIRECTION((0.,0.,1.));
#12881=IFCDIRECTION((1.,0.,0.));
#12882=IFCAXIS2PLACEMENT3D(#12879,#12880,#12881);
#12883=IFCLOCALPLACEMENT($,#12882);
#12884=IFCOWNERHISTORY(#3,#4,.READWRITE.,.ADDED.,1774189820,#3,#4,1774189820);
#12885=IFCPROPERTYSET('0GVxH6OK1AGR3NsbS01NVM',#12884,'PV',$,(#12888,#12889,#12890,#12891));
#12886=IFCOWNERHISTORY(#3,#4,.READWRITE.,.ADDED.,1774189820,#3,#4,1774189820);
#12887=IFCRELDEFINESBYPROPERTIES('0HTji6TR9AqwCO$wbmvLWn',#12886,$,$,(#12869),#12885);
#12888=IFCPROPERTYSINGLEVALUE('Tipo',$,IFCLABEL('PI'),$);
#12889=IFCPROPERTYSINGLEVALUE('CT',$,IFCREAL(61.678),$);
#12890=IFCPROPERTYSINGLEVALUE('CF',$,IFCREAL(61.078),$);
#12891=IFCPROPERTYSINGLEVALUE('Prof',$,IFCREAL(0.6),$);
#12892=IFCOWNERHISTORY(#3,#4,.READWRITE.,.ADDED.,1774189820,#3,#4,1774189820);
#12893=IFCPROPERTYSET('18K_pmm59CMAlCsXKnTBuU',#12892,'Custo5D',$,(#12896));
#12894=IFCOWNERHISTORY(#3,#4,.READWRITE.,.ADDED.,1774189820,#3,#4,1774189820);
#12895=IFCRELDEFINESBYPROPERTIES('2JoRaOk4H8fvswevs_nWD1',#12894,$,$,(#12869),#12893);
#12896=IFCPROPERTYSINGLEVALUE('Total_RS',$,IFCREAL(1250.),$);
#12897=IFCOWNERHISTORY(#3,#4,.READWRITE.,.MODIFIED.,1774189820,#3,#4,1774189820);
#12898=IFCBUILDINGELEMENTPROXY('0lSp4NGaT6zBCsOe4ZSgd$',#12897,'PI_200',$,$,#12912,#12907,$,$);
#12904=IFCCIRCLEPROFILEDEF(.AREA.,$,#30,0.2);
#12905=IFCEXTRUDEDAREASOLID(#12904,#34,#32,0.599999999999994);
#12906=IFCSHAPEREPRESENTATION(#16,'Body','SweptSolid',(#12905));
#12907=IFCPRODUCTDEFINITIONSHAPE($,$,(#12906));
#12908=IFCCARTESIANPOINT((898.297994034132,559.079505776986,62.319));
#12909=IFCDIRECTION((0.,0.,1.));
#12910=IFCDIRECTION((1.,0.,0.));
#12911=IFCAXIS2PLACEMENT3D(#12908,#12909,#12910);
#12912=IFCLOCALPLACEMENT($,#12911);
#12913=IFCOWNERHISTORY(#3,#4,.READWRITE.,.ADDED.,1774189820,#3,#4,1774189820);
#12914=IFCPROPERTYSET('1ju88CtpX5GPqMMhmv2FsP',#12913,'PV',$,(#12917,#12918,#12919,#12920));
#12915=IFCOWNERHISTORY(#3,#4,.READWRITE.,.ADDED.,1774189820,#3,#4,1774189820);
#12916=IFCRELDEFINESBYPROPERTIES('3G8$3S$RH2xvhe1Uer8z_C',#12915,$,$,(#12898),#12914);
#12917=IFCPROPERTYSINGLEVALUE('Tipo',$,IFCLABEL('PI'),$);
#12918=IFCPROPERTYSINGLEVALUE('CT',$,IFCREAL(62.919),$);
#12919=IFCPROPERTYSINGLEVALUE('CF',$,IFCREAL(62.319),$);
#12920=IFCPROPERTYSINGLEVALUE('Prof',$,IFCREAL(0.6),$);
#12921=IFCOWNERHISTORY(#3,#4,.READWRITE.,.ADDED.,1774189820,#3,#4,1774189820);
#12922=IFCPROPERTYSET('0OSV3nvnrCSglQ1J4iuVWB',#12921,'Custo5D',$,(#12925));
#12923=IFCOWNERHISTORY(#3,#4,.READWRITE.,.ADDED.,1774189820,#3,#4,1774189820);
#12924=IFCRELDEFINESBYPROPERTIES('3AVu_U6lzE09Ilar6iGiJf',#12923,$,$,(#12898),#12922);
#12925=IFCPROPERTYSINGLEVALUE('Total_RS',$,IFCREAL(1250.),$);
#12926=IFCOWNERHISTORY(#3,#4,.READWRITE.,.MODIFIED.,1774189820,#3,#4,1774189820);
#12927=IFCBUILDINGELEMENTPROXY('1pmE4M8Kz2UAvhl99UHgUw',#12926,'PI_211',$,$,#12941,#12936,$,$);
#12933=IFCCIRCLEPROFILEDEF(.AREA.,$,#30,0.2);
#12934=IFCEXTRUDEDAREASOLID(#12933,#34,#32,1.94999999999999);
#12935=IFCSHAPEREPRESENTATION(#16,'Body','SweptSolid',(#12934));
#12936=IFCPRODUCTDEFINITIONSHAPE($,$,(#12935));
#12937=IFCCARTESIANPOINT((961.583371252927,560.059831499122,64.049));
#12938=IFCDIRECTION((0.,0.,1.));
#12939=IFCDIRECTION((1.,0.,0.));
#12940=IFCAXIS2PLACEMENT3D(#12937,#12938,#12939);
#12941=IFCLOCALPLACEMENT($,#12940);
#12942=IFCOWNERHISTORY(#3,#4,.READWRITE.,.ADDED.,1774189820,#3,#4,1774189820);
#12943=IFCPROPERTYSET('3M3Z69IuTAaeySzKxfDeRQ',#12942,'PV',$,(#12946,#12947,#12948,#12949));
#12944=IFCOWNERHISTORY(#3,#4,.READWRITE.,.ADDED.,1774189820,#3,#4,1774189820);
#12945=IFCRELDEFINESBYPROPERTIES('22yju_2$v3iekAXVE$UI7y',#12944,$,$,(#12927),#12943);
#12946=IFCPROPERTYSINGLEVALUE('Tipo',$,IFCLABEL('PI'),$);
#12947=IFCPROPERTYSINGLEVALUE('CT',$,IFCREAL(65.999),$);
#12948=IFCPROPERTYSINGLEVALUE('CF',$,IFCREAL(64.049),$);
#12949=IFCPROPERTYSINGLEVALUE('Prof',$,IFCREAL(1.95),$);
#12950=IFCOWNERHISTORY(#3,#4,.READWRITE.,.ADDED.,1774189820,#3,#4,1774189820);
#12951=IFCPROPERTYSET('02yQs2nBr2GwyMP$Wc1CZN',#12950,'Custo5D',$,(#12954));
#12952=IFCOWNERHISTORY(#3,#4,.READWRITE.,.ADDED.,1774189820,#3,#4,1774189820);
#12953=IFCRELDEFINESBYPROPERTIES('0DacgnoTL10g5zJXP4H$HN',#12952,$,$,(#12927),#12951);
#12954=IFCPROPERTYSINGLEVALUE('Total_RS',$,IFCREAL(1250.),$);
#12955=IFCOWNERHISTORY(#3,#4,.READWRITE.,.MODIFIED.,1774189820,#3,#4,1774189820);
#12956=IFCBUILDINGELEMENTPROXY('273TJoL9n4XeOzDr6Qwma7',#12955,'PI_209',$,$,#12970,#12965,$,$);
#12962=IFCCIRCLEPROFILEDEF(.AREA.,$,#30,0.2);
#12963=IFCEXTRUDEDAREASOLID(#12962,#34,#32,1.8);
#12964=IFCSHAPEREPRESENTATION(#16,'Body','SweptSolid',(#12963));
#12965=IFCPRODUCTDEFINITIONSHAPE($,$,(#12964));
#12966=IFCCARTESIANPOINT((965.066710670944,556.280130516738,63.992));
#12967=IFCDIRECTION((0.,0.,1.));
#12968=IFCDIRECTION((1.,0.,0.));
#12969=IFCAXIS2PLACEMENT3D(#12966,#12967,#12968);
#12970=IFCLOCALPLACEMENT($,#12969);
#12971=IFCOWNERHISTORY(#3,#4,.READWRITE.,.ADDED.,1774189820,#3,#4,1774189820);
#12972=IFCPROPERTYSET('1_N5IptPn5tuTC0vDwf3SC',#12971,'PV',$,(#12975,#12976,#12977,#12978));
#12973=IFCOWNERHISTORY(#3,#4,.READWRITE.,.ADDED.,1774189820,#3,#4,1774189820);
#12974=IFCRELDEFINESBYPROPERTIES('2QymYaiIf2UOa9K5dSuBha',#12973,$,$,(#12956),#12972);
#12975=IFCPROPERTYSINGLEVALUE('Tipo',$,IFCLABEL('PI'),$);
#12976=IFCPROPERTYSINGLEVALUE('CT',$,IFCREAL(65.792),$);
#12977=IFCPROPERTYSINGLEVALUE('CF',$,IFCREAL(63.992),$);
#12978=IFCPROPERTYSINGLEVALUE('Prof',$,IFCREAL(1.8),$);
#12979=IFCOWNERHISTORY(#3,#4,.READWRITE.,.ADDED.,1774189820,#3,#4,1774189820);
#12980=IFCPROPERTYSET('0dsmgszCzDOQycbjycOa6d',#12979,'Custo5D',$,(#12983));
#12981=IFCOWNERHISTORY(#3,#4,.READWRITE.,.ADDED.,1774189820,#3,#4,1774189820);
#12982=IFCRELDEFINESBYPROPERTIES('3zPPm4S3L6K9Xqyjxa4qCj',#12981,$,$,(#12956),#12980);
#12983=IFCPROPERTYSINGLEVALUE('Total_RS',$,IFCREAL(1250.),$);
#12984=IFCOWNERHISTORY(#3,#4,.READWRITE.,.MODIFIED.,1774189820,#3,#4,1774189820);
#12985=IFCBUILDINGELEMENTPROXY('2ikSdi0cL4Y9hCdJbcbLdF',#12984,'PI_199',$,$,#12999,#12994,$,$);
#12991=IFCCIRCLEPROFILEDEF(.AREA.,$,#30,0.2);
#12992=IFCEXTRUDEDAREASOLID(#12991,#34,#32,0.599999999999994);
#12993=IFCSHAPEREPRESENTATION(#16,'Body','SweptSolid',(#12992));
#12994=IFCPRODUCTDEFINITIONSHAPE($,$,(#12993));
#12995=IFCCARTESIANPOINT((924.432251529652,572.081382460892,67.807));
#12996=IFCDIRECTION((0.,0.,1.));
#12997=IFCDIRECTION((1.,0.,0.));
#12998=IFCAXIS2PLACEMENT3D(#12995,#12996,#12997);
#12999=IFCLOCALPLACEMENT($,#12998);
#13000=IFCOWNERHISTORY(#3,#4,.READWRITE.,.ADDED.,1774189820,#3,#4,1774189820);
#13001=IFCPROPERTYSET('2ZmK7whtv2kPWaJ_dq6v_i',#13000,'PV',$,(#13004,#13005,#13006,#13007));
#13002=IFCOWNERHISTORY(#3,#4,.READWRITE.,.ADDED.,1774189820,#3,#4,1774189820);
#13003=IFCRELDEFINESBYPROPERTIES('203siSurnD5vN800Rn2r_E',#13002,$,$,(#12985),#13001);
#13004=IFCPROPERTYSINGLEVALUE('Tipo',$,IFCLABEL('PI'),$);
#13005=IFCPROPERTYSINGLEVALUE('CT',$,IFCREAL(68.407),$);
#13006=IFCPROPERTYSINGLEVALUE('CF',$,IFCREAL(67.807),$);
#13007=IFCPROPERTYSINGLEVALUE('Prof',$,IFCREAL(0.6),$);
#13008=IFCOWNERHISTORY(#3,#4,.READWRITE.,.ADDED.,1774189820,#3,#4,1774189820);
#13009=IFCPROPERTYSET('13RRQqQi57E8G_OJjVCbDg',#13008,'Custo5D',$,(#13012));
#13010=IFCOWNERHISTORY(#3,#4,.READWRITE.,.ADDED.,1774189820,#3,#4,1774189820);
#13011=IFCRELDEFINESBYPROPERTIES('3IaE0HOUPFgRXpgTnMnwM7',#13010,$,$,(#12985),#13009);
#13012=IFCPROPERTYSINGLEVALUE('Total_RS',$,IFCREAL(1250.),$);
#13013=IFCOWNERHISTORY(#3,#4,.READWRITE.,.MODIFIED.,1774189820,#3,#4,1774189820);
#13014=IFCBUILDINGELEMENTPROXY('0R2ZXVNO13lhC4M0qNjKYp',#13013,'PI_196',$,$,#13028,#13023,$,$);
#13020=IFCCIRCLEPROFILEDEF(.AREA.,$,#30,0.2);
#13021=IFCEXTRUDEDAREASOLID(#13020,#34,#32,0.600000000000009);
#13022=IFCSHAPEREPRESENTATION(#16,'Body','SweptSolid',(#13021));
#13023=IFCPRODUCTDEFINITIONSHAPE($,$,(#13022));
#13024=IFCCARTESIANPOINT((922.862769823405,570.662732823752,64.749));
#13025=IFCDIRECTION((0.,0.,1.));
#13026=IFCDIRECTION((1.,0.,0.));
#13027=IFCAXIS2PLACEMENT3D(#13024,#13025,#13026);
#13028=IFCLOCALPLACEMENT($,#13027);
#13029=IFCOWNERHISTORY(#3,#4,.READWRITE.,.ADDED.,1774189820,#3,#4,1774189820);
#13030=IFCPROPERTYSET('0lc6UaYhHFwBT6Mr$00vbx',#13029,'PV',$,(#13033,#13034,#13035,#13036));
#13031=IFCOWNERHISTORY(#3,#4,.READWRITE.,.ADDED.,1774189820,#3,#4,1774189820);
#13032=IFCRELDEFINESBYPROPERTIES('0WcRTgya5DVuTc64J$rxLN',#13031,$,$,(#13014),#13030);
#13033=IFCPROPERTYSINGLEVALUE('Tipo',$,IFCLABEL('PI'),$);
#13034=IFCPROPERTYSINGLEVALUE('CT',$,IFCREAL(65.349),$);
#13035=IFCPROPERTYSINGLEVALUE('CF',$,IFCREAL(64.749),$);
#13036=IFCPROPERTYSINGLEVALUE('Prof',$,IFCREAL(0.6),$);
#13037=IFCOWNERHISTORY(#3,#4,.READWRITE.,.ADDED.,1774189820,#3,#4,1774189820);
#13038=IFCPROPERTYSET('2LfX$hgM93XhcefOtYfGbZ',#13037,'Custo5D',$,(#13041));
#13039=IFCOWNERHISTORY(#3,#4,.READWRITE.,.ADDED.,1774189820,#3,#4,1774189820);
#13040=IFCRELDEFINESBYPROPERTIES('3mShrsgArA7e9j3MfegPc8',#13039,$,$,(#13014),#13038);
#13041=IFCPROPERTYSINGLEVALUE('Total_RS',$,IFCREAL(1250.),$);
#13042=IFCOWNERHISTORY(#3,#4,.READWRITE.,.MODIFIED.,1774189820,#3,#4,1774189820);
#13043=IFCBUILDINGELEMENTPROXY('0Ee85BsrjAYhitpkn9i30a',#13042,'PI_195',$,$,#13057,#13052,$,$);
#13049=IFCCIRCLEPROFILEDEF(.AREA.,$,#30,0.2);
#13050=IFCEXTRUDEDAREASOLID(#13049,#34,#32,0.599999999999994);
#13051=IFCSHAPEREPRESENTATION(#16,'Body','SweptSolid',(#13050));
#13052=IFCPRODUCTDEFINITIONSHAPE($,$,(#13051));
#13053=IFCCARTESIANPOINT((920.568347003951,564.277088438161,61.968));
#13054=IFCDIRECTION((0.,0.,1.));
#13055=IFCDIRECTION((1.,0.,0.));
#13056=IFCAXIS2PLACEMENT3D(#13053,#13054,#13055);
#13057=IFCLOCALPLACEMENT($,#13056);
#13058=IFCOWNERHISTORY(#3,#4,.READWRITE.,.ADDED.,1774189820,#3,#4,1774189820);
#13059=IFCPROPERTYSET('2wunheVFfBPPq1RJqKh_sG',#13058,'PV',$,(#13062,#13063,#13064,#13065));
#13060=IFCOWNERHISTORY(#3,#4,.READWRITE.,.ADDED.,1774189820,#3,#4,1774189820);
#13061=IFCRELDEFINESBYPROPERTIES('0xDWD57Qr3dO$aB3lG$Mim',#13060,$,$,(#13043),#13059);
#13062=IFCPROPERTYSINGLEVALUE('Tipo',$,IFCLABEL('PI'),$);
#13063=IFCPROPERTYSINGLEVALUE('CT',$,IFCREAL(62.568),$);
#13064=IFCPROPERTYSINGLEVALUE('CF',$,IFCREAL(61.968),$);
#13065=IFCPROPERTYSINGLEVALUE('Prof',$,IFCREAL(0.6),$);
#13066=IFCOWNERHISTORY(#3,#4,.READWRITE.,.ADDED.,1774189820,#3,#4,1774189820);
#13067=IFCPROPERTYSET('1BRN_NWEH3AOuyUp$Pp9fb',#13066,'Custo5D',$,(#13070));
#13068=IFCOWNERHISTORY(#3,#4,.READWRITE.,.ADDED.,1774189820,#3,#4,1774189820);
#13069=IFCRELDEFINESBYPROPERTIES('0PtpQwxcj2o9RWa3p0kUnq',#13068,$,$,(#13043),#13067);
#13070=IFCPROPERTYSINGLEVALUE('Total_RS',$,IFCREAL(1250.),$);
#13071=IFCOWNERHISTORY(#3,#4,.READWRITE.,.MODIFIED.,1774189820,#3,#4,1774189820);
#13072=IFCBUILDINGELEMENTPROXY('38Q_ZUwCzDTOwMmQpYe03Q',#13071,'PI_197',$,$,#13086,#13081,$,$);
#13078=IFCCIRCLEPROFILEDEF(.AREA.,$,#30,0.2);
#13079=IFCEXTRUDEDAREASOLID(#13078,#34,#32,0.599999999999994);
#13080=IFCSHAPEREPRESENTATION(#16,'Body','SweptSolid',(#13079));
#13081=IFCPRODUCTDEFINITIONSHAPE($,$,(#13080));
#13082=IFCCARTESIANPOINT((940.331650872307,561.100519996136,68.848));
#13083=IFCDIRECTION((0.,0.,1.));
#13084=IFCDIRECTION((1.,0.,0.));
#13085=IFCAXIS2PLACEMENT3D(#13082,#13083,#13084);
#13086=IFCLOCALPLACEMENT($,#13085);
#13087=IFCOWNERHISTORY(#3,#4,.READWRITE.,.ADDED.,1774189820,#3,#4,1774189820);
#13088=IFCPROPERTYSET('3MdtmU_e55IfpfAel9HtsA',#13087,'PV',$,(#13091,#13092,#13093,#13094));
#13089=IFCOWNERHISTORY(#3,#4,.READWRITE.,.ADDED.,1774189820,#3,#4,1774189820);
#13090=IFCRELDEFINESBYPROPERTIES('18YcHh8_z82wbGKJKmbQz5',#13089,$,$,(#13072),#13088);
#13091=IFCPROPERTYSINGLEVALUE('Tipo',$,IFCLABEL('PI'),$);
#13092=IFCPROPERTYSINGLEVALUE('CT',$,IFCREAL(69.448),$);
#13093=IFCPROPERTYSINGLEVALUE('CF',$,IFCREAL(68.848),$);
#13094=IFCPROPERTYSINGLEVALUE('Prof',$,IFCREAL(0.6),$);
#13095=IFCOWNERHISTORY(#3,#4,.READWRITE.,.ADDED.,1774189820,#3,#4,1774189820);
#13096=IFCPROPERTYSET('0t1XaLMAPEERO779pmDwZW',#13095,'Custo5D',$,(#13099));
#13097=IFCOWNERHISTORY(#3,#4,.READWRITE.,.ADDED.,1774189820,#3,#4,1774189820);
#13098=IFCRELDEFINESBYPROPERTIES('06UFF9UCv2XxxA7NxnAEtH',#13097,$,$,(#13072),#13096);
#13099=IFCPROPERTYSINGLEVALUE('Total_RS',$,IFCREAL(1250.),$);
#13100=IFCOWNERHISTORY(#3,#4,.READWRITE.,.MODIFIED.,1774189820,#3,#4,1774189820);
#13101=IFCBUILDINGELEMENTPROXY('1rUq$PV5jEkvd1GPmdjj7T',#13100,'PV_27',$,$,#13115,#13110,$,$);
#13107=IFCCIRCLEPROFILEDEF(.AREA.,$,#30,0.3);
#13108=IFCEXTRUDEDAREASOLID(#13107,#34,#32,0.600000000000001);
#13109=IFCSHAPEREPRESENTATION(#16,'Body','SweptSolid',(#13108));
#13110=IFCPRODUCTDEFINITIONSHAPE($,$,(#13109));
#13111=IFCCARTESIANPOINT((939.506348105846,563.319565377198,62.775));
#13112=IFCDIRECTION((0.,0.,1.));
#13113=IFCDIRECTION((1.,0.,0.));
#13114=IFCAXIS2PLACEMENT3D(#13111,#13112,#13113);
#13115=IFCLOCALPLACEMENT($,#13114);
#13116=IFCOWNERHISTORY(#3,#4,.READWRITE.,.ADDED.,1774189820,#3,#4,1774189820);
#13117=IFCPROPERTYSET('2fTdVKZIz9YuTYVJpzBX8G',#13116,'PV',$,(#13120,#13121,#13122,#13123));
#13118=IFCOWNERHISTORY(#3,#4,.READWRITE.,.ADDED.,1774189820,#3,#4,1774189820);
#13119=IFCRELDEFINESBYPROPERTIES('07qLGp89L4lg2ePbxMlw7i',#13118,$,$,(#13101),#13117);
#13120=IFCPROPERTYSINGLEVALUE('Tipo',$,IFCLABEL('PV'),$);
#13121=IFCPROPERTYSINGLEVALUE('CT',$,IFCREAL(63.375),$);
#13122=IFCPROPERTYSINGLEVALUE('CF',$,IFCREAL(62.775),$);
#13123=IFCPROPERTYSINGLEVALUE('Prof',$,IFCREAL(0.6),$);
#13124=IFCOWNERHISTORY(#3,#4,.READWRITE.,.ADDED.,1774189820,#3,#4,1774189820);
#13125=IFCPROPERTYSET('18DX9j1VjEgBR_PESWooeP',#13124,'Custo5D',$,(#13128));
#13126=IFCOWNERHISTORY(#3,#4,.READWRITE.,.ADDED.,1774189820,#3,#4,1774189820);
#13127=IFCRELDEFINESBYPROPERTIES('2RlsBx0aj8SwPe2yeCEVcr',#13126,$,$,(#13101),#13125);
#13128=IFCPROPERTYSINGLEVALUE('Total_RS',$,IFCREAL(3078.),$);
#13129=IFCOWNERHISTORY(#3,#4,.READWRITE.,.MODIFIED.,1774189820,#3,#4,1774189820);
#13130=IFCBUILDINGELEMENTPROXY('3XSfeuyVz4mw4DRRLpQ2s5',#13129,'PI_198',$,$,#13144,#13139,$,$);
#13136=IFCCIRCLEPROFILEDEF(.AREA.,$,#30,0.2);
#13137=IFCEXTRUDEDAREASOLID(#13136,#34,#32,0.599999999999994);
#13138=IFCSHAPEREPRESENTATION(#16,'Body','SweptSolid',(#13137));
#13139=IFCPRODUCTDEFINITIONSHAPE($,$,(#13138));
#13140=IFCCARTESIANPOINT((934.214101338119,573.485465846956,70.159));
#13141=IFCDIRECTION((0.,0.,1.));
#13142=IFCDIRECTION((1.,0.,0.));
#13143=IFCAXIS2PLACEMENT3D(#13140,#13141,#13142);
#13144=IFCLOCALPLACEMENT($,#13143);
#13145=IFCOWNERHISTORY(#3,#4,.READWRITE.,.ADDED.,1774189820,#3,#4,1774189820);
#13146=IFCPROPERTYSET('2qpCdyuRv4FAgQVmVbolV_',#13145,'PV',$,(#13149,#13150,#13151,#13152));
#13147=IFCOWNERHISTORY(#3,#4,.READWRITE.,.ADDED.,1774189820,#3,#4,1774189820);
#13148=IFCRELDEFINESBYPROPERTIES('1UjQIKdJP35vNNILM_kmcD',#13147,$,$,(#13130),#13146);
#13149=IFCPROPERTYSINGLEVALUE('Tipo',$,IFCLABEL('PI'),$);
#13150=IFCPROPERTYSINGLEVALUE('CT',$,IFCREAL(70.759),$);
#13151=IFCPROPERTYSINGLEVALUE('CF',$,IFCREAL(70.159),$);
#13152=IFCPROPERTYSINGLEVALUE('Prof',$,IFCREAL(0.6),$);
#13153=IFCOWNERHISTORY(#3,#4,.READWRITE.,.ADDED.,1774189820,#3,#4,1774189820);
#13154=IFCPROPERTYSET('33X3Z8FWr9YRGenB4c_hr0',#13153,'Custo5D',$,(#13157));
#13155=IFCOWNERHISTORY(#3,#4,.READWRITE.,.ADDED.,1774189820,#3,#4,1774189820);
#13156=IFCRELDEFINESBYPROPERTIES('2gLsOSsyj7YuKDk02bI2hQ',#13155,$,$,(#13130),#13154);
#13157=IFCPROPERTYSINGLEVALUE('Total_RS',$,IFCREAL(1250.),$);
#13158=IFCOWNERHISTORY(#3,#4,.READWRITE.,.MODIFIED.,1774189820,#3,#4,1774189820);
#13159=IFCBUILDINGELEMENTPROXY('0WRhpU4Vn2_RYndKso3hbB',#13158,'PI_208',$,$,#13173,#13168,$,$);
#13165=IFCCIRCLEPROFILEDEF(.AREA.,$,#30,0.2);
#13166=IFCEXTRUDEDAREASOLID(#13165,#34,#32,0.562999999999995);
#13167=IFCSHAPEREPRESENTATION(#16,'Body','SweptSolid',(#13166));
#13168=IFCPRODUCTDEFINITIONSHAPE($,$,(#13167));
#13169=IFCCARTESIANPOINT((937.575704885239,549.587324024178,62.005));
#13170=IFCDIRECTION((0.,0.,1.));
#13171=IFCDIRECTION((1.,0.,0.));
#13172=IFCAXIS2PLACEMENT3D(#13169,#13170,#13171);
#13173=IFCLOCALPLACEMENT($,#13172);
#13174=IFCOWNERHISTORY(#3,#4,.READWRITE.,.ADDED.,1774189820,#3,#4,1774189820);
#13175=IFCPROPERTYSET('2BROenW7f1_eibNChNBdMM',#13174,'PV',$,(#13178,#13179,#13180,#13181));
#13176=IFCOWNERHISTORY(#3,#4,.READWRITE.,.ADDED.,1774189820,#3,#4,1774189820);
#13177=IFCRELDEFINESBYPROPERTIES('0OXCJmiG1Cchb5j762uJ88',#13176,$,$,(#13159),#13175);
#13178=IFCPROPERTYSINGLEVALUE('Tipo',$,IFCLABEL('PI'),$);
#13179=IFCPROPERTYSINGLEVALUE('CT',$,IFCREAL(62.568),$);
#13180=IFCPROPERTYSINGLEVALUE('CF',$,IFCREAL(62.005),$);
#13181=IFCPROPERTYSINGLEVALUE('Prof',$,IFCREAL(0.56),$);
#13182=IFCOWNERHISTORY(#3,#4,.READWRITE.,.ADDED.,1774189820,#3,#4,1774189820);
#13183=IFCPROPERTYSET('1KA3HYsXb20AwY3sH0bXx8',#13182,'Custo5D',$,(#13186));
#13184=IFCOWNERHISTORY(#3,#4,.READWRITE.,.ADDED.,1774189820,#3,#4,1774189820);
#13185=IFCRELDEFINESBYPROPERTIES('06B3c$2dfCvgXPKzxUhfwo',#13184,$,$,(#13159),#13183);
#13186=IFCPROPERTYSINGLEVALUE('Total_RS',$,IFCREAL(1250.),$);
#13187=IFCOWNERHISTORY(#3,#4,.READWRITE.,.MODIFIED.,1774189820,#3,#4,1774189820);
#13188=IFCBUILDINGELEMENTPROXY('1T0BQx$_v3DB_YGf83$G_e',#13187,'PI_220',$,$,#13202,#13197,$,$);
#13194=IFCCIRCLEPROFILEDEF(.AREA.,$,#30,0.2);
#13195=IFCEXTRUDEDAREASOLID(#13194,#34,#32,0.599999999999994);
#13196=IFCSHAPEREPRESENTATION(#16,'Body','SweptSolid',(#13195));
#13197=IFCPRODUCTDEFINITIONSHAPE($,$,(#13196));
#13198=IFCCARTESIANPOINT((969.390498693218,521.729018535465,73.891));
#13199=IFCDIRECTION((0.,0.,1.));
#13200=IFCDIRECTION((1.,0.,0.));
#13201=IFCAXIS2PLACEMENT3D(#13198,#13199,#13200);
#13202=IFCLOCALPLACEMENT($,#13201);
#13203=IFCOWNERHISTORY(#3,#4,.READWRITE.,.ADDED.,1774189820,#3,#4,1774189820);
#13204=IFCPROPERTYSET('13fmXP4D1C_uawxYIw4mRg',#13203,'PV',$,(#13207,#13208,#13209,#13210));
#13205=IFCOWNERHISTORY(#3,#4,.READWRITE.,.ADDED.,1774189820,#3,#4,1774189820);
#13206=IFCRELDEFINESBYPROPERTIES('1KWaYgpwz0yhBpQ8EM3jW$',#13205,$,$,(#13188),#13204);
#13207=IFCPROPERTYSINGLEVALUE('Tipo',$,IFCLABEL('PI'),$);
#13208=IFCPROPERTYSINGLEVALUE('CT',$,IFCREAL(74.491),$);
#13209=IFCPROPERTYSINGLEVALUE('CF',$,IFCREAL(73.891),$);
#13210=IFCPROPERTYSINGLEVALUE('Prof',$,IFCREAL(0.6),$);
#13211=IFCOWNERHISTORY(#3,#4,.READWRITE.,.ADDED.,1774189820,#3,#4,1774189820);
#13212=IFCPROPERTYSET('1My_0TFKDBixk4PAVy3mWF',#13211,'Custo5D',$,(#13215));
#13213=IFCOWNERHISTORY(#3,#4,.READWRITE.,.ADDED.,1774189820,#3,#4,1774189820);
#13214=IFCRELDEFINESBYPROPERTIES('1UyT6VIo1Bu8sbq5E6CPYY',#13213,$,$,(#13188),#13212);
#13215=IFCPROPERTYSINGLEVALUE('Total_RS',$,IFCREAL(1250.),$);
#13216=IFCOWNERHISTORY(#3,#4,.READWRITE.,.MODIFIED.,1774189820,#3,#4,1774189820);
#13217=IFCBUILDINGELEMENTPROXY('0Z$S4eSlvADfhGU8shelhI',#13216,'PI_219',$,$,#13231,#13226,$,$);
#13223=IFCCIRCLEPROFILEDEF(.AREA.,$,#30,0.2);
#13224=IFCEXTRUDEDAREASOLID(#13223,#34,#32,0.600000000000009);
#13225=IFCSHAPEREPRESENTATION(#16,'Body','SweptSolid',(#13224));
#13226=IFCPRODUCTDEFINITIONSHAPE($,$,(#13225));
#13227=IFCCARTESIANPOINT((971.245106390037,520.21286916174,70.889));
#13228=IFCDIRECTION((0.,0.,1.));
#13229=IFCDIRECTION((1.,0.,0.));
#13230=IFCAXIS2PLACEMENT3D(#13227,#13228,#13229);
#13231=IFCLOCALPLACEMENT($,#13230);
#13232=IFCOWNERHISTORY(#3,#4,.READWRITE.,.ADDED.,1774189820,#3,#4,1774189820);
#13233=IFCPROPERTYSET('2tGSk6Y4X9V9Y8Ta5oOV3v',#13232,'PV',$,(#13236,#13237,#13238,#13239));
#13234=IFCOWNERHISTORY(#3,#4,.READWRITE.,.ADDED.,1774189820,#3,#4,1774189820);
#13235=IFCRELDEFINESBYPROPERTIES('3xB1dm_r99uwMjaNTcbXjw',#13234,$,$,(#13217),#13233);
#13236=IFCPROPERTYSINGLEVALUE('Tipo',$,IFCLABEL('PI'),$);
#13237=IFCPROPERTYSINGLEVALUE('CT',$,IFCREAL(71.489),$);
#13238=IFCPROPERTYSINGLEVALUE('CF',$,IFCREAL(70.889),$);
#13239=IFCPROPERTYSINGLEVALUE('Prof',$,IFCREAL(0.6),$);
#13240=IFCOWNERHISTORY(#3,#4,.READWRITE.,.ADDED.,1774189820,#3,#4,1774189820);
#13241=IFCPROPERTYSET('1bp7KGH3LDKQ5NYYQFj9Te',#13240,'Custo5D',$,(#13244));
#13242=IFCOWNERHISTORY(#3,#4,.READWRITE.,.ADDED.,1774189820,#3,#4,1774189820);
#13243=IFCRELDEFINESBYPROPERTIES('05uYFWEyH7vBabtK45XKkP',#13242,$,$,(#13217),#13241);
#13244=IFCPROPERTYSINGLEVALUE('Total_RS',$,IFCREAL(1250.),$);
#13245=IFCOWNERHISTORY(#3,#4,.READWRITE.,.MODIFIED.,1774189820,#3,#4,1774189820);
#13246=IFCBUILDINGELEMENTPROXY('2HmXuEYVb0EPU0jp6mSXKN',#13245,'PI_217',$,$,#13260,#13255,$,$);
#13252=IFCCIRCLEPROFILEDEF(.AREA.,$,#30,0.2);
#13253=IFCEXTRUDEDAREASOLID(#13252,#34,#32,0.599999999999994);
#13254=IFCSHAPEREPRESENTATION(#16,'Body','SweptSolid',(#13253));
#13255=IFCPRODUCTDEFINITIONSHAPE($,$,(#13254));
#13256=IFCCARTESIANPOINT((962.661400017503,527.293415188789,66.135));
#13257=IFCDIRECTION((0.,0.,1.));
#13258=IFCDIRECTION((1.,0.,0.));
#13259=IFCAXIS2PLACEMENT3D(#13256,#13257,#13258);
#13260=IFCLOCALPLACEMENT($,#13259);
#13261=IFCOWNERHISTORY(#3,#4,.READWRITE.,.ADDED.,1774189820,#3,#4,1774189820);
#13262=IFCPROPERTYSET('3MqlKz2618BgKiAjN32bsx',#13261,'PV',$,(#13265,#13266,#13267,#13268));
#13263=IFCOWNERHISTORY(#3,#4,.READWRITE.,.ADDED.,1774189820,#3,#4,1774189820);
#13264=IFCRELDEFINESBYPROPERTIES('2lHI4uDvb1H87MKOSoCi8y',#13263,$,$,(#13246),#13262);
#13265=IFCPROPERTYSINGLEVALUE('Tipo',$,IFCLABEL('PI'),$);
#13266=IFCPROPERTYSINGLEVALUE('CT',$,IFCREAL(66.735),$);
#13267=IFCPROPERTYSINGLEVALUE('CF',$,IFCREAL(66.135),$);
#13268=IFCPROPERTYSINGLEVALUE('Prof',$,IFCREAL(0.6),$);
#13269=IFCOWNERHISTORY(#3,#4,.READWRITE.,.ADDED.,1774189820,#3,#4,1774189820);
#13270=IFCPROPERTYSET('153SwQ1znAmR2vt$7FzQzI',#13269,'Custo5D',$,(#13273));
#13271=IFCOWNERHISTORY(#3,#4,.READWRITE.,.ADDED.,1774189820,#3,#4,1774189820);
#13272=IFCRELDEFINESBYPROPERTIES('1EhYgIXGvD4QVo9toXy2gC',#13271,$,$,(#13246),#13270);
#13273=IFCPROPERTYSINGLEVALUE('Total_RS',$,IFCREAL(1250.),$);
#13274=IFCOWNERHISTORY(#3,#4,.READWRITE.,.MODIFIED.,1774189820,#3,#4,1774189820);
#13275=IFCBUILDINGELEMENTPROXY('3$U6yJrizDCvGh3ETplUr4',#13274,'PI_218',$,$,#13289,#13284,$,$);
#13281=IFCCIRCLEPROFILEDEF(.AREA.,$,#30,0.2);
#13282=IFCEXTRUDEDAREASOLID(#13281,#34,#32,0.600000000000009);
#13283=IFCSHAPEREPRESENTATION(#16,'Body','SweptSolid',(#13282));
#13284=IFCPRODUCTDEFINITIONSHAPE($,$,(#13283));
#13285=IFCCARTESIANPOINT((964.640708254941,525.983831964433,68.407));
#13286=IFCDIRECTION((0.,0.,1.));
#13287=IFCDIRECTION((1.,0.,0.));
#13288=IFCAXIS2PLACEMENT3D(#13285,#13286,#13287);
#13289=IFCLOCALPLACEMENT($,#13288);
#13290=IFCOWNERHISTORY(#3,#4,.READWRITE.,.ADDED.,1774189820,#3,#4,1774189820);
#13291=IFCPROPERTYSET('1DX0fSvOHCGfBKZ4c_7eQw',#13290,'PV',$,(#13294,#13295,#13296,#13297));
#13292=IFCOWNERHISTORY(#3,#4,.READWRITE.,.ADDED.,1774189820,#3,#4,1774189820);
#13293=IFCRELDEFINESBYPROPERTIES('2rmhXYcWn3UewwYGhdB4UY',#13292,$,$,(#13275),#13291);
#13294=IFCPROPERTYSINGLEVALUE('Tipo',$,IFCLABEL('PI'),$);
#13295=IFCPROPERTYSINGLEVALUE('CT',$,IFCREAL(69.007),$);
#13296=IFCPROPERTYSINGLEVALUE('CF',$,IFCREAL(68.407),$);
#13297=IFCPROPERTYSINGLEVALUE('Prof',$,IFCREAL(0.6),$);
#13298=IFCOWNERHISTORY(#3,#4,.READWRITE.,.ADDED.,1774189820,#3,#4,1774189820);
#13299=IFCPROPERTYSET('3Axmgkyov9guh2gQQrFix1',#13298,'Custo5D',$,(#13302));
#13300=IFCOWNERHISTORY(#3,#4,.READWRITE.,.ADDED.,1774189820,#3,#4,1774189820);
#13301=IFCRELDEFINESBYPROPERTIES('0YO_ki2xfA2RRhGmhy_EVv',#13300,$,$,(#13275),#13299);
#13302=IFCPROPERTYSINGLEVALUE('Total_RS',$,IFCREAL(1250.),$);
#13303=IFCOWNERHISTORY(#3,#4,.READWRITE.,.MODIFIED.,1774189820,#3,#4,1774189820);
#13304=IFCBUILDINGELEMENTPROXY('3Rm1nMIPb2jOyBjT49$ZrH',#13303,'PI_246',$,$,#13318,#13313,$,$);
#13310=IFCCIRCLEPROFILEDEF(.AREA.,$,#30,0.2);
#13311=IFCEXTRUDEDAREASOLID(#13310,#34,#32,0.599999999999994);
#13312=IFCSHAPEREPRESENTATION(#16,'Body','SweptSolid',(#13311));
#13313=IFCPRODUCTDEFINITIONSHAPE($,$,(#13312));
#13314=IFCCARTESIANPOINT((1028.32618269371,662.77561191842,98.182));
#13315=IFCDIRECTION((0.,0.,1.));
#13316=IFCDIRECTION((1.,0.,0.));
#13317=IFCAXIS2PLACEMENT3D(#13314,#13315,#13316);
#13318=IFCLOCALPLACEMENT($,#13317);
#13319=IFCOWNERHISTORY(#3,#4,.READWRITE.,.ADDED.,1774189820,#3,#4,1774189820);
#13320=IFCPROPERTYSET('1FxlMfOwzByfDSJWtYcStg',#13319,'PV',$,(#13323,#13324,#13325,#13326));
#13321=IFCOWNERHISTORY(#3,#4,.READWRITE.,.ADDED.,1774189820,#3,#4,1774189820);
#13322=IFCRELDEFINESBYPROPERTIES('3ESbhKXSv14PZTKHT7$GXX',#13321,$,$,(#13304),#13320);
#13323=IFCPROPERTYSINGLEVALUE('Tipo',$,IFCLABEL('PI'),$);
#13324=IFCPROPERTYSINGLEVALUE('CT',$,IFCREAL(98.782),$);
#13325=IFCPROPERTYSINGLEVALUE('CF',$,IFCREAL(98.182),$);
#13326=IFCPROPERTYSINGLEVALUE('Prof',$,IFCREAL(0.6),$);
#13327=IFCOWNERHISTORY(#3,#4,.READWRITE.,.ADDED.,1774189820,#3,#4,1774189820);
#13328=IFCPROPERTYSET('0fa9cojyPDGf07hqheC72S',#13327,'Custo5D',$,(#13331));
#13329=IFCOWNERHISTORY(#3,#4,.READWRITE.,.ADDED.,1774189820,#3,#4,1774189820);
#13330=IFCRELDEFINESBYPROPERTIES('2BQhSx3ObAovU1VarK5EN5',#13329,$,$,(#13304),#13328);
#13331=IFCPROPERTYSINGLEVALUE('Total_RS',$,IFCREAL(1250.),$);
#13332=IFCOWNERHISTORY(#3,#4,.READWRITE.,.MODIFIED.,1774189820,#3,#4,1774189820);
#13333=IFCBUILDINGELEMENTPROXY('2OqisLUxH4Fxbb9mm2dA$O',#13332,'PI_244',$,$,#13347,#13342,$,$);
#13339=IFCCIRCLEPROFILEDEF(.AREA.,$,#30,0.2);
#13340=IFCEXTRUDEDAREASOLID(#13339,#34,#32,0.600000000000009);
#13341=IFCSHAPEREPRESENTATION(#16,'Body','SweptSolid',(#13340));
#13342=IFCPRODUCTDEFINITIONSHAPE($,$,(#13341));
#13343=IFCCARTESIANPOINT((1029.75427306962,664.427635685541,90.279));
#13344=IFCDIRECTION((0.,0.,1.));
#13345=IFCDIRECTION((1.,0.,0.));
#13346=IFCAXIS2PLACEMENT3D(#13343,#13344,#13345);
#13347=IFCLOCALPLACEMENT($,#13346);
#13348=IFCOWNERHISTORY(#3,#4,.READWRITE.,.ADDED.,1774189820,#3,#4,1774189820);
#13349=IFCPROPERTYSET('2TpsEQhFr4huxI47kIccS0',#13348,'PV',$,(#13352,#13353,#13354,#13355));
#13350=IFCOWNERHISTORY(#3,#4,.READWRITE.,.ADDED.,1774189820,#3,#4,1774189820);
#13351=IFCRELDEFINESBYPROPERTIES('3kdkYN8k59kvgmeynaKfTR',#13350,$,$,(#13333),#13349);
#13352=IFCPROPERTYSINGLEVALUE('Tipo',$,IFCLABEL('PI'),$);
#13353=IFCPROPERTYSINGLEVALUE('CT',$,IFCREAL(90.879),$);
#13354=IFCPROPERTYSINGLEVALUE('CF',$,IFCREAL(90.279),$);
#13355=IFCPROPERTYSINGLEVALUE('Prof',$,IFCREAL(0.6),$);
#13356=IFCOWNERHISTORY(#3,#4,.READWRITE.,.ADDED.,1774189820,#3,#4,1774189820);
#13357=IFCPROPERTYSET('13Ul_Yta57SPWX4D6fnuG1',#13356,'Custo5D',$,(#13360));
#13358=IFCOWNERHISTORY(#3,#4,.READWRITE.,.ADDED.,1774189820,#3,#4,1774189820);
#13359=IFCRELDEFINESBYPROPERTIES('2SrFZitTH6YxA4BtCd6QRB',#13358,$,$,(#13333),#13357);
#13360=IFCPROPERTYSINGLEVALUE('Total_RS',$,IFCREAL(1250.),$);
#13361=IFCOWNERHISTORY(#3,#4,.READWRITE.,.MODIFIED.,1774189820,#3,#4,1774189820);
#13362=IFCBUILDINGELEMENTPROXY('0Z1LqQI19EOerQHy7fJRl2',#13361,'PI_224',$,$,#13376,#13371,$,$);
#13368=IFCCIRCLEPROFILEDEF(.AREA.,$,#30,0.2);
#13369=IFCEXTRUDEDAREASOLID(#13368,#34,#32,0.599999999999994);
#13370=IFCSHAPEREPRESENTATION(#16,'Body','SweptSolid',(#13369));
#13371=IFCPRODUCTDEFINITIONSHAPE($,$,(#13370));
#13372=IFCCARTESIANPOINT((1006.33408073935,611.091244257055,67.929));
#13373=IFCDIRECTION((0.,0.,1.));
#13374=IFCDIRECTION((1.,0.,0.));
#13375=IFCAXIS2PLACEMENT3D(#13372,#13373,#13374);
#13376=IFCLOCALPLACEMENT($,#13375);
#13377=IFCOWNERHISTORY(#3,#4,.READWRITE.,.ADDED.,1774189820,#3,#4,1774189820);
#13378=IFCPROPERTYSET('1SgDpdJP1F0eD6v3bPo7cq',#13377,'PV',$,(#13381,#13382,#13383,#13384));
#13379=IFCOWNERHISTORY(#3,#4,.READWRITE.,.ADDED.,1774189820,#3,#4,1774189820);
#13380=IFCRELDEFINESBYPROPERTIES('2GSUXWsqXAoPd1gT8w8aty',#13379,$,$,(#13362),#13378);
#13381=IFCPROPERTYSINGLEVALUE('Tipo',$,IFCLABEL('PI'),$);
#13382=IFCPROPERTYSINGLEVALUE('CT',$,IFCREAL(68.529),$);
#13383=IFCPROPERTYSINGLEVALUE('CF',$,IFCREAL(67.929),$);
#13384=IFCPROPERTYSINGLEVALUE('Prof',$,IFCREAL(0.6),$);
#13385=IFCOWNERHISTORY(#3,#4,.READWRITE.,.ADDED.,1774189820,#3,#4,1774189820);
#13386=IFCPROPERTYSET('1w4Otmq_zFuPcOfj9RKHXt',#13385,'Custo5D',$,(#13389));
#13387=IFCOWNERHISTORY(#3,#4,.READWRITE.,.ADDED.,1774189820,#3,#4,1774189820);
#13388=IFCRELDEFINESBYPROPERTIES('2aZHbhcTf5q9fyZYoeUIWp',#13387,$,$,(#13362),#13386);
#13389=IFCPROPERTYSINGLEVALUE('Total_RS',$,IFCREAL(1250.),$);
#13390=IFCOWNERHISTORY(#3,#4,.READWRITE.,.MODIFIED.,1774189820,#3,#4,1774189820);
#13391=IFCBUILDINGELEMENTPROXY('1z4iQjiHX21RT1obEFmwkr',#13390,'PI_239',$,$,#13405,#13400,$,$);
#13397=IFCCIRCLEPROFILEDEF(.AREA.,$,#30,0.2);
#13398=IFCEXTRUDEDAREASOLID(#13397,#34,#32,0.599999999999994);
#13399=IFCSHAPEREPRESENTATION(#16,'Body','SweptSolid',(#13398));
#13400=IFCPRODUCTDEFINITIONSHAPE($,$,(#13399));
#13401=IFCCARTESIANPOINT((1001.62304452795,609.58688457869,74.79));
#13402=IFCDIRECTION((0.,0.,1.));
#13403=IFCDIRECTION((1.,0.,0.));
#13404=IFCAXIS2PLACEMENT3D(#13401,#13402,#13403);
#13405=IFCLOCALPLACEMENT($,#13404);
#13406=IFCOWNERHISTORY(#3,#4,.READWRITE.,.ADDED.,1774189820,#3,#4,1774189820);
#13407=IFCPROPERTYSET('1Te$1H2ln3sRPhY1UmV0D8',#13406,'PV',$,(#13410,#13411,#13412,#13413));
#13408=IFCOWNERHISTORY(#3,#4,.READWRITE.,.ADDED.,1774189820,#3,#4,1774189820);
#13409=IFCRELDEFINESBYPROPERTIES('0Hg7fJIrr4QR$b9r$QBDqv',#13408,$,$,(#13391),#13407);
#13410=IFCPROPERTYSINGLEVALUE('Tipo',$,IFCLABEL('PI'),$);
#13411=IFCPROPERTYSINGLEVALUE('CT',$,IFCREAL(75.39),$);
#13412=IFCPROPERTYSINGLEVALUE('CF',$,IFCREAL(74.79),$);
#13413=IFCPROPERTYSINGLEVALUE('Prof',$,IFCREAL(0.6),$);
#13414=IFCOWNERHISTORY(#3,#4,.READWRITE.,.ADDED.,1774189820,#3,#4,1774189820);
#13415=IFCPROPERTYSET('1fr9ydwvDC1OYsu8E$u9qE',#13414,'Custo5D',$,(#13418));
#13416=IFCOWNERHISTORY(#3,#4,.READWRITE.,.ADDED.,1774189820,#3,#4,1774189820);
#13417=IFCRELDEFINESBYPROPERTIES('1QxwmZJ6L9eRguB1BzO_$S',#13416,$,$,(#13391),#13415);
#13418=IFCPROPERTYSINGLEVALUE('Total_RS',$,IFCREAL(1250.),$);
#13419=IFCOWNERHISTORY(#3,#4,.READWRITE.,.MODIFIED.,1774189820,#3,#4,1774189820);
#13420=IFCBUILDINGELEMENTPROXY('3nAUs$Oib4UfakseTlH_ED',#13419,'PV_30',$,$,#13434,#13429,$,$);
#13426=IFCCIRCLEPROFILEDEF(.AREA.,$,#30,0.3);
#13427=IFCEXTRUDEDAREASOLID(#13426,#34,#32,0.599999999999994);
#13428=IFCSHAPEREPRESENTATION(#16,'Body','SweptSolid',(#13427));
#13429=IFCPRODUCTDEFINITIONSHAPE($,$,(#13428));
#13430=IFCCARTESIANPOINT((1003.68033638102,610.803802129813,69.343));
#13431=IFCDIRECTION((0.,0.,1.));
#13432=IFCDIRECTION((1.,0.,0.));
#13433=IFCAXIS2PLACEMENT3D(#13430,#13431,#13432);
#13434=IFCLOCALPLACEMENT($,#13433);
#13435=IFCOWNERHISTORY(#3,#4,.READWRITE.,.ADDED.,1774189820,#3,#4,1774189820);
#13436=IFCPROPERTYSET('1uTUSLq_T9HArK$ys4I0i$',#13435,'PV',$,(#13439,#13440,#13441,#13442));
#13437=IFCOWNERHISTORY(#3,#4,.READWRITE.,.ADDED.,1774189820,#3,#4,1774189820);
#13438=IFCRELDEFINESBYPROPERTIES('2vlIhXnFrFg9i027KXjWcz',#13437,$,$,(#13420),#13436);
#13439=IFCPROPERTYSINGLEVALUE('Tipo',$,IFCLABEL('PV'),$);
#13440=IFCPROPERTYSINGLEVALUE('CT',$,IFCREAL(69.943),$);
#13441=IFCPROPERTYSINGLEVALUE('CF',$,IFCREAL(69.343),$);
#13442=IFCPROPERTYSINGLEVALUE('Prof',$,IFCREAL(0.6),$);
#13443=IFCOWNERHISTORY(#3,#4,.READWRITE.,.ADDED.,1774189820,#3,#4,1774189820);
#13444=IFCPROPERTYSET('39n_5V$Df57AGxuJ3$bu0o',#13443,'Custo5D',$,(#13447));
#13445=IFCOWNERHISTORY(#3,#4,.READWRITE.,.ADDED.,1774189820,#3,#4,1774189820);
#13446=IFCRELDEFINESBYPROPERTIES('3OjtMKiIvBluZP5xj_OK2X',#13445,$,$,(#13420),#13444);
#13447=IFCPROPERTYSINGLEVALUE('Total_RS',$,IFCREAL(3078.),$);
#13448=IFCOWNERHISTORY(#3,#4,.READWRITE.,.MODIFIED.,1774189820,#3,#4,1774189820);
#13449=IFCBUILDINGELEMENTPROXY('2eY7vWa0D5sgH1sGinNeBZ',#13448,'PI_241',$,$,#13463,#13458,$,$);
#13455=IFCCIRCLEPROFILEDEF(.AREA.,$,#30,0.2);
#13456=IFCEXTRUDEDAREASOLID(#13455,#34,#32,0.599999999999994);
#13457=IFCSHAPEREPRESENTATION(#16,'Body','SweptSolid',(#13456));
#13458=IFCPRODUCTDEFINITIONSHAPE($,$,(#13457));
#13459=IFCCARTESIANPOINT((1009.51341601671,635.892443493009,85.036));
#13460=IFCDIRECTION((0.,0.,1.));
#13461=IFCDIRECTION((1.,0.,0.));
#13462=IFCAXIS2PLACEMENT3D(#13459,#13460,#13461);
#13463=IFCLOCALPLACEMENT($,#13462);
#13464=IFCOWNERHISTORY(#3,#4,.READWRITE.,.ADDED.,1774189820,#3,#4,1774189820);
#13465=IFCPROPERTYSET('3Ptx_V1AL788ZeHXEPt$0N',#13464,'PV',$,(#13468,#13469,#13470,#13471));
#13466=IFCOWNERHISTORY(#3,#4,.READWRITE.,.ADDED.,1774189820,#3,#4,1774189820);
#13467=IFCRELDEFINESBYPROPERTIES('1FwL_Mn8P9UxIfow$xlWp2',#13466,$,$,(#13449),#13465);
#13468=IFCPROPERTYSINGLEVALUE('Tipo',$,IFCLABEL('PI'),$);
#13469=IFCPROPERTYSINGLEVALUE('CT',$,IFCREAL(85.636),$);
#13470=IFCPROPERTYSINGLEVALUE('CF',$,IFCREAL(85.036),$);
#13471=IFCPROPERTYSINGLEVALUE('Prof',$,IFCREAL(0.6),$);
#13472=IFCOWNERHISTORY(#3,#4,.READWRITE.,.ADDED.,1774189820,#3,#4,1774189820);
#13473=IFCPROPERTYSET('2cekR7hxP3vx5FE1NoRHSk',#13472,'Custo5D',$,(#13476));
#13474=IFCOWNERHISTORY(#3,#4,.READWRITE.,.ADDED.,1774189820,#3,#4,1774189820);
#13475=IFCRELDEFINESBYPROPERTIES('2iivIPpzv3fP1T0zR97pgl',#13474,$,$,(#13449),#13473);
#13476=IFCPROPERTYSINGLEVALUE('Total_RS',$,IFCREAL(1250.),$);
#13477=IFCOWNERHISTORY(#3,#4,.READWRITE.,.MODIFIED.,1774189820,#3,#4,1774189820);
#13478=IFCBUILDINGELEMENTPROXY('2X3XGNeZbAX9$wGtSHGAKo',#13477,'PI_242',$,$,#13492,#13487,$,$);
#13484=IFCCIRCLEPROFILEDEF(.AREA.,$,#30,0.2);
#13485=IFCEXTRUDEDAREASOLID(#13484,#34,#32,0.533000000000001);
#13486=IFCSHAPEREPRESENTATION(#16,'Body','SweptSolid',(#13485));
#13487=IFCPRODUCTDEFINITIONSHAPE($,$,(#13486));
#13488=IFCCARTESIANPOINT((1011.07229992701,637.588566435501,85.071));
#13489=IFCDIRECTION((0.,0.,1.));
#13490=IFCDIRECTION((1.,0.,0.));
#13491=IFCAXIS2PLACEMENT3D(#13488,#13489,#13490);
#13492=IFCLOCALPLACEMENT($,#13491);
#13493=IFCOWNERHISTORY(#3,#4,.READWRITE.,.ADDED.,1774189820,#3,#4,1774189820);
#13494=IFCPROPERTYSET('3ZJtJuWP95yhuP86A0Tp14',#13493,'PV',$,(#13497,#13498,#13499,#13500));
#13495=IFCOWNERHISTORY(#3,#4,.READWRITE.,.ADDED.,1774189820,#3,#4,1774189820);
#13496=IFCRELDEFINESBYPROPERTIES('2BCbJ5ufn5rhmNWCRmCHTg',#13495,$,$,(#13478),#13494);
#13497=IFCPROPERTYSINGLEVALUE('Tipo',$,IFCLABEL('PI'),$);
#13498=IFCPROPERTYSINGLEVALUE('CT',$,IFCREAL(85.604),$);
#13499=IFCPROPERTYSINGLEVALUE('CF',$,IFCREAL(85.071),$);
#13500=IFCPROPERTYSINGLEVALUE('Prof',$,IFCREAL(0.53),$);
#13501=IFCOWNERHISTORY(#3,#4,.READWRITE.,.ADDED.,1774189820,#3,#4,1774189820);
#13502=IFCPROPERTYSET('2Qt3OzFbjD8gxeP5hR4ULc',#13501,'Custo5D',$,(#13505));
#13503=IFCOWNERHISTORY(#3,#4,.READWRITE.,.ADDED.,1774189820,#3,#4,1774189820);
#13504=IFCRELDEFINESBYPROPERTIES('3_9m5p9R18HQy1YAXEKVco',#13503,$,$,(#13478),#13502);
#13505=IFCPROPERTYSINGLEVALUE('Total_RS',$,IFCREAL(1250.),$);
#13506=IFCOWNERHISTORY(#3,#4,.READWRITE.,.MODIFIED.,1774189820,#3,#4,1774189820);
#13507=IFCBUILDINGELEMENTPROXY('0S4Btx4Qn6J9p7TRrC84Cx',#13506,'PI_240',$,$,#13521,#13516,$,$);
#13513=IFCCIRCLEPROFILEDEF(.AREA.,$,#30,0.2);
#13514=IFCEXTRUDEDAREASOLID(#13513,#34,#32,0.599999999999994);
#13515=IFCSHAPEREPRESENTATION(#16,'Body','SweptSolid',(#13514));
#13516=IFCPRODUCTDEFINITIONSHAPE($,$,(#13515));
#13517=IFCCARTESIANPOINT((1003.03574152285,619.009092810564,79.674));
#13518=IFCDIRECTION((0.,0.,1.));
#13519=IFCDIRECTION((1.,0.,0.));
#13520=IFCAXIS2PLACEMENT3D(#13517,#13518,#13519);
#13521=IFCLOCALPLACEMENT($,#13520);
#13522=IFCOWNERHISTORY(#3,#4,.READWRITE.,.ADDED.,1774189820,#3,#4,1774189820);
#13523=IFCPROPERTYSET('1AjfHiK1nEM97geEwheRAM',#13522,'PV',$,(#13526,#13527,#13528,#13529));
#13524=IFCOWNERHISTORY(#3,#4,.READWRITE.,.ADDED.,1774189820,#3,#4,1774189820);
#13525=IFCRELDEFINESBYPROPERTIES('0$JQEd2753HwSvGobdfwcG',#13524,$,$,(#13507),#13523);
#13526=IFCPROPERTYSINGLEVALUE('Tipo',$,IFCLABEL('PI'),$);
#13527=IFCPROPERTYSINGLEVALUE('CT',$,IFCREAL(80.274),$);
#13528=IFCPROPERTYSINGLEVALUE('CF',$,IFCREAL(79.674),$);
#13529=IFCPROPERTYSINGLEVALUE('Prof',$,IFCREAL(0.6),$);
#13530=IFCOWNERHISTORY(#3,#4,.READWRITE.,.ADDED.,1774189820,#3,#4,1774189820);
#13531=IFCPROPERTYSET('1T4twxzH5739XR1QpLorvh',#13530,'Custo5D',$,(#13534));
#13532=IFCOWNERHISTORY(#3,#4,.READWRITE.,.ADDED.,1774189820,#3,#4,1774189820);
#13533=IFCRELDEFINESBYPROPERTIES('12G7_RWCX3eeqf0XcxTq0i',#13532,$,$,(#13507),#13531);
#13534=IFCPROPERTYSINGLEVALUE('Total_RS',$,IFCREAL(1250.),$);
#13535=IFCOWNERHISTORY(#3,#4,.READWRITE.,.MODIFIED.,1774189820,#3,#4,1774189820);
#13536=IFCBUILDINGELEMENTPROXY('33GvxVUDf1x9eaSwz9uGH8',#13535,'PI_247',$,$,#13550,#13545,$,$);
#13542=IFCCIRCLEPROFILEDEF(.AREA.,$,#30,0.2);
#13543=IFCEXTRUDEDAREASOLID(#13542,#34,#32,0.599999999999994);
#13544=IFCSHAPEREPRESENTATION(#16,'Body','SweptSolid',(#13543));
#13545=IFCPRODUCTDEFINITIONSHAPE($,$,(#13544));
#13546=IFCCARTESIANPOINT((1032.9229655161,675.204733267426,99.515));
#13547=IFCDIRECTION((0.,0.,1.));
#13548=IFCDIRECTION((1.,0.,0.));
#13549=IFCAXIS2PLACEMENT3D(#13546,#13547,#13548);
#13550=IFCLOCALPLACEMENT($,#13549);
#13551=IFCOWNERHISTORY(#3,#4,.READWRITE.,.ADDED.,1774189820,#3,#4,1774189820);
#13552=IFCPROPERTYSET('3qvJjPsLv6Dvp$EMpjbHag',#13551,'PV',$,(#13555,#13556,#13557,#13558));
#13553=IFCOWNERHISTORY(#3,#4,.READWRITE.,.ADDED.,1774189820,#3,#4,1774189820);
#13554=IFCRELDEFINESBYPROPERTIES('1qkveNGuP7xfq4oCF_Oj7j',#13553,$,$,(#13536),#13552);
#13555=IFCPROPERTYSINGLEVALUE('Tipo',$,IFCLABEL('PI'),$);
#13556=IFCPROPERTYSINGLEVALUE('CT',$,IFCREAL(100.115),$);
#13557=IFCPROPERTYSINGLEVALUE('CF',$,IFCREAL(99.515),$);
#13558=IFCPROPERTYSINGLEVALUE('Prof',$,IFCREAL(0.6),$);
#13559=IFCOWNERHISTORY(#3,#4,.READWRITE.,.ADDED.,1774189820,#3,#4,1774189820);
#13560=IFCPROPERTYSET('2IJuCkcm5E3P2AtyNsV6Bz',#13559,'Custo5D',$,(#13563));
#13561=IFCOWNERHISTORY(#3,#4,.READWRITE.,.ADDED.,1774189820,#3,#4,1774189820);
#13562=IFCRELDEFINESBYPROPERTIES('2O$T49idv03RAFvQ5$1dzx',#13561,$,$,(#13536),#13560);
#13563=IFCPROPERTYSINGLEVALUE('Total_RS',$,IFCREAL(1250.),$);
#13564=IFCOWNERHISTORY(#3,#4,.READWRITE.,.MODIFIED.,1774189820,#3,#4,1774189820);
#13565=IFCBUILDINGELEMENTPROXY('3JpSLJJK55QQtlmSmPSkh3',#13564,'PI_237',$,$,#13579,#13574,$,$);
#13571=IFCCIRCLEPROFILEDEF(.AREA.,$,#30,0.2);
#13572=IFCEXTRUDEDAREASOLID(#13571,#34,#32,0.600000000000009);
#13573=IFCSHAPEREPRESENTATION(#16,'Body','SweptSolid',(#13572));
#13574=IFCPRODUCTDEFINITIONSHAPE($,$,(#13573));
#13575=IFCCARTESIANPOINT((975.027432106552,649.678404373117,83.579));
#13576=IFCDIRECTION((0.,0.,1.));
#13577=IFCDIRECTION((1.,0.,0.));
#13578=IFCAXIS2PLACEMENT3D(#13575,#13576,#13577);
#13579=IFCLOCALPLACEMENT($,#13578);
#13580=IFCOWNERHISTORY(#3,#4,.READWRITE.,.ADDED.,1774189820,#3,#4,1774189820);
#13581=IFCPROPERTYSET('0Lc$ScZzz9MR$As1rNIg2s',#13580,'PV',$,(#13584,#13585,#13586,#13587));
#13582=IFCOWNERHISTORY(#3,#4,.READWRITE.,.ADDED.,1774189820,#3,#4,1774189820);
#13583=IFCRELDEFINESBYPROPERTIES('2LmO63_3DFFOx3rSDV0_Cc',#13582,$,$,(#13565),#13581);
#13584=IFCPROPERTYSINGLEVALUE('Tipo',$,IFCLABEL('PI'),$);
#13585=IFCPROPERTYSINGLEVALUE('CT',$,IFCREAL(84.179),$);
#13586=IFCPROPERTYSINGLEVALUE('CF',$,IFCREAL(83.579),$);
#13587=IFCPROPERTYSINGLEVALUE('Prof',$,IFCREAL(0.6),$);
#13588=IFCOWNERHISTORY(#3,#4,.READWRITE.,.ADDED.,1774189820,#3,#4,1774189820);
#13589=IFCPROPERTYSET('2aYdK$s8j6YBxf$0ALN5lw',#13588,'Custo5D',$,(#13592));
#13590=IFCOWNERHISTORY(#3,#4,.READWRITE.,.ADDED.,1774189820,#3,#4,1774189820);
#13591=IFCRELDEFINESBYPROPERTIES('0_hx_GHkH7Ivku2uleycFl',#13590,$,$,(#13565),#13589);
#13592=IFCPROPERTYSINGLEVALUE('Total_RS',$,IFCREAL(1250.),$);
#13593=IFCOWNERHISTORY(#3,#4,.READWRITE.,.MODIFIED.,1774189820,#3,#4,1774189820);
#13594=IFCBUILDINGELEMENTPROXY('1o35KgaIT9OhrDPbFRc5FK',#13593,'PI_238',$,$,#13608,#13603,$,$);
#13600=IFCCIRCLEPROFILEDEF(.AREA.,$,#30,0.2);
#13601=IFCEXTRUDEDAREASOLID(#13600,#34,#32,0.599999999999994);
#13602=IFCSHAPEREPRESENTATION(#16,'Body','SweptSolid',(#13601));
#13603=IFCPRODUCTDEFINITIONSHAPE($,$,(#13602));
#13604=IFCCARTESIANPOINT((974.721838546742,651.799301395193,86.304));
#13605=IFCDIRECTION((0.,0.,1.));
#13606=IFCDIRECTION((1.,0.,0.));
#13607=IFCAXIS2PLACEMENT3D(#13604,#13605,#13606);
#13608=IFCLOCALPLACEMENT($,#13607);
#13609=IFCOWNERHISTORY(#3,#4,.READWRITE.,.ADDED.,1774189820,#3,#4,1774189820);
#13610=IFCPROPERTYSET('2W7Ssyauf8aRma1NMM2hmG',#13609,'PV',$,(#13613,#13614,#13615,#13616));
#13611=IFCOWNERHISTORY(#3,#4,.READWRITE.,.ADDED.,1774189820,#3,#4,1774189820);
#13612=IFCRELDEFINESBYPROPERTIES('0N6YW5D4f6ROk6A7RI3upe',#13611,$,$,(#13594),#13610);
#13613=IFCPROPERTYSINGLEVALUE('Tipo',$,IFCLABEL('PI'),$);
#13614=IFCPROPERTYSINGLEVALUE('CT',$,IFCREAL(86.904),$);
#13615=IFCPROPERTYSINGLEVALUE('CF',$,IFCREAL(86.304),$);
#13616=IFCPROPERTYSINGLEVALUE('Prof',$,IFCREAL(0.6),$);
#13617=IFCOWNERHISTORY(#3,#4,.READWRITE.,.ADDED.,1774189820,#3,#4,1774189820);
#13618=IFCPROPERTYSET('1$JfyxwNT9iuxbStvRN7AA',#13617,'Custo5D',$,(#13621));
#13619=IFCOWNERHISTORY(#3,#4,.READWRITE.,.ADDED.,1774189820,#3,#4,1774189820);
#13620=IFCRELDEFINESBYPROPERTIES('0qYpgqlwT26OSjeYJtTgpR',#13619,$,$,(#13594),#13618);
#13621=IFCPROPERTYSINGLEVALUE('Total_RS',$,IFCREAL(1250.),$);
#13622=IFCOWNERHISTORY(#3,#4,.READWRITE.,.MODIFIED.,1774189820,#3,#4,1774189820);
#13623=IFCBUILDINGELEMENTPROXY('3dmjA$imr2QwjxKK6ThN58',#13622,'PI_180',$,$,#13637,#13632,$,$);
#13629=IFCCIRCLEPROFILEDEF(.AREA.,$,#30,0.2);
#13630=IFCEXTRUDEDAREASOLID(#13629,#34,#32,0.599999999999994);
#13631=IFCSHAPEREPRESENTATION(#16,'Body','SweptSolid',(#13630));
#13632=IFCPRODUCTDEFINITIONSHAPE($,$,(#13631));
#13633=IFCCARTESIANPOINT((970.865469347511,657.325539714657,88.768));
#13634=IFCDIRECTION((0.,0.,1.));
#13635=IFCDIRECTION((1.,0.,0.));
#13636=IFCAXIS2PLACEMENT3D(#13633,#13634,#13635);
#13637=IFCLOCALPLACEMENT($,#13636);
#13638=IFCOWNERHISTORY(#3,#4,.READWRITE.,.ADDED.,1774189820,#3,#4,1774189820);
#13639=IFCPROPERTYSET('0EUT_U1yDFi9GLWSSUeWXj',#13638,'PV',$,(#13642,#13643,#13644,#13645));
#13640=IFCOWNERHISTORY(#3,#4,.READWRITE.,.ADDED.,1774189820,#3,#4,1774189820);
#13641=IFCRELDEFINESBYPROPERTIES('3xWyhkG8TB9RUdPrXB83BU',#13640,$,$,(#13623),#13639);
#13642=IFCPROPERTYSINGLEVALUE('Tipo',$,IFCLABEL('PI'),$);
#13643=IFCPROPERTYSINGLEVALUE('CT',$,IFCREAL(89.368),$);
#13644=IFCPROPERTYSINGLEVALUE('CF',$,IFCREAL(88.768),$);
#13645=IFCPROPERTYSINGLEVALUE('Prof',$,IFCREAL(0.6),$);
#13646=IFCOWNERHISTORY(#3,#4,.READWRITE.,.ADDED.,1774189820,#3,#4,1774189820);
#13647=IFCPROPERTYSET('1EcezMuZv2KvM6pLyKkyOw',#13646,'Custo5D',$,(#13650));
#13648=IFCOWNERHISTORY(#3,#4,.READWRITE.,.ADDED.,1774189820,#3,#4,1774189820);
#13649=IFCRELDEFINESBYPROPERTIES('0IOvDAoSXD8gTvXCuYDF61',#13648,$,$,(#13623),#13647);
#13650=IFCPROPERTYSINGLEVALUE('Total_RS',$,IFCREAL(1250.),$);
#13651=IFCOWNERHISTORY(#3,#4,.READWRITE.,.MODIFIED.,1774189820,#3,#4,1774189820);
#13652=IFCBUILDINGELEMENTPROXY('0mN3EgwtDF6Q0J2wywMvYt',#13651,'PI_233',$,$,#13666,#13661,$,$);
#13658=IFCCIRCLEPROFILEDEF(.AREA.,$,#30,0.2);
#13659=IFCEXTRUDEDAREASOLID(#13658,#34,#32,0.599999999999994);
#13660=IFCSHAPEREPRESENTATION(#16,'Body','SweptSolid',(#13659));
#13661=IFCPRODUCTDEFINITIONSHAPE($,$,(#13660));
#13662=IFCCARTESIANPOINT((962.443165110948,626.923792642541,73.283));
#13663=IFCDIRECTION((0.,0.,1.));
#13664=IFCDIRECTION((1.,0.,0.));
#13665=IFCAXIS2PLACEMENT3D(#13662,#13663,#13664);
#13666=IFCLOCALPLACEMENT($,#13665);
#13667=IFCOWNERHISTORY(#3,#4,.READWRITE.,.ADDED.,1774189820,#3,#4,1774189820);
#13668=IFCPROPERTYSET('1$kXUfNc56Y8$lnRBEZA7z',#13667,'PV',$,(#13671,#13672,#13673,#13674));
#13669=IFCOWNERHISTORY(#3,#4,.READWRITE.,.ADDED.,1774189820,#3,#4,1774189820);
#13670=IFCRELDEFINESBYPROPERTIES('2lGq1m1TrCe9cDA9QPc85U',#13669,$,$,(#13652),#13668);
#13671=IFCPROPERTYSINGLEVALUE('Tipo',$,IFCLABEL('PI'),$);
#13672=IFCPROPERTYSINGLEVALUE('CT',$,IFCREAL(73.883),$);
#13673=IFCPROPERTYSINGLEVALUE('CF',$,IFCREAL(73.283),$);
#13674=IFCPROPERTYSINGLEVALUE('Prof',$,IFCREAL(0.6),$);
#13675=IFCOWNERHISTORY(#3,#4,.READWRITE.,.ADDED.,1774189820,#3,#4,1774189820);
#13676=IFCPROPERTYSET('38ZVEUS556axUoNz5pkxQe',#13675,'Custo5D',$,(#13679));
#13677=IFCOWNERHISTORY(#3,#4,.READWRITE.,.ADDED.,1774189820,#3,#4,1774189820);
#13678=IFCRELDEFINESBYPROPERTIES('29mXnsmmz0M99WpV$ggScR',#13677,$,$,(#13652),#13676);
#13679=IFCPROPERTYSINGLEVALUE('Total_RS',$,IFCREAL(1250.),$);
#13680=IFCOWNERHISTORY(#3,#4,.READWRITE.,.MODIFIED.,1774189820,#3,#4,1774189820);
#13681=IFCBUILDINGELEMENTPROXY('3AN0Ifjb15feAM6QgckAJs',#13680,'PI_236',$,$,#13695,#13690,$,$);
#13687=IFCCIRCLEPROFILEDEF(.AREA.,$,#30,0.2);
#13688=IFCEXTRUDEDAREASOLID(#13687,#34,#32,0.486000000000004);
#13689=IFCSHAPEREPRESENTATION(#16,'Body','SweptSolid',(#13688));
#13690=IFCPRODUCTDEFINITIONSHAPE($,$,(#13689));
#13691=IFCCARTESIANPOINT((968.829254844808,633.134338592179,80.836));
#13692=IFCDIRECTION((0.,0.,1.));
#13693=IFCDIRECTION((1.,0.,0.));
#13694=IFCAXIS2PLACEMENT3D(#13691,#13692,#13693);
#13695=IFCLOCALPLACEMENT($,#13694);
#13696=IFCOWNERHISTORY(#3,#4,.READWRITE.,.ADDED.,1774189820,#3,#4,1774189820);
#13697=IFCPROPERTYSET('3YHRerQfHERwFeprr181It',#13696,'PV',$,(#13700,#13701,#13702,#13703));
#13698=IFCOWNERHISTORY(#3,#4,.READWRITE.,.ADDED.,1774189820,#3,#4,1774189820);
#13699=IFCRELDEFINESBYPROPERTIES('3VXgm1hhXAJ8W1aR5i4Skg',#13698,$,$,(#13681),#13697);
#13700=IFCPROPERTYSINGLEVALUE('Tipo',$,IFCLABEL('PI'),$);
#13701=IFCPROPERTYSINGLEVALUE('CT',$,IFCREAL(81.322),$);
#13702=IFCPROPERTYSINGLEVALUE('CF',$,IFCREAL(80.836),$);
#13703=IFCPROPERTYSINGLEVALUE('Prof',$,IFCREAL(0.49),$);
#13704=IFCOWNERHISTORY(#3,#4,.READWRITE.,.ADDED.,1774189820,#3,#4,1774189820);
#13705=IFCPROPERTYSET('0OrXq0IIDAHuw0Wg4Tks0h',#13704,'Custo5D',$,(#13708));
#13706=IFCOWNERHISTORY(#3,#4,.READWRITE.,.ADDED.,1774189820,#3,#4,1774189820);
#13707=IFCRELDEFINESBYPROPERTIES('0b3IQsed19CvOUb_SULcxZ',#13706,$,$,(#13681),#13705);
#13708=IFCPROPERTYSINGLEVALUE('Total_RS',$,IFCREAL(1250.),$);
#13709=IFCOWNERHISTORY(#3,#4,.READWRITE.,.MODIFIED.,1774189820,#3,#4,1774189820);
#13710=IFCBUILDINGELEMENTPROXY('3AD0IwCxLCTOxq9ui3ll5a',#13709,'PI_234',$,$,#13724,#13719,$,$);
#13716=IFCCIRCLEPROFILEDEF(.AREA.,$,#30,0.2);
#13717=IFCEXTRUDEDAREASOLID(#13716,#34,#32,0.599999999999994);
#13718=IFCSHAPEREPRESENTATION(#16,'Body','SweptSolid',(#13717));
#13719=IFCPRODUCTDEFINITIONSHAPE($,$,(#13718));
#13720=IFCCARTESIANPOINT((970.123700720316,635.04899178911,74.483));
#13721=IFCDIRECTION((0.,0.,1.));
#13722=IFCDIRECTION((1.,0.,0.));
#13723=IFCAXIS2PLACEMENT3D(#13720,#13721,#13722);
#13724=IFCLOCALPLACEMENT($,#13723);
#13725=IFCOWNERHISTORY(#3,#4,.READWRITE.,.ADDED.,1774189820,#3,#4,1774189820);
#13726=IFCPROPERTYSET('2mbsx01K14dgpo7wOUjeZZ',#13725,'PV',$,(#13729,#13730,#13731,#13732));
#13727=IFCOWNERHISTORY(#3,#4,.READWRITE.,.ADDED.,1774189820,#3,#4,1774189820);
#13728=IFCRELDEFINESBYPROPERTIES('1GprS4MCz4mRK46ZJbwKVc',#13727,$,$,(#13710),#13726);
#13729=IFCPROPERTYSINGLEVALUE('Tipo',$,IFCLABEL('PI'),$);
#13730=IFCPROPERTYSINGLEVALUE('CT',$,IFCREAL(75.083),$);
#13731=IFCPROPERTYSINGLEVALUE('CF',$,IFCREAL(74.483),$);
#13732=IFCPROPERTYSINGLEVALUE('Prof',$,IFCREAL(0.6),$);
#13733=IFCOWNERHISTORY(#3,#4,.READWRITE.,.ADDED.,1774189820,#3,#4,1774189820);
#13734=IFCPROPERTYSET('244j4siGz1zgLdyh7HqrDR',#13733,'Custo5D',$,(#13737));
#13735=IFCOWNERHISTORY(#3,#4,.READWRITE.,.ADDED.,1774189820,#3,#4,1774189820);
#13736=IFCRELDEFINESBYPROPERTIES('3Sv0TSrjXA28wzx_aCHmTz',#13735,$,$,(#13710),#13734);
#13737=IFCPROPERTYSINGLEVALUE('Total_RS',$,IFCREAL(1250.),$);
#13738=IFCOWNERHISTORY(#3,#4,.READWRITE.,.MODIFIED.,1774189820,#3,#4,1774189820);
#13739=IFCBUILDINGELEMENTPROXY('29k5TqLOnFIwCdtmVfQGlb',#13738,'PV_29',$,$,#13753,#13748,$,$);
#13745=IFCCIRCLEPROFILEDEF(.AREA.,$,#30,0.3);
#13746=IFCEXTRUDEDAREASOLID(#13745,#34,#32,0.352999999999994);
#13747=IFCSHAPEREPRESENTATION(#16,'Body','SweptSolid',(#13746));
#13748=IFCPRODUCTDEFINITIONSHAPE($,$,(#13747));
#13749=IFCCARTESIANPOINT((975.933334278001,607.02964432165,65.453));
#13750=IFCDIRECTION((0.,0.,1.));
#13751=IFCDIRECTION((1.,0.,0.));
#13752=IFCAXIS2PLACEMENT3D(#13749,#13750,#13751);
#13753=IFCLOCALPLACEMENT($,#13752);
#13754=IFCOWNERHISTORY(#3,#4,.READWRITE.,.ADDED.,1774189820,#3,#4,1774189820);
#13755=IFCPROPERTYSET('3E2lauUcnBC8gMANUheU_Y',#13754,'PV',$,(#13758,#13759,#13760,#13761));
#13756=IFCOWNERHISTORY(#3,#4,.READWRITE.,.ADDED.,1774189820,#3,#4,1774189820);
#13757=IFCRELDEFINESBYPROPERTIES('3XXEW6rgT2KRwvTPUnLCR6',#13756,$,$,(#13739),#13755);
#13758=IFCPROPERTYSINGLEVALUE('Tipo',$,IFCLABEL('PV'),$);
#13759=IFCPROPERTYSINGLEVALUE('CT',$,IFCREAL(65.806),$);
#13760=IFCPROPERTYSINGLEVALUE('CF',$,IFCREAL(65.453),$);
#13761=IFCPROPERTYSINGLEVALUE('Prof',$,IFCREAL(0.35),$);
#13762=IFCOWNERHISTORY(#3,#4,.READWRITE.,.ADDED.,1774189820,#3,#4,1774189820);
#13763=IFCPROPERTYSET('0jVKEPs8L2GvoBZxQZbgDh',#13762,'Custo5D',$,(#13766));
#13764=IFCOWNERHISTORY(#3,#4,.READWRITE.,.ADDED.,1774189820,#3,#4,1774189820);
#13765=IFCRELDEFINESBYPROPERTIES('24VzpQko97jhm2fsTTp4QA',#13764,$,$,(#13739),#13763);
#13766=IFCPROPERTYSINGLEVALUE('Total_RS',$,IFCREAL(3078.),$);
#13767=IFCOWNERHISTORY(#3,#4,.READWRITE.,.MODIFIED.,1774189820,#3,#4,1774189820);
#13768=IFCBUILDINGELEMENTPROXY('2TL_FETGX7kAgTcY2$6VXR',#13767,'PI_232',$,$,#13782,#13777,$,$);
#13774=IFCCIRCLEPROFILEDEF(.AREA.,$,#30,0.2);
#13775=IFCEXTRUDEDAREASOLID(#13774,#34,#32,0.599999999999994);
#13776=IFCSHAPEREPRESENTATION(#16,'Body','SweptSolid',(#13775));
#13777=IFCPRODUCTDEFINITIONSHAPE($,$,(#13776));
#13778=IFCCARTESIANPOINT((977.47845058114,605.2914235387,68.233));
#13779=IFCDIRECTION((0.,0.,1.));
#13780=IFCDIRECTION((1.,0.,0.));
#13781=IFCAXIS2PLACEMENT3D(#13778,#13779,#13780);
#13782=IFCLOCALPLACEMENT($,#13781);
#13783=IFCOWNERHISTORY(#3,#4,.READWRITE.,.ADDED.,1774189820,#3,#4,1774189820);
#13784=IFCPROPERTYSET('2sSKn8Jc18zuEUuiVxCygN',#13783,'PV',$,(#13787,#13788,#13789,#13790));
#13785=IFCOWNERHISTORY(#3,#4,.READWRITE.,.ADDED.,1774189820,#3,#4,1774189820);
#13786=IFCRELDEFINESBYPROPERTIES('2S1RUIkwn3zQt5vmJRpJpn',#13785,$,$,(#13768),#13784);
#13787=IFCPROPERTYSINGLEVALUE('Tipo',$,IFCLABEL('PI'),$);
#13788=IFCPROPERTYSINGLEVALUE('CT',$,IFCREAL(68.833),$);
#13789=IFCPROPERTYSINGLEVALUE('CF',$,IFCREAL(68.233),$);
#13790=IFCPROPERTYSINGLEVALUE('Prof',$,IFCREAL(0.6),$);
#13791=IFCOWNERHISTORY(#3,#4,.READWRITE.,.ADDED.,1774189820,#3,#4,1774189820);
#13792=IFCPROPERTYSET('0t4zdgq3H8YvTN8jZqfG$I',#13791,'Custo5D',$,(#13795));
#13793=IFCOWNERHISTORY(#3,#4,.READWRITE.,.ADDED.,1774189820,#3,#4,1774189820);
#13794=IFCRELDEFINESBYPROPERTIES('0OyA8EiiTB8hJ2waDa909T',#13793,$,$,(#13768),#13792);
#13795=IFCPROPERTYSINGLEVALUE('Total_RS',$,IFCREAL(1250.),$);
#13796=IFCOWNERHISTORY(#3,#4,.READWRITE.,.MODIFIED.,1774189820,#3,#4,1774189820);
#13797=IFCBUILDINGELEMENTPROXY('3fU_CxQc51PBFRAgsCWkoR',#13796,'PV_28',$,$,#13811,#13806,$,$);
#13803=IFCCIRCLEPROFILEDEF(.AREA.,$,#30,0.3);
#13804=IFCEXTRUDEDAREASOLID(#13803,#34,#32,0.600000000000009);
#13805=IFCSHAPEREPRESENTATION(#16,'Body','SweptSolid',(#13804));
#13806=IFCPRODUCTDEFINITIONSHAPE($,$,(#13805));
#13807=IFCCARTESIANPOINT((972.973353720619,612.716084972955,65.389));
#13808=IFCDIRECTION((0.,0.,1.));
#13809=IFCDIRECTION((1.,0.,0.));
#13810=IFCAXIS2PLACEMENT3D(#13807,#13808,#13809);
#13811=IFCLOCALPLACEMENT($,#13810);
#13812=IFCOWNERHISTORY(#3,#4,.READWRITE.,.ADDED.,1774189820,#3,#4,1774189820);
#13813=IFCPROPERTYSET('11W5hJGDzEI8ZuxlhPc5_E',#13812,'PV',$,(#13816,#13817,#13818,#13819));
#13814=IFCOWNERHISTORY(#3,#4,.READWRITE.,.ADDED.,1774189820,#3,#4,1774189820);
#13815=IFCRELDEFINESBYPROPERTIES('3dKQchuzf48uQwffTvduHD',#13814,$,$,(#13797),#13813);
#13816=IFCPROPERTYSINGLEVALUE('Tipo',$,IFCLABEL('PV'),$);
#13817=IFCPROPERTYSINGLEVALUE('CT',$,IFCREAL(65.989),$);
#13818=IFCPROPERTYSINGLEVALUE('CF',$,IFCREAL(65.389),$);
#13819=IFCPROPERTYSINGLEVALUE('Prof',$,IFCREAL(0.6),$);
#13820=IFCOWNERHISTORY(#3,#4,.READWRITE.,.ADDED.,1774189820,#3,#4,1774189820);
#13821=IFCPROPERTYSET('1CgmEMK8bBrvPLHkyX4ttz',#13820,'Custo5D',$,(#13824));
#13822=IFCOWNERHISTORY(#3,#4,.READWRITE.,.ADDED.,1774189820,#3,#4,1774189820);
#13823=IFCRELDEFINESBYPROPERTIES('3OX6IZapr9WADq2yB_ml$R',#13822,$,$,(#13797),#13821);
#13824=IFCPROPERTYSINGLEVALUE('Total_RS',$,IFCREAL(3078.),$);
#13825=IFCOWNERHISTORY(#3,#4,.READWRITE.,.MODIFIED.,1774189820,#3,#4,1774189820);
#13826=IFCBUILDINGELEMENTPROXY('2w8N7N5YfETg43GCsYuIBM',#13825,'PI_222',$,$,#13840,#13835,$,$);
#13832=IFCCIRCLEPROFILEDEF(.AREA.,$,#30,0.2);
#13833=IFCEXTRUDEDAREASOLID(#13832,#34,#32,0.399999999999991);
#13834=IFCSHAPEREPRESENTATION(#16,'Body','SweptSolid',(#13833));
#13835=IFCPRODUCTDEFINITIONSHAPE($,$,(#13834));
#13836=IFCCARTESIANPOINT((974.422036124102,586.242696559988,64.191));
#13837=IFCDIRECTION((0.,0.,1.));
#13838=IFCDIRECTION((1.,0.,0.));
#13839=IFCAXIS2PLACEMENT3D(#13836,#13837,#13838);
#13840=IFCLOCALPLACEMENT($,#13839);
#13841=IFCOWNERHISTORY(#3,#4,.READWRITE.,.ADDED.,1774189820,#3,#4,1774189820);
#13842=IFCPROPERTYSET('1gZcUUrN5B$vgz1yC09nCW',#13841,'PV',$,(#13845,#13846,#13847,#13848));
#13843=IFCOWNERHISTORY(#3,#4,.READWRITE.,.ADDED.,1774189820,#3,#4,1774189820);
#13844=IFCRELDEFINESBYPROPERTIES('0$cAaA1vP0LACD3Z$CwTzc',#13843,$,$,(#13826),#13842);
#13845=IFCPROPERTYSINGLEVALUE('Tipo',$,IFCLABEL('PI'),$);
#13846=IFCPROPERTYSINGLEVALUE('CT',$,IFCREAL(64.591),$);
#13847=IFCPROPERTYSINGLEVALUE('CF',$,IFCREAL(64.191),$);
#13848=IFCPROPERTYSINGLEVALUE('Prof',$,IFCREAL(0.4),$);
#13849=IFCOWNERHISTORY(#3,#4,.READWRITE.,.ADDED.,1774189820,#3,#4,1774189820);
#13850=IFCPROPERTYSET('2mI1QMxmbBmRzzjxn1VcrX',#13849,'Custo5D',$,(#13853));
#13851=IFCOWNERHISTORY(#3,#4,.READWRITE.,.ADDED.,1774189820,#3,#4,1774189820);
#13852=IFCRELDEFINESBYPROPERTIES('2Rp2bftFn8QeN0tsT4p91h',#13851,$,$,(#13826),#13850);
#13853=IFCPROPERTYSINGLEVALUE('Total_RS',$,IFCREAL(1250.),$);
#13854=IFCOWNERHISTORY(#3,#4,.READWRITE.,.MODIFIED.,1774189820,#3,#4,1774189820);
#13855=IFCBUILDINGELEMENTPROXY('0Mm0z01_96BPwLn4xQbsdt',#13854,'PI_223',$,$,#13869,#13864,$,$);
#13861=IFCCIRCLEPROFILEDEF(.AREA.,$,#30,0.2);
#13862=IFCEXTRUDEDAREASOLID(#13861,#34,#32,0.600000000000009);
#13863=IFCSHAPEREPRESENTATION(#16,'Body','SweptSolid',(#13862));
#13864=IFCPRODUCTDEFINITIONSHAPE($,$,(#13863));
#13865=IFCCARTESIANPOINT((989.211583544209,597.313801875338,65.74));
#13866=IFCDIRECTION((0.,0.,1.));
#13867=IFCDIRECTION((1.,0.,0.));
#13868=IFCAXIS2PLACEMENT3D(#13865,#13866,#13867);
#13869=IFCLOCALPLACEMENT($,#13868);
#13870=IFCOWNERHISTORY(#3,#4,.READWRITE.,.ADDED.,1774189820,#3,#4,1774189820);
#13871=IFCPROPERTYSET('1iEILNAFzDPw6LexD2OXwG',#13870,'PV',$,(#13874,#13875,#13876,#13877));
#13872=IFCOWNERHISTORY(#3,#4,.READWRITE.,.ADDED.,1774189820,#3,#4,1774189820);
#13873=IFCRELDEFINESBYPROPERTIES('3PScReoRT9_xzteppHQUZw',#13872,$,$,(#13855),#13871);
#13874=IFCPROPERTYSINGLEVALUE('Tipo',$,IFCLABEL('PI'),$);
#13875=IFCPROPERTYSINGLEVALUE('CT',$,IFCREAL(66.34),$);
#13876=IFCPROPERTYSINGLEVALUE('CF',$,IFCREAL(65.74),$);
#13877=IFCPROPERTYSINGLEVALUE('Prof',$,IFCREAL(0.6),$);
#13878=IFCOWNERHISTORY(#3,#4,.READWRITE.,.ADDED.,1774189820,#3,#4,1774189820);
#13879=IFCPROPERTYSET('2tzOTsz6j8of_5PyiNZYcm',#13878,'Custo5D',$,(#13882));
#13880=IFCOWNERHISTORY(#3,#4,.READWRITE.,.ADDED.,1774189820,#3,#4,1774189820);
#13881=IFCRELDEFINESBYPROPERTIES('1qozUT6ZH8QBaM8lXoX9Ge',#13880,$,$,(#13855),#13879);
#13882=IFCPROPERTYSINGLEVALUE('Total_RS',$,IFCREAL(1250.),$);
#13883=IFCOWNERHISTORY(#3,#4,.READWRITE.,.MODIFIED.,1774189820,#3,#4,1774189820);
#13884=IFCBUILDINGELEMENTPROXY('0fs9VvWWjDhOSxyWjsIT8C',#13883,'PI_178',$,$,#13898,#13893,$,$);
#13890=IFCCIRCLEPROFILEDEF(.AREA.,$,#30,0.2);
#13891=IFCEXTRUDEDAREASOLID(#13890,#34,#32,0.599999999999994);
#13892=IFCSHAPEREPRESENTATION(#16,'Body','SweptSolid',(#13891));
#13893=IFCPRODUCTDEFINITIONSHAPE($,$,(#13892));
#13894=IFCCARTESIANPOINT((925.949120441452,619.433157968335,82.376));
#13895=IFCDIRECTION((0.,0.,1.));
#13896=IFCDIRECTION((1.,0.,0.));
#13897=IFCAXIS2PLACEMENT3D(#13894,#13895,#13896);
#13898=IFCLOCALPLACEMENT($,#13897);
#13899=IFCOWNERHISTORY(#3,#4,.READWRITE.,.ADDED.,1774189820,#3,#4,1774189820);
#13900=IFCPROPERTYSET('1LWTaUnnHCBfKBdqL6Imzh',#13899,'PV',$,(#13903,#13904,#13905,#13906));
#13901=IFCOWNERHISTORY(#3,#4,.READWRITE.,.ADDED.,1774189820,#3,#4,1774189820);
#13902=IFCRELDEFINESBYPROPERTIES('0b0VsP2_LB4uNAxMq_3uRY',#13901,$,$,(#13884),#13900);
#13903=IFCPROPERTYSINGLEVALUE('Tipo',$,IFCLABEL('PI'),$);
#13904=IFCPROPERTYSINGLEVALUE('CT',$,IFCREAL(82.976),$);
#13905=IFCPROPERTYSINGLEVALUE('CF',$,IFCREAL(82.376),$);
#13906=IFCPROPERTYSINGLEVALUE('Prof',$,IFCREAL(0.6),$);
#13907=IFCOWNERHISTORY(#3,#4,.READWRITE.,.ADDED.,1774189820,#3,#4,1774189820);
#13908=IFCPROPERTYSET('2tq2BagHjFG9TPZZk_S8k8',#13907,'Custo5D',$,(#13911));
#13909=IFCOWNERHISTORY(#3,#4,.READWRITE.,.ADDED.,1774189820,#3,#4,1774189820);
#13910=IFCRELDEFINESBYPROPERTIES('3U5zYqaq52le$0IVTCH53J',#13909,$,$,(#13884),#13908);
#13911=IFCPROPERTYSINGLEVALUE('Total_RS',$,IFCREAL(1250.),$);
#13912=IFCOWNERHISTORY(#3,#4,.READWRITE.,.MODIFIED.,1774189820,#3,#4,1774189820);
#13913=IFCBUILDINGELEMENTPROXY('0joGU8Keb7APaVOn5PNP_Q',#13912,'PI_177',$,$,#13927,#13922,$,$);
#13919=IFCCIRCLEPROFILEDEF(.AREA.,$,#30,0.2);
#13920=IFCEXTRUDEDAREASOLID(#13919,#34,#32,0.600000000000009);
#13921=IFCSHAPEREPRESENTATION(#16,'Body','SweptSolid',(#13920));
#13922=IFCPRODUCTDEFINITIONSHAPE($,$,(#13921));
#13923=IFCCARTESIANPOINT((926.903182830545,621.521753227338,77.949));
#13924=IFCDIRECTION((0.,0.,1.));
#13925=IFCDIRECTION((1.,0.,0.));
#13926=IFCAXIS2PLACEMENT3D(#13923,#13924,#13925);
#13927=IFCLOCALPLACEMENT($,#13926);
#13928=IFCOWNERHISTORY(#3,#4,.READWRITE.,.ADDED.,1774189820,#3,#4,1774189820);
#13929=IFCPROPERTYSET('1j8cvl73HFQPxLtVyHbmfi',#13928,'PV',$,(#13932,#13933,#13934,#13935));
#13930=IFCOWNERHISTORY(#3,#4,.READWRITE.,.ADDED.,1774189820,#3,#4,1774189820);
#13931=IFCRELDEFINESBYPROPERTIES('21otAOKx52qey_aUXM8j_9',#13930,$,$,(#13913),#13929);
#13932=IFCPROPERTYSINGLEVALUE('Tipo',$,IFCLABEL('PI'),$);
#13933=IFCPROPERTYSINGLEVALUE('CT',$,IFCREAL(78.549),$);
#13934=IFCPROPERTYSINGLEVALUE('CF',$,IFCREAL(77.949),$);
#13935=IFCPROPERTYSINGLEVALUE('Prof',$,IFCREAL(0.6),$);
#13936=IFCOWNERHISTORY(#3,#4,.READWRITE.,.ADDED.,1774189820,#3,#4,1774189820);
#13937=IFCPROPERTYSET('30i_mXvArALgFE2gs8wiOb',#13936,'Custo5D',$,(#13940));
#13938=IFCOWNERHISTORY(#3,#4,.READWRITE.,.ADDED.,1774189820,#3,#4,1774189820);
#13939=IFCRELDEFINESBYPROPERTIES('1R1sAdJ852jQWsWCwiVIGc',#13938,$,$,(#13913),#13937);
#13940=IFCPROPERTYSINGLEVALUE('Total_RS',$,IFCREAL(1250.),$);
#13941=IFCOWNERHISTORY(#3,#4,.READWRITE.,.MODIFIED.,1774189820,#3,#4,1774189820);
#13942=IFCBUILDINGELEMENTPROXY('1kFpcsCUXB8P$XaVSPfy5e',#13941,'PI_175',$,$,#13956,#13951,$,$);
#13948=IFCCIRCLEPROFILEDEF(.AREA.,$,#30,0.2);
#13949=IFCEXTRUDEDAREASOLID(#13948,#34,#32,0.599999999999994);
#13950=IFCSHAPEREPRESENTATION(#16,'Body','SweptSolid',(#13949));
#13951=IFCPRODUCTDEFINITIONSHAPE($,$,(#13950));
#13952=IFCCARTESIANPOINT((908.226530427404,587.925971070305,71.114));
#13953=IFCDIRECTION((0.,0.,1.));
#13954=IFCDIRECTION((1.,0.,0.));
#13955=IFCAXIS2PLACEMENT3D(#13952,#13953,#13954);
#13956=IFCLOCALPLACEMENT($,#13955);
#13957=IFCOWNERHISTORY(#3,#4,.READWRITE.,.ADDED.,1774189820,#3,#4,1774189820);
#13958=IFCPROPERTYSET('1lLveyikrFmRpImpirt6Xw',#13957,'PV',$,(#13961,#13962,#13963,#13964));
#13959=IFCOWNERHISTORY(#3,#4,.READWRITE.,.ADDED.,1774189820,#3,#4,1774189820);
#13960=IFCRELDEFINESBYPROPERTIES('2$6yhkp51BARTBb0E96jVo',#13959,$,$,(#13942),#13958);
#13961=IFCPROPERTYSINGLEVALUE('Tipo',$,IFCLABEL('PI'),$);
#13962=IFCPROPERTYSINGLEVALUE('CT',$,IFCREAL(71.714),$);
#13963=IFCPROPERTYSINGLEVALUE('CF',$,IFCREAL(71.114),$);
#13964=IFCPROPERTYSINGLEVALUE('Prof',$,IFCREAL(0.6),$);
#13965=IFCOWNERHISTORY(#3,#4,.READWRITE.,.ADDED.,1774189820,#3,#4,1774189820);
#13966=IFCPROPERTYSET('22A459Xu98yAXiNLD3QJa3',#13965,'Custo5D',$,(#13969));
#13967=IFCOWNERHISTORY(#3,#4,.READWRITE.,.ADDED.,1774189820,#3,#4,1774189820);
#13968=IFCRELDEFINESBYPROPERTIES('37no4UEdzF_8AKBdJqOTpf',#13967,$,$,(#13942),#13966);
#13969=IFCPROPERTYSINGLEVALUE('Total_RS',$,IFCREAL(1250.),$);
#13970=IFCOWNERHISTORY(#3,#4,.READWRITE.,.MODIFIED.,1774189820,#3,#4,1774189820);
#13971=IFCBUILDINGELEMENTPROXY('2QUAZ1vzT2fBFdlG8hVo0k',#13970,'PI_176',$,$,#13985,#13980,$,$);
#13977=IFCCIRCLEPROFILEDEF(.AREA.,$,#30,0.2);
#13978=IFCEXTRUDEDAREASOLID(#13977,#34,#32,0.599999999999994);
#13979=IFCSHAPEREPRESENTATION(#16,'Body','SweptSolid',(#13978));
#13980=IFCPRODUCTDEFINITIONSHAPE($,$,(#13979));
#13981=IFCCARTESIANPOINT((910.106124683807,589.360263017006,76.354));
#13982=IFCDIRECTION((0.,0.,1.));
#13983=IFCDIRECTION((1.,0.,0.));
#13984=IFCAXIS2PLACEMENT3D(#13981,#13982,#13983);
#13985=IFCLOCALPLACEMENT($,#13984);
#13986=IFCOWNERHISTORY(#3,#4,.READWRITE.,.ADDED.,1774189820,#3,#4,1774189820);
#13987=IFCPROPERTYSET('3iVbgfBy9Bzh9nO3svwjAi',#13986,'PV',$,(#13990,#13991,#13992,#13993));
#13988=IFCOWNERHISTORY(#3,#4,.READWRITE.,.ADDED.,1774189820,#3,#4,1774189820);
#13989=IFCRELDEFINESBYPROPERTIES('0uq0uWNAn9COmDRKP51YO$',#13988,$,$,(#13971),#13987);
#13990=IFCPROPERTYSINGLEVALUE('Tipo',$,IFCLABEL('PI'),$);
#13991=IFCPROPERTYSINGLEVALUE('CT',$,IFCREAL(76.954),$);
#13992=IFCPROPERTYSINGLEVALUE('CF',$,IFCREAL(76.354),$);
#13993=IFCPROPERTYSINGLEVALUE('Prof',$,IFCREAL(0.6),$);
#13994=IFCOWNERHISTORY(#3,#4,.READWRITE.,.ADDED.,1774189820,#3,#4,1774189820);
#13995=IFCPROPERTYSET('0C4MGXpuj3PPVZop5UxYah',#13994,'Custo5D',$,(#13998));
#13996=IFCOWNERHISTORY(#3,#4,.READWRITE.,.ADDED.,1774189820,#3,#4,1774189820);
#13997=IFCRELDEFINESBYPROPERTIES('2k_X2UoLzEM9n1zSrVm4Ky',#13996,$,$,(#13971),#13995);
#13998=IFCPROPERTYSINGLEVALUE('Total_RS',$,IFCREAL(1250.),$);
#13999=IFCOWNERHISTORY(#3,#4,.READWRITE.,.MODIFIED.,1774189820,#3,#4,1774189820);
#14000=IFCBUILDINGELEMENTPROXY('0m_y517vb2Kw0SOi5v_ZXY',#13999,'PI_179',$,$,#14014,#14009,$,$);
#14006=IFCCIRCLEPROFILEDEF(.AREA.,$,#30,0.2);
#14007=IFCEXTRUDEDAREASOLID(#14006,#34,#32,0.599999999999994);
#14008=IFCSHAPEREPRESENTATION(#16,'Body','SweptSolid',(#14007));
#14009=IFCPRODUCTDEFINITIONSHAPE($,$,(#14008));
#14010=IFCCARTESIANPOINT((940.269582837354,636.734110046178,86.357));
#14011=IFCDIRECTION((0.,0.,1.));
#14012=IFCDIRECTION((1.,0.,0.));
#14013=IFCAXIS2PLACEMENT3D(#14010,#14011,#14012);
#14014=IFCLOCALPLACEMENT($,#14013);
#14015=IFCOWNERHISTORY(#3,#4,.READWRITE.,.ADDED.,1774189820,#3,#4,1774189820);
#14016=IFCPROPERTYSET('19SbVYRc5EAw240LTSc70s',#14015,'PV',$,(#14019,#14020,#14021,#14022));
#14017=IFCOWNERHISTORY(#3,#4,.READWRITE.,.ADDED.,1774189820,#3,#4,1774189820);
#14018=IFCRELDEFINESBYPROPERTIES('1SX5vv$sr3LfjGYQIj0Nr2',#14017,$,$,(#14000),#14016);
#14019=IFCPROPERTYSINGLEVALUE('Tipo',$,IFCLABEL('PI'),$);
#14020=IFCPROPERTYSINGLEVALUE('CT',$,IFCREAL(86.957),$);
#14021=IFCPROPERTYSINGLEVALUE('CF',$,IFCREAL(86.357),$);
#14022=IFCPROPERTYSINGLEVALUE('Prof',$,IFCREAL(0.6),$);
#14023=IFCOWNERHISTORY(#3,#4,.READWRITE.,.ADDED.,1774189820,#3,#4,1774189820);
#14024=IFCPROPERTYSET('2jUzapVdX8YgaJyBtxywTJ',#14023,'Custo5D',$,(#14027));
#14025=IFCOWNERHISTORY(#3,#4,.READWRITE.,.ADDED.,1774189820,#3,#4,1774189820);
#14026=IFCRELDEFINESBYPROPERTIES('1GtviBqyX5Z9dwImh3JFCK',#14025,$,$,(#14000),#14024);
#14027=IFCPROPERTYSINGLEVALUE('Total_RS',$,IFCREAL(1250.),$);
#14028=IFCOWNERHISTORY(#3,#4,.READWRITE.,.MODIFIED.,1774189820,#3,#4,1774189820);
#14029=IFCBUILDINGELEMENTPROXY('2XBk9QWvT39BAcE_WQ80r2',#14028,'PI_235',$,$,#14043,#14038,$,$);
#14035=IFCCIRCLEPROFILEDEF(.AREA.,$,#30,0.2);
#14036=IFCEXTRUDEDAREASOLID(#14035,#34,#32,0.600000000000009);
#14037=IFCSHAPEREPRESENTATION(#16,'Body','SweptSolid',(#14036));
#14038=IFCPRODUCTDEFINITIONSHAPE($,$,(#14037));
#14039=IFCCARTESIANPOINT((941.703151332214,638.64732810203,80.782));
#14040=IFCDIRECTION((0.,0.,1.));
#14041=IFCDIRECTION((1.,0.,0.));
#14042=IFCAXIS2PLACEMENT3D(#14039,#14040,#14041);
#14043=IFCLOCALPLACEMENT($,#14042);
#14044=IFCOWNERHISTORY(#3,#4,.READWRITE.,.ADDED.,1774189820,#3,#4,1774189820);
#14045=IFCPROPERTYSET('15cViiMun5Bh3AEGX$VgJm',#14044,'PV',$,(#14048,#14049,#14050,#14051));
#14046=IFCOWNERHISTORY(#3,#4,.READWRITE.,.ADDED.,1774189820,#3,#4,1774189820);
#14047=IFCRELDEFINESBYPROPERTIES('2VMr2K_KLEtBrE0Ggmujoz',#14046,$,$,(#14029),#14045);
#14048=IFCPROPERTYSINGLEVALUE('Tipo',$,IFCLABEL('PI'),$);
#14049=IFCPROPERTYSINGLEVALUE('CT',$,IFCREAL(81.382),$);
#14050=IFCPROPERTYSINGLEVALUE('CF',$,IFCREAL(80.782),$);
#14051=IFCPROPERTYSINGLEVALUE('Prof',$,IFCREAL(0.6),$);
#14052=IFCOWNERHISTORY(#3,#4,.READWRITE.,.ADDED.,1774189820,#3,#4,1774189820);
#14053=IFCPROPERTYSET('1de9Hdo1z4Uh67DCj3bgRS',#14052,'Custo5D',$,(#14056));
#14054=IFCOWNERHISTORY(#3,#4,.READWRITE.,.ADDED.,1774189820,#3,#4,1774189820);
#14055=IFCRELDEFINESBYPROPERTIES('3wAr7YmD92TPCWvA6ij8wl',#14054,$,$,(#14029),#14053);
#14056=IFCPROPERTYSINGLEVALUE('Total_RS',$,IFCREAL(1250.),$);
#14057=IFCOWNERHISTORY(#3,#4,.READWRITE.,.MODIFIED.,1774189820,#3,#4,1774189820);
#14058=IFCBUILDINGELEMENTPROXY('1NbqV8P157vB29mYoZ1OGj',#14057,'PI_181',$,$,#14072,#14067,$,$);
#14064=IFCCIRCLEPROFILEDEF(.AREA.,$,#30,0.2);
#14065=IFCEXTRUDEDAREASOLID(#14064,#34,#32,0.599999999999994);
#14066=IFCSHAPEREPRESENTATION(#16,'Body','SweptSolid',(#14065));
#14067=IFCPRODUCTDEFINITIONSHAPE($,$,(#14066));
#14068=IFCCARTESIANPOINT((952.575901235454,666.444154715165,89.968));
#14069=IFCDIRECTION((0.,0.,1.));
#14070=IFCDIRECTION((1.,0.,0.));
#14071=IFCAXIS2PLACEMENT3D(#14068,#14069,#14070);
#14072=IFCLOCALPLACEMENT($,#14071);
#14073=IFCOWNERHISTORY(#3,#4,.READWRITE.,.ADDED.,1774189820,#3,#4,1774189820);
#14074=IFCPROPERTYSET('1Vg8yfV0X20vHw7fBVGQqR',#14073,'PV',$,(#14077,#14078,#14079,#14080));
#14075=IFCOWNERHISTORY(#3,#4,.READWRITE.,.ADDED.,1774189820,#3,#4,1774189820);
#14076=IFCRELDEFINESBYPROPERTIES('0duZHz2GH3nOkw5mbTOhpl',#14075,$,$,(#14058),#14074);
#14077=IFCPROPERTYSINGLEVALUE('Tipo',$,IFCLABEL('PI'),$);
#14078=IFCPROPERTYSINGLEVALUE('CT',$,IFCREAL(90.568),$);
#14079=IFCPROPERTYSINGLEVALUE('CF',$,IFCREAL(89.968),$);
#14080=IFCPROPERTYSINGLEVALUE('Prof',$,IFCREAL(0.6),$);
#14081=IFCOWNERHISTORY(#3,#4,.READWRITE.,.ADDED.,1774189820,#3,#4,1774189820);
#14082=IFCPROPERTYSET('3e8eKs2IX9ZPHx7AQLvZce',#14081,'Custo5D',$,(#14085));
#14083=IFCOWNERHISTORY(#3,#4,.READWRITE.,.ADDED.,1774189820,#3,#4,1774189820);
#14084=IFCRELDEFINESBYPROPERTIES('0FxwjQL8v1BgQKe5g3a96B',#14083,$,$,(#14058),#14082);
#14085=IFCPROPERTYSINGLEVALUE('Total_RS',$,IFCREAL(1250.),$);
#14086=IFCOWNERHISTORY(#3,#4,.READWRITE.,.MODIFIED.,1774189820,#3,#4,1774189820);
#14087=IFCBUILDINGELEMENTPROXY('1e9aO0rxD7UfMq_G55OI23',#14086,'PI_7',$,$,#14101,#14096,$,$);
#14093=IFCCIRCLEPROFILEDEF(.AREA.,$,#30,0.2);
#14094=IFCEXTRUDEDAREASOLID(#14093,#34,#32,1.5);
#14095=IFCSHAPEREPRESENTATION(#16,'Body','SweptSolid',(#14094));
#14096=IFCPRODUCTDEFINITIONSHAPE($,$,(#14095));
#14097=IFCCARTESIANPOINT((1004.86440992792,552.767069427297,99.961));
#14098=IFCDIRECTION((0.,0.,1.));
#14099=IFCDIRECTION((1.,0.,0.));
#14100=IFCAXIS2PLACEMENT3D(#14097,#14098,#14099);
#14101=IFCLOCALPLACEMENT($,#14100);
#14102=IFCOWNERHISTORY(#3,#4,.READWRITE.,.ADDED.,1774189820,#3,#4,1774189820);
#14103=IFCPROPERTYSET('3XzbaADSD2i9RbH53f_AZu',#14102,'PV',$,(#14106,#14107,#14108,#14109));
#14104=IFCOWNERHISTORY(#3,#4,.READWRITE.,.ADDED.,1774189820,#3,#4,1774189820);
#14105=IFCRELDEFINESBYPROPERTIES('2PCHJJVmbE4QXYtcZ6Qje5',#14104,$,$,(#14087),#14103);
#14106=IFCPROPERTYSINGLEVALUE('Tipo',$,IFCLABEL('PI'),$);
#14107=IFCPROPERTYSINGLEVALUE('CT',$,IFCREAL(101.461),$);
#14108=IFCPROPERTYSINGLEVALUE('CF',$,IFCREAL(99.961),$);
#14109=IFCPROPERTYSINGLEVALUE('Prof',$,IFCREAL(1.5),$);
#14110=IFCOWNERHISTORY(#3,#4,.READWRITE.,.ADDED.,1774189820,#3,#4,1774189820);
#14111=IFCPROPERTYSET('1FSCp6DEH74RepxjxZH06X',#14110,'Custo5D',$,(#14114));
#14112=IFCOWNERHISTORY(#3,#4,.READWRITE.,.ADDED.,1774189820,#3,#4,1774189820);
#14113=IFCRELDEFINESBYPROPERTIES('0NFHMzylj4YAxXGIgz9dNT',#14112,$,$,(#14087),#14111);
#14114=IFCPROPERTYSINGLEVALUE('Total_RS',$,IFCREAL(1250.),$);
#14115=IFCOWNERHISTORY(#3,#4,.READWRITE.,.MODIFIED.,1774189820,#3,#4,1774189820);
#14116=IFCBUILDINGELEMENTPROXY('23IAxwJGP9zxhiGR4nRUAw',#14115,'PI_213',$,$,#14130,#14125,$,$);
#14122=IFCCIRCLEPROFILEDEF(.AREA.,$,#30,0.2);
#14123=IFCEXTRUDEDAREASOLID(#14122,#34,#32,0.599999999999994);
#14124=IFCSHAPEREPRESENTATION(#16,'Body','SweptSolid',(#14123));
#14125=IFCPRODUCTDEFINITIONSHAPE($,$,(#14124));
#14126=IFCCARTESIANPOINT((1006.35579682305,554.632623215206,76.607));
#14127=IFCDIRECTION((0.,0.,1.));
#14128=IFCDIRECTION((1.,0.,0.));
#14129=IFCAXIS2PLACEMENT3D(#14126,#14127,#14128);
#14130=IFCLOCALPLACEMENT($,#14129);
#14131=IFCOWNERHISTORY(#3,#4,.READWRITE.,.ADDED.,1774189820,#3,#4,1774189820);
#14132=IFCPROPERTYSET('1yQKXadZT1Nglf9MvQFph1',#14131,'PV',$,(#14135,#14136,#14137,#14138));
#14133=IFCOWNERHISTORY(#3,#4,.READWRITE.,.ADDED.,1774189820,#3,#4,1774189820);
#14134=IFCRELDEFINESBYPROPERTIES('3UjDY12Qv468Trgs_is5DF',#14133,$,$,(#14116),#14132);
#14135=IFCPROPERTYSINGLEVALUE('Tipo',$,IFCLABEL('PI'),$);
#14136=IFCPROPERTYSINGLEVALUE('CT',$,IFCREAL(77.207),$);
#14137=IFCPROPERTYSINGLEVALUE('CF',$,IFCREAL(76.607),$);
#14138=IFCPROPERTYSINGLEVALUE('Prof',$,IFCREAL(0.6),$);
#14139=IFCOWNERHISTORY(#3,#4,.READWRITE.,.ADDED.,1774189820,#3,#4,1774189820);
#14140=IFCPROPERTYSET('2BR8MzPwHBqQrrHRSjmB2A',#14139,'Custo5D',$,(#14143));
#14141=IFCOWNERHISTORY(#3,#4,.READWRITE.,.ADDED.,1774189820,#3,#4,1774189820);
#14142=IFCRELDEFINESBYPROPERTIES('2tK3VJhp5AsgwsYU$Z$DZp',#14141,$,$,(#14116),#14140);
#14143=IFCPROPERTYSINGLEVALUE('Total_RS',$,IFCREAL(1250.),$);
#14144=IFCOWNERHISTORY(#3,#4,.READWRITE.,.MODIFIED.,1774189820,#3,#4,1774189820);
#14145=IFCBUILDINGELEMENTPROXY('34gaF3QhrDAOLg2wFGfdDJ',#14144,'PI_215',$,$,#14159,#14154,$,$);
#14151=IFCCIRCLEPROFILEDEF(.AREA.,$,#30,0.2);
#14152=IFCEXTRUDEDAREASOLID(#14151,#34,#32,0.599999999999994);
#14153=IFCSHAPEREPRESENTATION(#16,'Body','SweptSolid',(#14152));
#14154=IFCPRODUCTDEFINITIONSHAPE($,$,(#14153));
#14155=IFCCARTESIANPOINT((1024.1613939557,581.191568326205,80.92));
#14156=IFCDIRECTION((0.,0.,1.));
#14157=IFCDIRECTION((1.,0.,0.));
#14158=IFCAXIS2PLACEMENT3D(#14155,#14156,#14157);
#14159=IFCLOCALPLACEMENT($,#14158);
#14160=IFCOWNERHISTORY(#3,#4,.READWRITE.,.ADDED.,1774189820,#3,#4,1774189820);
#14161=IFCPROPERTYSET('17RX93uYb6wvvTRavmkJkj',#14160,'PV',$,(#14164,#14165,#14166,#14167));
#14162=IFCOWNERHISTORY(#3,#4,.READWRITE.,.ADDED.,1774189820,#3,#4,1774189820);
#14163=IFCRELDEFINESBYPROPERTIES('0Seb6hefH319V5FpB_FyhN',#14162,$,$,(#14145),#14161);
#14164=IFCPROPERTYSINGLEVALUE('Tipo',$,IFCLABEL('PI'),$);
#14165=IFCPROPERTYSINGLEVALUE('CT',$,IFCREAL(81.52),$);
#14166=IFCPROPERTYSINGLEVALUE('CF',$,IFCREAL(80.92),$);
#14167=IFCPROPERTYSINGLEVALUE('Prof',$,IFCREAL(0.6),$);
#14168=IFCOWNERHISTORY(#3,#4,.READWRITE.,.ADDED.,1774189820,#3,#4,1774189820);
#14169=IFCPROPERTYSET('2oifHnD3X8o9b1O9Hl$$Zu',#14168,'Custo5D',$,(#14172));
#14170=IFCOWNERHISTORY(#3,#4,.READWRITE.,.ADDED.,1774189820,#3,#4,1774189820);
#14171=IFCRELDEFINESBYPROPERTIES('0g6NNWER92DgXYm6e$t9mH',#14170,$,$,(#14145),#14169);
#14172=IFCPROPERTYSINGLEVALUE('Total_RS',$,IFCREAL(1250.),$);
#14173=IFCOWNERHISTORY(#3,#4,.READWRITE.,.MODIFIED.,1774189820,#3,#4,1774189820);
#14174=IFCBUILDINGELEMENTPROXY('0ACblpskfDwfkiQwKrFlFD',#14173,'PI_214',$,$,#14188,#14183,$,$);
#14180=IFCCIRCLEPROFILEDEF(.AREA.,$,#30,0.2);
#14181=IFCEXTRUDEDAREASOLID(#14180,#34,#32,0.600000000000009);
#14182=IFCSHAPEREPRESENTATION(#16,'Body','SweptSolid',(#14181));
#14183=IFCPRODUCTDEFINITIONSHAPE($,$,(#14182));
#14184=IFCCARTESIANPOINT((1015.12392642861,567.899090128019,78.773));
#14185=IFCDIRECTION((0.,0.,1.));
#14186=IFCDIRECTION((1.,0.,0.));
#14187=IFCAXIS2PLACEMENT3D(#14184,#14185,#14186);
#14188=IFCLOCALPLACEMENT($,#14187);
#14189=IFCOWNERHISTORY(#3,#4,.READWRITE.,.ADDED.,1774189820,#3,#4,1774189820);
#14190=IFCPROPERTYSET('2MCy3yi7DDk9gvwl7nIQ$x',#14189,'PV',$,(#14193,#14194,#14195,#14196));
#14191=IFCOWNERHISTORY(#3,#4,.READWRITE.,.ADDED.,1774189820,#3,#4,1774189820);
#14192=IFCRELDEFINESBYPROPERTIES('2$5eWaqTD1Ghd5gR21phkp',#14191,$,$,(#14174),#14190);
#14193=IFCPROPERTYSINGLEVALUE('Tipo',$,IFCLABEL('PI'),$);
#14194=IFCPROPERTYSINGLEVALUE('CT',$,IFCREAL(79.373),$);
#14195=IFCPROPERTYSINGLEVALUE('CF',$,IFCREAL(78.773),$);
#14196=IFCPROPERTYSINGLEVALUE('Prof',$,IFCREAL(0.6),$);
#14197=IFCOWNERHISTORY(#3,#4,.READWRITE.,.ADDED.,1774189820,#3,#4,1774189820);
#14198=IFCPROPERTYSET('0qi19j5ub5UB_MirK75OBj',#14197,'Custo5D',$,(#14201));
#14199=IFCOWNERHISTORY(#3,#4,.READWRITE.,.ADDED.,1774189820,#3,#4,1774189820);
#14200=IFCRELDEFINESBYPROPERTIES('3Wnt3hOdXCwRFxX0JMq$D1',#14199,$,$,(#14174),#14198);
#14201=IFCPROPERTYSINGLEVALUE('Total_RS',$,IFCREAL(1250.),$);
#14202=IFCOWNERHISTORY(#3,#4,.READWRITE.,.MODIFIED.,1774189820,#3,#4,1774189820);
#14203=IFCBUILDINGELEMENTPROXY('0dzTsq039COv80Nna3Om9U',#14202,'PI_84',$,$,#14217,#14212,$,$);
#14209=IFCCIRCLEPROFILEDEF(.AREA.,$,#30,0.2);
#14210=IFCEXTRUDEDAREASOLID(#14209,#34,#32,0.600000000000009);
#14211=IFCSHAPEREPRESENTATION(#16,'Body','SweptSolid',(#14210));
#14212=IFCPRODUCTDEFINITIONSHAPE($,$,(#14211));
#14213=IFCCARTESIANPOINT((1020.15844269731,531.330262596719,82.865));
#14214=IFCDIRECTION((0.,0.,1.));
#14215=IFCDIRECTION((1.,0.,0.));
#14216=IFCAXIS2PLACEMENT3D(#14213,#14214,#14215);
#14217=IFCLOCALPLACEMENT($,#14216);
#14218=IFCOWNERHISTORY(#3,#4,.READWRITE.,.ADDED.,1774189820,#3,#4,1774189820);
#14219=IFCPROPERTYSET('20VLPqhRH5L9LMtHGB$GFP',#14218,'PV',$,(#14222,#14223,#14224,#14225));
#14220=IFCOWNERHISTORY(#3,#4,.READWRITE.,.ADDED.,1774189820,#3,#4,1774189820);
#14221=IFCRELDEFINESBYPROPERTIES('1lOaZJcufD0984bMxpbc81',#14220,$,$,(#14203),#14219);
#14222=IFCPROPERTYSINGLEVALUE('Tipo',$,IFCLABEL('PI'),$);
#14223=IFCPROPERTYSINGLEVALUE('CT',$,IFCREAL(83.465),$);
#14224=IFCPROPERTYSINGLEVALUE('CF',$,IFCREAL(82.865),$);
#14225=IFCPROPERTYSINGLEVALUE('Prof',$,IFCREAL(0.6),$);
#14226=IFCOWNERHISTORY(#3,#4,.READWRITE.,.ADDED.,1774189820,#3,#4,1774189820);
#14227=IFCPROPERTYSET('0i2qiKIbnE$hAGndpAO_hV',#14226,'Custo5D',$,(#14230));
#14228=IFCOWNERHISTORY(#3,#4,.READWRITE.,.ADDED.,1774189820,#3,#4,1774189820);
#14229=IFCRELDEFINESBYPROPERTIES('1BMgJLyRzCnP9fZIZwQFg5',#14228,$,$,(#14203),#14227);
#14230=IFCPROPERTYSINGLEVALUE('Total_RS',$,IFCREAL(1250.),$);
#14231=IFCOWNERHISTORY(#3,#4,.READWRITE.,.MODIFIED.,1774189820,#3,#4,1774189820);
#14232=IFCBUILDINGELEMENTPROXY('3d_r9F43DEzRX2zb5sLul9',#14231,'PI_2',$,$,#14246,#14241,$,$);
#14238=IFCCIRCLEPROFILEDEF(.AREA.,$,#30,0.2);
#14239=IFCEXTRUDEDAREASOLID(#14238,#34,#32,1.5);
#14240=IFCSHAPEREPRESENTATION(#16,'Body','SweptSolid',(#14239));
#14241=IFCPRODUCTDEFINITIONSHAPE($,$,(#14240));
#14242=IFCCARTESIANPOINT((1003.28665622394,525.155711248517,98.945));
#14243=IFCDIRECTION((0.,0.,1.));
#14244=IFCDIRECTION((1.,0.,0.));
#14245=IFCAXIS2PLACEMENT3D(#14242,#14243,#14244);
#14246=IFCLOCALPLACEMENT($,#14245);
#14247=IFCOWNERHISTORY(#3,#4,.READWRITE.,.ADDED.,1774189820,#3,#4,1774189820);
#14248=IFCPROPERTYSET('1guYIg$dTFJwP7BrAQlYq0',#14247,'PV',$,(#14251,#14252,#14253,#14254));
#14249=IFCOWNERHISTORY(#3,#4,.READWRITE.,.ADDED.,1774189820,#3,#4,1774189820);
#14250=IFCRELDEFINESBYPROPERTIES('1EL2zK8gn0S8u5q9cABO$N',#14249,$,$,(#14232),#14248);
#14251=IFCPROPERTYSINGLEVALUE('Tipo',$,IFCLABEL('PI'),$);
#14252=IFCPROPERTYSINGLEVALUE('CT',$,IFCREAL(100.445),$);
#14253=IFCPROPERTYSINGLEVALUE('CF',$,IFCREAL(98.945),$);
#14254=IFCPROPERTYSINGLEVALUE('Prof',$,IFCREAL(1.5),$);
#14255=IFCOWNERHISTORY(#3,#4,.READWRITE.,.ADDED.,1774189820,#3,#4,1774189820);
#14256=IFCPROPERTYSET('2lEIlrMGH0yRRJHxLRvQNd',#14255,'Custo5D',$,(#14259));
#14257=IFCOWNERHISTORY(#3,#4,.READWRITE.,.ADDED.,1774189820,#3,#4,1774189820);
#14258=IFCRELDEFINESBYPROPERTIES('1rHCEEcdz4GgOiiYlKS7P0',#14257,$,$,(#14232),#14256);
#14259=IFCPROPERTYSINGLEVALUE('Total_RS',$,IFCREAL(1250.),$);
#14260=IFCOWNERHISTORY(#3,#4,.READWRITE.,.MODIFIED.,1774189820,#3,#4,1774189820);
#14261=IFCBUILDINGELEMENTPROXY('2mdSB79Yf9K9X0xM4EXRaA',#14260,'PI_212',$,$,#14275,#14270,$,$);
#14267=IFCCIRCLEPROFILEDEF(.AREA.,$,#30,0.2);
#14268=IFCEXTRUDEDAREASOLID(#14267,#34,#32,0.599999999999994);
#14269=IFCSHAPEREPRESENTATION(#16,'Body','SweptSolid',(#14268));
#14270=IFCPRODUCTDEFINITIONSHAPE($,$,(#14269));
#14271=IFCCARTESIANPOINT((1001.28129053203,525.613418450579,74.757));
#14272=IFCDIRECTION((0.,0.,1.));
#14273=IFCDIRECTION((1.,0.,0.));
#14274=IFCAXIS2PLACEMENT3D(#14271,#14272,#14273);
#14275=IFCLOCALPLACEMENT($,#14274);
#14276=IFCOWNERHISTORY(#3,#4,.READWRITE.,.ADDED.,1774189820,#3,#4,1774189820);
#14277=IFCPROPERTYSET('1a2ZhdQO9CjhpNdmh3WLKS',#14276,'PV',$,(#14280,#14281,#14282,#14283));
#14278=IFCOWNERHISTORY(#3,#4,.READWRITE.,.ADDED.,1774189820,#3,#4,1774189820);
#14279=IFCRELDEFINESBYPROPERTIES('2d7NItUHD7O9LF8i8FxwMg',#14278,$,$,(#14261),#14277);
#14280=IFCPROPERTYSINGLEVALUE('Tipo',$,IFCLABEL('PI'),$);
#14281=IFCPROPERTYSINGLEVALUE('CT',$,IFCREAL(75.357),$);
#14282=IFCPROPERTYSINGLEVALUE('CF',$,IFCREAL(74.757),$);
#14283=IFCPROPERTYSINGLEVALUE('Prof',$,IFCREAL(0.6),$);
#14284=IFCOWNERHISTORY(#3,#4,.READWRITE.,.ADDED.,1774189820,#3,#4,1774189820);
#14285=IFCPROPERTYSET('0eylk_pN1A6xG7GevYz7O_',#14284,'Custo5D',$,(#14288));
#14286=IFCOWNERHISTORY(#3,#4,.READWRITE.,.ADDED.,1774189820,#3,#4,1774189820);
#14287=IFCRELDEFINESBYPROPERTIES('3QEBSMpnT0KBfp4$BrmMGD',#14286,$,$,(#14261),#14285);
#14288=IFCPROPERTYSINGLEVALUE('Total_RS',$,IFCREAL(1250.),$);
#14289=IFCOWNERHISTORY(#3,#4,.READWRITE.,.MODIFIED.,1774189820,#3,#4,1774189820);
#14290=IFCBUILDINGELEMENTPROXY('33K8h_ejXF8fgNhxZmvKUi',#14289,'PI_184',$,$,#14304,#14299,$,$);
#14296=IFCCIRCLEPROFILEDEF(.AREA.,$,#30,0.2);
#14297=IFCEXTRUDEDAREASOLID(#14296,#34,#32,0.600000000000001);
#14298=IFCSHAPEREPRESENTATION(#16,'Body','SweptSolid',(#14297));
#14299=IFCPRODUCTDEFINITIONSHAPE($,$,(#14298));
#14300=IFCCARTESIANPOINT((838.940345114737,463.621212594211,37.948));
#14301=IFCDIRECTION((0.,0.,1.));
#14302=IFCDIRECTION((1.,0.,0.));
#14303=IFCAXIS2PLACEMENT3D(#14300,#14301,#14302);
#14304=IFCLOCALPLACEMENT($,#14303);
#14305=IFCOWNERHISTORY(#3,#4,.READWRITE.,.ADDED.,1774189820,#3,#4,1774189820);
#14306=IFCPROPERTYSET('0R61kvgtjCzRJFF3Ws2dc4',#14305,'PV',$,(#14309,#14310,#14311,#14312));
#14307=IFCOWNERHISTORY(#3,#4,.READWRITE.,.ADDED.,1774189820,#3,#4,1774189820);
#14308=IFCRELDEFINESBYPROPERTIES('2U8bBgnK5AsxkPZtFh_cBQ',#14307,$,$,(#14290),#14306);
#14309=IFCPROPERTYSINGLEVALUE('Tipo',$,IFCLABEL('PI'),$);
#14310=IFCPROPERTYSINGLEVALUE('CT',$,IFCREAL(38.548),$);
#14311=IFCPROPERTYSINGLEVALUE('CF',$,IFCREAL(37.948),$);
#14312=IFCPROPERTYSINGLEVALUE('Prof',$,IFCREAL(0.6),$);
#14313=IFCOWNERHISTORY(#3,#4,.READWRITE.,.ADDED.,1774189820,#3,#4,1774189820);
#14314=IFCPROPERTYSET('38p8pMBpP6UOVwFh7$nUcK',#14313,'Custo5D',$,(#14317));
#14315=IFCOWNERHISTORY(#3,#4,.READWRITE.,.ADDED.,1774189820,#3,#4,1774189820);
#14316=IFCRELDEFINESBYPROPERTIES('2n3mh9dyXCrw0rLrlWf1op',#14315,$,$,(#14290),#14314);
#14317=IFCPROPERTYSINGLEVALUE('Total_RS',$,IFCREAL(1250.),$);
#14318=IFCOWNERHISTORY(#3,#4,.READWRITE.,.MODIFIED.,1774189820,#3,#4,1774189820);
#14319=IFCBUILDINGELEMENTPROXY('1N$3StdmP2J8YNo_g7YH$A',#14318,'PI_183',$,$,#14333,#14328,$,$);
#14325=IFCCIRCLEPROFILEDEF(.AREA.,$,#30,0.2);
#14326=IFCEXTRUDEDAREASOLID(#14325,#34,#32,0.600000000000001);
#14327=IFCSHAPEREPRESENTATION(#16,'Body','SweptSolid',(#14326));
#14328=IFCPRODUCTDEFINITIONSHAPE($,$,(#14327));
#14329=IFCCARTESIANPOINT((807.290221449803,458.801816994324,35.006));
#14330=IFCDIRECTION((0.,0.,1.));
#14331=IFCDIRECTION((1.,0.,0.));
#14332=IFCAXIS2PLACEMENT3D(#14329,#14330,#14331);
#14333=IFCLOCALPLACEMENT($,#14332);
#14334=IFCOWNERHISTORY(#3,#4,.READWRITE.,.ADDED.,1774189820,#3,#4,1774189820);
#14335=IFCPROPERTYSET('0sl7AGxKn8fgqJq5baK82k',#14334,'PV',$,(#14338,#14339,#14340,#14341));
#14336=IFCOWNERHISTORY(#3,#4,.READWRITE.,.ADDED.,1774189820,#3,#4,1774189820);
#14337=IFCRELDEFINESBYPROPERTIES('1CnOz6FO9CdBSgAhQMD$qw',#14336,$,$,(#14319),#14335);
#14338=IFCPROPERTYSINGLEVALUE('Tipo',$,IFCLABEL('PI'),$);
#14339=IFCPROPERTYSINGLEVALUE('CT',$,IFCREAL(35.606),$);
#14340=IFCPROPERTYSINGLEVALUE('CF',$,IFCREAL(35.006),$);
#14341=IFCPROPERTYSINGLEVALUE('Prof',$,IFCREAL(0.6),$);
#14342=IFCOWNERHISTORY(#3,#4,.READWRITE.,.ADDED.,1774189820,#3,#4,1774189820);
#14343=IFCPROPERTYSET('1RryJzZ8f8Xfr8yvzDEqMx',#14342,'Custo5D',$,(#14346));
#14344=IFCOWNERHISTORY(#3,#4,.READWRITE.,.ADDED.,1774189820,#3,#4,1774189820);
#14345=IFCRELDEFINESBYPROPERTIES('0VI8bvOmP9WwlEPkm2Aenl',#14344,$,$,(#14319),#14343);
#14346=IFCPROPERTYSINGLEVALUE('Total_RS',$,IFCREAL(1250.),$);
#14347=IFCOWNERHISTORY(#3,#4,.READWRITE.,.MODIFIED.,1774189820,#3,#4,1774189820);
#14348=IFCBUILDINGELEMENTPROXY('2GGWjUFYb86hyqyzPktN0w',#14347,'PV_17',$,$,#14362,#14357,$,$);
#14354=IFCCIRCLEPROFILEDEF(.AREA.,$,#30,0.3);
#14355=IFCEXTRUDEDAREASOLID(#14354,#34,#32,0.599999999999994);
#14356=IFCSHAPEREPRESENTATION(#16,'Body','SweptSolid',(#14355));
#14357=IFCPRODUCTDEFINITIONSHAPE($,$,(#14356));
#14358=IFCCARTESIANPOINT((809.16737656435,458.047118411399,34.776));
#14359=IFCDIRECTION((0.,0.,1.));
#14360=IFCDIRECTION((1.,0.,0.));
#14361=IFCAXIS2PLACEMENT3D(#14358,#14359,#14360);
#14362=IFCLOCALPLACEMENT($,#14361);
#14363=IFCOWNERHISTORY(#3,#4,.READWRITE.,.ADDED.,1774189820,#3,#4,1774189820);
#14364=IFCPROPERTYSET('06rTlBI5v8ge_gGDjUdBA6',#14363,'PV',$,(#14367,#14368,#14369,#14370));
#14365=IFCOWNERHISTORY(#3,#4,.READWRITE.,.ADDED.,1774189820,#3,#4,1774189820);
#14366=IFCRELDEFINESBYPROPERTIES('2WJ3NzHfT2$fHuR8_urf$m',#14365,$,$,(#14348),#14364);
#14367=IFCPROPERTYSINGLEVALUE('Tipo',$,IFCLABEL('PV'),$);
#14368=IFCPROPERTYSINGLEVALUE('CT',$,IFCREAL(35.376),$);
#14369=IFCPROPERTYSINGLEVALUE('CF',$,IFCREAL(34.776),$);
#14370=IFCPROPERTYSINGLEVALUE('Prof',$,IFCREAL(0.6),$);
#14371=IFCOWNERHISTORY(#3,#4,.READWRITE.,.ADDED.,1774189820,#3,#4,1774189820);
#14372=IFCPROPERTYSET('22rc9kODD7SezLtMxEFvtX',#14371,'Custo5D',$,(#14375));
#14373=IFCOWNERHISTORY(#3,#4,.READWRITE.,.ADDED.,1774189820,#3,#4,1774189820);
#14374=IFCRELDEFINESBYPROPERTIES('39SjZINaL3gOZ3vsoJSPnR',#14373,$,$,(#14348),#14372);
#14375=IFCPROPERTYSINGLEVALUE('Total_RS',$,IFCREAL(3078.),$);
#14376=IFCOWNERHISTORY(#3,#4,.READWRITE.,.MODIFIED.,1774189820,#3,#4,1774189820);
#14377=IFCBUILDINGELEMENTPROXY('2UfsvoYufE5A_UvKSHyWef',#14376,'PI_166',$,$,#14391,#14386,$,$);
#14383=IFCCIRCLEPROFILEDEF(.AREA.,$,#30,0.2);
#14384=IFCEXTRUDEDAREASOLID(#14383,#34,#32,0.600000000000001);
#14385=IFCSHAPEREPRESENTATION(#16,'Body','SweptSolid',(#14384));
#14386=IFCPRODUCTDEFINITIONSHAPE($,$,(#14385));
#14387=IFCCARTESIANPOINT((801.842990912846,473.535303763114,33.991));
#14388=IFCDIRECTION((0.,0.,1.));
#14389=IFCDIRECTION((1.,0.,0.));
#14390=IFCAXIS2PLACEMENT3D(#14387,#14388,#14389);
#14391=IFCLOCALPLACEMENT($,#14390);
#14392=IFCOWNERHISTORY(#3,#4,.READWRITE.,.ADDED.,1774189820,#3,#4,1774189820);
#14393=IFCPROPERTYSET('2Z8eBUUXPCgvl3uIPwEpU0',#14392,'PV',$,(#14396,#14397,#14398,#14399));
#14394=IFCOWNERHISTORY(#3,#4,.READWRITE.,.ADDED.,1774189820,#3,#4,1774189820);
#14395=IFCRELDEFINESBYPROPERTIES('39AtBKORz43PqXxvjw1F59',#14394,$,$,(#14377),#14393);
#14396=IFCPROPERTYSINGLEVALUE('Tipo',$,IFCLABEL('PI'),$);
#14397=IFCPROPERTYSINGLEVALUE('CT',$,IFCREAL(34.591),$);
#14398=IFCPROPERTYSINGLEVALUE('CF',$,IFCREAL(33.991),$);
#14399=IFCPROPERTYSINGLEVALUE('Prof',$,IFCREAL(0.6),$);
#14400=IFCOWNERHISTORY(#3,#4,.READWRITE.,.ADDED.,1774189820,#3,#4,1774189820);
#14401=IFCPROPERTYSET('0JtDOSJJbEGxx2knGyRxqo',#14400,'Custo5D',$,(#14404));
#14402=IFCOWNERHISTORY(#3,#4,.READWRITE.,.ADDED.,1774189820,#3,#4,1774189820);
#14403=IFCRELDEFINESBYPROPERTIES('0vpwRGs2v3hPJKzIUypFpA',#14402,$,$,(#14377),#14401);
#14404=IFCPROPERTYSINGLEVALUE('Total_RS',$,IFCREAL(1250.),$);
#14405=IFCOWNERHISTORY(#3,#4,.READWRITE.,.MODIFIED.,1774189821,#3,#4,1774189820);
#14406=IFCBUILDINGELEMENTPROXY('1zctD0mMbEzA$GD6YwgILu',#14405,'PV_16',$,$,#14420,#14415,$,$);
#14412=IFCCIRCLEPROFILEDEF(.AREA.,$,#30,0.3);
#14413=IFCEXTRUDEDAREASOLID(#14412,#34,#32,0.599999999999998);
#14414=IFCSHAPEREPRESENTATION(#16,'Body','SweptSolid',(#14413));
#14415=IFCPRODUCTDEFINITIONSHAPE($,$,(#14414));
#14416=IFCCARTESIANPOINT((787.063031067373,487.059545456432,31.968));
#14417=IFCDIRECTION((0.,0.,1.));
#14418=IFCDIRECTION((1.,0.,0.));
#14419=IFCAXIS2PLACEMENT3D(#14416,#14417,#14418);
#14420=IFCLOCALPLACEMENT($,#14419);
#14421=IFCOWNERHISTORY(#3,#4,.READWRITE.,.ADDED.,1774189821,#3,#4,1774189821);
#14422=IFCPROPERTYSET('2cUuPRR3HFbxvexiQaHs57',#14421,'PV',$,(#14425,#14426,#14427,#14428));
#14423=IFCOWNERHISTORY(#3,#4,.READWRITE.,.ADDED.,1774189821,#3,#4,1774189821);
#14424=IFCRELDEFINESBYPROPERTIES('3q3msS60X7bPw_1MktrDMx',#14423,$,$,(#14406),#14422);
#14425=IFCPROPERTYSINGLEVALUE('Tipo',$,IFCLABEL('PV'),$);
#14426=IFCPROPERTYSINGLEVALUE('CT',$,IFCREAL(32.568),$);
#14427=IFCPROPERTYSINGLEVALUE('CF',$,IFCREAL(31.968),$);
#14428=IFCPROPERTYSINGLEVALUE('Prof',$,IFCREAL(0.6),$);
#14429=IFCOWNERHISTORY(#3,#4,.READWRITE.,.ADDED.,1774189821,#3,#4,1774189821);
#14430=IFCPROPERTYSET('3w6NUspcnFOxZ7Jh1kokMw',#14429,'Custo5D',$,(#14433));
#14431=IFCOWNERHISTORY(#3,#4,.READWRITE.,.ADDED.,1774189821,#3,#4,1774189821);
#14432=IFCRELDEFINESBYPROPERTIES('1JsnDVxX58IwQa5BMv0zgz',#14431,$,$,(#14406),#14430);
#14433=IFCPROPERTYSINGLEVALUE('Total_RS',$,IFCREAL(3078.),$);
#14434=IFCOWNERHISTORY(#3,#4,.READWRITE.,.MODIFIED.,1774189821,#3,#4,1774189821);
#14435=IFCBUILDINGELEMENTPROXY('32XGx_OG51DePl5rDu2j3f',#14434,'PI_164',$,$,#14449,#14444,$,$);
#14441=IFCCIRCLEPROFILEDEF(.AREA.,$,#30,0.2);
#14442=IFCEXTRUDEDAREASOLID(#14441,#34,#32,0.599999999999998);
#14443=IFCSHAPEREPRESENTATION(#16,'Body','SweptSolid',(#14442));
#14444=IFCPRODUCTDEFINITIONSHAPE($,$,(#14443));
#14445=IFCCARTESIANPOINT((724.77769663831,458.146256674081,25.079));
#14446=IFCDIRECTION((0.,0.,1.));
#14447=IFCDIRECTION((1.,0.,0.));
#14448=IFCAXIS2PLACEMENT3D(#14445,#14446,#14447);
#14449=IFCLOCALPLACEMENT($,#14448);
#14450=IFCOWNERHISTORY(#3,#4,.READWRITE.,.ADDED.,1774189821,#3,#4,1774189821);
#14451=IFCPROPERTYSET('2u6hu$OkfFdguCTY8Vsszt',#14450,'PV',$,(#14454,#14455,#14456,#14457));
#14452=IFCOWNERHISTORY(#3,#4,.READWRITE.,.ADDED.,1774189821,#3,#4,1774189821);
#14453=IFCRELDEFINESBYPROPERTIES('3LKSeKCQrCn8XUWY1Znal4',#14452,$,$,(#14435),#14451);
#14454=IFCPROPERTYSINGLEVALUE('Tipo',$,IFCLABEL('PI'),$);
#14455=IFCPROPERTYSINGLEVALUE('CT',$,IFCREAL(25.679),$);
#14456=IFCPROPERTYSINGLEVALUE('CF',$,IFCREAL(25.079),$);
#14457=IFCPROPERTYSINGLEVALUE('Prof',$,IFCREAL(0.6),$);
#14458=IFCOWNERHISTORY(#3,#4,.READWRITE.,.ADDED.,1774189821,#3,#4,1774189821);
#14459=IFCPROPERTYSET('1AbVjwewz27QI6aILTn_QC',#14458,'Custo5D',$,(#14462));
#14460=IFCOWNERHISTORY(#3,#4,.READWRITE.,.ADDED.,1774189821,#3,#4,1774189821);
#14461=IFCRELDEFINESBYPROPERTIES('0OZTVjNrH4jBD1_p15oLCC',#14460,$,$,(#14435),#14459);
#14462=IFCPROPERTYSINGLEVALUE('Total_RS',$,IFCREAL(1250.),$);
#14463=IFCOWNERHISTORY(#3,#4,.READWRITE.,.MODIFIED.,1774189821,#3,#4,1774189821);
#14464=IFCBUILDINGELEMENTPROXY('1W7ESxoJLDWBi0gOwayYTk',#14463,'PV_13',$,$,#14478,#14473,$,$);
#14470=IFCCIRCLEPROFILEDEF(.AREA.,$,#30,0.3);
#14471=IFCEXTRUDEDAREASOLID(#14470,#34,#32,0.401);
#14472=IFCSHAPEREPRESENTATION(#16,'Body','SweptSolid',(#14471));
#14473=IFCPRODUCTDEFINITIONSHAPE($,$,(#14472));
#14474=IFCCARTESIANPOINT((722.76311583363,456.84842860233,24.413));
#14475=IFCDIRECTION((0.,0.,1.));
#14476=IFCDIRECTION((1.,0.,0.));
#14477=IFCAXIS2PLACEMENT3D(#14474,#14475,#14476);
#14478=IFCLOCALPLACEMENT($,#14477);
#14479=IFCOWNERHISTORY(#3,#4,.READWRITE.,.ADDED.,1774189821,#3,#4,1774189821);
#14480=IFCPROPERTYSET('31V3XIGKj6eheC25UOgvjQ',#14479,'PV',$,(#14483,#14484,#14485,#14486));
#14481=IFCOWNERHISTORY(#3,#4,.READWRITE.,.ADDED.,1774189821,#3,#4,1774189821);
#14482=IFCRELDEFINESBYPROPERTIES('09zW1Pr5n22PhRMqyZCacD',#14481,$,$,(#14464),#14480);
#14483=IFCPROPERTYSINGLEVALUE('Tipo',$,IFCLABEL('PV'),$);
#14484=IFCPROPERTYSINGLEVALUE('CT',$,IFCREAL(24.814),$);
#14485=IFCPROPERTYSINGLEVALUE('CF',$,IFCREAL(24.413),$);
#14486=IFCPROPERTYSINGLEVALUE('Prof',$,IFCREAL(0.4),$);
#14487=IFCOWNERHISTORY(#3,#4,.READWRITE.,.ADDED.,1774189821,#3,#4,1774189821);
#14488=IFCPROPERTYSET('2ifc8BRk91Xu4$h0bjsolS',#14487,'Custo5D',$,(#14491));
#14489=IFCOWNERHISTORY(#3,#4,.READWRITE.,.ADDED.,1774189821,#3,#4,1774189821);
#14490=IFCRELDEFINESBYPROPERTIES('0bDTwZLtf9tfinfhNv9aSV',#14489,$,$,(#14464),#14488);
#14491=IFCPROPERTYSINGLEVALUE('Total_RS',$,IFCREAL(3078.),$);
#14492=IFCOWNERHISTORY(#3,#4,.READWRITE.,.MODIFIED.,1774189821,#3,#4,1774189821);
#14493=IFCBUILDINGELEMENTPROXY('3PP5YLtH5Bh88G2UBhMC0u',#14492,'PV_12',$,$,#14507,#14502,$,$);
#14499=IFCCIRCLEPROFILEDEF(.AREA.,$,#30,0.3);
#14500=IFCEXTRUDEDAREASOLID(#14499,#34,#32,0.600000000000001);
#14501=IFCSHAPEREPRESENTATION(#16,'Body','SweptSolid',(#14500));
#14502=IFCPRODUCTDEFINITIONSHAPE($,$,(#14501));
#14503=IFCCARTESIANPOINT((727.782171858416,437.616431700066,24.392));
#14504=IFCDIRECTION((0.,0.,1.));
#14505=IFCDIRECTION((1.,0.,0.));
#14506=IFCAXIS2PLACEMENT3D(#14503,#14504,#14505);
#14507=IFCLOCALPLACEMENT($,#14506);
#14508=IFCOWNERHISTORY(#3,#4,.READWRITE.,.ADDED.,1774189821,#3,#4,1774189821);
#14509=IFCPROPERTYSET('2$unb6REX7JvykS8ioA4y5',#14508,'PV',$,(#14512,#14513,#14514,#14515));
#14510=IFCOWNERHISTORY(#3,#4,.READWRITE.,.ADDED.,1774189821,#3,#4,1774189821);
#14511=IFCRELDEFINESBYPROPERTIES('1xIDwXJVD4ixpv6VN7lIib',#14510,$,$,(#14493),#14509);
#14512=IFCPROPERTYSINGLEVALUE('Tipo',$,IFCLABEL('PV'),$);
#14513=IFCPROPERTYSINGLEVALUE('CT',$,IFCREAL(24.992),$);
#14514=IFCPROPERTYSINGLEVALUE('CF',$,IFCREAL(24.392),$);
#14515=IFCPROPERTYSINGLEVALUE('Prof',$,IFCREAL(0.6),$);
#14516=IFCOWNERHISTORY(#3,#4,.READWRITE.,.ADDED.,1774189821,#3,#4,1774189821);
#14517=IFCPROPERTYSET('1pH0Pfhz9CbxyTQueZsL33',#14516,'Custo5D',$,(#14520));
#14518=IFCOWNERHISTORY(#3,#4,.READWRITE.,.ADDED.,1774189821,#3,#4,1774189821);
#14519=IFCRELDEFINESBYPROPERTIES('29CX2gkGb368YPrtw9wkg5',#14518,$,$,(#14493),#14517);
#14520=IFCPROPERTYSINGLEVALUE('Total_RS',$,IFCREAL(3078.),$);
#14521=IFCOWNERHISTORY(#3,#4,.READWRITE.,.MODIFIED.,1774189821,#3,#4,1774189821);
#14522=IFCBUILDINGELEMENTPROXY('3hO5dhwfH18PtClvqBpetn',#14521,'PV_11',$,$,#14536,#14531,$,$);
#14528=IFCCIRCLEPROFILEDEF(.AREA.,$,#30,0.3);
#14529=IFCEXTRUDEDAREASOLID(#14528,#34,#32,0.599999999999998);
#14530=IFCSHAPEREPRESENTATION(#16,'Body','SweptSolid',(#14529));
#14531=IFCPRODUCTDEFINITIONSHAPE($,$,(#14530));
#14532=IFCCARTESIANPOINT((729.826224579534,438.707974349149,21.806));
#14533=IFCDIRECTION((0.,0.,1.));
#14534=IFCDIRECTION((1.,0.,0.));
#14535=IFCAXIS2PLACEMENT3D(#14532,#14533,#14534);
#14536=IFCLOCALPLACEMENT($,#14535);
#14537=IFCOWNERHISTORY(#3,#4,.READWRITE.,.ADDED.,1774189821,#3,#4,1774189821);
#14538=IFCPROPERTYSET('31kHbLgn1CvOKZNnA4Svbl',#14537,'PV',$,(#14541,#14542,#14543,#14544));
#14539=IFCOWNERHISTORY(#3,#4,.READWRITE.,.ADDED.,1774189821,#3,#4,1774189821);
#14540=IFCRELDEFINESBYPROPERTIES('3SZsnaID5D6gypIHQyiSeF',#14539,$,$,(#14522),#14538);
#14541=IFCPROPERTYSINGLEVALUE('Tipo',$,IFCLABEL('PV'),$);
#14542=IFCPROPERTYSINGLEVALUE('CT',$,IFCREAL(22.406),$);
#14543=IFCPROPERTYSINGLEVALUE('CF',$,IFCREAL(21.806),$);
#14544=IFCPROPERTYSINGLEVALUE('Prof',$,IFCREAL(0.6),$);
#14545=IFCOWNERHISTORY(#3,#4,.READWRITE.,.ADDED.,1774189821,#3,#4,1774189821);
#14546=IFCPROPERTYSET('0mtF9DBFP9nRsWEKLCXanB',#14545,'Custo5D',$,(#14549));
#14547=IFCOWNERHISTORY(#3,#4,.READWRITE.,.ADDED.,1774189821,#3,#4,1774189821);
#14548=IFCRELDEFINESBYPROPERTIES('301kCdhSL1PBScOHyP9YM_',#14547,$,$,(#14522),#14546);
#14549=IFCPROPERTYSINGLEVALUE('Total_RS',$,IFCREAL(3078.),$);
#14550=IFCOWNERHISTORY(#3,#4,.READWRITE.,.MODIFIED.,1774189821,#3,#4,1774189821);
#14551=IFCBUILDINGELEMENTPROXY('0aOOI5E995AxKSzzG9aj7W',#14550,'PI_271',$,$,#14565,#14560,$,$);
#14557=IFCCIRCLEPROFILEDEF(.AREA.,$,#30,0.2);
#14558=IFCEXTRUDEDAREASOLID(#14557,#34,#32,0.599999999999998);
#14559=IFCSHAPEREPRESENTATION(#16,'Body','SweptSolid',(#14558));
#14560=IFCPRODUCTDEFINITIONSHAPE($,$,(#14559));
#14561=IFCCARTESIANPOINT((733.044626752147,441.70932864584,23.76));
#14562=IFCDIRECTION((0.,0.,1.));
#14563=IFCDIRECTION((1.,0.,0.));
#14564=IFCAXIS2PLACEMENT3D(#14561,#14562,#14563);
#14565=IFCLOCALPLACEMENT($,#14564);
#14566=IFCOWNERHISTORY(#3,#4,.READWRITE.,.ADDED.,1774189821,#3,#4,1774189821);
#14567=IFCPROPERTYSET('2gMLrZbhX1XwoGhLKtVM5u',#14566,'PV',$,(#14570,#14571,#14572,#14573));
#14568=IFCOWNERHISTORY(#3,#4,.READWRITE.,.ADDED.,1774189821,#3,#4,1774189821);
#14569=IFCRELDEFINESBYPROPERTIES('312qqva7z7MfhIlXBI$TYt',#14568,$,$,(#14551),#14567);
#14570=IFCPROPERTYSINGLEVALUE('Tipo',$,IFCLABEL('PI'),$);
#14571=IFCPROPERTYSINGLEVALUE('CT',$,IFCREAL(24.36),$);
#14572=IFCPROPERTYSINGLEVALUE('CF',$,IFCREAL(23.76),$);
#14573=IFCPROPERTYSINGLEVALUE('Prof',$,IFCREAL(0.6),$);
#14574=IFCOWNERHISTORY(#3,#4,.READWRITE.,.ADDED.,1774189821,#3,#4,1774189821);
#14575=IFCPROPERTYSET('1GWXUUnsXDihIs_m3ovZ7_',#14574,'Custo5D',$,(#14578));
#14576=IFCOWNERHISTORY(#3,#4,.READWRITE.,.ADDED.,1774189821,#3,#4,1774189821);
#14577=IFCRELDEFINESBYPROPERTIES('275yqxg3D9hgGF9paKK57e',#14576,$,$,(#14551),#14575);
#14578=IFCPROPERTYSINGLEVALUE('Total_RS',$,IFCREAL(1250.),$);
#14579=IFCOWNERHISTORY(#3,#4,.READWRITE.,.MODIFIED.,1774189821,#3,#4,1774189821);
#14580=IFCBUILDINGELEMENTPROXY('3hWFfS3Nb53vEgUv98r0_v',#14579,'PV_14',$,$,#14594,#14589,$,$);
#14586=IFCCIRCLEPROFILEDEF(.AREA.,$,#30,0.3);
#14587=IFCEXTRUDEDAREASOLID(#14586,#34,#32,0.600000000000001);
#14588=IFCSHAPEREPRESENTATION(#16,'Body','SweptSolid',(#14587));
#14589=IFCPRODUCTDEFINITIONSHAPE($,$,(#14588));
#14590=IFCCARTESIANPOINT((734.60494018154,447.316866796464,28.357));
#14591=IFCDIRECTION((0.,0.,1.));
#14592=IFCDIRECTION((1.,0.,0.));
#14593=IFCAXIS2PLACEMENT3D(#14590,#14591,#14592);
#14594=IFCLOCALPLACEMENT($,#14593);
#14595=IFCOWNERHISTORY(#3,#4,.READWRITE.,.ADDED.,1774189821,#3,#4,1774189821);
#14596=IFCPROPERTYSET('3wi8k8mqr7YxOf2GKfJ__d',#14595,'PV',$,(#14599,#14600,#14601,#14602));
#14597=IFCOWNERHISTORY(#3,#4,.READWRITE.,.ADDED.,1774189821,#3,#4,1774189821);
#14598=IFCRELDEFINESBYPROPERTIES('1fpvhKCTDBS9auTMr1iDDM',#14597,$,$,(#14580),#14596);
#14599=IFCPROPERTYSINGLEVALUE('Tipo',$,IFCLABEL('PV'),$);
#14600=IFCPROPERTYSINGLEVALUE('CT',$,IFCREAL(28.957),$);
#14601=IFCPROPERTYSINGLEVALUE('CF',$,IFCREAL(28.357),$);
#14602=IFCPROPERTYSINGLEVALUE('Prof',$,IFCREAL(0.6),$);
#14603=IFCOWNERHISTORY(#3,#4,.READWRITE.,.ADDED.,1774189821,#3,#4,1774189821);
#14604=IFCPROPERTYSET('2LgipWzJ11H8pP9hHKisO$',#14603,'Custo5D',$,(#14607));
#14605=IFCOWNERHISTORY(#3,#4,.READWRITE.,.ADDED.,1774189821,#3,#4,1774189821);
#14606=IFCRELDEFINESBYPROPERTIES('1ALkJdtbb4k94PdM03mevH',#14605,$,$,(#14580),#14604);
#14607=IFCPROPERTYSINGLEVALUE('Total_RS',$,IFCREAL(3078.),$);
#14608=IFCOWNERHISTORY(#3,#4,.READWRITE.,.MODIFIED.,1774189821,#3,#4,1774189821);
#14609=IFCBUILDINGELEMENTPROXY('1DieXmOX57fwJkM7ddlmTH',#14608,'PI_269',$,$,#14623,#14618,$,$);
#14615=IFCCIRCLEPROFILEDEF(.AREA.,$,#30,0.2);
#14616=IFCEXTRUDEDAREASOLID(#14615,#34,#32,0.600000000000001);
#14617=IFCSHAPEREPRESENTATION(#16,'Body','SweptSolid',(#14616));
#14618=IFCPRODUCTDEFINITIONSHAPE($,$,(#14617));
#14619=IFCCARTESIANPOINT((728.380283631093,420.631855524145,22.854));
#14620=IFCDIRECTION((0.,0.,1.));
#14621=IFCDIRECTION((1.,0.,0.));
#14622=IFCAXIS2PLACEMENT3D(#14619,#14620,#14621);
#14623=IFCLOCALPLACEMENT($,#14622);
#14624=IFCOWNERHISTORY(#3,#4,.READWRITE.,.ADDED.,1774189821,#3,#4,1774189821);
#14625=IFCPROPERTYSET('140zoUnbX3QvWXiK34yHQp',#14624,'PV',$,(#14628,#14629,#14630,#14631));
#14626=IFCOWNERHISTORY(#3,#4,.READWRITE.,.ADDED.,1774189821,#3,#4,1774189821);
#14627=IFCRELDEFINESBYPROPERTIES('1u9AN1oNTAngf033vc3yqu',#14626,$,$,(#14609),#14625);
#14628=IFCPROPERTYSINGLEVALUE('Tipo',$,IFCLABEL('PI'),$);
#14629=IFCPROPERTYSINGLEVALUE('CT',$,IFCREAL(23.454),$);
#14630=IFCPROPERTYSINGLEVALUE('CF',$,IFCREAL(22.854),$);
#14631=IFCPROPERTYSINGLEVALUE('Prof',$,IFCREAL(0.6),$);
#14632=IFCOWNERHISTORY(#3,#4,.READWRITE.,.ADDED.,1774189821,#3,#4,1774189821);
#14633=IFCPROPERTYSET('1LuGYpce5DOwVvTLP$NvLg',#14632,'Custo5D',$,(#14636));
#14634=IFCOWNERHISTORY(#3,#4,.READWRITE.,.ADDED.,1774189821,#3,#4,1774189821);
#14635=IFCRELDEFINESBYPROPERTIES('0hMh$JM6v49f9kVCeHhbP7',#14634,$,$,(#14609),#14633);
#14636=IFCPROPERTYSINGLEVALUE('Total_RS',$,IFCREAL(1250.),$);
#14637=IFCOWNERHISTORY(#3,#4,.READWRITE.,.MODIFIED.,1774189821,#3,#4,1774189821);
#14638=IFCBUILDINGELEMENTPROXY('21Qxwa1Sr9KwPKPfjZ0LL9',#14637,'PI_270',$,$,#14652,#14647,$,$);
#14644=IFCCIRCLEPROFILEDEF(.AREA.,$,#30,0.2);
#14645=IFCEXTRUDEDAREASOLID(#14644,#34,#32,0.600000000000001);
#14646=IFCSHAPEREPRESENTATION(#16,'Body','SweptSolid',(#14645));
#14647=IFCPRODUCTDEFINITIONSHAPE($,$,(#14646));
#14648=IFCCARTESIANPOINT((731.600218892447,423.546746388078,23.875));
#14649=IFCDIRECTION((0.,0.,1.));
#14650=IFCDIRECTION((1.,0.,0.));
#14651=IFCAXIS2PLACEMENT3D(#14648,#14649,#14650);
#14652=IFCLOCALPLACEMENT($,#14651);
#14653=IFCOWNERHISTORY(#3,#4,.READWRITE.,.ADDED.,1774189821,#3,#4,1774189821);
#14654=IFCPROPERTYSET('0BvLWl4tL6AAp7C2f2r5qb',#14653,'PV',$,(#14657,#14658,#14659,#14660));
#14655=IFCOWNERHISTORY(#3,#4,.READWRITE.,.ADDED.,1774189821,#3,#4,1774189821);
#14656=IFCRELDEFINESBYPROPERTIES('2BM7CD4rHEmg43jJxKYlfe',#14655,$,$,(#14638),#14654);
#14657=IFCPROPERTYSINGLEVALUE('Tipo',$,IFCLABEL('PI'),$);
#14658=IFCPROPERTYSINGLEVALUE('CT',$,IFCREAL(24.475),$);
#14659=IFCPROPERTYSINGLEVALUE('CF',$,IFCREAL(23.875),$);
#14660=IFCPROPERTYSINGLEVALUE('Prof',$,IFCREAL(0.6),$);
#14661=IFCOWNERHISTORY(#3,#4,.READWRITE.,.ADDED.,1774189821,#3,#4,1774189821);
#14662=IFCPROPERTYSET('1AW_K8N614LePCo2F9K5dm',#14661,'Custo5D',$,(#14665));
#14663=IFCOWNERHISTORY(#3,#4,.READWRITE.,.ADDED.,1774189821,#3,#4,1774189821);
#14664=IFCRELDEFINESBYPROPERTIES('2l1AEN9nT1rg_3hntPg6nx',#14663,$,$,(#14638),#14662);
#14665=IFCPROPERTYSINGLEVALUE('Total_RS',$,IFCREAL(1250.),$);
#14666=IFCOWNERHISTORY(#3,#4,.READWRITE.,.MODIFIED.,1774189821,#3,#4,1774189821);
#14667=IFCBUILDINGELEMENTPROXY('2Nm_ZdyNb1GQ1BG1MyiU5M',#14666,'PI_268',$,$,#14681,#14676,$,$);
#14673=IFCCIRCLEPROFILEDEF(.AREA.,$,#30,0.2);
#14674=IFCEXTRUDEDAREASOLID(#14673,#34,#32,0.600000000000001);
#14675=IFCSHAPEREPRESENTATION(#16,'Body','SweptSolid',(#14674));
#14676=IFCPRODUCTDEFINITIONSHAPE($,$,(#14675));
#14677=IFCCARTESIANPOINT((735.077025280916,411.037482436746,20.252));
#14678=IFCDIRECTION((0.,0.,1.));
#14679=IFCDIRECTION((1.,0.,0.));
#14680=IFCAXIS2PLACEMENT3D(#14677,#14678,#14679);
#14681=IFCLOCALPLACEMENT($,#14680);
#14682=IFCOWNERHISTORY(#3,#4,.READWRITE.,.ADDED.,1774189821,#3,#4,1774189821);
#14683=IFCPROPERTYSET('2aMDpHlOj4OPkq4Ms6XxPx',#14682,'PV',$,(#14686,#14687,#14688,#14689));
#14684=IFCOWNERHISTORY(#3,#4,.READWRITE.,.ADDED.,1774189821,#3,#4,1774189821);
#14685=IFCRELDEFINESBYPROPERTIES('0qQ6R_H6HDBQ0ihxmoq_Ui',#14684,$,$,(#14667),#14683);
#14686=IFCPROPERTYSINGLEVALUE('Tipo',$,IFCLABEL('PI'),$);
#14687=IFCPROPERTYSINGLEVALUE('CT',$,IFCREAL(20.852),$);
#14688=IFCPROPERTYSINGLEVALUE('CF',$,IFCREAL(20.252),$);
#14689=IFCPROPERTYSINGLEVALUE('Prof',$,IFCREAL(0.6),$);
#14690=IFCOWNERHISTORY(#3,#4,.READWRITE.,.ADDED.,1774189821,#3,#4,1774189821);
#14691=IFCPROPERTYSET('2pUEYj05r8wvkiH9DEiG9d',#14690,'Custo5D',$,(#14694));
#14692=IFCOWNERHISTORY(#3,#4,.READWRITE.,.ADDED.,1774189821,#3,#4,1774189821);
#14693=IFCRELDEFINESBYPROPERTIES('2nzXu_NHb8wBLzFqF7Jx2d',#14692,$,$,(#14667),#14691);
#14694=IFCPROPERTYSINGLEVALUE('Total_RS',$,IFCREAL(1250.),$);
#14695=IFCOWNERHISTORY(#3,#4,.READWRITE.,.MODIFIED.,1774189821,#3,#4,1774189821);
#14696=IFCBUILDINGELEMENTPROXY('1JdfIlPmXFAv7LTqmYv3Uj',#14695,'PI_265',$,$,#14710,#14705,$,$);
#14702=IFCCIRCLEPROFILEDEF(.AREA.,$,#30,0.2);
#14703=IFCEXTRUDEDAREASOLID(#14702,#34,#32,0.600000000000001);
#14704=IFCSHAPEREPRESENTATION(#16,'Body','SweptSolid',(#14703));
#14705=IFCPRODUCTDEFINITIONSHAPE($,$,(#14704));
#14706=IFCCARTESIANPOINT((694.197086078173,439.961720950902,18.602));
#14707=IFCDIRECTION((0.,0.,1.));
#14708=IFCDIRECTION((1.,0.,0.));
#14709=IFCAXIS2PLACEMENT3D(#14706,#14707,#14708);
#14710=IFCLOCALPLACEMENT($,#14709);
#14711=IFCOWNERHISTORY(#3,#4,.READWRITE.,.ADDED.,1774189821,#3,#4,1774189821);
#14712=IFCPROPERTYSET('3WPjjOSsz1Ng1m2AuMLnuD',#14711,'PV',$,(#14715,#14716,#14717,#14718));
#14713=IFCOWNERHISTORY(#3,#4,.READWRITE.,.ADDED.,1774189821,#3,#4,1774189821);
#14714=IFCRELDEFINESBYPROPERTIES('3H7SO8Z3f0a8Gk4v8t0JwJ',#14713,$,$,(#14696),#14712);
#14715=IFCPROPERTYSINGLEVALUE('Tipo',$,IFCLABEL('PI'),$);
#14716=IFCPROPERTYSINGLEVALUE('CT',$,IFCREAL(19.202),$);
#14717=IFCPROPERTYSINGLEVALUE('CF',$,IFCREAL(18.602),$);
#14718=IFCPROPERTYSINGLEVALUE('Prof',$,IFCREAL(0.6),$);
#14719=IFCOWNERHISTORY(#3,#4,.READWRITE.,.ADDED.,1774189821,#3,#4,1774189821);
#14720=IFCPROPERTYSET('0JUw2yhsnE$x69bIbw_m8r',#14719,'Custo5D',$,(#14723));
#14721=IFCOWNERHISTORY(#3,#4,.READWRITE.,.ADDED.,1774189821,#3,#4,1774189821);
#14722=IFCRELDEFINESBYPROPERTIES('15Aih$1wf9uhECSDIHT90a',#14721,$,$,(#14696),#14720);
#14723=IFCPROPERTYSINGLEVALUE('Total_RS',$,IFCREAL(1250.),$);
#14724=IFCOWNERHISTORY(#3,#4,.READWRITE.,.MODIFIED.,1774189821,#3,#4,1774189821);
#14725=IFCBUILDINGELEMENTPROXY('38EJ2zWmv0T9uNYaJBTEV0',#14724,'PI_267',$,$,#14739,#14734,$,$);
#14731=IFCCIRCLEPROFILEDEF(.AREA.,$,#30,0.2);
#14732=IFCEXTRUDEDAREASOLID(#14731,#34,#32,0.599999999999998);
#14733=IFCSHAPEREPRESENTATION(#16,'Body','SweptSolid',(#14732));
#14734=IFCPRODUCTDEFINITIONSHAPE($,$,(#14733));
#14735=IFCCARTESIANPOINT((714.967300829187,412.68867948465,19.681));
#14736=IFCDIRECTION((0.,0.,1.));
#14737=IFCDIRECTION((1.,0.,0.));
#14738=IFCAXIS2PLACEMENT3D(#14735,#14736,#14737);
#14739=IFCLOCALPLACEMENT($,#14738);
#14740=IFCOWNERHISTORY(#3,#4,.READWRITE.,.ADDED.,1774189821,#3,#4,1774189821);
#14741=IFCPROPERTYSET('1_YfZIaxvBNuhkkYmneMuk',#14740,'PV',$,(#14744,#14745,#14746,#14747));
#14742=IFCOWNERHISTORY(#3,#4,.READWRITE.,.ADDED.,1774189821,#3,#4,1774189821);
#14743=IFCRELDEFINESBYPROPERTIES('1JciE$z4v2LQ8YzaOn1hAs',#14742,$,$,(#14725),#14741);
#14744=IFCPROPERTYSINGLEVALUE('Tipo',$,IFCLABEL('PI'),$);
#14745=IFCPROPERTYSINGLEVALUE('CT',$,IFCREAL(20.281),$);
#14746=IFCPROPERTYSINGLEVALUE('CF',$,IFCREAL(19.681),$);
#14747=IFCPROPERTYSINGLEVALUE('Prof',$,IFCREAL(0.6),$);
#14748=IFCOWNERHISTORY(#3,#4,.READWRITE.,.ADDED.,1774189821,#3,#4,1774189821);
#14749=IFCPROPERTYSET('2z1CLzJVX9ku4riZaosNbQ',#14748,'Custo5D',$,(#14752));
#14750=IFCOWNERHISTORY(#3,#4,.READWRITE.,.ADDED.,1774189821,#3,#4,1774189821);
#14751=IFCRELDEFINESBYPROPERTIES('2_S_s4QzDBRe7VIoV2tTsL',#14750,$,$,(#14725),#14749);
#14752=IFCPROPERTYSINGLEVALUE('Total_RS',$,IFCREAL(1250.),$);
#14753=IFCOWNERHISTORY(#3,#4,.READWRITE.,.MODIFIED.,1774189821,#3,#4,1774189821);
#14754=IFCBUILDINGELEMENTPROXY('2hAAZZtGH4MRjybk2Z46Bv',#14753,'PI_266',$,$,#14768,#14763,$,$);
#14760=IFCCIRCLEPROFILEDEF(.AREA.,$,#30,0.2);
#14761=IFCEXTRUDEDAREASOLID(#14760,#34,#32,0.600000000000001);
#14762=IFCSHAPEREPRESENTATION(#16,'Body','SweptSolid',(#14761));
#14763=IFCPRODUCTDEFINITIONSHAPE($,$,(#14762));
#14764=IFCCARTESIANPOINT((711.057722934114,433.23002228979,17.404));
#14765=IFCDIRECTION((0.,0.,1.));
#14766=IFCDIRECTION((1.,0.,0.));
#14767=IFCAXIS2PLACEMENT3D(#14764,#14765,#14766);
#14768=IFCLOCALPLACEMENT($,#14767);
#14769=IFCOWNERHISTORY(#3,#4,.READWRITE.,.ADDED.,1774189821,#3,#4,1774189821);
#14770=IFCPROPERTYSET('13aqFh0hT8H877zQh2ggoD',#14769,'PV',$,(#14773,#14774,#14775,#14776));
#14771=IFCOWNERHISTORY(#3,#4,.READWRITE.,.ADDED.,1774189821,#3,#4,1774189821);
#14772=IFCRELDEFINESBYPROPERTIES('2CQbfv1252WwRewSsm$0jQ',#14771,$,$,(#14754),#14770);
#14773=IFCPROPERTYSINGLEVALUE('Tipo',$,IFCLABEL('PI'),$);
#14774=IFCPROPERTYSINGLEVALUE('CT',$,IFCREAL(18.004),$);
#14775=IFCPROPERTYSINGLEVALUE('CF',$,IFCREAL(17.404),$);
#14776=IFCPROPERTYSINGLEVALUE('Prof',$,IFCREAL(0.6),$);
#14777=IFCOWNERHISTORY(#3,#4,.READWRITE.,.ADDED.,1774189821,#3,#4,1774189821);
#14778=IFCPROPERTYSET('2Xj7MHpN5C18dAVqbfbe_M',#14777,'Custo5D',$,(#14781));
#14779=IFCOWNERHISTORY(#3,#4,.READWRITE.,.ADDED.,1774189821,#3,#4,1774189821);
#14780=IFCRELDEFINESBYPROPERTIES('1nvgVCsMDAD97IRakQr1vd',#14779,$,$,(#14754),#14778);
#14781=IFCPROPERTYSINGLEVALUE('Total_RS',$,IFCREAL(1250.),$);
#14782=IFCOWNERHISTORY(#3,#4,.READWRITE.,.MODIFIED.,1774189821,#3,#4,1774189821);
#14783=IFCBUILDINGELEMENTPROXY('3wCzzFKFz0UwRDHg8uqjR1',#14782,'PV_08',$,$,#14797,#14792,$,$);
#14789=IFCCIRCLEPROFILEDEF(.AREA.,$,#30,0.3);
#14790=IFCEXTRUDEDAREASOLID(#14789,#34,#32,0.600000000000001);
#14791=IFCSHAPEREPRESENTATION(#16,'Body','SweptSolid',(#14790));
#14792=IFCPRODUCTDEFINITIONSHAPE($,$,(#14791));
#14793=IFCCARTESIANPOINT((684.829956110101,420.762283070944,15.155));
#14794=IFCDIRECTION((0.,0.,1.));
#14795=IFCDIRECTION((1.,0.,0.));
#14796=IFCAXIS2PLACEMENT3D(#14793,#14794,#14795);
#14797=IFCLOCALPLACEMENT($,#14796);
#14798=IFCOWNERHISTORY(#3,#4,.READWRITE.,.ADDED.,1774189821,#3,#4,1774189821);
#14799=IFCPROPERTYSET('3giBRWS_nCXBjEED6PjD$I',#14798,'PV',$,(#14802,#14803,#14804,#14805));
#14800=IFCOWNERHISTORY(#3,#4,.READWRITE.,.ADDED.,1774189821,#3,#4,1774189821);
#14801=IFCRELDEFINESBYPROPERTIES('3c3u81WjLB7uL_i4iboPbV',#14800,$,$,(#14783),#14799);
#14802=IFCPROPERTYSINGLEVALUE('Tipo',$,IFCLABEL('PV'),$);
#14803=IFCPROPERTYSINGLEVALUE('CT',$,IFCREAL(15.755),$);
#14804=IFCPROPERTYSINGLEVALUE('CF',$,IFCREAL(15.155),$);
#14805=IFCPROPERTYSINGLEVALUE('Prof',$,IFCREAL(0.6),$);
#14806=IFCOWNERHISTORY(#3,#4,.READWRITE.,.ADDED.,1774189821,#3,#4,1774189821);
#14807=IFCPROPERTYSET('0D1e6E08X6s9Q0uICReK9I',#14806,'Custo5D',$,(#14810));
#14808=IFCOWNERHISTORY(#3,#4,.READWRITE.,.ADDED.,1774189821,#3,#4,1774189821);
#14809=IFCRELDEFINESBYPROPERTIES('3Xj7ZoE1TAT8aFm8ncOhrZ',#14808,$,$,(#14783),#14807);
#14810=IFCPROPERTYSINGLEVALUE('Total_RS',$,IFCREAL(3078.),$);
#14811=IFCOWNERHISTORY(#3,#4,.READWRITE.,.MODIFIED.,1774189821,#3,#4,1774189821);
#14812=IFCBUILDINGELEMENTPROXY('3oypnR_nH9qQlQSpmaR5ZY',#14811,'PV_09',$,$,#14826,#14821,$,$);
#14818=IFCCIRCLEPROFILEDEF(.AREA.,$,#30,0.3);
#14819=IFCEXTRUDEDAREASOLID(#14818,#34,#32,0.600000000000001);
#14820=IFCSHAPEREPRESENTATION(#16,'Body','SweptSolid',(#14819));
#14821=IFCPRODUCTDEFINITIONSHAPE($,$,(#14820));
#14822=IFCCARTESIANPOINT((686.82938224281,421.777264480479,18.272));
#14823=IFCDIRECTION((0.,0.,1.));
#14824=IFCDIRECTION((1.,0.,0.));
#14825=IFCAXIS2PLACEMENT3D(#14822,#14823,#14824);
#14826=IFCLOCALPLACEMENT($,#14825);
#14827=IFCOWNERHISTORY(#3,#4,.READWRITE.,.ADDED.,1774189821,#3,#4,1774189821);
#14828=IFCPROPERTYSET('1wfK$osfD0ZRy21AyId4$1',#14827,'PV',$,(#14831,#14832,#14833,#14834));
#14829=IFCOWNERHISTORY(#3,#4,.READWRITE.,.ADDED.,1774189821,#3,#4,1774189821);
#14830=IFCRELDEFINESBYPROPERTIES('1GnAtIgX5FsP3AEX3qywU$',#14829,$,$,(#14812),#14828);
#14831=IFCPROPERTYSINGLEVALUE('Tipo',$,IFCLABEL('PV'),$);
#14832=IFCPROPERTYSINGLEVALUE('CT',$,IFCREAL(18.872),$);
#14833=IFCPROPERTYSINGLEVALUE('CF',$,IFCREAL(18.272),$);
#14834=IFCPROPERTYSINGLEVALUE('Prof',$,IFCREAL(0.6),$);
#14835=IFCOWNERHISTORY(#3,#4,.READWRITE.,.ADDED.,1774189821,#3,#4,1774189821);
#14836=IFCPROPERTYSET('2OsJmjMzzD8BWzTi1Xu_pA',#14835,'Custo5D',$,(#14839));
#14837=IFCOWNERHISTORY(#3,#4,.READWRITE.,.ADDED.,1774189821,#3,#4,1774189821);
#14838=IFCRELDEFINESBYPROPERTIES('1uoMjeRyjCgAjFRW5Oask9',#14837,$,$,(#14812),#14836);
#14839=IFCPROPERTYSINGLEVALUE('Total_RS',$,IFCREAL(3078.),$);
#14840=IFCOWNERHISTORY(#3,#4,.READWRITE.,.MODIFIED.,1774189821,#3,#4,1774189821);
#14841=IFCBUILDINGELEMENTPROXY('3loNt$AOz338dA2UQgyezv',#14840,'PI_165',$,$,#14855,#14850,$,$);
#14847=IFCCIRCLEPROFILEDEF(.AREA.,$,#30,0.2);
#14848=IFCEXTRUDEDAREASOLID(#14847,#34,#32,0.600000000000001);
#14849=IFCSHAPEREPRESENTATION(#16,'Body','SweptSolid',(#14848));
#14850=IFCPRODUCTDEFINITIONSHAPE($,$,(#14849));
#14851=IFCCARTESIANPOINT((748.473797101527,475.142508386634,29.136));
#14852=IFCDIRECTION((0.,0.,1.));
#14853=IFCDIRECTION((1.,0.,0.));
#14854=IFCAXIS2PLACEMENT3D(#14851,#14852,#14853);
#14855=IFCLOCALPLACEMENT($,#14854);
#14856=IFCOWNERHISTORY(#3,#4,.READWRITE.,.ADDED.,1774189821,#3,#4,1774189821);
#14857=IFCPROPERTYSET('3dJy1UJMnEg968HxAiub4z',#14856,'PV',$,(#14860,#14861,#14862,#14863));
#14858=IFCOWNERHISTORY(#3,#4,.READWRITE.,.ADDED.,1774189821,#3,#4,1774189821);
#14859=IFCRELDEFINESBYPROPERTIES('33mnoBAsvE2RmLYHXEE8u5',#14858,$,$,(#14841),#14857);
#14860=IFCPROPERTYSINGLEVALUE('Tipo',$,IFCLABEL('PI'),$);
#14861=IFCPROPERTYSINGLEVALUE('CT',$,IFCREAL(29.736),$);
#14862=IFCPROPERTYSINGLEVALUE('CF',$,IFCREAL(29.136),$);
#14863=IFCPROPERTYSINGLEVALUE('Prof',$,IFCREAL(0.6),$);
#14864=IFCOWNERHISTORY(#3,#4,.READWRITE.,.ADDED.,1774189821,#3,#4,1774189821);
#14865=IFCPROPERTYSET('0gAD6taO13mvABcctVuH04',#14864,'Custo5D',$,(#14868));
#14866=IFCOWNERHISTORY(#3,#4,.READWRITE.,.ADDED.,1774189821,#3,#4,1774189821);
#14867=IFCRELDEFINESBYPROPERTIES('2Uq3UqA5H3Ew_pyONrYq4J',#14866,$,$,(#14841),#14865);
#14868=IFCPROPERTYSINGLEVALUE('Total_RS',$,IFCREAL(1250.),$);
#14869=IFCOWNERHISTORY(#3,#4,.READWRITE.,.MODIFIED.,1774189821,#3,#4,1774189821);
#14870=IFCBUILDINGELEMENTPROXY('2HiAE33cTAYQOFw_TUYzx5',#14869,'PV_15',$,$,#14884,#14879,$,$);
#14876=IFCCIRCLEPROFILEDEF(.AREA.,$,#30,0.3);
#14877=IFCEXTRUDEDAREASOLID(#14876,#34,#32,0.600000000000001);
#14878=IFCSHAPEREPRESENTATION(#16,'Body','SweptSolid',(#14877));
#14879=IFCPRODUCTDEFINITIONSHAPE($,$,(#14878));
#14880=IFCCARTESIANPOINT((750.593922168133,476.195557969622,29.674));
#14881=IFCDIRECTION((0.,0.,1.));
#14882=IFCDIRECTION((1.,0.,0.));
#14883=IFCAXIS2PLACEMENT3D(#14880,#14881,#14882);
#14884=IFCLOCALPLACEMENT($,#14883);
#14885=IFCOWNERHISTORY(#3,#4,.READWRITE.,.ADDED.,1774189821,#3,#4,1774189821);
#14886=IFCPROPERTYSET('1A0adp$9L7ExMhOVJ6xQXs',#14885,'PV',$,(#14889,#14890,#14891,#14892));
#14887=IFCOWNERHISTORY(#3,#4,.READWRITE.,.ADDED.,1774189821,#3,#4,1774189821);
#14888=IFCRELDEFINESBYPROPERTIES('2pUjdRi2P4xPrS416oJ$$h',#14887,$,$,(#14870),#14886);
#14889=IFCPROPERTYSINGLEVALUE('Tipo',$,IFCLABEL('PV'),$);
#14890=IFCPROPERTYSINGLEVALUE('CT',$,IFCREAL(30.274),$);
#14891=IFCPROPERTYSINGLEVALUE('CF',$,IFCREAL(29.674),$);
#14892=IFCPROPERTYSINGLEVALUE('Prof',$,IFCREAL(0.6),$);
#14893=IFCOWNERHISTORY(#3,#4,.READWRITE.,.ADDED.,1774189821,#3,#4,1774189821);
#14894=IFCPROPERTYSET('2vDwAZRjP6UwWemuSR5VEB',#14893,'Custo5D',$,(#14897));
#14895=IFCOWNERHISTORY(#3,#4,.READWRITE.,.ADDED.,1774189821,#3,#4,1774189821);
#14896=IFCRELDEFINESBYPROPERTIES('0hYqe2bwnD0gpzvtV3sK1v',#14895,$,$,(#14870),#14894);
#14897=IFCPROPERTYSINGLEVALUE('Total_RS',$,IFCREAL(3078.),$);
#14898=IFCOWNERHISTORY(#3,#4,.READWRITE.,.MODIFIED.,1774189821,#3,#4,1774189821);
#14899=IFCBUILDINGELEMENTPROXY('112ECSzYf4IBUbSSqIEmRJ',#14898,'PI_163',$,$,#14913,#14908,$,$);
#14905=IFCCIRCLEPROFILEDEF(.AREA.,$,#30,0.2);
#14906=IFCEXTRUDEDAREASOLID(#14905,#34,#32,0.6);
#14907=IFCSHAPEREPRESENTATION(#16,'Body','SweptSolid',(#14906));
#14908=IFCPRODUCTDEFINITIONSHAPE($,$,(#14907));
#14909=IFCCARTESIANPOINT((652.911346998124,418.667676571757,11.074));
#14910=IFCDIRECTION((0.,0.,1.));
#14911=IFCDIRECTION((1.,0.,0.));
#14912=IFCAXIS2PLACEMENT3D(#14909,#14910,#14911);
#14913=IFCLOCALPLACEMENT($,#14912);
#14914=IFCOWNERHISTORY(#3,#4,.READWRITE.,.ADDED.,1774189821,#3,#4,1774189821);
#14915=IFCPROPERTYSET('3$7OrKQIr1OPpjpYiDf3O7',#14914,'PV',$,(#14918,#14919,#14920,#14921));
#14916=IFCOWNERHISTORY(#3,#4,.READWRITE.,.ADDED.,1774189821,#3,#4,1774189821);
#14917=IFCRELDEFINESBYPROPERTIES('3w8cHA741EquIlrxi0jywx',#14916,$,$,(#14899),#14915);
#14918=IFCPROPERTYSINGLEVALUE('Tipo',$,IFCLABEL('PI'),$);
#14919=IFCPROPERTYSINGLEVALUE('CT',$,IFCREAL(11.674),$);
#14920=IFCPROPERTYSINGLEVALUE('CF',$,IFCREAL(11.074),$);
#14921=IFCPROPERTYSINGLEVALUE('Prof',$,IFCREAL(0.6),$);
#14922=IFCOWNERHISTORY(#3,#4,.READWRITE.,.ADDED.,1774189821,#3,#4,1774189821);
#14923=IFCPROPERTYSET('0H9fSs3ebAkeixmePmHF7_',#14922,'Custo5D',$,(#14926));
#14924=IFCOWNERHISTORY(#3,#4,.READWRITE.,.ADDED.,1774189821,#3,#4,1774189821);
#14925=IFCRELDEFINESBYPROPERTIES('0oEE4B12XD0f6emrY7GTmF',#14924,$,$,(#14899),#14923);
#14926=IFCPROPERTYSINGLEVALUE('Total_RS',$,IFCREAL(1250.),$);
#14927=IFCOWNERHISTORY(#3,#4,.READWRITE.,.MODIFIED.,1774189821,#3,#4,1774189821);
#14928=IFCBUILDINGELEMENTPROXY('3MyP1$Zz55Ce87yXZp8mGc',#14927,'PV_06',$,$,#14942,#14937,$,$);
#14934=IFCCIRCLEPROFILEDEF(.AREA.,$,#30,0.3);
#14935=IFCEXTRUDEDAREASOLID(#14934,#34,#32,0.6);
#14936=IFCSHAPEREPRESENTATION(#16,'Body','SweptSolid',(#14935));
#14937=IFCPRODUCTDEFINITIONSHAPE($,$,(#14936));
#14938=IFCCARTESIANPOINT((651.126537068456,387.937303520739,13.949));
#14939=IFCDIRECTION((0.,0.,1.));
#14940=IFCDIRECTION((1.,0.,0.));
#14941=IFCAXIS2PLACEMENT3D(#14938,#14939,#14940);
#14942=IFCLOCALPLACEMENT($,#14941);
#14943=IFCOWNERHISTORY(#3,#4,.READWRITE.,.ADDED.,1774189821,#3,#4,1774189821);
#14944=IFCPROPERTYSET('0uPhCNBQbBhO1ow454uceP',#14943,'PV',$,(#14947,#14948,#14949,#14950));
#14945=IFCOWNERHISTORY(#3,#4,.READWRITE.,.ADDED.,1774189821,#3,#4,1774189821);
#14946=IFCRELDEFINESBYPROPERTIES('1T_ARFwpn45ubFyHCNoTcZ',#14945,$,$,(#14928),#14944);
#14947=IFCPROPERTYSINGLEVALUE('Tipo',$,IFCLABEL('PV'),$);
#14948=IFCPROPERTYSINGLEVALUE('CT',$,IFCREAL(14.549),$);
#14949=IFCPROPERTYSINGLEVALUE('CF',$,IFCREAL(13.949),$);
#14950=IFCPROPERTYSINGLEVALUE('Prof',$,IFCREAL(0.6),$);
#14951=IFCOWNERHISTORY(#3,#4,.READWRITE.,.ADDED.,1774189821,#3,#4,1774189821);
#14952=IFCPROPERTYSET('0M6F_G8eb1hubvfR_ppJHW',#14951,'Custo5D',$,(#14955));
#14953=IFCOWNERHISTORY(#3,#4,.READWRITE.,.ADDED.,1774189821,#3,#4,1774189821);
#14954=IFCRELDEFINESBYPROPERTIES('3VN$Lvx091m9XYtF6fi1E_',#14953,$,$,(#14928),#14952);
#14955=IFCPROPERTYSINGLEVALUE('Total_RS',$,IFCREAL(3078.),$);
#14956=IFCOWNERHISTORY(#3,#4,.READWRITE.,.MODIFIED.,1774189821,#3,#4,1774189821);
#14957=IFCBUILDINGELEMENTPROXY('1Cj9mtPiD5JwdpXxRt0ezY',#14956,'PI_261',$,$,#14971,#14966,$,$);
#14963=IFCCIRCLEPROFILEDEF(.AREA.,$,#30,0.2);
#14964=IFCEXTRUDEDAREASOLID(#14963,#34,#32,0.599999999999998);
#14965=IFCSHAPEREPRESENTATION(#16,'Body','SweptSolid',(#14964));
#14966=IFCPRODUCTDEFINITIONSHAPE($,$,(#14965));
#14967=IFCCARTESIANPOINT((653.120309330232,389.217984665185,15.707));
#14968=IFCDIRECTION((0.,0.,1.));
#14969=IFCDIRECTION((1.,0.,0.));
#14970=IFCAXIS2PLACEMENT3D(#14967,#14968,#14969);
#14971=IFCLOCALPLACEMENT($,#14970);
#14972=IFCOWNERHISTORY(#3,#4,.READWRITE.,.ADDED.,1774189821,#3,#4,1774189821);
#14973=IFCPROPERTYSET('1vz5dGSfXEtAv_7zNYw0wJ',#14972,'PV',$,(#14976,#14977,#14978,#14979));
#14974=IFCOWNERHISTORY(#3,#4,.READWRITE.,.ADDED.,1774189821,#3,#4,1774189821);
#14975=IFCRELDEFINESBYPROPERTIES('0NdU6t7o50zgv5M7yN8nf3',#14974,$,$,(#14957),#14973);
#14976=IFCPROPERTYSINGLEVALUE('Tipo',$,IFCLABEL('PI'),$);
#14977=IFCPROPERTYSINGLEVALUE('CT',$,IFCREAL(16.307),$);
#14978=IFCPROPERTYSINGLEVALUE('CF',$,IFCREAL(15.707),$);
#14979=IFCPROPERTYSINGLEVALUE('Prof',$,IFCREAL(0.6),$);
#14980=IFCOWNERHISTORY(#3,#4,.READWRITE.,.ADDED.,1774189821,#3,#4,1774189821);
#14981=IFCPROPERTYSET('0bTeNJk8LDZPKOo92S4zmA',#14980,'Custo5D',$,(#14984));
#14982=IFCOWNERHISTORY(#3,#4,.READWRITE.,.ADDED.,1774189821,#3,#4,1774189821);
#14983=IFCRELDEFINESBYPROPERTIES('2qP4M6nh9CZQFOnqAkFbYU',#14982,$,$,(#14957),#14981);
#14984=IFCPROPERTYSINGLEVALUE('Total_RS',$,IFCREAL(1250.),$);
#14985=IFCOWNERHISTORY(#3,#4,.READWRITE.,.MODIFIED.,1774189821,#3,#4,1774189821);
#14986=IFCBUILDINGELEMENTPROXY('3VS8pRK313Q9toAGC_v5Zl',#14985,'PI_262',$,$,#15000,#14995,$,$);
#14992=IFCCIRCLEPROFILEDEF(.AREA.,$,#30,0.2);
#14993=IFCEXTRUDEDAREASOLID(#14992,#34,#32,0.599999999999998);
#14994=IFCSHAPEREPRESENTATION(#16,'Body','SweptSolid',(#14993));
#14995=IFCPRODUCTDEFINITIONSHAPE($,$,(#14994));
#14996=IFCCARTESIANPOINT((671.034275444574,390.996709371917,16.547));
#14997=IFCDIRECTION((0.,0.,1.));
#14998=IFCDIRECTION((1.,0.,0.));
#14999=IFCAXIS2PLACEMENT3D(#14996,#14997,#14998);
#15000=IFCLOCALPLACEMENT($,#14999);
#15001=IFCOWNERHISTORY(#3,#4,.READWRITE.,.ADDED.,1774189821,#3,#4,1774189821);
#15002=IFCPROPERTYSET('0hRmzRcHTDHxjKNbtrsD_z',#15001,'PV',$,(#15005,#15006,#15007,#15008));
#15003=IFCOWNERHISTORY(#3,#4,.READWRITE.,.ADDED.,1774189821,#3,#4,1774189821);
#15004=IFCRELDEFINESBYPROPERTIES('2a40uGckX9FhAz$$6dDogG',#15003,$,$,(#14986),#15002);
#15005=IFCPROPERTYSINGLEVALUE('Tipo',$,IFCLABEL('PI'),$);
#15006=IFCPROPERTYSINGLEVALUE('CT',$,IFCREAL(17.147),$);
#15007=IFCPROPERTYSINGLEVALUE('CF',$,IFCREAL(16.547),$);
#15008=IFCPROPERTYSINGLEVALUE('Prof',$,IFCREAL(0.6),$);
#15009=IFCOWNERHISTORY(#3,#4,.READWRITE.,.ADDED.,1774189821,#3,#4,1774189821);
#15010=IFCPROPERTYSET('2Mgb2JyVTFBBQzvJYIqY16',#15009,'Custo5D',$,(#15013));
#15011=IFCOWNERHISTORY(#3,#4,.READWRITE.,.ADDED.,1774189821,#3,#4,1774189821);
#15012=IFCRELDEFINESBYPROPERTIES('01FM633jL43RBTahL5boGb',#15011,$,$,(#14986),#15010);
#15013=IFCPROPERTYSINGLEVALUE('Total_RS',$,IFCREAL(1250.),$);
#15014=IFCOWNERHISTORY(#3,#4,.READWRITE.,.MODIFIED.,1774189821,#3,#4,1774189821);
#15015=IFCBUILDINGELEMENTPROXY('22PJJjPqr6KRC48jaZ4W4f',#15014,'PI_263',$,$,#15029,#15024,$,$);
#15021=IFCCIRCLEPROFILEDEF(.AREA.,$,#30,0.2);
#15022=IFCEXTRUDEDAREASOLID(#15021,#34,#32,0.600000000000001);
#15023=IFCSHAPEREPRESENTATION(#16,'Body','SweptSolid',(#15022));
#15024=IFCPRODUCTDEFINITIONSHAPE($,$,(#15023));
#15025=IFCCARTESIANPOINT((673.989943931345,390.642363428138,17.215));
#15026=IFCDIRECTION((0.,0.,1.));
#15027=IFCDIRECTION((1.,0.,0.));
#15028=IFCAXIS2PLACEMENT3D(#15025,#15026,#15027);
#15029=IFCLOCALPLACEMENT($,#15028);
#15030=IFCOWNERHISTORY(#3,#4,.READWRITE.,.ADDED.,1774189821,#3,#4,1774189821);
#15031=IFCPROPERTYSET('3Rjj4dBt5CtRvgzEJ4kYwZ',#15030,'PV',$,(#15034,#15035,#15036,#15037));
#15032=IFCOWNERHISTORY(#3,#4,.READWRITE.,.ADDED.,1774189821,#3,#4,1774189821);
#15033=IFCRELDEFINESBYPROPERTIES('2t1r6DUGDDBfM$1EX7YqY3',#15032,$,$,(#15015),#15031);
#15034=IFCPROPERTYSINGLEVALUE('Tipo',$,IFCLABEL('PI'),$);
#15035=IFCPROPERTYSINGLEVALUE('CT',$,IFCREAL(17.815),$);
#15036=IFCPROPERTYSINGLEVALUE('CF',$,IFCREAL(17.215),$);
#15037=IFCPROPERTYSINGLEVALUE('Prof',$,IFCREAL(0.6),$);
#15038=IFCOWNERHISTORY(#3,#4,.READWRITE.,.ADDED.,1774189821,#3,#4,1774189821);
#15039=IFCPROPERTYSET('0zHhj$XcD1WROqfd5P6Now',#15038,'Custo5D',$,(#15042));
#15040=IFCOWNERHISTORY(#3,#4,.READWRITE.,.ADDED.,1774189821,#3,#4,1774189821);
#15041=IFCRELDEFINESBYPROPERTIES('20TZJtPZHAxeSMP3D4UFD7',#15040,$,$,(#15015),#15039);
#15042=IFCPROPERTYSINGLEVALUE('Total_RS',$,IFCREAL(1250.),$);
#15043=IFCOWNERHISTORY(#3,#4,.READWRITE.,.MODIFIED.,1774189821,#3,#4,1774189821);
#15044=IFCBUILDINGELEMENTPROXY('0H2$Fc9M9A3v1wXfSS7W1c',#15043,'PI_260',$,$,#15058,#15053,$,$);
#15050=IFCCIRCLEPROFILEDEF(.AREA.,$,#30,0.2);
#15051=IFCEXTRUDEDAREASOLID(#15050,#34,#32,0.600000000000001);
#15052=IFCSHAPEREPRESENTATION(#16,'Body','SweptSolid',(#15051));
#15053=IFCPRODUCTDEFINITIONSHAPE($,$,(#15052));
#15054=IFCCARTESIANPOINT((667.377804642427,400.085009164177,14.899));
#15055=IFCDIRECTION((0.,0.,1.));
#15056=IFCDIRECTION((1.,0.,0.));
#15057=IFCAXIS2PLACEMENT3D(#15054,#15055,#15056);
#15058=IFCLOCALPLACEMENT($,#15057);
#15059=IFCOWNERHISTORY(#3,#4,.READWRITE.,.ADDED.,1774189821,#3,#4,1774189821);
#15060=IFCPROPERTYSET('06s_eCmhXAkBiI6DjHOtPj',#15059,'PV',$,(#15063,#15064,#15065,#15066));
#15061=IFCOWNERHISTORY(#3,#4,.READWRITE.,.ADDED.,1774189821,#3,#4,1774189821);
#15062=IFCRELDEFINESBYPROPERTIES('2j6u_dcDb9L9At5zDHoDW9',#15061,$,$,(#15044),#15060);
#15063=IFCPROPERTYSINGLEVALUE('Tipo',$,IFCLABEL('PI'),$);
#15064=IFCPROPERTYSINGLEVALUE('CT',$,IFCREAL(15.499),$);
#15065=IFCPROPERTYSINGLEVALUE('CF',$,IFCREAL(14.899),$);
#15066=IFCPROPERTYSINGLEVALUE('Prof',$,IFCREAL(0.6),$);
#15067=IFCOWNERHISTORY(#3,#4,.READWRITE.,.ADDED.,1774189821,#3,#4,1774189821);
#15068=IFCPROPERTYSET('2kxR74Lu9Ajwea1NknL8tP',#15067,'Custo5D',$,(#15071));
#15069=IFCOWNERHISTORY(#3,#4,.READWRITE.,.ADDED.,1774189821,#3,#4,1774189821);
#15070=IFCRELDEFINESBYPROPERTIES('2FEC77FXrFyQvl$Z2wWn5Y',#15069,$,$,(#15044),#15068);
#15071=IFCPROPERTYSINGLEVALUE('Total_RS',$,IFCREAL(1250.),$);
#15072=IFCOWNERHISTORY(#3,#4,.READWRITE.,.MODIFIED.,1774189821,#3,#4,1774189821);
#15073=IFCBUILDINGELEMENTPROXY('296zd81R1Cvxhl5EowTFkm',#15072,'PI_264',$,$,#15087,#15082,$,$);
#15079=IFCCIRCLEPROFILEDEF(.AREA.,$,#30,0.2);
#15080=IFCEXTRUDEDAREASOLID(#15079,#34,#32,0.585000000000001);
#15081=IFCSHAPEREPRESENTATION(#16,'Body','SweptSolid',(#15080));
#15082=IFCPRODUCTDEFINITIONSHAPE($,$,(#15081));
#15083=IFCCARTESIANPOINT((668.170504993643,395.439099507406,16.585));
#15084=IFCDIRECTION((0.,0.,1.));
#15085=IFCDIRECTION((1.,0.,0.));
#15086=IFCAXIS2PLACEMENT3D(#15083,#15084,#15085);
#15087=IFCLOCALPLACEMENT($,#15086);
#15088=IFCOWNERHISTORY(#3,#4,.READWRITE.,.ADDED.,1774189821,#3,#4,1774189821);
#15089=IFCPROPERTYSET('0lmyL1tv99IA1gjI11knrc',#15088,'PV',$,(#15092,#15093,#15094,#15095));
#15090=IFCOWNERHISTORY(#3,#4,.READWRITE.,.ADDED.,1774189821,#3,#4,1774189821);
#15091=IFCRELDEFINESBYPROPERTIES('1QAJFtegDAYeCOxgWsYAXC',#15090,$,$,(#15073),#15089);
#15092=IFCPROPERTYSINGLEVALUE('Tipo',$,IFCLABEL('PI'),$);
#15093=IFCPROPERTYSINGLEVALUE('CT',$,IFCREAL(17.17),$);
#15094=IFCPROPERTYSINGLEVALUE('CF',$,IFCREAL(16.585),$);
#15095=IFCPROPERTYSINGLEVALUE('Prof',$,IFCREAL(0.59),$);
#15096=IFCOWNERHISTORY(#3,#4,.READWRITE.,.ADDED.,1774189821,#3,#4,1774189821);
#15097=IFCPROPERTYSET('3y3sgBR5H4_94BdWh1Aby8',#15096,'Custo5D',$,(#15100));
#15098=IFCOWNERHISTORY(#3,#4,.READWRITE.,.ADDED.,1774189821,#3,#4,1774189821);
#15099=IFCRELDEFINESBYPROPERTIES('2pmBydocP56eGGCHtZjfcv',#15098,$,$,(#15073),#15097);
#15100=IFCPROPERTYSINGLEVALUE('Total_RS',$,IFCREAL(1250.),$);
#15101=IFCOWNERHISTORY(#3,#4,.READWRITE.,.MODIFIED.,1774189821,#3,#4,1774189821);
#15102=IFCBUILDINGELEMENTPROXY('1aqyQ2mEzAWfiMtgxAtQol',#15101,'PI_182',$,$,#15116,#15111,$,$);
#15108=IFCCIRCLEPROFILEDEF(.AREA.,$,#30,0.2);
#15109=IFCEXTRUDEDAREASOLID(#15108,#34,#32,0.599999999999994);
#15110=IFCSHAPEREPRESENTATION(#16,'Body','SweptSolid',(#15109));
#15111=IFCPRODUCTDEFINITIONSHAPE($,$,(#15110));
#15112=IFCCARTESIANPOINT((941.017960800848,704.827521442436,95.4));
#15113=IFCDIRECTION((0.,0.,1.));
#15114=IFCDIRECTION((1.,0.,0.));
#15115=IFCAXIS2PLACEMENT3D(#15112,#15113,#15114);
#15116=IFCLOCALPLACEMENT($,#15115);
#15117=IFCOWNERHISTORY(#3,#4,.READWRITE.,.ADDED.,1774189821,#3,#4,1774189821);
#15118=IFCPROPERTYSET('1K2AMW2tP9cuYqXP0JIhpr',#15117,'PV',$,(#15121,#15122,#15123,#15124));
#15119=IFCOWNERHISTORY(#3,#4,.READWRITE.,.ADDED.,1774189821,#3,#4,1774189821);
#15120=IFCRELDEFINESBYPROPERTIES('3Oy1eBQb5A7vu9wRJz4GHp',#15119,$,$,(#15102),#15118);
#15121=IFCPROPERTYSINGLEVALUE('Tipo',$,IFCLABEL('PI'),$);
#15122=IFCPROPERTYSINGLEVALUE('CT',$,IFCREAL(96.),$);
#15123=IFCPROPERTYSINGLEVALUE('CF',$,IFCREAL(95.4),$);
#15124=IFCPROPERTYSINGLEVALUE('Prof',$,IFCREAL(0.6),$);
#15125=IFCOWNERHISTORY(#3,#4,.READWRITE.,.ADDED.,1774189821,#3,#4,1774189821);
#15126=IFCPROPERTYSET('10iktYCxH4lgH8qD3YytDl',#15125,'Custo5D',$,(#15129));
#15127=IFCOWNERHISTORY(#3,#4,.READWRITE.,.ADDED.,1774189821,#3,#4,1774189821);
#15128=IFCRELDEFINESBYPROPERTIES('0BkUbEkJn6LP_tsj3fU1e7',#15127,$,$,(#15102),#15126);
#15129=IFCPROPERTYSINGLEVALUE('Total_RS',$,IFCREAL(1250.),$);
#15130=IFCOWNERHISTORY(#3,#4,.READWRITE.,.MODIFIED.,1774189821,#3,#4,1774189821);
#15131=IFCBUILDINGELEMENTPROXY('2P0HSa5tL7ePkc7eFv1spi',#15130,'PV_48',$,$,#15145,#15140,$,$);
#15137=IFCCIRCLEPROFILEDEF(.AREA.,$,#30,0.3);
#15138=IFCEXTRUDEDAREASOLID(#15137,#34,#32,2.314);
#15139=IFCSHAPEREPRESENTATION(#16,'Body','SweptSolid',(#15138));
#15140=IFCPRODUCTDEFINITIONSHAPE($,$,(#15139));
#15141=IFCCARTESIANPOINT((327.308952383406,238.015565366484,-0.815));
#15142=IFCDIRECTION((0.,0.,1.));
#15143=IFCDIRECTION((1.,0.,0.));
#15144=IFCAXIS2PLACEMENT3D(#15141,#15142,#15143);
#15145=IFCLOCALPLACEMENT($,#15144);
#15146=IFCOWNERHISTORY(#3,#4,.READWRITE.,.ADDED.,1774189821,#3,#4,1774189821);
#15147=IFCPROPERTYSET('3J6prrMDr6dhrtjawz8QwH',#15146,'PV',$,(#15150,#15151,#15152,#15153));
#15148=IFCOWNERHISTORY(#3,#4,.READWRITE.,.ADDED.,1774189821,#3,#4,1774189821);
#15149=IFCRELDEFINESBYPROPERTIES('1yN9zwcBvFX8RsTX1cMZpd',#15148,$,$,(#15131),#15147);
#15150=IFCPROPERTYSINGLEVALUE('Tipo',$,IFCLABEL('PV'),$);
#15151=IFCPROPERTYSINGLEVALUE('CT',$,IFCREAL(1.499),$);
#15152=IFCPROPERTYSINGLEVALUE('CF',$,IFCREAL(-0.815),$);
#15153=IFCPROPERTYSINGLEVALUE('Prof',$,IFCREAL(2.31),$);
#15154=IFCOWNERHISTORY(#3,#4,.READWRITE.,.ADDED.,1774189821,#3,#4,1774189821);
#15155=IFCPROPERTYSET('0s3e7y5ub7RO407eEQ$2d9',#15154,'Custo5D',$,(#15158));
#15156=IFCOWNERHISTORY(#3,#4,.READWRITE.,.ADDED.,1774189821,#3,#4,1774189821);
#15157=IFCRELDEFINESBYPROPERTIES('1YZEj_SJLDQuWOX4GG$ruc',#15156,$,$,(#15131),#15155);
#15158=IFCPROPERTYSINGLEVALUE('Total_RS',$,IFCREAL(3078.),$);
#15159=IFCOWNERHISTORY(#3,#4,.READWRITE.,.MODIFIED.,1774189821,#3,#4,1774189821);
#15160=IFCBUILDINGELEMENTPROXY('2qlfMk0d9AEfV3Wbr12zWg',#15159,'PV_42',$,$,#15174,#15169,$,$);
#15166=IFCCIRCLEPROFILEDEF(.AREA.,$,#30,0.3);
#15167=IFCEXTRUDEDAREASOLID(#15166,#34,#32,1.);
#15168=IFCSHAPEREPRESENTATION(#16,'Body','SweptSolid',(#15167));
#15169=IFCPRODUCTDEFINITIONSHAPE($,$,(#15168));
#15170=IFCCARTESIANPOINT((349.719930591818,406.88314922899,0.068));
#15171=IFCDIRECTION((0.,0.,1.));
#15172=IFCDIRECTION((1.,0.,0.));
#15173=IFCAXIS2PLACEMENT3D(#15170,#15171,#15172);
#15174=IFCLOCALPLACEMENT($,#15173);
#15175=IFCOWNERHISTORY(#3,#4,.READWRITE.,.ADDED.,1774189821,#3,#4,1774189821);
#15176=IFCPROPERTYSET('2WLlVM$pLDew7qKLLyBCEk',#15175,'PV',$,(#15179,#15180,#15181,#15182));
#15177=IFCOWNERHISTORY(#3,#4,.READWRITE.,.ADDED.,1774189821,#3,#4,1774189821);
#15178=IFCRELDEFINESBYPROPERTIES('3rzSdwihL3gO$Kuz7bSQBj',#15177,$,$,(#15160),#15176);
#15179=IFCPROPERTYSINGLEVALUE('Tipo',$,IFCLABEL('PV'),$);
#15180=IFCPROPERTYSINGLEVALUE('CT',$,IFCREAL(1.068),$);
#15181=IFCPROPERTYSINGLEVALUE('CF',$,IFCREAL(0.068),$);
#15182=IFCPROPERTYSINGLEVALUE('Prof',$,IFCREAL(1.),$);
#15183=IFCOWNERHISTORY(#3,#4,.READWRITE.,.ADDED.,1774189821,#3,#4,1774189821);
#15184=IFCPROPERTYSET('3zkwNdwX5BRuuWjQ2Imd1t',#15183,'Custo5D',$,(#15187));
#15185=IFCOWNERHISTORY(#3,#4,.READWRITE.,.ADDED.,1774189821,#3,#4,1774189821);
#15186=IFCRELDEFINESBYPROPERTIES('2KAoAQpxb4vuFiANl8NCdB',#15185,$,$,(#15160),#15184);
#15187=IFCPROPERTYSINGLEVALUE('Total_RS',$,IFCREAL(3078.),$);
#15188=IFCOWNERHISTORY(#3,#4,.READWRITE.,.MODIFIED.,1774189821,#3,#4,1774189821);
#15189=IFCBUILDINGELEMENTPROXY('2IbzKsOiPFJviKG4DaCPkP',#15188,'PV_46',$,$,#15203,#15198,$,$);
#15195=IFCCIRCLEPROFILEDEF(.AREA.,$,#30,0.3);
#15196=IFCEXTRUDEDAREASOLID(#15195,#34,#32,1.953);
#15197=IFCSHAPEREPRESENTATION(#16,'Body','SweptSolid',(#15196));
#15198=IFCPRODUCTDEFINITIONSHAPE($,$,(#15197));
#15199=IFCCARTESIANPOINT((303.860170832137,294.864150323905,-0.505));
#15200=IFCDIRECTION((0.,0.,1.));
#15201=IFCDIRECTION((1.,0.,0.));
#15202=IFCAXIS2PLACEMENT3D(#15199,#15200,#15201);
#15203=IFCLOCALPLACEMENT($,#15202);
#15204=IFCOWNERHISTORY(#3,#4,.READWRITE.,.ADDED.,1774189821,#3,#4,1774189821);
#15205=IFCPROPERTYSET('0NdCnyHqP6DPl88Ejxhkax',#15204,'PV',$,(#15208,#15209,#15210,#15211));
#15206=IFCOWNERHISTORY(#3,#4,.READWRITE.,.ADDED.,1774189821,#3,#4,1774189821);
#15207=IFCRELDEFINESBYPROPERTIES('1TDHdlE81Anwzf54bA5k7g',#15206,$,$,(#15189),#15205);
#15208=IFCPROPERTYSINGLEVALUE('Tipo',$,IFCLABEL('PV'),$);
#15209=IFCPROPERTYSINGLEVALUE('CT',$,IFCREAL(1.448),$);
#15210=IFCPROPERTYSINGLEVALUE('CF',$,IFCREAL(-0.505),$);
#15211=IFCPROPERTYSINGLEVALUE('Prof',$,IFCREAL(1.95),$);
#15212=IFCOWNERHISTORY(#3,#4,.READWRITE.,.ADDED.,1774189821,#3,#4,1774189821);
#15213=IFCPROPERTYSET('0L578wuX1EgAp2iICTYVpl',#15212,'Custo5D',$,(#15216));
#15214=IFCOWNERHISTORY(#3,#4,.READWRITE.,.ADDED.,1774189821,#3,#4,1774189821);
#15215=IFCRELDEFINESBYPROPERTIES('3yf$4En1bD6glRwu96klRt',#15214,$,$,(#15189),#15213);
#15216=IFCPROPERTYSINGLEVALUE('Total_RS',$,IFCREAL(3078.),$);
#15217=IFCOWNERHISTORY(#3,#4,.READWRITE.,.MODIFIED.,1774189821,#3,#4,1774189821);
#15218=IFCBUILDINGELEMENTPROXY('043YRGHn543A4Bo0dkLik1',#15217,'PV_47',$,$,#15232,#15227,$,$);
#15224=IFCCIRCLEPROFILEDEF(.AREA.,$,#30,0.3);
#15225=IFCEXTRUDEDAREASOLID(#15224,#34,#32,1.981);
#15226=IFCSHAPEREPRESENTATION(#16,'Body','SweptSolid',(#15225));
#15227=IFCPRODUCTDEFINITIONSHAPE($,$,(#15226));
#15228=IFCCARTESIANPOINT((308.8636079969,282.614983458072,-0.571));
#15229=IFCDIRECTION((0.,0.,1.));
#15230=IFCDIRECTION((1.,0.,0.));
#15231=IFCAXIS2PLACEMENT3D(#15228,#15229,#15230);
#15232=IFCLOCALPLACEMENT($,#15231);
#15233=IFCOWNERHISTORY(#3,#4,.READWRITE.,.ADDED.,1774189821,#3,#4,1774189821);
#15234=IFCPROPERTYSET('3ZWd4KAhX7EvWKPZvSJ8w$',#15233,'PV',$,(#15237,#15238,#15239,#15240));
#15235=IFCOWNERHISTORY(#3,#4,.READWRITE.,.ADDED.,1774189821,#3,#4,1774189821);
#15236=IFCRELDEFINESBYPROPERTIES('1nwKbDOv1CZAmFmz5hFggh',#15235,$,$,(#15218),#15234);
#15237=IFCPROPERTYSINGLEVALUE('Tipo',$,IFCLABEL('PV'),$);
#15238=IFCPROPERTYSINGLEVALUE('CT',$,IFCREAL(1.41),$);
#15239=IFCPROPERTYSINGLEVALUE('CF',$,IFCREAL(-0.571),$);
#15240=IFCPROPERTYSINGLEVALUE('Prof',$,IFCREAL(1.98),$);
#15241=IFCOWNERHISTORY(#3,#4,.READWRITE.,.ADDED.,1774189821,#3,#4,1774189821);
#15242=IFCPROPERTYSET('3ympl2gmv2tgqm6r$tDspq',#15241,'Custo5D',$,(#15245));
#15243=IFCOWNERHISTORY(#3,#4,.READWRITE.,.ADDED.,1774189821,#3,#4,1774189821);
#15244=IFCRELDEFINESBYPROPERTIES('1skvG91CLBJx4x3gmrlw3o',#15243,$,$,(#15218),#15242);
#15245=IFCPROPERTYSINGLEVALUE('Total_RS',$,IFCREAL(3078.),$);
#15246=IFCOWNERHISTORY(#3,#4,.READWRITE.,.MODIFIED.,1774189821,#3,#4,1774189821);
#15247=IFCBUILDINGELEMENTPROXY('2YIUaas3bEGBzRF7jFBH38',#15246,'PV_45',$,$,#15261,#15256,$,$);
#15253=IFCCIRCLEPROFILEDEF(.AREA.,$,#30,0.3);
#15254=IFCEXTRUDEDAREASOLID(#15253,#34,#32,1.445);
#15255=IFCSHAPEREPRESENTATION(#16,'Body','SweptSolid',(#15254));
#15256=IFCPRODUCTDEFINITIONSHAPE($,$,(#15255));
#15257=IFCCARTESIANPOINT((293.181335267145,324.957409486175,-0.345));
#15258=IFCDIRECTION((0.,0.,1.));
#15259=IFCDIRECTION((1.,0.,0.));
#15260=IFCAXIS2PLACEMENT3D(#15257,#15258,#15259);
#15261=IFCLOCALPLACEMENT($,#15260);
#15262=IFCOWNERHISTORY(#3,#4,.READWRITE.,.ADDED.,1774189821,#3,#4,1774189821);
#15263=IFCPROPERTYSET('05_CCalkbBZR_IwvFYpaTl',#15262,'PV',$,(#15266,#15267,#15268,#15269));
#15264=IFCOWNERHISTORY(#3,#4,.READWRITE.,.ADDED.,1774189821,#3,#4,1774189821);
#15265=IFCRELDEFINESBYPROPERTIES('1QulcqhRLCh8yf4H11twBp',#15264,$,$,(#15247),#15263);
#15266=IFCPROPERTYSINGLEVALUE('Tipo',$,IFCLABEL('PV'),$);
#15267=IFCPROPERTYSINGLEVALUE('CT',$,IFCREAL(1.1),$);
#15268=IFCPROPERTYSINGLEVALUE('CF',$,IFCREAL(-0.345),$);
#15269=IFCPROPERTYSINGLEVALUE('Prof',$,IFCREAL(1.45),$);
#15270=IFCOWNERHISTORY(#3,#4,.READWRITE.,.ADDED.,1774189821,#3,#4,1774189821);
#15271=IFCPROPERTYSET('3ZB5YS3YX8dhMAnytgRBZl',#15270,'Custo5D',$,(#15274));
#15272=IFCOWNERHISTORY(#3,#4,.READWRITE.,.ADDED.,1774189821,#3,#4,1774189821);
#15273=IFCRELDEFINESBYPROPERTIES('1AlAYwfbv8uOK1k6WS3ha$',#15272,$,$,(#15247),#15271);
#15274=IFCPROPERTYSINGLEVALUE('Total_RS',$,IFCREAL(3078.),$);
#15275=IFCOWNERHISTORY(#3,#4,.READWRITE.,.MODIFIED.,1774189821,#3,#4,1774189821);
#15276=IFCBUILDINGELEMENTPROXY('2eOG1f4hf8fPrZRlUE5GyU',#15275,'PV_43',$,$,#15290,#15285,$,$);
#15282=IFCCIRCLEPROFILEDEF(.AREA.,$,#30,0.3);
#15283=IFCEXTRUDEDAREASOLID(#15282,#34,#32,1.);
#15284=IFCSHAPEREPRESENTATION(#16,'Body','SweptSolid',(#15283));
#15285=IFCPRODUCTDEFINITIONSHAPE($,$,(#15284));
#15286=IFCCARTESIANPOINT((328.784202954208,377.203266828321,-0.075));
#15287=IFCDIRECTION((0.,0.,1.));
#15288=IFCDIRECTION((1.,0.,0.));
#15289=IFCAXIS2PLACEMENT3D(#15286,#15287,#15288);
#15290=IFCLOCALPLACEMENT($,#15289);
#15291=IFCOWNERHISTORY(#3,#4,.READWRITE.,.ADDED.,1774189821,#3,#4,1774189821);
#15292=IFCPROPERTYSET('3PQfb683zB6ez6soSgBw_v',#15291,'PV',$,(#15295,#15296,#15297,#15298));
#15293=IFCOWNERHISTORY(#3,#4,.READWRITE.,.ADDED.,1774189821,#3,#4,1774189821);
#15294=IFCRELDEFINESBYPROPERTIES('28wco2jgz7LApA8skxX6l4',#15293,$,$,(#15276),#15292);
#15295=IFCPROPERTYSINGLEVALUE('Tipo',$,IFCLABEL('PV'),$);
#15296=IFCPROPERTYSINGLEVALUE('CT',$,IFCREAL(0.925),$);
#15297=IFCPROPERTYSINGLEVALUE('CF',$,IFCREAL(-0.075),$);
#15298=IFCPROPERTYSINGLEVALUE('Prof',$,IFCREAL(1.),$);
#15299=IFCOWNERHISTORY(#3,#4,.READWRITE.,.ADDED.,1774189821,#3,#4,1774189821);
#15300=IFCPROPERTYSET('17BTEwo6jDfgKnlxbqEHTI',#15299,'Custo5D',$,(#15303));
#15301=IFCOWNERHISTORY(#3,#4,.READWRITE.,.ADDED.,1774189821,#3,#4,1774189821);
#15302=IFCRELDEFINESBYPROPERTIES('1xWe970a5Faxo3H$yjRTX9',#15301,$,$,(#15276),#15300);
#15303=IFCPROPERTYSINGLEVALUE('Total_RS',$,IFCREAL(3078.),$);
#15304=IFCOWNERHISTORY(#3,#4,.READWRITE.,.MODIFIED.,1774189821,#3,#4,1774189821);
#15305=IFCBUILDINGELEMENTPROXY('1$WVh6MDD4zu_ogPYmhGr3',#15304,'PV_44',$,$,#15319,#15314,$,$);
#15311=IFCCIRCLEPROFILEDEF(.AREA.,$,#30,0.3);
#15312=IFCEXTRUDEDAREASOLID(#15311,#34,#32,1.154);
#15313=IFCSHAPEREPRESENTATION(#16,'Body','SweptSolid',(#15312));
#15314=IFCPRODUCTDEFINITIONSHAPE($,$,(#15313));
#15315=IFCCARTESIANPOINT((310.290854722552,351.627335555851,-0.186));
#15316=IFCDIRECTION((0.,0.,1.));
#15317=IFCDIRECTION((1.,0.,0.));
#15318=IFCAXIS2PLACEMENT3D(#15315,#15316,#15317);
#15319=IFCLOCALPLACEMENT($,#15318);
#15320=IFCOWNERHISTORY(#3,#4,.READWRITE.,.ADDED.,1774189821,#3,#4,1774189821);
#15321=IFCPROPERTYSET('1Zd6SCYuT0VQGoumWfQ0rB',#15320,'PV',$,(#15324,#15325,#15326,#15327));
#15322=IFCOWNERHISTORY(#3,#4,.READWRITE.,.ADDED.,1774189821,#3,#4,1774189821);
#15323=IFCRELDEFINESBYPROPERTIES('1CBivcPgL0Eg$7baY8_vCt',#15322,$,$,(#15305),#15321);
#15324=IFCPROPERTYSINGLEVALUE('Tipo',$,IFCLABEL('PV'),$);
#15325=IFCPROPERTYSINGLEVALUE('CT',$,IFCREAL(0.968),$);
#15326=IFCPROPERTYSINGLEVALUE('CF',$,IFCREAL(-0.186),$);
#15327=IFCPROPERTYSINGLEVALUE('Prof',$,IFCREAL(1.15),$);
#15328=IFCOWNERHISTORY(#3,#4,.READWRITE.,.ADDED.,1774189821,#3,#4,1774189821);
#15329=IFCPROPERTYSET('0$T5ZutarAb8Lyr$DGkuA5',#15328,'Custo5D',$,(#15332));
#15330=IFCOWNERHISTORY(#3,#4,.READWRITE.,.ADDED.,1774189821,#3,#4,1774189821);
#15331=IFCRELDEFINESBYPROPERTIES('0oTvHaH9937OZzQaH8QRHQ',#15330,$,$,(#15305),#15329);
#15332=IFCPROPERTYSINGLEVALUE('Total_RS',$,IFCREAL(3078.),$);
#15333=IFCOWNERHISTORY(#3,#4,.READWRITE.,.MODIFIED.,1774189821,#3,#4,1774189821);
#15334=IFCBUILDINGELEMENTPROXY('15QZQ45D96WgcZ5MQLKVzt',#15333,'PV_40',$,$,#15348,#15343,$,$);
#15340=IFCCIRCLEPROFILEDEF(.AREA.,$,#30,0.3);
#15341=IFCEXTRUDEDAREASOLID(#15340,#34,#32,1.8);
#15342=IFCSHAPEREPRESENTATION(#16,'Body','SweptSolid',(#15341));
#15343=IFCPRODUCTDEFINITIONSHAPE($,$,(#15342));
#15344=IFCCARTESIANPOINT((355.946563040139,483.612245476805,0.771));
#15345=IFCDIRECTION((0.,0.,1.));
#15346=IFCDIRECTION((1.,0.,0.));
#15347=IFCAXIS2PLACEMENT3D(#15344,#15345,#15346);
#15348=IFCLOCALPLACEMENT($,#15347);
#15349=IFCOWNERHISTORY(#3,#4,.READWRITE.,.ADDED.,1774189821,#3,#4,1774189821);
#15350=IFCPROPERTYSET('35aYEFKGX7G9eiyZN0$qdT',#15349,'PV',$,(#15353,#15354,#15355,#15356));
#15351=IFCOWNERHISTORY(#3,#4,.READWRITE.,.ADDED.,1774189821,#3,#4,1774189821);
#15352=IFCRELDEFINESBYPROPERTIES('3ZZPkJ4En6VfsQosSCuw1H',#15351,$,$,(#15334),#15350);
#15353=IFCPROPERTYSINGLEVALUE('Tipo',$,IFCLABEL('PV'),$);
#15354=IFCPROPERTYSINGLEVALUE('CT',$,IFCREAL(2.571),$);
#15355=IFCPROPERTYSINGLEVALUE('CF',$,IFCREAL(0.771),$);
#15356=IFCPROPERTYSINGLEVALUE('Prof',$,IFCREAL(1.8),$);
#15357=IFCOWNERHISTORY(#3,#4,.READWRITE.,.ADDED.,1774189821,#3,#4,1774189821);
#15358=IFCPROPERTYSET('2RlrvvlRj7qxr6lyzxCWcf',#15357,'Custo5D',$,(#15361));
#15359=IFCOWNERHISTORY(#3,#4,.READWRITE.,.ADDED.,1774189821,#3,#4,1774189821);
#15360=IFCRELDEFINESBYPROPERTIES('0i9iLDEi5BVOtWeuVf4Ir2',#15359,$,$,(#15334),#15358);
#15361=IFCPROPERTYSINGLEVALUE('Total_RS',$,IFCREAL(3078.),$);
#15362=IFCOWNERHISTORY(#3,#4,.READWRITE.,.MODIFIED.,1774189821,#3,#4,1774189821);
#15363=IFCBUILDINGELEMENTPROXY('1WN7odFun3s9IGFjVeB9uN',#15362,'PV_41',$,$,#15377,#15372,$,$);
#15369=IFCCIRCLEPROFILEDEF(.AREA.,$,#30,0.3);
#15370=IFCEXTRUDEDAREASOLID(#15369,#34,#32,1.);
#15371=IFCSHAPEREPRESENTATION(#16,'Body','SweptSolid',(#15370));
#15372=IFCPRODUCTDEFINITIONSHAPE($,$,(#15371));
#15373=IFCCARTESIANPOINT((373.586307375517,444.019510908984,0.432));
#15374=IFCDIRECTION((0.,0.,1.));
#15375=IFCDIRECTION((1.,0.,0.));
#15376=IFCAXIS2PLACEMENT3D(#15373,#15374,#15375);
#15377=IFCLOCALPLACEMENT($,#15376);
#15378=IFCOWNERHISTORY(#3,#4,.READWRITE.,.ADDED.,1774189821,#3,#4,1774189821);
#15379=IFCPROPERTYSET('3vfI7mDwvCx98lG305LXU5',#15378,'PV',$,(#15382,#15383,#15384,#15385));
#15380=IFCOWNERHISTORY(#3,#4,.READWRITE.,.ADDED.,1774189821,#3,#4,1774189821);
#15381=IFCRELDEFINESBYPROPERTIES('3CXrjHQvvB_eycWXsJC36$',#15380,$,$,(#15363),#15379);
#15382=IFCPROPERTYSINGLEVALUE('Tipo',$,IFCLABEL('PV'),$);
#15383=IFCPROPERTYSINGLEVALUE('CT',$,IFCREAL(1.432),$);
#15384=IFCPROPERTYSINGLEVALUE('CF',$,IFCREAL(0.432),$);
#15385=IFCPROPERTYSINGLEVALUE('Prof',$,IFCREAL(1.),$);
#15386=IFCOWNERHISTORY(#3,#4,.READWRITE.,.ADDED.,1774189821,#3,#4,1774189821);
#15387=IFCPROPERTYSET('2RLl14rHvB1QUQh694oDQn',#15386,'Custo5D',$,(#15390));
#15388=IFCOWNERHISTORY(#3,#4,.READWRITE.,.ADDED.,1774189821,#3,#4,1774189821);
#15389=IFCRELDEFINESBYPROPERTIES('2ybuxgATP15hkRb9u4rYWl',#15388,$,$,(#15363),#15387);
#15390=IFCPROPERTYSINGLEVALUE('Total_RS',$,IFCREAL(3078.),$);
#15391=IFCOWNERHISTORY(#3,#4,.READWRITE.,.MODIFIED.,1774189821,#3,#4,1774189821);
#15392=IFCBUILDINGELEMENTPROXY('2cKHp6oh99SwcLeDUIvnpa',#15391,'N_001',$,$,#15406,#15401,$,$);
#15398=IFCCIRCLEPROFILEDEF(.AREA.,$,#30,0.2);
#15399=IFCEXTRUDEDAREASOLID(#15398,#34,#32,1.5);
#15400=IFCSHAPEREPRESENTATION(#16,'Body','SweptSolid',(#15399));
#15401=IFCPRODUCTDEFINITIONSHAPE($,$,(#15400));
#15402=IFCCARTESIANPOINT((460.573224585794,514.595748437569,-1.5));
#15403=IFCDIRECTION((0.,0.,1.));
#15404=IFCDIRECTION((1.,0.,0.));
#15405=IFCAXIS2PLACEMENT3D(#15402,#15403,#15404);
#15406=IFCLOCALPLACEMENT($,#15405);
#15407=IFCOWNERHISTORY(#3,#4,.READWRITE.,.ADDED.,1774189821,#3,#4,1774189821);
#15408=IFCPROPERTYSET('3TZAONv6j0mxjZsM6b_TRp',#15407,'PV',$,(#15411,#15412,#15413,#15414));
#15409=IFCOWNERHISTORY(#3,#4,.READWRITE.,.ADDED.,1774189821,#3,#4,1774189821);
#15410=IFCRELDEFINESBYPROPERTIES('1GApXgoTb8Ge5_m2DaFxH_',#15409,$,$,(#15392),#15408);
#15411=IFCPROPERTYSINGLEVALUE('Tipo',$,IFCLABEL('PI'),$);
#15412=IFCPROPERTYSINGLEVALUE('CT',$,IFCREAL(0.),$);
#15413=IFCPROPERTYSINGLEVALUE('CF',$,IFCREAL(-1.5),$);
#15414=IFCPROPERTYSINGLEVALUE('Prof',$,IFCREAL(1.5),$);
#15415=IFCOWNERHISTORY(#3,#4,.READWRITE.,.ADDED.,1774189821,#3,#4,1774189821);
#15416=IFCPROPERTYSET('30HxDu5PP36RtLH6kjwBPh',#15415,'Custo5D',$,(#15419));
#15417=IFCOWNERHISTORY(#3,#4,.READWRITE.,.ADDED.,1774189821,#3,#4,1774189821);
#15418=IFCRELDEFINESBYPROPERTIES('1QZwFxkinF88wBgQINxgi_',#15417,$,$,(#15392),#15416);
#15419=IFCPROPERTYSINGLEVALUE('Total_RS',$,IFCREAL(1250.),$);
#15420=IFCOWNERHISTORY(#3,#4,.READWRITE.,.MODIFIED.,1774189821,#3,#4,1774189821);
#15421=IFCBUILDINGELEMENTPROXY('3toB5$B_HBIfCrZ$qfUarh',#15420,'N_002',$,$,#15435,#15430,$,$);
#15427=IFCCIRCLEPROFILEDEF(.AREA.,$,#30,0.2);
#15428=IFCEXTRUDEDAREASOLID(#15427,#34,#32,1.5);
#15429=IFCSHAPEREPRESENTATION(#16,'Body','SweptSolid',(#15428));
#15430=IFCPRODUCTDEFINITIONSHAPE($,$,(#15429));
#15431=IFCCARTESIANPOINT((432.239009410492,480.925075593404,-1.5));
#15432=IFCDIRECTION((0.,0.,1.));
#15433=IFCDIRECTION((1.,0.,0.));
#15434=IFCAXIS2PLACEMENT3D(#15431,#15432,#15433);
#15435=IFCLOCALPLACEMENT($,#15434);
#15436=IFCOWNERHISTORY(#3,#4,.READWRITE.,.ADDED.,1774189821,#3,#4,1774189821);
#15437=IFCPROPERTYSET('1TIiD3P6XB4vnJSP3P0tvx',#15436,'PV',$,(#15440,#15441,#15442,#15443));
#15438=IFCOWNERHISTORY(#3,#4,.READWRITE.,.ADDED.,1774189821,#3,#4,1774189821);
#15439=IFCRELDEFINESBYPROPERTIES('3GBjXTwJLF0uFd5SgfSpvw',#15438,$,$,(#15421),#15437);
#15440=IFCPROPERTYSINGLEVALUE('Tipo',$,IFCLABEL('PI'),$);
#15441=IFCPROPERTYSINGLEVALUE('CT',$,IFCREAL(0.),$);
#15442=IFCPROPERTYSINGLEVALUE('CF',$,IFCREAL(-1.5),$);
#15443=IFCPROPERTYSINGLEVALUE('Prof',$,IFCREAL(1.5),$);
#15444=IFCOWNERHISTORY(#3,#4,.READWRITE.,.ADDED.,1774189821,#3,#4,1774189821);
#15445=IFCPROPERTYSET('3eHlAwXxv1VwOr6MnCH7Cl',#15444,'Custo5D',$,(#15448));
#15446=IFCOWNERHISTORY(#3,#4,.READWRITE.,.ADDED.,1774189821,#3,#4,1774189821);
#15447=IFCRELDEFINESBYPROPERTIES('1XdDCaowv6Uxd5wnL9Cn2J',#15446,$,$,(#15421),#15445);
#15448=IFCPROPERTYSINGLEVALUE('Total_RS',$,IFCREAL(1250.),$);
#15449=IFCOWNERHISTORY(#3,#4,.READWRITE.,.MODIFIED.,1774189821,#3,#4,1774189821);
#15450=IFCBUILDINGELEMENTPROXY('0S1atb65nDOfLDJ5DpwmNJ',#15449,'N_003',$,$,#15464,#15459,$,$);
#15456=IFCCIRCLEPROFILEDEF(.AREA.,$,#30,0.2);
#15457=IFCEXTRUDEDAREASOLID(#15456,#34,#32,1.5);
#15458=IFCSHAPEREPRESENTATION(#16,'Body','SweptSolid',(#15457));
#15459=IFCPRODUCTDEFINITIONSHAPE($,$,(#15458));
#15460=IFCCARTESIANPOINT((527.435459487839,402.647848389111,-1.5));
#15461=IFCDIRECTION((0.,0.,1.));
#15462=IFCDIRECTION((1.,0.,0.));
#15463=IFCAXIS2PLACEMENT3D(#15460,#15461,#15462);
#15464=IFCLOCALPLACEMENT($,#15463);
#15465=IFCOWNERHISTORY(#3,#4,.READWRITE.,.ADDED.,1774189821,#3,#4,1774189821);
#15466=IFCPROPERTYSET('3kV5rMTh59mBJ4xHTFKYsj',#15465,'PV',$,(#15469,#15470,#15471,#15472));
#15467=IFCOWNERHISTORY(#3,#4,.READWRITE.,.ADDED.,1774189821,#3,#4,1774189821);
#15468=IFCRELDEFINESBYPROPERTIES('0qOIoBKzj07eRAu1PmzQ6J',#15467,$,$,(#15450),#15466);
#15469=IFCPROPERTYSINGLEVALUE('Tipo',$,IFCLABEL('PI'),$);
#15470=IFCPROPERTYSINGLEVALUE('CT',$,IFCREAL(0.),$);
#15471=IFCPROPERTYSINGLEVALUE('CF',$,IFCREAL(-1.5),$);
#15472=IFCPROPERTYSINGLEVALUE('Prof',$,IFCREAL(1.5),$);
#15473=IFCOWNERHISTORY(#3,#4,.READWRITE.,.ADDED.,1774189821,#3,#4,1774189821);
#15474=IFCPROPERTYSET('2Klg0z4r5D3A7kegniG$Rz',#15473,'Custo5D',$,(#15477));
#15475=IFCOWNERHISTORY(#3,#4,.READWRITE.,.ADDED.,1774189821,#3,#4,1774189821);
#15476=IFCRELDEFINESBYPROPERTIES('3f0O6uGYXBIwq6CRPv_tdr',#15475,$,$,(#15450),#15474);
#15477=IFCPROPERTYSINGLEVALUE('Total_RS',$,IFCREAL(1250.),$);
#15478=IFCOWNERHISTORY(#3,#4,.READWRITE.,.MODIFIED.,1774189821,#3,#4,1774189821);
#15479=IFCBUILDINGELEMENTPROXY('3Uv_pd_$P8RgJWfsOoZyk_',#15478,'N_004',$,$,#15493,#15488,$,$);
#15485=IFCCIRCLEPROFILEDEF(.AREA.,$,#30,0.2);
#15486=IFCEXTRUDEDAREASOLID(#15485,#34,#32,1.5);
#15487=IFCSHAPEREPRESENTATION(#16,'Body','SweptSolid',(#15486));
#15488=IFCPRODUCTDEFINITIONSHAPE($,$,(#15487));
#15489=IFCCARTESIANPOINT((588.827030196378,550.808228419162,-1.5));
#15490=IFCDIRECTION((0.,0.,1.));
#15491=IFCDIRECTION((1.,0.,0.));
#15492=IFCAXIS2PLACEMENT3D(#15489,#15490,#15491);
#15493=IFCLOCALPLACEMENT($,#15492);
#15494=IFCOWNERHISTORY(#3,#4,.READWRITE.,.ADDED.,1774189821,#3,#4,1774189821);
#15495=IFCPROPERTYSET('15T8PmHJP1ugQ6up$qSkk$',#15494,'PV',$,(#15498,#15499,#15500,#15501));
#15496=IFCOWNERHISTORY(#3,#4,.READWRITE.,.ADDED.,1774189821,#3,#4,1774189821);
#15497=IFCRELDEFINESBYPROPERTIES('1R1JLO5br0fenmFEyjAIyX',#15496,$,$,(#15479),#15495);
#15498=IFCPROPERTYSINGLEVALUE('Tipo',$,IFCLABEL('PI'),$);
#15499=IFCPROPERTYSINGLEVALUE('CT',$,IFCREAL(0.),$);
#15500=IFCPROPERTYSINGLEVALUE('CF',$,IFCREAL(-1.5),$);
#15501=IFCPROPERTYSINGLEVALUE('Prof',$,IFCREAL(1.5),$);
#15502=IFCOWNERHISTORY(#3,#4,.READWRITE.,.ADDED.,1774189821,#3,#4,1774189821);
#15503=IFCPROPERTYSET('11bVuoR11EcQONodgsplY_',#15502,'Custo5D',$,(#15506));
#15504=IFCOWNERHISTORY(#3,#4,.READWRITE.,.ADDED.,1774189821,#3,#4,1774189821);
#15505=IFCRELDEFINESBYPROPERTIES('3aVS5gflHCHOHdmic9clyv',#15504,$,$,(#15479),#15503);
#15506=IFCPROPERTYSINGLEVALUE('Total_RS',$,IFCREAL(1250.),$);
#15507=IFCOWNERHISTORY(#3,#4,.READWRITE.,.MODIFIED.,1774189821,#3,#4,1774189821);
#15508=IFCBUILDINGELEMENTPROXY('1ZDRTQYKzFeuMd7safpqi6',#15507,'N_005',$,$,#15522,#15517,$,$);
#15514=IFCCIRCLEPROFILEDEF(.AREA.,$,#30,0.2);
#15515=IFCEXTRUDEDAREASOLID(#15514,#34,#32,1.5);
#15516=IFCSHAPEREPRESENTATION(#16,'Body','SweptSolid',(#15515));
#15517=IFCPRODUCTDEFINITIONSHAPE($,$,(#15516));
#15518=IFCCARTESIANPOINT((581.642958968238,475.402569819242,-1.5));
#15519=IFCDIRECTION((0.,0.,1.));
#15520=IFCDIRECTION((1.,0.,0.));
#15521=IFCAXIS2PLACEMENT3D(#15518,#15519,#15520);
#15522=IFCLOCALPLACEMENT($,#15521);
#15523=IFCOWNERHISTORY(#3,#4,.READWRITE.,.ADDED.,1774189821,#3,#4,1774189821);
#15524=IFCPROPERTYSET('2SBmk092v1RfTp0Az0fW00',#15523,'PV',$,(#15527,#15528,#15529,#15530));
#15525=IFCOWNERHISTORY(#3,#4,.READWRITE.,.ADDED.,1774189821,#3,#4,1774189821);
#15526=IFCRELDEFINESBYPROPERTIES('05TfZHyBT8ehDnS8lzPHEY',#15525,$,$,(#15508),#15524);
#15527=IFCPROPERTYSINGLEVALUE('Tipo',$,IFCLABEL('PI'),$);
#15528=IFCPROPERTYSINGLEVALUE('CT',$,IFCREAL(0.),$);
#15529=IFCPROPERTYSINGLEVALUE('CF',$,IFCREAL(-1.5),$);
#15530=IFCPROPERTYSINGLEVALUE('Prof',$,IFCREAL(1.5),$);
#15531=IFCOWNERHISTORY(#3,#4,.READWRITE.,.ADDED.,1774189821,#3,#4,1774189821);
#15532=IFCPROPERTYSET('1P7yXhTOnEsR4GAsUQy0Il',#15531,'Custo5D',$,(#15535));
#15533=IFCOWNERHISTORY(#3,#4,.READWRITE.,.ADDED.,1774189821,#3,#4,1774189821);
#15534=IFCRELDEFINESBYPROPERTIES('2rK$5kXQTEBw4lMbCCfoHF',#15533,$,$,(#15508),#15532);
#15535=IFCPROPERTYSINGLEVALUE('Total_RS',$,IFCREAL(1250.),$);
#15536=IFCOWNERHISTORY(#3,#4,.READWRITE.,.MODIFIED.,1774189821,#3,#4,1774189821);
#15537=IFCBUILDINGELEMENTPROXY('2m$LnOR4HFAv9Y92Y9pPhX',#15536,'N_006',$,$,#15551,#15546,$,$);
#15543=IFCCIRCLEPROFILEDEF(.AREA.,$,#30,0.2);
#15544=IFCEXTRUDEDAREASOLID(#15543,#34,#32,1.5);
#15545=IFCSHAPEREPRESENTATION(#16,'Body','SweptSolid',(#15544));
#15546=IFCPRODUCTDEFINITIONSHAPE($,$,(#15545));
#15547=IFCCARTESIANPOINT((516.613923801808,475.854132256471,-1.5));
#15548=IFCDIRECTION((0.,0.,1.));
#15549=IFCDIRECTION((1.,0.,0.));
#15550=IFCAXIS2PLACEMENT3D(#15547,#15548,#15549);
#15551=IFCLOCALPLACEMENT($,#15550);
#15552=IFCOWNERHISTORY(#3,#4,.READWRITE.,.ADDED.,1774189821,#3,#4,1774189821);
#15553=IFCPROPERTYSET('3o2whEDgnCBOSGU7GF7qAq',#15552,'PV',$,(#15556,#15557,#15558,#15559));
#15554=IFCOWNERHISTORY(#3,#4,.READWRITE.,.ADDED.,1774189821,#3,#4,1774189821);
#15555=IFCRELDEFINESBYPROPERTIES('3BuV6fSu57A8UucRUNRWJ4',#15554,$,$,(#15537),#15553);
#15556=IFCPROPERTYSINGLEVALUE('Tipo',$,IFCLABEL('PI'),$);
#15557=IFCPROPERTYSINGLEVALUE('CT',$,IFCREAL(0.),$);
#15558=IFCPROPERTYSINGLEVALUE('CF',$,IFCREAL(-1.5),$);
#15559=IFCPROPERTYSINGLEVALUE('Prof',$,IFCREAL(1.5),$);
#15560=IFCOWNERHISTORY(#3,#4,.READWRITE.,.ADDED.,1774189821,#3,#4,1774189821);
#15561=IFCPROPERTYSET('2jt2ig7852oQlyTihgMgUg',#15560,'Custo5D',$,(#15564));
#15562=IFCOWNERHISTORY(#3,#4,.READWRITE.,.ADDED.,1774189821,#3,#4,1774189821);
#15563=IFCRELDEFINESBYPROPERTIES('2kH01MN9rBoxfvhb$_q9C0',#15562,$,$,(#15537),#15561);
#15564=IFCPROPERTYSINGLEVALUE('Total_RS',$,IFCREAL(1250.),$);
#15565=IFCOWNERHISTORY(#3,#4,.READWRITE.,.MODIFIED.,1774189821,#3,#4,1774189821);
#15566=IFCBUILDINGELEMENTPROXY('0FInCXS2v3YQsi8fWxFCJ4',#15565,'N_007',$,$,#15580,#15575,$,$);
#15572=IFCCIRCLEPROFILEDEF(.AREA.,$,#30,0.2);
#15573=IFCEXTRUDEDAREASOLID(#15572,#34,#32,1.5);
#15574=IFCSHAPEREPRESENTATION(#16,'Body','SweptSolid',(#15573));
#15575=IFCPRODUCTDEFINITIONSHAPE($,$,(#15574));
#15576=IFCCARTESIANPOINT((521.643361201626,472.857682910748,-1.5));
#15577=IFCDIRECTION((0.,0.,1.));
#15578=IFCDIRECTION((1.,0.,0.));
#15579=IFCAXIS2PLACEMENT3D(#15576,#15577,#15578);
#15580=IFCLOCALPLACEMENT($,#15579);
#15581=IFCOWNERHISTORY(#3,#4,.READWRITE.,.ADDED.,1774189821,#3,#4,1774189821);
#15582=IFCPROPERTYSET('2i91tnuKrDCAxQw$e9hfRu',#15581,'PV',$,(#15585,#15586,#15587,#15588));
#15583=IFCOWNERHISTORY(#3,#4,.READWRITE.,.ADDED.,1774189821,#3,#4,1774189821);
#15584=IFCRELDEFINESBYPROPERTIES('0I5FZF8DL19e89bRS2UhYE',#15583,$,$,(#15566),#15582);
#15585=IFCPROPERTYSINGLEVALUE('Tipo',$,IFCLABEL('PI'),$);
#15586=IFCPROPERTYSINGLEVALUE('CT',$,IFCREAL(0.),$);
#15587=IFCPROPERTYSINGLEVALUE('CF',$,IFCREAL(-1.5),$);
#15588=IFCPROPERTYSINGLEVALUE('Prof',$,IFCREAL(1.5),$);
#15589=IFCOWNERHISTORY(#3,#4,.READWRITE.,.ADDED.,1774189821,#3,#4,1774189821);
#15590=IFCPROPERTYSET('2gd$emXOP9hQOyH___Z1Ez',#15589,'Custo5D',$,(#15593));
#15591=IFCOWNERHISTORY(#3,#4,.READWRITE.,.ADDED.,1774189821,#3,#4,1774189821);
#15592=IFCRELDEFINESBYPROPERTIES('07_4z1uwP7I9UI1TMkS9YG',#15591,$,$,(#15566),#15590);
#15593=IFCPROPERTYSINGLEVALUE('Total_RS',$,IFCREAL(1250.),$);
#15594=IFCOWNERHISTORY(#3,#4,.READWRITE.,.MODIFIED.,1774189821,#3,#4,1774189821);
#15595=IFCBUILDINGELEMENTPROXY('1AyT$w7gf1GQnZb8hbHgNV',#15594,'N_008',$,$,#15609,#15604,$,$);
#15601=IFCCIRCLEPROFILEDEF(.AREA.,$,#30,0.2);
#15602=IFCEXTRUDEDAREASOLID(#15601,#34,#32,1.5);
#15603=IFCSHAPEREPRESENTATION(#16,'Body','SweptSolid',(#15602));
#15604=IFCPRODUCTDEFINITIONSHAPE($,$,(#15603));
#15605=IFCCARTESIANPOINT((586.499065137934,438.397753357887,-1.5));
#15606=IFCDIRECTION((0.,0.,1.));
#15607=IFCDIRECTION((1.,0.,0.));
#15608=IFCAXIS2PLACEMENT3D(#15605,#15606,#15607);
#15609=IFCLOCALPLACEMENT($,#15608);
#15610=IFCOWNERHISTORY(#3,#4,.READWRITE.,.ADDED.,1774189821,#3,#4,1774189821);
#15611=IFCPROPERTYSET('3mWP2RrPP16AZi1tIdP7s8',#15610,'PV',$,(#15614,#15615,#15616,#15617));
#15612=IFCOWNERHISTORY(#3,#4,.READWRITE.,.ADDED.,1774189821,#3,#4,1774189821);
#15613=IFCRELDEFINESBYPROPERTIES('2VaCUVFD1Cx9xVra3nNTs8',#15612,$,$,(#15595),#15611);
#15614=IFCPROPERTYSINGLEVALUE('Tipo',$,IFCLABEL('PI'),$);
#15615=IFCPROPERTYSINGLEVALUE('CT',$,IFCREAL(0.),$);
#15616=IFCPROPERTYSINGLEVALUE('CF',$,IFCREAL(-1.5),$);
#15617=IFCPROPERTYSINGLEVALUE('Prof',$,IFCREAL(1.5),$);
#15618=IFCOWNERHISTORY(#3,#4,.READWRITE.,.ADDED.,1774189821,#3,#4,1774189821);
#15619=IFCPROPERTYSET('3dTxUGwyf54wwT8hrtmorX',#15618,'Custo5D',$,(#15622));
#15620=IFCOWNERHISTORY(#3,#4,.READWRITE.,.ADDED.,1774189821,#3,#4,1774189821);
#15621=IFCRELDEFINESBYPROPERTIES('1Gz0GayPrFhQKIfS1vTTm7',#15620,$,$,(#15595),#15619);
#15622=IFCPROPERTYSINGLEVALUE('Total_RS',$,IFCREAL(1250.),$);
#15623=IFCOWNERHISTORY(#3,#4,.READWRITE.,.MODIFIED.,1774189821,#3,#4,1774189821);
#15624=IFCBUILDINGELEMENTPROXY('1Yy3CIsgj0re5PRBuuu7sJ',#15623,'N_009',$,$,#15638,#15633,$,$);
#15630=IFCCIRCLEPROFILEDEF(.AREA.,$,#30,0.2);
#15631=IFCEXTRUDEDAREASOLID(#15630,#34,#32,1.5);
#15632=IFCSHAPEREPRESENTATION(#16,'Body','SweptSolid',(#15631));
#15633=IFCPRODUCTDEFINITIONSHAPE($,$,(#15632));
#15634=IFCCARTESIANPOINT((566.571463679022,443.588243109174,-1.5));
#15635=IFCDIRECTION((0.,0.,1.));
#15636=IFCDIRECTION((1.,0.,0.));
#15637=IFCAXIS2PLACEMENT3D(#15634,#15635,#15636);
#15638=IFCLOCALPLACEMENT($,#15637);
#15639=IFCOWNERHISTORY(#3,#4,.READWRITE.,.ADDED.,1774189821,#3,#4,1774189821);
#15640=IFCPROPERTYSET('0qSIGv2YbAkx8qQ8V$CfHG',#15639,'PV',$,(#15643,#15644,#15645,#15646));
#15641=IFCOWNERHISTORY(#3,#4,.READWRITE.,.ADDED.,1774189821,#3,#4,1774189821);
#15642=IFCRELDEFINESBYPROPERTIES('1M7RWs7DXFSRoHR3n6jVog',#15641,$,$,(#15624),#15640);
#15643=IFCPROPERTYSINGLEVALUE('Tipo',$,IFCLABEL('PI'),$);
#15644=IFCPROPERTYSINGLEVALUE('CT',$,IFCREAL(0.),$);
#15645=IFCPROPERTYSINGLEVALUE('CF',$,IFCREAL(-1.5),$);
#15646=IFCPROPERTYSINGLEVALUE('Prof',$,IFCREAL(1.5),$);
#15647=IFCOWNERHISTORY(#3,#4,.READWRITE.,.ADDED.,1774189821,#3,#4,1774189821);
#15648=IFCPROPERTYSET('0G43sWObL1yffft9dk47Bt',#15647,'Custo5D',$,(#15651));
#15649=IFCOWNERHISTORY(#3,#4,.READWRITE.,.ADDED.,1774189821,#3,#4,1774189821);
#15650=IFCRELDEFINESBYPROPERTIES('37GCQhnIr4Efx49a077u6J',#15649,$,$,(#15624),#15648);
#15651=IFCPROPERTYSINGLEVALUE('Total_RS',$,IFCREAL(1250.),$);
#15652=IFCOWNERHISTORY(#3,#4,.READWRITE.,.MODIFIED.,1774189821,#3,#4,1774189821);
#15653=IFCBUILDINGELEMENTPROXY('3gYk0m6lnAmeaIQ9LkmHoe',#15652,'N_010',$,$,#15667,#15662,$,$);
#15659=IFCCIRCLEPROFILEDEF(.AREA.,$,#30,0.2);
#15660=IFCEXTRUDEDAREASOLID(#15659,#34,#32,1.5);
#15661=IFCSHAPEREPRESENTATION(#16,'Body','SweptSolid',(#15660));
#15662=IFCPRODUCTDEFINITIONSHAPE($,$,(#15661));
#15663=IFCCARTESIANPOINT((742.509771493264,603.010722063482,-1.5));
#15664=IFCDIRECTION((0.,0.,1.));
#15665=IFCDIRECTION((1.,0.,0.));
#15666=IFCAXIS2PLACEMENT3D(#15663,#15664,#15665);
#15667=IFCLOCALPLACEMENT($,#15666);
#15668=IFCOWNERHISTORY(#3,#4,.READWRITE.,.ADDED.,1774189821,#3,#4,1774189821);
#15669=IFCPROPERTYSET('1pUn9YzHb50QnQX6ZGcTu2',#15668,'PV',$,(#15672,#15673,#15674,#15675));
#15670=IFCOWNERHISTORY(#3,#4,.READWRITE.,.ADDED.,1774189821,#3,#4,1774189821);
#15671=IFCRELDEFINESBYPROPERTIES('1ao0mfx5H55xUJ4aCR8Q6A',#15670,$,$,(#15653),#15669);
#15672=IFCPROPERTYSINGLEVALUE('Tipo',$,IFCLABEL('PI'),$);
#15673=IFCPROPERTYSINGLEVALUE('CT',$,IFCREAL(0.),$);
#15674=IFCPROPERTYSINGLEVALUE('CF',$,IFCREAL(-1.5),$);
#15675=IFCPROPERTYSINGLEVALUE('Prof',$,IFCREAL(1.5),$);
#15676=IFCOWNERHISTORY(#3,#4,.READWRITE.,.ADDED.,1774189821,#3,#4,1774189821);
#15677=IFCPROPERTYSET('0bYpIM8ajFgAp3AaK79TOC',#15676,'Custo5D',$,(#15680));
#15678=IFCOWNERHISTORY(#3,#4,.READWRITE.,.ADDED.,1774189821,#3,#4,1774189821);
#15679=IFCRELDEFINESBYPROPERTIES('1ZcbJR1ljCLgeJU7FLNYkN',#15678,$,$,(#15653),#15677);
#15680=IFCPROPERTYSINGLEVALUE('Total_RS',$,IFCREAL(1250.),$);
#15681=IFCOWNERHISTORY(#3,#4,.READWRITE.,.MODIFIED.,1774189821,#3,#4,1774189821);
#15682=IFCBUILDINGELEMENTPROXY('0erf7ZXH5AtB_XJRiONHKQ',#15681,'N_011',$,$,#15696,#15691,$,$);
#15688=IFCCIRCLEPROFILEDEF(.AREA.,$,#30,0.2);
#15689=IFCEXTRUDEDAREASOLID(#15688,#34,#32,1.5);
#15690=IFCSHAPEREPRESENTATION(#16,'Body','SweptSolid',(#15689));
#15691=IFCPRODUCTDEFINITIONSHAPE($,$,(#15690));
#15692=IFCCARTESIANPOINT((616.898032511002,511.484930974431,-1.5));
#15693=IFCDIRECTION((0.,0.,1.));
#15694=IFCDIRECTION((1.,0.,0.));
#15695=IFCAXIS2PLACEMENT3D(#15692,#15693,#15694);
#15696=IFCLOCALPLACEMENT($,#15695);
#15697=IFCOWNERHISTORY(#3,#4,.READWRITE.,.ADDED.,1774189821,#3,#4,1774189821);
#15698=IFCPROPERTYSET('2$apsOiUjABxCtyLE8Q7yD',#15697,'PV',$,(#15701,#15702,#15703,#15704));
#15699=IFCOWNERHISTORY(#3,#4,.READWRITE.,.ADDED.,1774189821,#3,#4,1774189821);
#15700=IFCRELDEFINESBYPROPERTIES('39dFVyfpn1mPepglg5AvRB',#15699,$,$,(#15682),#15698);
#15701=IFCPROPERTYSINGLEVALUE('Tipo',$,IFCLABEL('PI'),$);
#15702=IFCPROPERTYSINGLEVALUE('CT',$,IFCREAL(0.),$);
#15703=IFCPROPERTYSINGLEVALUE('CF',$,IFCREAL(-1.5),$);
#15704=IFCPROPERTYSINGLEVALUE('Prof',$,IFCREAL(1.5),$);
#15705=IFCOWNERHISTORY(#3,#4,.READWRITE.,.ADDED.,1774189821,#3,#4,1774189821);
#15706=IFCPROPERTYSET('1EGk2786H72eoaQdZ4h1PD',#15705,'Custo5D',$,(#15709));
#15707=IFCOWNERHISTORY(#3,#4,.READWRITE.,.ADDED.,1774189821,#3,#4,1774189821);
#15708=IFCRELDEFINESBYPROPERTIES('1lj5F0gKHFofyVa9iFfY6B',#15707,$,$,(#15682),#15706);
#15709=IFCPROPERTYSINGLEVALUE('Total_RS',$,IFCREAL(1250.),$);
#15710=IFCOWNERHISTORY(#3,#4,.READWRITE.,.MODIFIED.,1774189821,#3,#4,1774189821);
#15711=IFCBUILDINGELEMENTPROXY('3SDCVfpWD8RwM7DWRsp8Wj',#15710,'N_012',$,$,#15725,#15720,$,$);
#15717=IFCCIRCLEPROFILEDEF(.AREA.,$,#30,0.2);
#15718=IFCEXTRUDEDAREASOLID(#15717,#34,#32,1.5);
#15719=IFCSHAPEREPRESENTATION(#16,'Body','SweptSolid',(#15718));
#15720=IFCPRODUCTDEFINITIONSHAPE($,$,(#15719));
#15721=IFCCARTESIANPOINT((614.208725953242,495.891678041779,-1.5));
#15722=IFCDIRECTION((0.,0.,1.));
#15723=IFCDIRECTION((1.,0.,0.));
#15724=IFCAXIS2PLACEMENT3D(#15721,#15722,#15723);
#15725=IFCLOCALPLACEMENT($,#15724);
#15726=IFCOWNERHISTORY(#3,#4,.READWRITE.,.ADDED.,1774189821,#3,#4,1774189821);
#15727=IFCPROPERTYSET('0JiC3Ex39F_9uRN4Jtqw49',#15726,'PV',$,(#15730,#15731,#15732,#15733));
#15728=IFCOWNERHISTORY(#3,#4,.READWRITE.,.ADDED.,1774189821,#3,#4,1774189821);
#15729=IFCRELDEFINESBYPROPERTIES('2v27spIAnEPe1B1ViSXWot',#15728,$,$,(#15711),#15727);
#15730=IFCPROPERTYSINGLEVALUE('Tipo',$,IFCLABEL('PI'),$);
#15731=IFCPROPERTYSINGLEVALUE('CT',$,IFCREAL(0.),$);
#15732=IFCPROPERTYSINGLEVALUE('CF',$,IFCREAL(-1.5),$);
#15733=IFCPROPERTYSINGLEVALUE('Prof',$,IFCREAL(1.5),$);
#15734=IFCOWNERHISTORY(#3,#4,.READWRITE.,.ADDED.,1774189821,#3,#4,1774189821);
#15735=IFCPROPERTYSET('1le$RIlkbDK9tHBqkqAv5v',#15734,'Custo5D',$,(#15738));
#15736=IFCOWNERHISTORY(#3,#4,.READWRITE.,.ADDED.,1774189821,#3,#4,1774189821);
#15737=IFCRELDEFINESBYPROPERTIES('1b1h80RE1Dw8bfBhw5uGXK',#15736,$,$,(#15711),#15735);
#15738=IFCPROPERTYSINGLEVALUE('Total_RS',$,IFCREAL(1250.),$);
#15739=IFCOWNERHISTORY(#3,#4,.READWRITE.,.MODIFIED.,1774189821,#3,#4,1774189821);
#15740=IFCBUILDINGELEMENTPROXY('2x7T6OGn5EuvYlK1zsY2me',#15739,'N_013',$,$,#15754,#15749,$,$);
#15746=IFCCIRCLEPROFILEDEF(.AREA.,$,#30,0.2);
#15747=IFCEXTRUDEDAREASOLID(#15746,#34,#32,1.5);
#15748=IFCSHAPEREPRESENTATION(#16,'Body','SweptSolid',(#15747));
#15749=IFCPRODUCTDEFINITIONSHAPE($,$,(#15748));
#15750=IFCCARTESIANPOINT((613.875818971195,504.473790576681,-1.5));
#15751=IFCDIRECTION((0.,0.,1.));
#15752=IFCDIRECTION((1.,0.,0.));
#15753=IFCAXIS2PLACEMENT3D(#15750,#15751,#15752);
#15754=IFCLOCALPLACEMENT($,#15753);
#15755=IFCOWNERHISTORY(#3,#4,.READWRITE.,.ADDED.,1774189821,#3,#4,1774189821);
#15756=IFCPROPERTYSET('0qjcixv5f91OIQVFg_pEeS',#15755,'PV',$,(#15759,#15760,#15761,#15762));
#15757=IFCOWNERHISTORY(#3,#4,.READWRITE.,.ADDED.,1774189821,#3,#4,1774189821);
#15758=IFCRELDEFINESBYPROPERTIES('0YKWv4gI19pvVZzHZAq45c',#15757,$,$,(#15740),#15756);
#15759=IFCPROPERTYSINGLEVALUE('Tipo',$,IFCLABEL('PI'),$);
#15760=IFCPROPERTYSINGLEVALUE('CT',$,IFCREAL(0.),$);
#15761=IFCPROPERTYSINGLEVALUE('CF',$,IFCREAL(-1.5),$);
#15762=IFCPROPERTYSINGLEVALUE('Prof',$,IFCREAL(1.5),$);
#15763=IFCOWNERHISTORY(#3,#4,.READWRITE.,.ADDED.,1774189821,#3,#4,1774189821);
#15764=IFCPROPERTYSET('2z$NX2c81BxvW0n8I7pRZ$',#15763,'Custo5D',$,(#15767));
#15765=IFCOWNERHISTORY(#3,#4,.READWRITE.,.ADDED.,1774189821,#3,#4,1774189821);
#15766=IFCRELDEFINESBYPROPERTIES('3XhZkPXlL6sRKED2H6w972',#15765,$,$,(#15740),#15764);
#15767=IFCPROPERTYSINGLEVALUE('Total_RS',$,IFCREAL(1250.),$);
#15768=IFCOWNERHISTORY(#3,#4,.READWRITE.,.MODIFIED.,1774189821,#3,#4,1774189821);
#15769=IFCBUILDINGELEMENTPROXY('3YCPlgZOPAnOHaIIACPEjk',#15768,'N_014',$,$,#15783,#15778,$,$);
#15775=IFCCIRCLEPROFILEDEF(.AREA.,$,#30,0.2);
#15776=IFCEXTRUDEDAREASOLID(#15775,#34,#32,1.5);
#15777=IFCSHAPEREPRESENTATION(#16,'Body','SweptSolid',(#15776));
#15778=IFCPRODUCTDEFINITIONSHAPE($,$,(#15777));
#15779=IFCCARTESIANPOINT((617.113236329576,500.719379640184,-1.5));
#15780=IFCDIRECTION((0.,0.,1.));
#15781=IFCDIRECTION((1.,0.,0.));
#15782=IFCAXIS2PLACEMENT3D(#15779,#15780,#15781);
#15783=IFCLOCALPLACEMENT($,#15782);
#15784=IFCOWNERHISTORY(#3,#4,.READWRITE.,.ADDED.,1774189821,#3,#4,1774189821);
#15785=IFCPROPERTYSET('1nrgldoYXB5R$U6MKq2ngd',#15784,'PV',$,(#15788,#15789,#15790,#15791));
#15786=IFCOWNERHISTORY(#3,#4,.READWRITE.,.ADDED.,1774189821,#3,#4,1774189821);
#15787=IFCRELDEFINESBYPROPERTIES('18veR$8tf3BhVOOoRq3GFT',#15786,$,$,(#15769),#15785);
#15788=IFCPROPERTYSINGLEVALUE('Tipo',$,IFCLABEL('PI'),$);
#15789=IFCPROPERTYSINGLEVALUE('CT',$,IFCREAL(0.),$);
#15790=IFCPROPERTYSINGLEVALUE('CF',$,IFCREAL(-1.5),$);
#15791=IFCPROPERTYSINGLEVALUE('Prof',$,IFCREAL(1.5),$);
#15792=IFCOWNERHISTORY(#3,#4,.READWRITE.,.ADDED.,1774189821,#3,#4,1774189821);
#15793=IFCPROPERTYSET('3DtoJ48WL0aeQu_8mps4Tw',#15792,'Custo5D',$,(#15796));
#15794=IFCOWNERHISTORY(#3,#4,.READWRITE.,.ADDED.,1774189821,#3,#4,1774189821);
#15795=IFCRELDEFINESBYPROPERTIES('3k2xtTjHjDrBoAmN1hkCD5',#15794,$,$,(#15769),#15793);
#15796=IFCPROPERTYSINGLEVALUE('Total_RS',$,IFCREAL(1250.),$);
#15797=IFCOWNERHISTORY(#3,#4,.READWRITE.,.MODIFIED.,1774189821,#3,#4,1774189821);
#15798=IFCBUILDINGELEMENTPROXY('0JZJTTz$L63AB9ejeLDBqM',#15797,'N_015',$,$,#15812,#15807,$,$);
#15804=IFCCIRCLEPROFILEDEF(.AREA.,$,#30,0.2);
#15805=IFCEXTRUDEDAREASOLID(#15804,#34,#32,1.5);
#15806=IFCSHAPEREPRESENTATION(#16,'Body','SweptSolid',(#15805));
#15807=IFCPRODUCTDEFINITIONSHAPE($,$,(#15806));
#15808=IFCCARTESIANPOINT((636.677626796416,498.408378207125,-1.5));
#15809=IFCDIRECTION((0.,0.,1.));
#15810=IFCDIRECTION((1.,0.,0.));
#15811=IFCAXIS2PLACEMENT3D(#15808,#15809,#15810);
#15812=IFCLOCALPLACEMENT($,#15811);
#15813=IFCOWNERHISTORY(#3,#4,.READWRITE.,.ADDED.,1774189821,#3,#4,1774189821);
#15814=IFCPROPERTYSET('1sbbyLxEbCcfJx4$scOan6',#15813,'PV',$,(#15817,#15818,#15819,#15820));
#15815=IFCOWNERHISTORY(#3,#4,.READWRITE.,.ADDED.,1774189821,#3,#4,1774189821);
#15816=IFCRELDEFINESBYPROPERTIES('2Rra61VEH0$OjTliiB2Tuj',#15815,$,$,(#15798),#15814);
#15817=IFCPROPERTYSINGLEVALUE('Tipo',$,IFCLABEL('PI'),$);
#15818=IFCPROPERTYSINGLEVALUE('CT',$,IFCREAL(0.),$);
#15819=IFCPROPERTYSINGLEVALUE('CF',$,IFCREAL(-1.5),$);
#15820=IFCPROPERTYSINGLEVALUE('Prof',$,IFCREAL(1.5),$);
#15821=IFCOWNERHISTORY(#3,#4,.READWRITE.,.ADDED.,1774189821,#3,#4,1774189821);
#15822=IFCPROPERTYSET('31qtmcuT5ADAQPYBxpc8CE',#15821,'Custo5D',$,(#15825));
#15823=IFCOWNERHISTORY(#3,#4,.READWRITE.,.ADDED.,1774189821,#3,#4,1774189821);
#15824=IFCRELDEFINESBYPROPERTIES('3TpbAArX99Qw5HEoYLdQrm',#15823,$,$,(#15798),#15822);
#15825=IFCPROPERTYSINGLEVALUE('Total_RS',$,IFCREAL(1250.),$);
#15826=IFCOWNERHISTORY(#3,#4,.READWRITE.,.MODIFIED.,1774189821,#3,#4,1774189821);
#15827=IFCBUILDINGELEMENTPROXY('3KAe2iF7D878N22Wqn6Qkr',#15826,'N_016',$,$,#15841,#15836,$,$);
#15833=IFCCIRCLEPROFILEDEF(.AREA.,$,#30,0.2);
#15834=IFCEXTRUDEDAREASOLID(#15833,#34,#32,1.5);
#15835=IFCSHAPEREPRESENTATION(#16,'Body','SweptSolid',(#15834));
#15836=IFCPRODUCTDEFINITIONSHAPE($,$,(#15835));
#15837=IFCCARTESIANPOINT((647.769241289701,494.445543993264,-1.5));
#15838=IFCDIRECTION((0.,0.,1.));
#15839=IFCDIRECTION((1.,0.,0.));
#15840=IFCAXIS2PLACEMENT3D(#15837,#15838,#15839);
#15841=IFCLOCALPLACEMENT($,#15840);
#15842=IFCOWNERHISTORY(#3,#4,.READWRITE.,.ADDED.,1774189821,#3,#4,1774189821);
#15843=IFCPROPERTYSET('1hJrp4dXr1hA$uL2nhvSh7',#15842,'PV',$,(#15846,#15847,#15848,#15849));
#15844=IFCOWNERHISTORY(#3,#4,.READWRITE.,.ADDED.,1774189821,#3,#4,1774189821);
#15845=IFCRELDEFINESBYPROPERTIES('0e1KXKZQ93iw5T28m2Af_n',#15844,$,$,(#15827),#15843);
#15846=IFCPROPERTYSINGLEVALUE('Tipo',$,IFCLABEL('PI'),$);
#15847=IFCPROPERTYSINGLEVALUE('CT',$,IFCREAL(0.),$);
#15848=IFCPROPERTYSINGLEVALUE('CF',$,IFCREAL(-1.5),$);
#15849=IFCPROPERTYSINGLEVALUE('Prof',$,IFCREAL(1.5),$);
#15850=IFCOWNERHISTORY(#3,#4,.READWRITE.,.ADDED.,1774189821,#3,#4,1774189821);
#15851=IFCPROPERTYSET('3$uKQXJljCKgg$__VRje3i',#15850,'Custo5D',$,(#15854));
#15852=IFCOWNERHISTORY(#3,#4,.READWRITE.,.ADDED.,1774189821,#3,#4,1774189821);
#15853=IFCRELDEFINESBYPROPERTIES('32fxu$0Kv5aR1EIx$rySCO',#15852,$,$,(#15827),#15851);
#15854=IFCPROPERTYSINGLEVALUE('Total_RS',$,IFCREAL(1250.),$);
#15855=IFCOWNERHISTORY(#3,#4,.READWRITE.,.MODIFIED.,1774189821,#3,#4,1774189821);
#15856=IFCBUILDINGELEMENTPROXY('2nskU3WiPCTuAlmoPrc6Df',#15855,'N_017',$,$,#15870,#15865,$,$);
#15862=IFCCIRCLEPROFILEDEF(.AREA.,$,#30,0.2);
#15863=IFCEXTRUDEDAREASOLID(#15862,#34,#32,1.5);
#15864=IFCSHAPEREPRESENTATION(#16,'Body','SweptSolid',(#15863));
#15865=IFCPRODUCTDEFINITIONSHAPE($,$,(#15864));
#15866=IFCCARTESIANPOINT((664.78127631906,510.089617579244,-1.5));
#15867=IFCDIRECTION((0.,0.,1.));
#15868=IFCDIRECTION((1.,0.,0.));
#15869=IFCAXIS2PLACEMENT3D(#15866,#15867,#15868);
#15870=IFCLOCALPLACEMENT($,#15869);
#15871=IFCOWNERHISTORY(#3,#4,.READWRITE.,.ADDED.,1774189821,#3,#4,1774189821);
#15872=IFCPROPERTYSET('1ppPkO7Kn6TOn7TDP9jI57',#15871,'PV',$,(#15875,#15876,#15877,#15878));
#15873=IFCOWNERHISTORY(#3,#4,.READWRITE.,.ADDED.,1774189821,#3,#4,1774189821);
#15874=IFCRELDEFINESBYPROPERTIES('1utzS255PEAxas1vHrVLKC',#15873,$,$,(#15856),#15872);
#15875=IFCPROPERTYSINGLEVALUE('Tipo',$,IFCLABEL('PI'),$);
#15876=IFCPROPERTYSINGLEVALUE('CT',$,IFCREAL(0.),$);
#15877=IFCPROPERTYSINGLEVALUE('CF',$,IFCREAL(-1.5),$);
#15878=IFCPROPERTYSINGLEVALUE('Prof',$,IFCREAL(1.5),$);
#15879=IFCOWNERHISTORY(#3,#4,.READWRITE.,.ADDED.,1774189821,#3,#4,1774189821);
#15880=IFCPROPERTYSET('2ffQrx5O50rRmkYvo5X8DQ',#15879,'Custo5D',$,(#15883));
#15881=IFCOWNERHISTORY(#3,#4,.READWRITE.,.ADDED.,1774189821,#3,#4,1774189821);
#15882=IFCRELDEFINESBYPROPERTIES('20klaFyaTF4f2MAivTKOn6',#15881,$,$,(#15856),#15880);
#15883=IFCPROPERTYSINGLEVALUE('Total_RS',$,IFCREAL(1250.),$);
#15884=IFCOWNERHISTORY(#3,#4,.READWRITE.,.MODIFIED.,1774189821,#3,#4,1774189821);
#15885=IFCBUILDINGELEMENTPROXY('3qSrrMpbT04fi9zRDRJGK$',#15884,'N_018',$,$,#15899,#15894,$,$);
#15891=IFCCIRCLEPROFILEDEF(.AREA.,$,#30,0.2);
#15892=IFCEXTRUDEDAREASOLID(#15891,#34,#32,1.5);
#15893=IFCSHAPEREPRESENTATION(#16,'Body','SweptSolid',(#15892));
#15894=IFCPRODUCTDEFINITIONSHAPE($,$,(#15893));
#15895=IFCCARTESIANPOINT((656.409351808601,505.543227532879,-1.5));
#15896=IFCDIRECTION((0.,0.,1.));
#15897=IFCDIRECTION((1.,0.,0.));
#15898=IFCAXIS2PLACEMENT3D(#15895,#15896,#15897);
#15899=IFCLOCALPLACEMENT($,#15898);
#15900=IFCOWNERHISTORY(#3,#4,.READWRITE.,.ADDED.,1774189821,#3,#4,1774189821);
#15901=IFCPROPERTYSET('1oUjLPFy56lg53aBYKBXcf',#15900,'PV',$,(#15904,#15905,#15906,#15907));
#15902=IFCOWNERHISTORY(#3,#4,.READWRITE.,.ADDED.,1774189821,#3,#4,1774189821);
#15903=IFCRELDEFINESBYPROPERTIES('1PzWvVvPT0BBNjqfTuSNvJ',#15902,$,$,(#15885),#15901);
#15904=IFCPROPERTYSINGLEVALUE('Tipo',$,IFCLABEL('PI'),$);
#15905=IFCPROPERTYSINGLEVALUE('CT',$,IFCREAL(0.),$);
#15906=IFCPROPERTYSINGLEVALUE('CF',$,IFCREAL(-1.5),$);
#15907=IFCPROPERTYSINGLEVALUE('Prof',$,IFCREAL(1.5),$);
#15908=IFCOWNERHISTORY(#3,#4,.READWRITE.,.ADDED.,1774189821,#3,#4,1774189821);
#15909=IFCPROPERTYSET('3UPaFYLb56Dx$dmQN0pqTx',#15908,'Custo5D',$,(#15912));
#15910=IFCOWNERHISTORY(#3,#4,.READWRITE.,.ADDED.,1774189821,#3,#4,1774189821);
#15911=IFCRELDEFINESBYPROPERTIES('1dlFrr1059QeUt_SQbgOsY',#15910,$,$,(#15885),#15909);
#15912=IFCPROPERTYSINGLEVALUE('Total_RS',$,IFCREAL(1250.),$);
#15913=IFCOWNERHISTORY(#3,#4,.READWRITE.,.MODIFIED.,1774189821,#3,#4,1774189821);
#15914=IFCBUILDINGELEMENTPROXY('2BpcRTu$103AjUKca7pUCL',#15913,'N_019',$,$,#15928,#15923,$,$);
#15920=IFCCIRCLEPROFILEDEF(.AREA.,$,#30,0.2);
#15921=IFCEXTRUDEDAREASOLID(#15920,#34,#32,1.5);
#15922=IFCSHAPEREPRESENTATION(#16,'Body','SweptSolid',(#15921));
#15923=IFCPRODUCTDEFINITIONSHAPE($,$,(#15922));
#15924=IFCCARTESIANPOINT((658.474903393304,509.112332849763,-1.5));
#15925=IFCDIRECTION((0.,0.,1.));
#15926=IFCDIRECTION((1.,0.,0.));
#15927=IFCAXIS2PLACEMENT3D(#15924,#15925,#15926);
#15928=IFCLOCALPLACEMENT($,#15927);
#15929=IFCOWNERHISTORY(#3,#4,.READWRITE.,.ADDED.,1774189821,#3,#4,1774189821);
#15930=IFCPROPERTYSET('29HRP0IsvErPSfR8e8gytm',#15929,'PV',$,(#15933,#15934,#15935,#15936));
#15931=IFCOWNERHISTORY(#3,#4,.READWRITE.,.ADDED.,1774189821,#3,#4,1774189821);
#15932=IFCRELDEFINESBYPROPERTIES('1T5Nl5dwrFFQBp_KsoYkdw',#15931,$,$,(#15914),#15930);
#15933=IFCPROPERTYSINGLEVALUE('Tipo',$,IFCLABEL('PI'),$);
#15934=IFCPROPERTYSINGLEVALUE('CT',$,IFCREAL(0.),$);
#15935=IFCPROPERTYSINGLEVALUE('CF',$,IFCREAL(-1.5),$);
#15936=IFCPROPERTYSINGLEVALUE('Prof',$,IFCREAL(1.5),$);
#15937=IFCOWNERHISTORY(#3,#4,.READWRITE.,.ADDED.,1774189821,#3,#4,1774189821);
#15938=IFCPROPERTYSET('1jOYt65uHAtA1KlCVTIWZN',#15937,'Custo5D',$,(#15941));
#15939=IFCOWNERHISTORY(#3,#4,.READWRITE.,.ADDED.,1774189821,#3,#4,1774189821);
#15940=IFCRELDEFINESBYPROPERTIES('3Kqtg3ZsrCnPSH8P$KASRj',#15939,$,$,(#15914),#15938);
#15941=IFCPROPERTYSINGLEVALUE('Total_RS',$,IFCREAL(1250.),$);
#15942=IFCOWNERHISTORY(#3,#4,.READWRITE.,.MODIFIED.,1774189821,#3,#4,1774189821);
#15943=IFCBUILDINGELEMENTPROXY('0rX9AsgorAEPkVGLx0Otwx',#15942,'N_020',$,$,#15957,#15952,$,$);
#15949=IFCCIRCLEPROFILEDEF(.AREA.,$,#30,0.2);
#15950=IFCEXTRUDEDAREASOLID(#15949,#34,#32,1.5);
#15951=IFCSHAPEREPRESENTATION(#16,'Body','SweptSolid',(#15950));
#15952=IFCPRODUCTDEFINITIONSHAPE($,$,(#15951));
#15953=IFCCARTESIANPOINT((641.083463502873,536.330153847113,-1.5));
#15954=IFCDIRECTION((0.,0.,1.));
#15955=IFCDIRECTION((1.,0.,0.));
#15956=IFCAXIS2PLACEMENT3D(#15953,#15954,#15955);
#15957=IFCLOCALPLACEMENT($,#15956);
#15958=IFCOWNERHISTORY(#3,#4,.READWRITE.,.ADDED.,1774189821,#3,#4,1774189821);
#15959=IFCPROPERTYSET('21SH3w0JT86wWYs8z$jU1I',#15958,'PV',$,(#15962,#15963,#15964,#15965));
#15960=IFCOWNERHISTORY(#3,#4,.READWRITE.,.ADDED.,1774189821,#3,#4,1774189821);
#15961=IFCRELDEFINESBYPROPERTIES('1trXVPiND01e_eGqMMOifc',#15960,$,$,(#15943),#15959);
#15962=IFCPROPERTYSINGLEVALUE('Tipo',$,IFCLABEL('PI'),$);
#15963=IFCPROPERTYSINGLEVALUE('CT',$,IFCREAL(0.),$);
#15964=IFCPROPERTYSINGLEVALUE('CF',$,IFCREAL(-1.5),$);
#15965=IFCPROPERTYSINGLEVALUE('Prof',$,IFCREAL(1.5),$);
#15966=IFCOWNERHISTORY(#3,#4,.READWRITE.,.ADDED.,1774189821,#3,#4,1774189821);
#15967=IFCPROPERTYSET('1FepWcIfb65OntzaWZxoyg',#15966,'Custo5D',$,(#15970));
#15968=IFCOWNERHISTORY(#3,#4,.READWRITE.,.ADDED.,1774189821,#3,#4,1774189821);
#15969=IFCRELDEFINESBYPROPERTIES('0dC7gse1rESfked1KB3ZSH',#15968,$,$,(#15943),#15967);
#15970=IFCPROPERTYSINGLEVALUE('Total_RS',$,IFCREAL(1250.),$);
#15971=IFCOWNERHISTORY(#3,#4,.READWRITE.,.MODIFIED.,1774189821,#3,#4,1774189821);
#15972=IFCBUILDINGELEMENTPROXY('0TLs3dv394pAhNNYau$$QU',#15971,'N_021',$,$,#15986,#15981,$,$);
#15978=IFCCIRCLEPROFILEDEF(.AREA.,$,#30,0.2);
#15979=IFCEXTRUDEDAREASOLID(#15978,#34,#32,1.5);
#15980=IFCSHAPEREPRESENTATION(#16,'Body','SweptSolid',(#15979));
#15981=IFCPRODUCTDEFINITIONSHAPE($,$,(#15980));
#15982=IFCCARTESIANPOINT((760.228154475859,642.582733862102,-1.5));
#15983=IFCDIRECTION((0.,0.,1.));
#15984=IFCDIRECTION((1.,0.,0.));
#15985=IFCAXIS2PLACEMENT3D(#15982,#15983,#15984);
#15986=IFCLOCALPLACEMENT($,#15985);
#15987=IFCOWNERHISTORY(#3,#4,.READWRITE.,.ADDED.,1774189821,#3,#4,1774189821);
#15988=IFCPROPERTYSET('2bbMYyy894eRji1jUKNaXZ',#15987,'PV',$,(#15991,#15992,#15993,#15994));
#15989=IFCOWNERHISTORY(#3,#4,.READWRITE.,.ADDED.,1774189821,#3,#4,1774189821);
#15990=IFCRELDEFINESBYPROPERTIES('1L3hl5zgvBlhiYSyw0AKqk',#15989,$,$,(#15972),#15988);
#15991=IFCPROPERTYSINGLEVALUE('Tipo',$,IFCLABEL('PI'),$);
#15992=IFCPROPERTYSINGLEVALUE('CT',$,IFCREAL(0.),$);
#15993=IFCPROPERTYSINGLEVALUE('CF',$,IFCREAL(-1.5),$);
#15994=IFCPROPERTYSINGLEVALUE('Prof',$,IFCREAL(1.5),$);
#15995=IFCOWNERHISTORY(#3,#4,.READWRITE.,.ADDED.,1774189821,#3,#4,1774189821);
#15996=IFCPROPERTYSET('0_oMCEGT148OGZQQRzzWEE',#15995,'Custo5D',$,(#15999));
#15997=IFCOWNERHISTORY(#3,#4,.READWRITE.,.ADDED.,1774189821,#3,#4,1774189821);
#15998=IFCRELDEFINESBYPROPERTIES('0chmIRC2XDOAiXmlG7D8Df',#15997,$,$,(#15972),#15996);
#15999=IFCPROPERTYSINGLEVALUE('Total_RS',$,IFCREAL(1250.),$);
#16000=IFCOWNERHISTORY(#3,#4,.READWRITE.,.MODIFIED.,1774189821,#3,#4,1774189821);
#16001=IFCBUILDINGELEMENTPROXY('0Criii3gD8zuUV9Y5zV4NV',#16000,'N_022',$,$,#16015,#16010,$,$);
#16007=IFCCIRCLEPROFILEDEF(.AREA.,$,#30,0.2);
#16008=IFCEXTRUDEDAREASOLID(#16007,#34,#32,1.5);
#16009=IFCSHAPEREPRESENTATION(#16,'Body','SweptSolid',(#16008));
#16010=IFCPRODUCTDEFINITIONSHAPE($,$,(#16009));
#16011=IFCCARTESIANPOINT((899.390258634172,519.541159212589,-1.5));
#16012=IFCDIRECTION((0.,0.,1.));
#16013=IFCDIRECTION((1.,0.,0.));
#16014=IFCAXIS2PLACEMENT3D(#16011,#16012,#16013);
#16015=IFCLOCALPLACEMENT($,#16014);
#16016=IFCOWNERHISTORY(#3,#4,.READWRITE.,.ADDED.,1774189821,#3,#4,1774189821);
#16017=IFCPROPERTYSET('3YqjhKydn4exbWEZFp3kfb',#16016,'PV',$,(#16020,#16021,#16022,#16023));
#16018=IFCOWNERHISTORY(#3,#4,.READWRITE.,.ADDED.,1774189821,#3,#4,1774189821);
#16019=IFCRELDEFINESBYPROPERTIES('2cNDGp9YXBwA$Fhb$LVfa4',#16018,$,$,(#16001),#16017);
#16020=IFCPROPERTYSINGLEVALUE('Tipo',$,IFCLABEL('PI'),$);
#16021=IFCPROPERTYSINGLEVALUE('CT',$,IFCREAL(0.),$);
#16022=IFCPROPERTYSINGLEVALUE('CF',$,IFCREAL(-1.5),$);
#16023=IFCPROPERTYSINGLEVALUE('Prof',$,IFCREAL(1.5),$);
#16024=IFCOWNERHISTORY(#3,#4,.READWRITE.,.ADDED.,1774189821,#3,#4,1774189821);
#16025=IFCPROPERTYSET('0xX5H3Fz58fhFq10OZ0NCr',#16024,'Custo5D',$,(#16028));
#16026=IFCOWNERHISTORY(#3,#4,.READWRITE.,.ADDED.,1774189821,#3,#4,1774189821);
#16027=IFCRELDEFINESBYPROPERTIES('14UH$Ak1TBt9S1jJfWPcqG',#16026,$,$,(#16001),#16025);
#16028=IFCPROPERTYSINGLEVALUE('Total_RS',$,IFCREAL(1250.),$);
#16029=IFCOWNERHISTORY(#3,#4,.READWRITE.,.MODIFIED.,1774189821,#3,#4,1774189821);
#16030=IFCBUILDINGELEMENTPROXY('2WlqL8QvzB$8W8KWe_UKXn',#16029,'N_023',$,$,#16044,#16039,$,$);
#16036=IFCCIRCLEPROFILEDEF(.AREA.,$,#30,0.2);
#16037=IFCEXTRUDEDAREASOLID(#16036,#34,#32,1.5);
#16038=IFCSHAPEREPRESENTATION(#16,'Body','SweptSolid',(#16037));
#16039=IFCPRODUCTDEFINITIONSHAPE($,$,(#16038));
#16040=IFCCARTESIANPOINT((847.730616845656,523.286556746811,-1.5));
#16041=IFCDIRECTION((0.,0.,1.));
#16042=IFCDIRECTION((1.,0.,0.));
#16043=IFCAXIS2PLACEMENT3D(#16040,#16041,#16042);
#16044=IFCLOCALPLACEMENT($,#16043);
#16045=IFCOWNERHISTORY(#3,#4,.READWRITE.,.ADDED.,1774189821,#3,#4,1774189821);
#16046=IFCPROPERTYSET('0sxqGRr8PEQ8n7ARjcmBYC',#16045,'PV',$,(#16049,#16050,#16051,#16052));
#16047=IFCOWNERHISTORY(#3,#4,.READWRITE.,.ADDED.,1774189821,#3,#4,1774189821);
#16048=IFCRELDEFINESBYPROPERTIES('1a1a3iYLrDtB4BaMdcGxzO',#16047,$,$,(#16030),#16046);
#16049=IFCPROPERTYSINGLEVALUE('Tipo',$,IFCLABEL('PI'),$);
#16050=IFCPROPERTYSINGLEVALUE('CT',$,IFCREAL(0.),$);
#16051=IFCPROPERTYSINGLEVALUE('CF',$,IFCREAL(-1.5),$);
#16052=IFCPROPERTYSINGLEVALUE('Prof',$,IFCREAL(1.5),$);
#16053=IFCOWNERHISTORY(#3,#4,.READWRITE.,.ADDED.,1774189821,#3,#4,1774189821);
#16054=IFCPROPERTYSET('3tGjnv$NTD9A77xZEqaaRY',#16053,'Custo5D',$,(#16057));
#16055=IFCOWNERHISTORY(#3,#4,.READWRITE.,.ADDED.,1774189821,#3,#4,1774189821);
#16056=IFCRELDEFINESBYPROPERTIES('0FsO4cPLT9ORkrRtimexUz',#16055,$,$,(#16030),#16054);
#16057=IFCPROPERTYSINGLEVALUE('Total_RS',$,IFCREAL(1250.),$);
#16058=IFCOWNERHISTORY(#3,#4,.READWRITE.,.MODIFIED.,1774189821,#3,#4,1774189821);
#16059=IFCBUILDINGELEMENTPROXY('2UpnvBicL2of9ZnluJrrWr',#16058,'N_024',$,$,#16073,#16068,$,$);
#16065=IFCCIRCLEPROFILEDEF(.AREA.,$,#30,0.2);
#16066=IFCEXTRUDEDAREASOLID(#16065,#34,#32,1.5);
#16067=IFCSHAPEREPRESENTATION(#16,'Body','SweptSolid',(#16066));
#16068=IFCPRODUCTDEFINITIONSHAPE($,$,(#16067));
#16069=IFCCARTESIANPOINT((890.767329506692,555.920458683744,-1.5));
#16070=IFCDIRECTION((0.,0.,1.));
#16071=IFCDIRECTION((1.,0.,0.));
#16072=IFCAXIS2PLACEMENT3D(#16069,#16070,#16071);
#16073=IFCLOCALPLACEMENT($,#16072);
#16074=IFCOWNERHISTORY(#3,#4,.READWRITE.,.ADDED.,1774189821,#3,#4,1774189821);
#16075=IFCPROPERTYSET('3UgJm4cjTFJQNtMSDfw$xY',#16074,'PV',$,(#16078,#16079,#16080,#16081));
#16076=IFCOWNERHISTORY(#3,#4,.READWRITE.,.ADDED.,1774189821,#3,#4,1774189821);
#16077=IFCRELDEFINESBYPROPERTIES('03hPaBVDnBcfIf1n$73ulX',#16076,$,$,(#16059),#16075);
#16078=IFCPROPERTYSINGLEVALUE('Tipo',$,IFCLABEL('PI'),$);
#16079=IFCPROPERTYSINGLEVALUE('CT',$,IFCREAL(0.),$);
#16080=IFCPROPERTYSINGLEVALUE('CF',$,IFCREAL(-1.5),$);
#16081=IFCPROPERTYSINGLEVALUE('Prof',$,IFCREAL(1.5),$);
#16082=IFCOWNERHISTORY(#3,#4,.READWRITE.,.ADDED.,1774189821,#3,#4,1774189821);
#16083=IFCPROPERTYSET('1R3fD5dfLBbuPN$W2R1qMS',#16082,'Custo5D',$,(#16086));
#16084=IFCOWNERHISTORY(#3,#4,.READWRITE.,.ADDED.,1774189821,#3,#4,1774189821);
#16085=IFCRELDEFINESBYPROPERTIES('1aRDAGQV93Fg4kI5PSb9up',#16084,$,$,(#16059),#16083);
#16086=IFCPROPERTYSINGLEVALUE('Total_RS',$,IFCREAL(1250.),$);
#16087=IFCOWNERHISTORY(#3,#4,.READWRITE.,.MODIFIED.,1774189821,#3,#4,1774189821);
#16088=IFCBUILDINGELEMENTPROXY('2aGT6H7Wr3fwu52E4vNVNj',#16087,'N_025',$,$,#16102,#16097,$,$);
#16094=IFCCIRCLEPROFILEDEF(.AREA.,$,#30,0.2);
#16095=IFCEXTRUDEDAREASOLID(#16094,#34,#32,1.5);
#16096=IFCSHAPEREPRESENTATION(#16,'Body','SweptSolid',(#16095));
#16097=IFCPRODUCTDEFINITIONSHAPE($,$,(#16096));
#16098=IFCCARTESIANPOINT((932.426938444725,574.656444012187,-1.5));
#16099=IFCDIRECTION((0.,0.,1.));
#16100=IFCDIRECTION((1.,0.,0.));
#16101=IFCAXIS2PLACEMENT3D(#16098,#16099,#16100);
#16102=IFCLOCALPLACEMENT($,#16101);
#16103=IFCOWNERHISTORY(#3,#4,.READWRITE.,.ADDED.,1774189821,#3,#4,1774189821);
#16104=IFCPROPERTYSET('30FuTtjX96Chw1bZyyz0gf',#16103,'PV',$,(#16107,#16108,#16109,#16110));
#16105=IFCOWNERHISTORY(#3,#4,.READWRITE.,.ADDED.,1774189821,#3,#4,1774189821);
#16106=IFCRELDEFINESBYPROPERTIES('2_TTFzEYT1rvG1SiPRyQqZ',#16105,$,$,(#16088),#16104);
#16107=IFCPROPERTYSINGLEVALUE('Tipo',$,IFCLABEL('PI'),$);
#16108=IFCPROPERTYSINGLEVALUE('CT',$,IFCREAL(0.),$);
#16109=IFCPROPERTYSINGLEVALUE('CF',$,IFCREAL(-1.5),$);
#16110=IFCPROPERTYSINGLEVALUE('Prof',$,IFCREAL(1.5),$);
#16111=IFCOWNERHISTORY(#3,#4,.READWRITE.,.ADDED.,1774189821,#3,#4,1774189821);
#16112=IFCPROPERTYSET('1A93dS5tj0mxPAeYXuSYEG',#16111,'Custo5D',$,(#16115));
#16113=IFCOWNERHISTORY(#3,#4,.READWRITE.,.ADDED.,1774189821,#3,#4,1774189821);
#16114=IFCRELDEFINESBYPROPERTIES('0f4f7FGn90pxFGTav3r0xd',#16113,$,$,(#16088),#16112);
#16115=IFCPROPERTYSINGLEVALUE('Total_RS',$,IFCREAL(1250.),$);
#16116=IFCOWNERHISTORY(#3,#4,.READWRITE.,.MODIFIED.,1774189821,#3,#4,1774189821);
#16117=IFCBUILDINGELEMENTPROXY('1Qj2UswhjCNhyBY_OIi6AB',#16116,'N_026',$,$,#16131,#16126,$,$);
#16123=IFCCIRCLEPROFILEDEF(.AREA.,$,#30,0.2);
#16124=IFCEXTRUDEDAREASOLID(#16123,#34,#32,1.5);
#16125=IFCSHAPEREPRESENTATION(#16,'Body','SweptSolid',(#16124));
#16126=IFCPRODUCTDEFINITIONSHAPE($,$,(#16125));
#16127=IFCCARTESIANPOINT((938.462005583046,568.631997087039,-1.5));
#16128=IFCDIRECTION((0.,0.,1.));
#16129=IFCDIRECTION((1.,0.,0.));
#16130=IFCAXIS2PLACEMENT3D(#16127,#16128,#16129);
#16131=IFCLOCALPLACEMENT($,#16130);
#16132=IFCOWNERHISTORY(#3,#4,.READWRITE.,.ADDED.,1774189821,#3,#4,1774189821);
#16133=IFCPROPERTYSET('2XTz$OJxn5ShnpwGriWjW5',#16132,'PV',$,(#16136,#16137,#16138,#16139));
#16134=IFCOWNERHISTORY(#3,#4,.READWRITE.,.ADDED.,1774189821,#3,#4,1774189821);
#16135=IFCRELDEFINESBYPROPERTIES('2NFNq_ntvEXPcz1m1kzkWM',#16134,$,$,(#16117),#16133);
#16136=IFCPROPERTYSINGLEVALUE('Tipo',$,IFCLABEL('PI'),$);
#16137=IFCPROPERTYSINGLEVALUE('CT',$,IFCREAL(0.),$);
#16138=IFCPROPERTYSINGLEVALUE('CF',$,IFCREAL(-1.5),$);
#16139=IFCPROPERTYSINGLEVALUE('Prof',$,IFCREAL(1.5),$);
#16140=IFCOWNERHISTORY(#3,#4,.READWRITE.,.ADDED.,1774189821,#3,#4,1774189821);
#16141=IFCPROPERTYSET('0P0smoZwf5FxK1RTTFOdhh',#16140,'Custo5D',$,(#16144));
#16142=IFCOWNERHISTORY(#3,#4,.READWRITE.,.ADDED.,1774189821,#3,#4,1774189821);
#16143=IFCRELDEFINESBYPROPERTIES('3sYIb3odr4bOjK$EUEXCzd',#16142,$,$,(#16117),#16141);
#16144=IFCPROPERTYSINGLEVALUE('Total_RS',$,IFCREAL(1250.),$);
#16145=IFCOWNERHISTORY(#3,#4,.READWRITE.,.MODIFIED.,1774189821,#3,#4,1774189821);
#16146=IFCBUILDINGELEMENTPROXY('1I7xGHu75Cl8v7v4RzAfXH',#16145,'N_027',$,$,#16160,#16155,$,$);
#16152=IFCCIRCLEPROFILEDEF(.AREA.,$,#30,0.2);
#16153=IFCEXTRUDEDAREASOLID(#16152,#34,#32,1.5);
#16154=IFCSHAPEREPRESENTATION(#16,'Body','SweptSolid',(#16153));
#16155=IFCPRODUCTDEFINITIONSHAPE($,$,(#16154));
#16156=IFCCARTESIANPOINT((937.346386987832,570.61816996336,-1.5));
#16157=IFCDIRECTION((0.,0.,1.));
#16158=IFCDIRECTION((1.,0.,0.));
#16159=IFCAXIS2PLACEMENT3D(#16156,#16157,#16158);
#16160=IFCLOCALPLACEMENT($,#16159);
#16161=IFCOWNERHISTORY(#3,#4,.READWRITE.,.ADDED.,1774189821,#3,#4,1774189821);
#16162=IFCPROPERTYSET('0zwXZkAkrADQumPcffRf3G',#16161,'PV',$,(#16165,#16166,#16167,#16168));
#16163=IFCOWNERHISTORY(#3,#4,.READWRITE.,.ADDED.,1774189821,#3,#4,1774189821);
#16164=IFCRELDEFINESBYPROPERTIES('0EJknPP3H5dOcjXni0J2Ao',#16163,$,$,(#16146),#16162);
#16165=IFCPROPERTYSINGLEVALUE('Tipo',$,IFCLABEL('PI'),$);
#16166=IFCPROPERTYSINGLEVALUE('CT',$,IFCREAL(0.),$);
#16167=IFCPROPERTYSINGLEVALUE('CF',$,IFCREAL(-1.5),$);
#16168=IFCPROPERTYSINGLEVALUE('Prof',$,IFCREAL(1.5),$);
#16169=IFCOWNERHISTORY(#3,#4,.READWRITE.,.ADDED.,1774189821,#3,#4,1774189821);
#16170=IFCPROPERTYSET('1lnAbf_m53jQ6IQb50rlVQ',#16169,'Custo5D',$,(#16173));
#16171=IFCOWNERHISTORY(#3,#4,.READWRITE.,.ADDED.,1774189821,#3,#4,1774189821);
#16172=IFCRELDEFINESBYPROPERTIES('0Gt5m_$nX5FO0Kl7S_H$aA',#16171,$,$,(#16146),#16170);
#16173=IFCPROPERTYSINGLEVALUE('Total_RS',$,IFCREAL(1250.),$);
#16174=IFCOWNERHISTORY(#3,#4,.READWRITE.,.MODIFIED.,1774189821,#3,#4,1774189821);
#16175=IFCBUILDINGELEMENTPROXY('0yU24EiqfDVAQVOrlJVTiz',#16174,'N_028',$,$,#16189,#16184,$,$);
#16181=IFCCIRCLEPROFILEDEF(.AREA.,$,#30,0.2);
#16182=IFCEXTRUDEDAREASOLID(#16181,#34,#32,1.5);
#16183=IFCSHAPEREPRESENTATION(#16,'Body','SweptSolid',(#16182));
#16184=IFCPRODUCTDEFINITIONSHAPE($,$,(#16183));
#16185=IFCCARTESIANPOINT((955.209339654015,531.340200657956,-1.5));
#16186=IFCDIRECTION((0.,0.,1.));
#16187=IFCDIRECTION((1.,0.,0.));
#16188=IFCAXIS2PLACEMENT3D(#16185,#16186,#16187);
#16189=IFCLOCALPLACEMENT($,#16188);
#16190=IFCOWNERHISTORY(#3,#4,.READWRITE.,.ADDED.,1774189821,#3,#4,1774189821);
#16191=IFCPROPERTYSET('1NhO5m6PD0HeKhDBLHYrIV',#16190,'PV',$,(#16194,#16195,#16196,#16197));
#16192=IFCOWNERHISTORY(#3,#4,.READWRITE.,.ADDED.,1774189821,#3,#4,1774189821);
#16193=IFCRELDEFINESBYPROPERTIES('0zqqUqoVf6WxegQROH2SB$',#16192,$,$,(#16175),#16191);
#16194=IFCPROPERTYSINGLEVALUE('Tipo',$,IFCLABEL('PI'),$);
#16195=IFCPROPERTYSINGLEVALUE('CT',$,IFCREAL(0.),$);
#16196=IFCPROPERTYSINGLEVALUE('CF',$,IFCREAL(-1.5),$);
#16197=IFCPROPERTYSINGLEVALUE('Prof',$,IFCREAL(1.5),$);
#16198=IFCOWNERHISTORY(#3,#4,.READWRITE.,.ADDED.,1774189821,#3,#4,1774189821);
#16199=IFCPROPERTYSET('3wdVqhZq1FGeKEcsyqDZWf',#16198,'Custo5D',$,(#16202));
#16200=IFCOWNERHISTORY(#3,#4,.READWRITE.,.ADDED.,1774189821,#3,#4,1774189821);
#16201=IFCRELDEFINESBYPROPERTIES('2nNWMbbQzE3OvLxgRJUjoX',#16200,$,$,(#16175),#16199);
#16202=IFCPROPERTYSINGLEVALUE('Total_RS',$,IFCREAL(1250.),$);
#16203=IFCOWNERHISTORY(#3,#4,.READWRITE.,.MODIFIED.,1774189821,#3,#4,1774189821);
#16204=IFCBUILDINGELEMENTPROXY('2E5MUe0oz1De7HXOHPDlAK',#16203,'N_029',$,$,#16218,#16213,$,$);
#16210=IFCCIRCLEPROFILEDEF(.AREA.,$,#30,0.2);
#16211=IFCEXTRUDEDAREASOLID(#16210,#34,#32,1.5);
#16212=IFCSHAPEREPRESENTATION(#16,'Body','SweptSolid',(#16211));
#16213=IFCPRODUCTDEFINITIONSHAPE($,$,(#16212));
#16214=IFCCARTESIANPOINT((957.071773240925,529.915735099465,-1.5));
#16215=IFCDIRECTION((0.,0.,1.));
#16216=IFCDIRECTION((1.,0.,0.));
#16217=IFCAXIS2PLACEMENT3D(#16214,#16215,#16216);
#16218=IFCLOCALPLACEMENT($,#16217);
#16219=IFCOWNERHISTORY(#3,#4,.READWRITE.,.ADDED.,1774189821,#3,#4,1774189821);
#16220=IFCPROPERTYSET('1XUMZYusj0Muv$y0vhSwy$',#16219,'PV',$,(#16223,#16224,#16225,#16226));
#16221=IFCOWNERHISTORY(#3,#4,.READWRITE.,.ADDED.,1774189821,#3,#4,1774189821);
#16222=IFCRELDEFINESBYPROPERTIES('2NXWQy1Kf9pw_eeoI7Z29d',#16221,$,$,(#16204),#16220);
#16223=IFCPROPERTYSINGLEVALUE('Tipo',$,IFCLABEL('PI'),$);
#16224=IFCPROPERTYSINGLEVALUE('CT',$,IFCREAL(0.),$);
#16225=IFCPROPERTYSINGLEVALUE('CF',$,IFCREAL(-1.5),$);
#16226=IFCPROPERTYSINGLEVALUE('Prof',$,IFCREAL(1.5),$);
#16227=IFCOWNERHISTORY(#3,#4,.READWRITE.,.ADDED.,1774189821,#3,#4,1774189821);
#16228=IFCPROPERTYSET('0QXAVYSD193vdi3MlJDCv2',#16227,'Custo5D',$,(#16231));
#16229=IFCOWNERHISTORY(#3,#4,.READWRITE.,.ADDED.,1774189821,#3,#4,1774189821);
#16230=IFCRELDEFINESBYPROPERTIES('0JB8dXDn1EihsNmyDWbDMs',#16229,$,$,(#16204),#16228);
#16231=IFCPROPERTYSINGLEVALUE('Total_RS',$,IFCREAL(1250.),$);
#16232=IFCOWNERHISTORY(#3,#4,.READWRITE.,.MODIFIED.,1774189821,#3,#4,1774189821);
#16233=IFCBUILDINGELEMENTPROXY('0T4BQi4SLDrOp9nI7jSrBu',#16232,'N_030',$,$,#16247,#16242,$,$);
#16239=IFCCIRCLEPROFILEDEF(.AREA.,$,#30,0.2);
#16240=IFCEXTRUDEDAREASOLID(#16239,#34,#32,1.5);
#16241=IFCSHAPEREPRESENTATION(#16,'Body','SweptSolid',(#16240));
#16242=IFCPRODUCTDEFINITIONSHAPE($,$,(#16241));
#16243=IFCCARTESIANPOINT((951.784061948652,535.726513951086,-1.5));
#16244=IFCDIRECTION((0.,0.,1.));
#16245=IFCDIRECTION((1.,0.,0.));
#16246=IFCAXIS2PLACEMENT3D(#16243,#16244,#16245);
#16247=IFCLOCALPLACEMENT($,#16246);
#16248=IFCOWNERHISTORY(#3,#4,.READWRITE.,.ADDED.,1774189821,#3,#4,1774189821);
#16249=IFCPROPERTYSET('3F4ou$eNP8xhyUf4aZVJkp',#16248,'PV',$,(#16252,#16253,#16254,#16255));
#16250=IFCOWNERHISTORY(#3,#4,.READWRITE.,.ADDED.,1774189821,#3,#4,1774189821);
#16251=IFCRELDEFINESBYPROPERTIES('17fmDgMJP7HOJmtovCxmjh',#16250,$,$,(#16233),#16249);
#16252=IFCPROPERTYSINGLEVALUE('Tipo',$,IFCLABEL('PI'),$);
#16253=IFCPROPERTYSINGLEVALUE('CT',$,IFCREAL(0.),$);
#16254=IFCPROPERTYSINGLEVALUE('CF',$,IFCREAL(-1.5),$);
#16255=IFCPROPERTYSINGLEVALUE('Prof',$,IFCREAL(1.5),$);
#16256=IFCOWNERHISTORY(#3,#4,.READWRITE.,.ADDED.,1774189821,#3,#4,1774189821);
#16257=IFCPROPERTYSET('0ERr_WzJ5FN8GFGF6VXz9u',#16256,'Custo5D',$,(#16260));
#16258=IFCOWNERHISTORY(#3,#4,.READWRITE.,.ADDED.,1774189821,#3,#4,1774189821);
#16259=IFCRELDEFINESBYPROPERTIES('2HTc0oJi92khMknOgCYXA3',#16258,$,$,(#16233),#16257);
#16260=IFCPROPERTYSINGLEVALUE('Total_RS',$,IFCREAL(1250.),$);
#16261=IFCOWNERHISTORY(#3,#4,.READWRITE.,.MODIFIED.,1774189821,#3,#4,1774189821);
#16262=IFCBUILDINGELEMENTPROXY('1CWIhlMZXFN9t8zk70IWxe',#16261,'N_031',$,$,#16276,#16271,$,$);
#16268=IFCCIRCLEPROFILEDEF(.AREA.,$,#30,0.2);
#16269=IFCEXTRUDEDAREASOLID(#16268,#34,#32,1.5);
#16270=IFCSHAPEREPRESENTATION(#16,'Body','SweptSolid',(#16269));
#16271=IFCPRODUCTDEFINITIONSHAPE($,$,(#16270));
#16272=IFCCARTESIANPOINT((953.150244029646,533.767245291732,-1.5));
#16273=IFCDIRECTION((0.,0.,1.));
#16274=IFCDIRECTION((1.,0.,0.));
#16275=IFCAXIS2PLACEMENT3D(#16272,#16273,#16274);
#16276=IFCLOCALPLACEMENT($,#16275);
#16277=IFCOWNERHISTORY(#3,#4,.READWRITE.,.ADDED.,1774189821,#3,#4,1774189821);
#16278=IFCPROPERTYSET('2Is2wUXnXA29zf8aKwJeJC',#16277,'PV',$,(#16281,#16282,#16283,#16284));
#16279=IFCOWNERHISTORY(#3,#4,.READWRITE.,.ADDED.,1774189821,#3,#4,1774189821);
#16280=IFCRELDEFINESBYPROPERTIES('25WzN1jef5lve5Ynd44OK5',#16279,$,$,(#16262),#16278);
#16281=IFCPROPERTYSINGLEVALUE('Tipo',$,IFCLABEL('PI'),$);
#16282=IFCPROPERTYSINGLEVALUE('CT',$,IFCREAL(0.),$);
#16283=IFCPROPERTYSINGLEVALUE('CF',$,IFCREAL(-1.5),$);
#16284=IFCPROPERTYSINGLEVALUE('Prof',$,IFCREAL(1.5),$);
#16285=IFCOWNERHISTORY(#3,#4,.READWRITE.,.ADDED.,1774189821,#3,#4,1774189821);
#16286=IFCPROPERTYSET('1_lElP9Kv8B8wRXnOHXZhT',#16285,'Custo5D',$,(#16289));
#16287=IFCOWNERHISTORY(#3,#4,.READWRITE.,.ADDED.,1774189821,#3,#4,1774189821);
#16288=IFCRELDEFINESBYPROPERTIES('0VC89kpVvF5PGSV1KQtehJ',#16287,$,$,(#16262),#16286);
#16289=IFCPROPERTYSINGLEVALUE('Total_RS',$,IFCREAL(1250.),$);
#16290=IFCOWNERHISTORY(#3,#4,.READWRITE.,.MODIFIED.,1774189821,#3,#4,1774189821);
#16291=IFCBUILDINGELEMENTPROXY('177fBXo8D2A87eG8L1v7FK',#16290,'N_032',$,$,#16305,#16300,$,$);
#16297=IFCCIRCLEPROFILEDEF(.AREA.,$,#30,0.2);
#16298=IFCEXTRUDEDAREASOLID(#16297,#34,#32,1.5);
#16299=IFCSHAPEREPRESENTATION(#16,'Body','SweptSolid',(#16298));
#16300=IFCPRODUCTDEFINITIONSHAPE($,$,(#16299));
#16301=IFCCARTESIANPOINT((948.474294073356,546.151028442197,-1.5));
#16302=IFCDIRECTION((0.,0.,1.));
#16303=IFCDIRECTION((1.,0.,0.));
#16304=IFCAXIS2PLACEMENT3D(#16301,#16302,#16303);
#16305=IFCLOCALPLACEMENT($,#16304);
#16306=IFCOWNERHISTORY(#3,#4,.READWRITE.,.ADDED.,1774189821,#3,#4,1774189821);
#16307=IFCPROPERTYSET('1ikUPbtIb2Nx7SLWE2mud7',#16306,'PV',$,(#16310,#16311,#16312,#16313));
#16308=IFCOWNERHISTORY(#3,#4,.READWRITE.,.ADDED.,1774189821,#3,#4,1774189821);
#16309=IFCRELDEFINESBYPROPERTIES('1uhGLM0pzBV9zy01wuzVwA',#16308,$,$,(#16291),#16307);
#16310=IFCPROPERTYSINGLEVALUE('Tipo',$,IFCLABEL('PI'),$);
#16311=IFCPROPERTYSINGLEVALUE('CT',$,IFCREAL(0.),$);
#16312=IFCPROPERTYSINGLEVALUE('CF',$,IFCREAL(-1.5),$);
#16313=IFCPROPERTYSINGLEVALUE('Prof',$,IFCREAL(1.5),$);
#16314=IFCOWNERHISTORY(#3,#4,.READWRITE.,.ADDED.,1774189821,#3,#4,1774189821);
#16315=IFCPROPERTYSET('0lyTeGK8172Bd1D5fkhHt5',#16314,'Custo5D',$,(#16318));
#16316=IFCOWNERHISTORY(#3,#4,.READWRITE.,.ADDED.,1774189821,#3,#4,1774189821);
#16317=IFCRELDEFINESBYPROPERTIES('2WpKlQGMX6j9p4QH9wrLkf',#16316,$,$,(#16291),#16315);
#16318=IFCPROPERTYSINGLEVALUE('Total_RS',$,IFCREAL(1250.),$);
#16319=IFCOWNERHISTORY(#3,#4,.READWRITE.,.MODIFIED.,1774189821,#3,#4,1774189821);
#16320=IFCBUILDINGELEMENTPROXY('1kZymYXZjF09qcxmS5mGe9',#16319,'N_033',$,$,#16334,#16329,$,$);
#16326=IFCCIRCLEPROFILEDEF(.AREA.,$,#30,0.2);
#16327=IFCEXTRUDEDAREASOLID(#16326,#34,#32,1.5);
#16328=IFCSHAPEREPRESENTATION(#16,'Body','SweptSolid',(#16327));
#16329=IFCPRODUCTDEFINITIONSHAPE($,$,(#16328));
#16330=IFCCARTESIANPOINT((948.634927902604,548.144440035336,-1.5));
#16331=IFCDIRECTION((0.,0.,1.));
#16332=IFCDIRECTION((1.,0.,0.));
#16333=IFCAXIS2PLACEMENT3D(#16330,#16331,#16332);
#16334=IFCLOCALPLACEMENT($,#16333);
#16335=IFCOWNERHISTORY(#3,#4,.READWRITE.,.ADDED.,1774189821,#3,#4,1774189821);
#16336=IFCPROPERTYSET('2xE11LPUzAleO9M9DGrJyE',#16335,'PV',$,(#16339,#16340,#16341,#16342));
#16337=IFCOWNERHISTORY(#3,#4,.READWRITE.,.ADDED.,1774189821,#3,#4,1774189821);
#16338=IFCRELDEFINESBYPROPERTIES('3WADD3yqv3EeoRilfHV7xg',#16337,$,$,(#16320),#16336);
#16339=IFCPROPERTYSINGLEVALUE('Tipo',$,IFCLABEL('PI'),$);
#16340=IFCPROPERTYSINGLEVALUE('CT',$,IFCREAL(0.),$);
#16341=IFCPROPERTYSINGLEVALUE('CF',$,IFCREAL(-1.5),$);
#16342=IFCPROPERTYSINGLEVALUE('Prof',$,IFCREAL(1.5),$);
#16343=IFCOWNERHISTORY(#3,#4,.READWRITE.,.ADDED.,1774189821,#3,#4,1774189821);
#16344=IFCPROPERTYSET('3A2knZ5az37RN3$QLI3cOL',#16343,'Custo5D',$,(#16347));
#16345=IFCOWNERHISTORY(#3,#4,.READWRITE.,.ADDED.,1774189821,#3,#4,1774189821);
#16346=IFCRELDEFINESBYPROPERTIES('3CFe7NbQb9HuksTa7Gr0Fb',#16345,$,$,(#16320),#16344);
#16347=IFCPROPERTYSINGLEVALUE('Total_RS',$,IFCREAL(1250.),$);
#16348=IFCOWNERHISTORY(#3,#4,.READWRITE.,.MODIFIED.,1774189821,#3,#4,1774189821);
#16349=IFCBUILDINGELEMENTPROXY('2WXcwqM2XAWQXACTJKjrlR',#16348,'N_034',$,$,#16363,#16358,$,$);
#16355=IFCCIRCLEPROFILEDEF(.AREA.,$,#30,0.2);
#16356=IFCEXTRUDEDAREASOLID(#16355,#34,#32,1.5);
#16357=IFCSHAPEREPRESENTATION(#16,'Body','SweptSolid',(#16356));
#16358=IFCPRODUCTDEFINITIONSHAPE($,$,(#16357));
#16359=IFCCARTESIANPOINT((948.6485347423,542.376497872174,-1.5));
#16360=IFCDIRECTION((0.,0.,1.));
#16361=IFCDIRECTION((1.,0.,0.));
#16362=IFCAXIS2PLACEMENT3D(#16359,#16360,#16361);
#16363=IFCLOCALPLACEMENT($,#16362);
#16364=IFCOWNERHISTORY(#3,#4,.READWRITE.,.ADDED.,1774189821,#3,#4,1774189821);
#16365=IFCPROPERTYSET('3Ss5U_F1P3DPlF1TFKLe$2',#16364,'PV',$,(#16368,#16369,#16370,#16371));
#16366=IFCOWNERHISTORY(#3,#4,.READWRITE.,.ADDED.,1774189821,#3,#4,1774189821);
#16367=IFCRELDEFINESBYPROPERTIES('1_5z_5OfPEi8_7stB_SrgG',#16366,$,$,(#16349),#16365);
#16368=IFCPROPERTYSINGLEVALUE('Tipo',$,IFCLABEL('PI'),$);
#16369=IFCPROPERTYSINGLEVALUE('CT',$,IFCREAL(0.),$);
#16370=IFCPROPERTYSINGLEVALUE('CF',$,IFCREAL(-1.5),$);
#16371=IFCPROPERTYSINGLEVALUE('Prof',$,IFCREAL(1.5),$);
#16372=IFCOWNERHISTORY(#3,#4,.READWRITE.,.ADDED.,1774189821,#3,#4,1774189821);
#16373=IFCPROPERTYSET('1B378RCCzFi823p3UKXqy8',#16372,'Custo5D',$,(#16376));
#16374=IFCOWNERHISTORY(#3,#4,.READWRITE.,.ADDED.,1774189821,#3,#4,1774189821);
#16375=IFCRELDEFINESBYPROPERTIES('2WxjnTyUf0HgO4y0RTRpad',#16374,$,$,(#16349),#16373);
#16376=IFCPROPERTYSINGLEVALUE('Total_RS',$,IFCREAL(1250.),$);
#16377=IFCOWNERHISTORY(#3,#4,.READWRITE.,.MODIFIED.,1774189821,#3,#4,1774189821);
#16378=IFCBUILDINGELEMENTPROXY('26gVkHeTvDCvFs3X11mbDJ',#16377,'N_035',$,$,#16392,#16387,$,$);
#16384=IFCCIRCLEPROFILEDEF(.AREA.,$,#30,0.2);
#16385=IFCEXTRUDEDAREASOLID(#16384,#34,#32,1.5);
#16386=IFCSHAPEREPRESENTATION(#16,'Body','SweptSolid',(#16385));
#16387=IFCPRODUCTDEFINITIONSHAPE($,$,(#16386));
#16388=IFCCARTESIANPOINT((949.293846821703,540.134490455501,-1.5));
#16389=IFCDIRECTION((0.,0.,1.));
#16390=IFCDIRECTION((1.,0.,0.));
#16391=IFCAXIS2PLACEMENT3D(#16388,#16389,#16390);
#16392=IFCLOCALPLACEMENT($,#16391);
#16393=IFCOWNERHISTORY(#3,#4,.READWRITE.,.ADDED.,1774189821,#3,#4,1774189821);
#16394=IFCPROPERTYSET('3rFM15RAH3dRB3KMJyFxJP',#16393,'PV',$,(#16397,#16398,#16399,#16400));
#16395=IFCOWNERHISTORY(#3,#4,.READWRITE.,.ADDED.,1774189821,#3,#4,1774189821);
#16396=IFCRELDEFINESBYPROPERTIES('1Q$QrCBDj3URI$cC2lhPon',#16395,$,$,(#16378),#16394);
#16397=IFCPROPERTYSINGLEVALUE('Tipo',$,IFCLABEL('PI'),$);
#16398=IFCPROPERTYSINGLEVALUE('CT',$,IFCREAL(0.),$);
#16399=IFCPROPERTYSINGLEVALUE('CF',$,IFCREAL(-1.5),$);
#16400=IFCPROPERTYSINGLEVALUE('Prof',$,IFCREAL(1.5),$);
#16401=IFCOWNERHISTORY(#3,#4,.READWRITE.,.ADDED.,1774189821,#3,#4,1774189821);
#16402=IFCPROPERTYSET('2O8BgTl9HBNAxdxJ5hMW$3',#16401,'Custo5D',$,(#16405));
#16403=IFCOWNERHISTORY(#3,#4,.READWRITE.,.ADDED.,1774189821,#3,#4,1774189821);
#16404=IFCRELDEFINESBYPROPERTIES('2Tb7ABd$P4oOz74IU3Nxov',#16403,$,$,(#16378),#16402);
#16405=IFCPROPERTYSINGLEVALUE('Total_RS',$,IFCREAL(1250.),$);
#16406=IFCOWNERHISTORY(#3,#4,.READWRITE.,.MODIFIED.,1774189821,#3,#4,1774189821);
#16407=IFCBUILDINGELEMENTPROXY('21dIhA9tHA6xgIQsoyWolw',#16406,'N_036',$,$,#16421,#16416,$,$);
#16413=IFCCIRCLEPROFILEDEF(.AREA.,$,#30,0.2);
#16414=IFCEXTRUDEDAREASOLID(#16413,#34,#32,1.5);
#16415=IFCSHAPEREPRESENTATION(#16,'Body','SweptSolid',(#16414));
#16416=IFCPRODUCTDEFINITIONSHAPE($,$,(#16415));
#16417=IFCCARTESIANPOINT((944.237754491915,553.461888315156,-1.5));
#16418=IFCDIRECTION((0.,0.,1.));
#16419=IFCDIRECTION((1.,0.,0.));
#16420=IFCAXIS2PLACEMENT3D(#16417,#16418,#16419);
#16421=IFCLOCALPLACEMENT($,#16420);
#16422=IFCOWNERHISTORY(#3,#4,.READWRITE.,.ADDED.,1774189821,#3,#4,1774189821);
#16423=IFCPROPERTYSET('0u6UbmKqL3gO1Hj3bsF_4A',#16422,'PV',$,(#16426,#16427,#16428,#16429));
#16424=IFCOWNERHISTORY(#3,#4,.READWRITE.,.ADDED.,1774189821,#3,#4,1774189821);
#16425=IFCRELDEFINESBYPROPERTIES('2TJGFdWOLAEQnEWoPOrlGj',#16424,$,$,(#16407),#16423);
#16426=IFCPROPERTYSINGLEVALUE('Tipo',$,IFCLABEL('PI'),$);
#16427=IFCPROPERTYSINGLEVALUE('CT',$,IFCREAL(0.),$);
#16428=IFCPROPERTYSINGLEVALUE('CF',$,IFCREAL(-1.5),$);
#16429=IFCPROPERTYSINGLEVALUE('Prof',$,IFCREAL(1.5),$);
#16430=IFCOWNERHISTORY(#3,#4,.READWRITE.,.ADDED.,1774189821,#3,#4,1774189821);
#16431=IFCPROPERTYSET('2CKflpASL1qvQBy6_c8$Xp',#16430,'Custo5D',$,(#16434));
#16432=IFCOWNERHISTORY(#3,#4,.READWRITE.,.ADDED.,1774189821,#3,#4,1774189821);
#16433=IFCRELDEFINESBYPROPERTIES('16Lw3Sybz3fOJKXpHmWgvA',#16432,$,$,(#16407),#16431);
#16434=IFCPROPERTYSINGLEVALUE('Total_RS',$,IFCREAL(1250.),$);
#16435=IFCOWNERHISTORY(#3,#4,.READWRITE.,.MODIFIED.,1774189821,#3,#4,1774189821);
#16436=IFCBUILDINGELEMENTPROXY('0DbN1lPKr9AuCCok8pAbrX',#16435,'N_037',$,$,#16450,#16445,$,$);
#16442=IFCCIRCLEPROFILEDEF(.AREA.,$,#30,0.2);
#16443=IFCEXTRUDEDAREASOLID(#16442,#34,#32,1.5);
#16444=IFCSHAPEREPRESENTATION(#16,'Body','SweptSolid',(#16443));
#16445=IFCPRODUCTDEFINITIONSHAPE($,$,(#16444));
#16446=IFCCARTESIANPOINT((949.212605839712,553.105025593191,-1.5));
#16447=IFCDIRECTION((0.,0.,1.));
#16448=IFCDIRECTION((1.,0.,0.));
#16449=IFCAXIS2PLACEMENT3D(#16446,#16447,#16448);
#16450=IFCLOCALPLACEMENT($,#16449);
#16451=IFCOWNERHISTORY(#3,#4,.READWRITE.,.ADDED.,1774189821,#3,#4,1774189821);
#16452=IFCPROPERTYSET('1vdefRpKXAagPIiR7BpiSw',#16451,'PV',$,(#16455,#16456,#16457,#16458));
#16453=IFCOWNERHISTORY(#3,#4,.READWRITE.,.ADDED.,1774189821,#3,#4,1774189821);
#16454=IFCRELDEFINESBYPROPERTIES('2DsSW6pp51$h9EjToEPA13',#16453,$,$,(#16436),#16452);
#16455=IFCPROPERTYSINGLEVALUE('Tipo',$,IFCLABEL('PI'),$);
#16456=IFCPROPERTYSINGLEVALUE('CT',$,IFCREAL(0.),$);
#16457=IFCPROPERTYSINGLEVALUE('CF',$,IFCREAL(-1.5),$);
#16458=IFCPROPERTYSINGLEVALUE('Prof',$,IFCREAL(1.5),$);
#16459=IFCOWNERHISTORY(#3,#4,.READWRITE.,.ADDED.,1774189821,#3,#4,1774189821);
#16460=IFCPROPERTYSET('1mDqYM64bElQxnGH3zhIwu',#16459,'Custo5D',$,(#16463));
#16461=IFCOWNERHISTORY(#3,#4,.READWRITE.,.ADDED.,1774189821,#3,#4,1774189821);
#16462=IFCRELDEFINESBYPROPERTIES('2g8CFkMoHFggiLBnLp5nyA',#16461,$,$,(#16436),#16460);
#16463=IFCPROPERTYSINGLEVALUE('Total_RS',$,IFCREAL(1250.),$);
#16464=IFCOWNERHISTORY(#3,#4,.READWRITE.,.MODIFIED.,1774189821,#3,#4,1774189821);
#16465=IFCBUILDINGELEMENTPROXY('1nnDd$c859bgBe8N6Oa5Fk',#16464,'N_038',$,$,#16479,#16474,$,$);
#16471=IFCCIRCLEPROFILEDEF(.AREA.,$,#30,0.2);
#16472=IFCEXTRUDEDAREASOLID(#16471,#34,#32,1.5);
#16473=IFCSHAPEREPRESENTATION(#16,'Body','SweptSolid',(#16472));
#16474=IFCPRODUCTDEFINITIONSHAPE($,$,(#16473));
#16475=IFCCARTESIANPOINT((950.989941094129,554.476342825219,-1.5));
#16476=IFCDIRECTION((0.,0.,1.));
#16477=IFCDIRECTION((1.,0.,0.));
#16478=IFCAXIS2PLACEMENT3D(#16475,#16476,#16477);
#16479=IFCLOCALPLACEMENT($,#16478);
#16480=IFCOWNERHISTORY(#3,#4,.READWRITE.,.ADDED.,1774189821,#3,#4,1774189821);
#16481=IFCPROPERTYSET('0vCZFdjsz3CArr3BdTuB0T',#16480,'PV',$,(#16484,#16485,#16486,#16487));
#16482=IFCOWNERHISTORY(#3,#4,.READWRITE.,.ADDED.,1774189821,#3,#4,1774189821);
#16483=IFCRELDEFINESBYPROPERTIES('3zUM2l82fBQhkaCAIWUXha',#16482,$,$,(#16465),#16481);
#16484=IFCPROPERTYSINGLEVALUE('Tipo',$,IFCLABEL('PI'),$);
#16485=IFCPROPERTYSINGLEVALUE('CT',$,IFCREAL(0.),$);
#16486=IFCPROPERTYSINGLEVALUE('CF',$,IFCREAL(-1.5),$);
#16487=IFCPROPERTYSINGLEVALUE('Prof',$,IFCREAL(1.5),$);
#16488=IFCOWNERHISTORY(#3,#4,.READWRITE.,.ADDED.,1774189821,#3,#4,1774189821);
#16489=IFCPROPERTYSET('2Ui0QvPOT87xQ7TEYE5oDR',#16488,'Custo5D',$,(#16492));
#16490=IFCOWNERHISTORY(#3,#4,.READWRITE.,.ADDED.,1774189821,#3,#4,1774189821);
#16491=IFCRELDEFINESBYPROPERTIES('1sKlf8sbr5Wu3pysuEqcVo',#16490,$,$,(#16465),#16489);
#16492=IFCPROPERTYSINGLEVALUE('Total_RS',$,IFCREAL(1250.),$);
#16493=IFCOWNERHISTORY(#3,#4,.READWRITE.,.MODIFIED.,1774189821,#3,#4,1774189821);
#16494=IFCBUILDINGELEMENTPROXY('1ysMvUtG1CP9BMaYr003d4',#16493,'N_039',$,$,#16508,#16503,$,$);
#16500=IFCCIRCLEPROFILEDEF(.AREA.,$,#30,0.2);
#16501=IFCEXTRUDEDAREASOLID(#16500,#34,#32,1.5);
#16502=IFCSHAPEREPRESENTATION(#16,'Body','SweptSolid',(#16501));
#16503=IFCPRODUCTDEFINITIONSHAPE($,$,(#16502));
#16504=IFCCARTESIANPOINT((1015.26647299388,640.577044288628,-1.5));
#16505=IFCDIRECTION((0.,0.,1.));
#16506=IFCDIRECTION((1.,0.,0.));
#16507=IFCAXIS2PLACEMENT3D(#16504,#16505,#16506);
#16508=IFCLOCALPLACEMENT($,#16507);
#16509=IFCOWNERHISTORY(#3,#4,.READWRITE.,.ADDED.,1774189821,#3,#4,1774189821);
#16510=IFCPROPERTYSET('0j_Hro6C94wg3f9Bwhd6L8',#16509,'PV',$,(#16513,#16514,#16515,#16516));
#16511=IFCOWNERHISTORY(#3,#4,.READWRITE.,.ADDED.,1774189821,#3,#4,1774189821);
#16512=IFCRELDEFINESBYPROPERTIES('2R2aDyLtTDgA4aD1J8YBFS',#16511,$,$,(#16494),#16510);
#16513=IFCPROPERTYSINGLEVALUE('Tipo',$,IFCLABEL('PI'),$);
#16514=IFCPROPERTYSINGLEVALUE('CT',$,IFCREAL(0.),$);
#16515=IFCPROPERTYSINGLEVALUE('CF',$,IFCREAL(-1.5),$);
#16516=IFCPROPERTYSINGLEVALUE('Prof',$,IFCREAL(1.5),$);
#16517=IFCOWNERHISTORY(#3,#4,.READWRITE.,.ADDED.,1774189821,#3,#4,1774189821);
#16518=IFCPROPERTYSET('10yzAcQYvEBfVLhU0CxDdt',#16517,'Custo5D',$,(#16521));
#16519=IFCOWNERHISTORY(#3,#4,.READWRITE.,.ADDED.,1774189821,#3,#4,1774189821);
#16520=IFCRELDEFINESBYPROPERTIES('0NFY7_CePD8Aj4e2Lmr73K',#16519,$,$,(#16494),#16518);
#16521=IFCPROPERTYSINGLEVALUE('Total_RS',$,IFCREAL(1250.),$);
#16522=IFCOWNERHISTORY(#3,#4,.READWRITE.,.MODIFIED.,1774189821,#3,#4,1774189821);
#16523=IFCBUILDINGELEMENTPROXY('15$4U4Xpz7O9E6IwikREol',#16522,'N_040',$,$,#16537,#16532,$,$);
#16529=IFCCIRCLEPROFILEDEF(.AREA.,$,#30,0.2);
#16530=IFCEXTRUDEDAREASOLID(#16529,#34,#32,1.5);
#16531=IFCSHAPEREPRESENTATION(#16,'Body','SweptSolid',(#16530));
#16532=IFCPRODUCTDEFINITIONSHAPE($,$,(#16531));
#16533=IFCCARTESIANPOINT((1002.94000546675,621.197174629197,-1.5));
#16534=IFCDIRECTION((0.,0.,1.));
#16535=IFCDIRECTION((1.,0.,0.));
#16536=IFCAXIS2PLACEMENT3D(#16533,#16534,#16535);
#16537=IFCLOCALPLACEMENT($,#16536);
#16538=IFCOWNERHISTORY(#3,#4,.READWRITE.,.ADDED.,1774189821,#3,#4,1774189821);
#16539=IFCPROPERTYSET('3x1FNnn1L8Ew8LnjcBfV0V',#16538,'PV',$,(#16542,#16543,#16544,#16545));
#16540=IFCOWNERHISTORY(#3,#4,.READWRITE.,.ADDED.,1774189821,#3,#4,1774189821);
#16541=IFCRELDEFINESBYPROPERTIES('3wEtmYVYzDiRT4_CGHd2ry',#16540,$,$,(#16523),#16539);
#16542=IFCPROPERTYSINGLEVALUE('Tipo',$,IFCLABEL('PI'),$);
#16543=IFCPROPERTYSINGLEVALUE('CT',$,IFCREAL(0.),$);
#16544=IFCPROPERTYSINGLEVALUE('CF',$,IFCREAL(-1.5),$);
#16545=IFCPROPERTYSINGLEVALUE('Prof',$,IFCREAL(1.5),$);
#16546=IFCOWNERHISTORY(#3,#4,.READWRITE.,.ADDED.,1774189821,#3,#4,1774189821);
#16547=IFCPROPERTYSET('21o0sGF6L5_RXuG7UTuTlt',#16546,'Custo5D',$,(#16550));
#16548=IFCOWNERHISTORY(#3,#4,.READWRITE.,.ADDED.,1774189821,#3,#4,1774189821);
#16549=IFCRELDEFINESBYPROPERTIES('28u0WKpU92vAWLAd_vBaho',#16548,$,$,(#16523),#16547);
#16550=IFCPROPERTYSINGLEVALUE('Total_RS',$,IFCREAL(1250.),$);
#16551=IFCOWNERHISTORY(#3,#4,.READWRITE.,.MODIFIED.,1774189821,#3,#4,1774189821);
#16552=IFCBUILDINGELEMENTPROXY('2f0BgZqJr2r9lLQYwsxFK4',#16551,'N_041',$,$,#16566,#16561,$,$);
#16558=IFCCIRCLEPROFILEDEF(.AREA.,$,#30,0.2);
#16559=IFCEXTRUDEDAREASOLID(#16558,#34,#32,1.5);
#16560=IFCSHAPEREPRESENTATION(#16,'Body','SweptSolid',(#16559));
#16561=IFCPRODUCTDEFINITIONSHAPE($,$,(#16560));
#16562=IFCCARTESIANPOINT((1005.32099611545,627.23317381274,-1.5));
#16563=IFCDIRECTION((0.,0.,1.));
#16564=IFCDIRECTION((1.,0.,0.));
#16565=IFCAXIS2PLACEMENT3D(#16562,#16563,#16564);
#16566=IFCLOCALPLACEMENT($,#16565);
#16567=IFCOWNERHISTORY(#3,#4,.READWRITE.,.ADDED.,1774189821,#3,#4,1774189821);
#16568=IFCPROPERTYSET('0UPAfl7nX6CAh31pMLwTuW',#16567,'PV',$,(#16571,#16572,#16573,#16574));
#16569=IFCOWNERHISTORY(#3,#4,.READWRITE.,.ADDED.,1774189821,#3,#4,1774189821);
#16570=IFCRELDEFINESBYPROPERTIES('3u0ccD$un2B9Vcrcd7P8$B',#16569,$,$,(#16552),#16568);
#16571=IFCPROPERTYSINGLEVALUE('Tipo',$,IFCLABEL('PI'),$);
#16572=IFCPROPERTYSINGLEVALUE('CT',$,IFCREAL(0.),$);
#16573=IFCPROPERTYSINGLEVALUE('CF',$,IFCREAL(-1.5),$);
#16574=IFCPROPERTYSINGLEVALUE('Prof',$,IFCREAL(1.5),$);
#16575=IFCOWNERHISTORY(#3,#4,.READWRITE.,.ADDED.,1774189821,#3,#4,1774189821);
#16576=IFCPROPERTYSET('2EsoBF8Mz0DQEZ_dG8wdiJ',#16575,'Custo5D',$,(#16579));
#16577=IFCOWNERHISTORY(#3,#4,.READWRITE.,.ADDED.,1774189821,#3,#4,1774189821);
#16578=IFCRELDEFINESBYPROPERTIES('0kro$vr_15ifgDN3zDcyAa',#16577,$,$,(#16552),#16576);
#16579=IFCPROPERTYSINGLEVALUE('Total_RS',$,IFCREAL(1250.),$);
#16580=IFCOWNERHISTORY(#3,#4,.READWRITE.,.MODIFIED.,1774189821,#3,#4,1774189821);
#16581=IFCBUILDINGELEMENTPROXY('2pY3H9hFrEavHONk61okIi',#16580,'N_042',$,$,#16595,#16590,$,$);
#16587=IFCCIRCLEPROFILEDEF(.AREA.,$,#30,0.2);
#16588=IFCEXTRUDEDAREASOLID(#16587,#34,#32,1.5);
#16589=IFCSHAPEREPRESENTATION(#16,'Body','SweptSolid',(#16588));
#16590=IFCPRODUCTDEFINITIONSHAPE($,$,(#16589));
#16591=IFCCARTESIANPOINT((1006.2949924104,629.422142130323,-1.5));
#16592=IFCDIRECTION((0.,0.,1.));
#16593=IFCDIRECTION((1.,0.,0.));
#16594=IFCAXIS2PLACEMENT3D(#16591,#16592,#16593);
#16595=IFCLOCALPLACEMENT($,#16594);
#16596=IFCOWNERHISTORY(#3,#4,.READWRITE.,.ADDED.,1774189821,#3,#4,1774189821);
#16597=IFCPROPERTYSET('0GDztBgxf6IBFAbXYtGZxN',#16596,'PV',$,(#16600,#16601,#16602,#16603));
#16598=IFCOWNERHISTORY(#3,#4,.READWRITE.,.ADDED.,1774189821,#3,#4,1774189821);
#16599=IFCRELDEFINESBYPROPERTIES('3xzk17SGX8YgPPFjW4OHkt',#16598,$,$,(#16581),#16597);
#16600=IFCPROPERTYSINGLEVALUE('Tipo',$,IFCLABEL('PI'),$);
#16601=IFCPROPERTYSINGLEVALUE('CT',$,IFCREAL(0.),$);
#16602=IFCPROPERTYSINGLEVALUE('CF',$,IFCREAL(-1.5),$);
#16603=IFCPROPERTYSINGLEVALUE('Prof',$,IFCREAL(1.5),$);
#16604=IFCOWNERHISTORY(#3,#4,.READWRITE.,.ADDED.,1774189821,#3,#4,1774189821);
#16605=IFCPROPERTYSET('1J9rMf7j51HPXn$jcPNJGm',#16604,'Custo5D',$,(#16608));
#16606=IFCOWNERHISTORY(#3,#4,.READWRITE.,.ADDED.,1774189821,#3,#4,1774189821);
#16607=IFCRELDEFINESBYPROPERTIES('1Qx1HcT2r6q8FLp0$2r2VJ',#16606,$,$,(#16581),#16605);
#16608=IFCPROPERTYSINGLEVALUE('Total_RS',$,IFCREAL(1250.),$);
#16609=IFCOWNERHISTORY(#3,#4,.READWRITE.,.MODIFIED.,1774189821,#3,#4,1774189821);
#16610=IFCBUILDINGELEMENTPROXY('3HfUgF1Nn0Iw3wiG1125Vk',#16609,'N_043',$,$,#16624,#16619,$,$);
#16616=IFCCIRCLEPROFILEDEF(.AREA.,$,#30,0.2);
#16617=IFCEXTRUDEDAREASOLID(#16616,#34,#32,1.5);
#16618=IFCSHAPEREPRESENTATION(#16,'Body','SweptSolid',(#16617));
#16619=IFCPRODUCTDEFINITIONSHAPE($,$,(#16618));
#16620=IFCCARTESIANPOINT((972.096138498629,618.515576511621,-1.5));
#16621=IFCDIRECTION((0.,0.,1.));
#16622=IFCDIRECTION((1.,0.,0.));
#16623=IFCAXIS2PLACEMENT3D(#16620,#16621,#16622);
#16624=IFCLOCALPLACEMENT($,#16623);
#16625=IFCOWNERHISTORY(#3,#4,.READWRITE.,.ADDED.,1774189821,#3,#4,1774189821);
#16626=IFCPROPERTYSET('35zeYtn1993umdbmg5zYcA',#16625,'PV',$,(#16629,#16630,#16631,#16632));
#16627=IFCOWNERHISTORY(#3,#4,.READWRITE.,.ADDED.,1774189821,#3,#4,1774189821);
#16628=IFCRELDEFINESBYPROPERTIES('2kjw9UZ9DFIxH9zwBd48sJ',#16627,$,$,(#16610),#16626);
#16629=IFCPROPERTYSINGLEVALUE('Tipo',$,IFCLABEL('PI'),$);
#16630=IFCPROPERTYSINGLEVALUE('CT',$,IFCREAL(0.),$);
#16631=IFCPROPERTYSINGLEVALUE('CF',$,IFCREAL(-1.5),$);
#16632=IFCPROPERTYSINGLEVALUE('Prof',$,IFCREAL(1.5),$);
#16633=IFCOWNERHISTORY(#3,#4,.READWRITE.,.ADDED.,1774189821,#3,#4,1774189821);
#16634=IFCPROPERTYSET('36BLVK5ZfBwwRs2f5Bnwzv',#16633,'Custo5D',$,(#16637));
#16635=IFCOWNERHISTORY(#3,#4,.READWRITE.,.ADDED.,1774189821,#3,#4,1774189821);
#16636=IFCRELDEFINESBYPROPERTIES('3PfRytmXD36QGyC8MJ7SCu',#16635,$,$,(#16610),#16634);
#16637=IFCPROPERTYSINGLEVALUE('Total_RS',$,IFCREAL(1250.),$);
#16638=IFCOWNERHISTORY(#3,#4,.READWRITE.,.MODIFIED.,1774189821,#3,#4,1774189821);
#16639=IFCBUILDINGELEMENTPROXY('1ZLXHFz_nF5gzdKxTNswfO',#16638,'N_044',$,$,#16653,#16648,$,$);
#16645=IFCCIRCLEPROFILEDEF(.AREA.,$,#30,0.2);
#16646=IFCEXTRUDEDAREASOLID(#16645,#34,#32,1.5);
#16647=IFCSHAPEREPRESENTATION(#16,'Body','SweptSolid',(#16646));
#16648=IFCPRODUCTDEFINITIONSHAPE($,$,(#16647));
#16649=IFCCARTESIANPOINT((972.917829061043,584.468232205138,-1.5));
#16650=IFCDIRECTION((0.,0.,1.));
#16651=IFCDIRECTION((1.,0.,0.));
#16652=IFCAXIS2PLACEMENT3D(#16649,#16650,#16651);
#16653=IFCLOCALPLACEMENT($,#16652);
#16654=IFCOWNERHISTORY(#3,#4,.READWRITE.,.ADDED.,1774189821,#3,#4,1774189821);
#16655=IFCPROPERTYSET('3SyvxDzd92wxe0SbTejNT8',#16654,'PV',$,(#16658,#16659,#16660,#16661));
#16656=IFCOWNERHISTORY(#3,#4,.READWRITE.,.ADDED.,1774189821,#3,#4,1774189821);
#16657=IFCRELDEFINESBYPROPERTIES('220nOWqFj6yvnKAspcHHVJ',#16656,$,$,(#16639),#16655);
#16658=IFCPROPERTYSINGLEVALUE('Tipo',$,IFCLABEL('PI'),$);
#16659=IFCPROPERTYSINGLEVALUE('CT',$,IFCREAL(0.),$);
#16660=IFCPROPERTYSINGLEVALUE('CF',$,IFCREAL(-1.5),$);
#16661=IFCPROPERTYSINGLEVALUE('Prof',$,IFCREAL(1.5),$);
#16662=IFCOWNERHISTORY(#3,#4,.READWRITE.,.ADDED.,1774189821,#3,#4,1774189821);
#16663=IFCPROPERTYSET('0_LKyaFebBVPoc2Z06veDi',#16662,'Custo5D',$,(#16666));
#16664=IFCOWNERHISTORY(#3,#4,.READWRITE.,.ADDED.,1774189821,#3,#4,1774189821);
#16665=IFCRELDEFINESBYPROPERTIES('3XUPvgAw56thCUCvTrR7To',#16664,$,$,(#16639),#16663);
#16666=IFCPROPERTYSINGLEVALUE('Total_RS',$,IFCREAL(1250.),$);
#16667=IFCOWNERHISTORY(#3,#4,.READWRITE.,.MODIFIED.,1774189821,#3,#4,1774189821);
#16668=IFCBUILDINGELEMENTPROXY('2N7FmS971BrgyeDVahtKyv',#16667,'N_045',$,$,#16682,#16677,$,$);
#16674=IFCCIRCLEPROFILEDEF(.AREA.,$,#30,0.2);
#16675=IFCEXTRUDEDAREASOLID(#16674,#34,#32,1.5);
#16676=IFCSHAPEREPRESENTATION(#16,'Body','SweptSolid',(#16675));
#16677=IFCPRODUCTDEFINITIONSHAPE($,$,(#16676));
#16678=IFCCARTESIANPOINT((972.049388506508,587.71367008891,-1.5));
#16679=IFCDIRECTION((0.,0.,1.));
#16680=IFCDIRECTION((1.,0.,0.));
#16681=IFCAXIS2PLACEMENT3D(#16678,#16679,#16680);
#16682=IFCLOCALPLACEMENT($,#16681);
#16683=IFCOWNERHISTORY(#3,#4,.READWRITE.,.ADDED.,1774189821,#3,#4,1774189821);
#16684=IFCPROPERTYSET('1$z_hKVrX7xgnV2jm1gzBI',#16683,'PV',$,(#16687,#16688,#16689,#16690));
#16685=IFCOWNERHISTORY(#3,#4,.READWRITE.,.ADDED.,1774189821,#3,#4,1774189821);
#16686=IFCRELDEFINESBYPROPERTIES('1tmIb0H$H8vuWmXJkcboeV',#16685,$,$,(#16668),#16684);
#16687=IFCPROPERTYSINGLEVALUE('Tipo',$,IFCLABEL('PI'),$);
#16688=IFCPROPERTYSINGLEVALUE('CT',$,IFCREAL(0.),$);
#16689=IFCPROPERTYSINGLEVALUE('CF',$,IFCREAL(-1.5),$);
#16690=IFCPROPERTYSINGLEVALUE('Prof',$,IFCREAL(1.5),$);
#16691=IFCOWNERHISTORY(#3,#4,.READWRITE.,.ADDED.,1774189821,#3,#4,1774189821);
#16692=IFCPROPERTYSET('3nJmEggozBvurmKYFzYb5Z',#16691,'Custo5D',$,(#16695));
#16693=IFCOWNERHISTORY(#3,#4,.READWRITE.,.ADDED.,1774189821,#3,#4,1774189821);
#16694=IFCRELDEFINESBYPROPERTIES('0dcdxkXln4W9TbtMS9qgPp',#16693,$,$,(#16668),#16692);
#16695=IFCPROPERTYSINGLEVALUE('Total_RS',$,IFCREAL(1250.),$);
#16696=IFCOWNERHISTORY(#3,#4,.READWRITE.,.MODIFIED.,1774189821,#3,#4,1774189821);
#16697=IFCBUILDINGELEMENTPROXY('2UsXYflL5DOhtICLI3rWqT',#16696,'N_046',$,$,#16711,#16706,$,$);
#16703=IFCCIRCLEPROFILEDEF(.AREA.,$,#30,0.2);
#16704=IFCEXTRUDEDAREASOLID(#16703,#34,#32,1.5);
#16705=IFCSHAPEREPRESENTATION(#16,'Body','SweptSolid',(#16704));
#16706=IFCPRODUCTDEFINITIONSHAPE($,$,(#16705));
#16707=IFCCARTESIANPOINT((970.480710266216,585.946662644856,-1.5));
#16708=IFCDIRECTION((0.,0.,1.));
#16709=IFCDIRECTION((1.,0.,0.));
#16710=IFCAXIS2PLACEMENT3D(#16707,#16708,#16709);
#16711=IFCLOCALPLACEMENT($,#16710);
#16712=IFCOWNERHISTORY(#3,#4,.READWRITE.,.ADDED.,1774189821,#3,#4,1774189821);
#16713=IFCPROPERTYSET('1eF6DwZJz4hxqn_OSnotmT',#16712,'PV',$,(#16716,#16717,#16718,#16719));
#16714=IFCOWNERHISTORY(#3,#4,.READWRITE.,.ADDED.,1774189821,#3,#4,1774189821);
#16715=IFCRELDEFINESBYPROPERTIES('2N8zgQ4y93sAkr6iC6dS5E',#16714,$,$,(#16697),#16713);
#16716=IFCPROPERTYSINGLEVALUE('Tipo',$,IFCLABEL('PI'),$);
#16717=IFCPROPERTYSINGLEVALUE('CT',$,IFCREAL(0.),$);
#16718=IFCPROPERTYSINGLEVALUE('CF',$,IFCREAL(-1.5),$);
#16719=IFCPROPERTYSINGLEVALUE('Prof',$,IFCREAL(1.5),$);
#16720=IFCOWNERHISTORY(#3,#4,.READWRITE.,.ADDED.,1774189821,#3,#4,1774189821);
#16721=IFCPROPERTYSET('2LB_ybEJrD5goIv2pOWZ3T',#16720,'Custo5D',$,(#16724));
#16722=IFCOWNERHISTORY(#3,#4,.READWRITE.,.ADDED.,1774189821,#3,#4,1774189821);
#16723=IFCRELDEFINESBYPROPERTIES('2GVy2Eajj09PiBkimpQlP4',#16722,$,$,(#16697),#16721);
#16724=IFCPROPERTYSINGLEVALUE('Total_RS',$,IFCREAL(1250.),$);
#16725=IFCOWNERHISTORY(#3,#4,.READWRITE.,.MODIFIED.,1774189821,#3,#4,1774189821);
#16726=IFCBUILDINGELEMENTPROXY('0M7v$vXVr4Bvd3MjQu29a3',#16725,'N_047',$,$,#16740,#16735,$,$);
#16732=IFCCIRCLEPROFILEDEF(.AREA.,$,#30,0.2);
#16733=IFCEXTRUDEDAREASOLID(#16732,#34,#32,1.5);
#16734=IFCSHAPEREPRESENTATION(#16,'Body','SweptSolid',(#16733));
#16735=IFCPRODUCTDEFINITIONSHAPE($,$,(#16734));
#16736=IFCCARTESIANPOINT((982.21612392494,595.740968680009,-1.5));
#16737=IFCDIRECTION((0.,0.,1.));
#16738=IFCDIRECTION((1.,0.,0.));
#16739=IFCAXIS2PLACEMENT3D(#16736,#16737,#16738);
#16740=IFCLOCALPLACEMENT($,#16739);
#16741=IFCOWNERHISTORY(#3,#4,.READWRITE.,.ADDED.,1774189821,#3,#4,1774189821);
#16742=IFCPROPERTYSET('3E77vGNkHAJwRSYO98C2iE',#16741,'PV',$,(#16745,#16746,#16747,#16748));
#16743=IFCOWNERHISTORY(#3,#4,.READWRITE.,.ADDED.,1774189821,#3,#4,1774189821);
#16744=IFCRELDEFINESBYPROPERTIES('1YUkYvQqn79BcmERYgbHKJ',#16743,$,$,(#16726),#16742);
#16745=IFCPROPERTYSINGLEVALUE('Tipo',$,IFCLABEL('PI'),$);
#16746=IFCPROPERTYSINGLEVALUE('CT',$,IFCREAL(0.),$);
#16747=IFCPROPERTYSINGLEVALUE('CF',$,IFCREAL(-1.5),$);
#16748=IFCPROPERTYSINGLEVALUE('Prof',$,IFCREAL(1.5),$);
#16749=IFCOWNERHISTORY(#3,#4,.READWRITE.,.ADDED.,1774189821,#3,#4,1774189821);
#16750=IFCPROPERTYSET('2D7GMBnmHCXON7jZZKQKPk',#16749,'Custo5D',$,(#16753));
#16751=IFCOWNERHISTORY(#3,#4,.READWRITE.,.ADDED.,1774189821,#3,#4,1774189821);
#16752=IFCRELDEFINESBYPROPERTIES('2mZM$iX3fETxBDUgqEI3qG',#16751,$,$,(#16726),#16750);
#16753=IFCPROPERTYSINGLEVALUE('Total_RS',$,IFCREAL(1250.),$);
#16754=IFCOWNERHISTORY(#3,#4,.READWRITE.,.MODIFIED.,1774189821,#3,#4,1774189821);
#16755=IFCBUILDINGELEMENTPROXY('3X_jFEXQX61wrT5PceD2KT',#16754,'N_048',$,$,#16769,#16764,$,$);
#16761=IFCCIRCLEPROFILEDEF(.AREA.,$,#30,0.2);
#16762=IFCEXTRUDEDAREASOLID(#16761,#34,#32,1.5);
#16763=IFCSHAPEREPRESENTATION(#16,'Body','SweptSolid',(#16762));
#16764=IFCPRODUCTDEFINITIONSHAPE($,$,(#16763));
#16765=IFCCARTESIANPOINT((980.302208619949,594.296552870423,-1.5));
#16766=IFCDIRECTION((0.,0.,1.));
#16767=IFCDIRECTION((1.,0.,0.));
#16768=IFCAXIS2PLACEMENT3D(#16765,#16766,#16767);
#16769=IFCLOCALPLACEMENT($,#16768);
#16770=IFCOWNERHISTORY(#3,#4,.READWRITE.,.ADDED.,1774189821,#3,#4,1774189821);
#16771=IFCPROPERTYSET('1GWpjTDt5DZx0IiUmpXLLg',#16770,'PV',$,(#16774,#16775,#16776,#16777));
#16772=IFCOWNERHISTORY(#3,#4,.READWRITE.,.ADDED.,1774189821,#3,#4,1774189821);
#16773=IFCRELDEFINESBYPROPERTIES('05W8vGQW15CePk0fzO3xba',#16772,$,$,(#16755),#16771);
#16774=IFCPROPERTYSINGLEVALUE('Tipo',$,IFCLABEL('PI'),$);
#16775=IFCPROPERTYSINGLEVALUE('CT',$,IFCREAL(0.),$);
#16776=IFCPROPERTYSINGLEVALUE('CF',$,IFCREAL(-1.5),$);
#16777=IFCPROPERTYSINGLEVALUE('Prof',$,IFCREAL(1.5),$);
#16778=IFCOWNERHISTORY(#3,#4,.READWRITE.,.ADDED.,1774189821,#3,#4,1774189821);
#16779=IFCPROPERTYSET('2JSviqiBDEle2Ui0PdqSd0',#16778,'Custo5D',$,(#16782));
#16780=IFCOWNERHISTORY(#3,#4,.READWRITE.,.ADDED.,1774189821,#3,#4,1774189821);
#16781=IFCRELDEFINESBYPROPERTIES('26_GQuY0b1HwnoaGV8bmHU',#16780,$,$,(#16755),#16779);
#16782=IFCPROPERTYSINGLEVALUE('Total_RS',$,IFCREAL(1250.),$);
#16783=IFCOWNERHISTORY(#3,#4,.READWRITE.,.MODIFIED.,1774189821,#3,#4,1774189821);
#16784=IFCBUILDINGELEMENTPROXY('2jp1crBi5DdQdtwMBeEHiJ',#16783,'N_049',$,$,#16798,#16793,$,$);
#16790=IFCCIRCLEPROFILEDEF(.AREA.,$,#30,0.2);
#16791=IFCEXTRUDEDAREASOLID(#16790,#34,#32,1.5);
#16792=IFCSHAPEREPRESENTATION(#16,'Body','SweptSolid',(#16791));
#16793=IFCPRODUCTDEFINITIONSHAPE($,$,(#16792));
#16794=IFCCARTESIANPOINT((918.435144900752,597.764145529829,-1.5));
#16795=IFCDIRECTION((0.,0.,1.));
#16796=IFCDIRECTION((1.,0.,0.));
#16797=IFCAXIS2PLACEMENT3D(#16794,#16795,#16796);
#16798=IFCLOCALPLACEMENT($,#16797);
#16799=IFCOWNERHISTORY(#3,#4,.READWRITE.,.ADDED.,1774189821,#3,#4,1774189821);
#16800=IFCPROPERTYSET('1q$12nzCz369kvWe_Dh8Iz',#16799,'PV',$,(#16803,#16804,#16805,#16806));
#16801=IFCOWNERHISTORY(#3,#4,.READWRITE.,.ADDED.,1774189821,#3,#4,1774189821);
#16802=IFCRELDEFINESBYPROPERTIES('0I66JYUW9BPQVKkjnAFcLR',#16801,$,$,(#16784),#16800);
#16803=IFCPROPERTYSINGLEVALUE('Tipo',$,IFCLABEL('PI'),$);
#16804=IFCPROPERTYSINGLEVALUE('CT',$,IFCREAL(0.),$);
#16805=IFCPROPERTYSINGLEVALUE('CF',$,IFCREAL(-1.5),$);
#16806=IFCPROPERTYSINGLEVALUE('Prof',$,IFCREAL(1.5),$);
#16807=IFCOWNERHISTORY(#3,#4,.READWRITE.,.ADDED.,1774189821,#3,#4,1774189821);
#16808=IFCPROPERTYSET('1xv72JjtX45QkfwuAcLfkx',#16807,'Custo5D',$,(#16811));
#16809=IFCOWNERHISTORY(#3,#4,.READWRITE.,.ADDED.,1774189821,#3,#4,1774189821);
#16810=IFCRELDEFINESBYPROPERTIES('2a0oqPXZD3$AjBRj_syIlb',#16809,$,$,(#16784),#16808);
#16811=IFCPROPERTYSINGLEVALUE('Total_RS',$,IFCREAL(1250.),$);
#16812=IFCOWNERHISTORY(#3,#4,.READWRITE.,.MODIFIED.,1774189821,#3,#4,1774189821);
#16813=IFCBUILDINGELEMENTPROXY('2jpycbF1j8lQp2pRdOCdgx',#16812,'N_050',$,$,#16827,#16822,$,$);
#16819=IFCCIRCLEPROFILEDEF(.AREA.,$,#30,0.2);
#16820=IFCEXTRUDEDAREASOLID(#16819,#34,#32,1.5);
#16821=IFCSHAPEREPRESENTATION(#16,'Body','SweptSolid',(#16820));
#16822=IFCPRODUCTDEFINITIONSHAPE($,$,(#16821));
#16823=IFCCARTESIANPOINT((1016.46047076886,569.890562759712,-1.5));
#16824=IFCDIRECTION((0.,0.,1.));
#16825=IFCDIRECTION((1.,0.,0.));
#16826=IFCAXIS2PLACEMENT3D(#16823,#16824,#16825);
#16827=IFCLOCALPLACEMENT($,#16826);
#16828=IFCOWNERHISTORY(#3,#4,.READWRITE.,.ADDED.,1774189821,#3,#4,1774189821);
#16829=IFCPROPERTYSET('3UHHfhbhb6pwzQOGDPClyg',#16828,'PV',$,(#16832,#16833,#16834,#16835));
#16830=IFCOWNERHISTORY(#3,#4,.READWRITE.,.ADDED.,1774189821,#3,#4,1774189821);
#16831=IFCRELDEFINESBYPROPERTIES('0w3GknACX1xQV8VyHIqaU4',#16830,$,$,(#16813),#16829);
#16832=IFCPROPERTYSINGLEVALUE('Tipo',$,IFCLABEL('PI'),$);
#16833=IFCPROPERTYSINGLEVALUE('CT',$,IFCREAL(0.),$);
#16834=IFCPROPERTYSINGLEVALUE('CF',$,IFCREAL(-1.5),$);
#16835=IFCPROPERTYSINGLEVALUE('Prof',$,IFCREAL(1.5),$);
#16836=IFCOWNERHISTORY(#3,#4,.READWRITE.,.ADDED.,1774189821,#3,#4,1774189821);
#16837=IFCPROPERTYSET('2macGDdSXFK9Idh7ulAz2C',#16836,'Custo5D',$,(#16840));
#16838=IFCOWNERHISTORY(#3,#4,.READWRITE.,.ADDED.,1774189821,#3,#4,1774189821);
#16839=IFCRELDEFINESBYPROPERTIES('2$6WQLCfHDXASpxrK2PxiN',#16838,$,$,(#16813),#16837);
#16840=IFCPROPERTYSINGLEVALUE('Total_RS',$,IFCREAL(1250.),$);
#16841=IFCOWNERHISTORY(#3,#4,.READWRITE.,.MODIFIED.,1774189821,#3,#4,1774189821);
#16842=IFCBUILDINGELEMENTPROXY('1y2c8K0jnBpu0aG354MnxL',#16841,'N_051',$,$,#16856,#16851,$,$);
#16848=IFCCIRCLEPROFILEDEF(.AREA.,$,#30,0.2);
#16849=IFCEXTRUDEDAREASOLID(#16848,#34,#32,1.5);
#16850=IFCSHAPEREPRESENTATION(#16,'Body','SweptSolid',(#16849));
#16851=IFCPRODUCTDEFINITIONSHAPE($,$,(#16850));
#16852=IFCCARTESIANPOINT((988.17227165139,536.237108095549,-1.5));
#16853=IFCDIRECTION((0.,0.,1.));
#16854=IFCDIRECTION((1.,0.,0.));
#16855=IFCAXIS2PLACEMENT3D(#16852,#16853,#16854);
#16856=IFCLOCALPLACEMENT($,#16855);
#16857=IFCOWNERHISTORY(#3,#4,.READWRITE.,.ADDED.,1774189821,#3,#4,1774189821);
#16858=IFCPROPERTYSET('1tyvZINxT7TAauH9NRP4Q2',#16857,'PV',$,(#16861,#16862,#16863,#16864));
#16859=IFCOWNERHISTORY(#3,#4,.READWRITE.,.ADDED.,1774189821,#3,#4,1774189821);
#16860=IFCRELDEFINESBYPROPERTIES('1fhaDFv$T2dA_z4ZRMrOTo',#16859,$,$,(#16842),#16858);
#16861=IFCPROPERTYSINGLEVALUE('Tipo',$,IFCLABEL('PI'),$);
#16862=IFCPROPERTYSINGLEVALUE('CT',$,IFCREAL(0.),$);
#16863=IFCPROPERTYSINGLEVALUE('CF',$,IFCREAL(-1.5),$);
#16864=IFCPROPERTYSINGLEVALUE('Prof',$,IFCREAL(1.5),$);
#16865=IFCOWNERHISTORY(#3,#4,.READWRITE.,.ADDED.,1774189821,#3,#4,1774189821);
#16866=IFCPROPERTYSET('045IkrQyL4Xeh62hSWrrUR',#16865,'Custo5D',$,(#16869));
#16867=IFCOWNERHISTORY(#3,#4,.READWRITE.,.ADDED.,1774189821,#3,#4,1774189821);
#16868=IFCRELDEFINESBYPROPERTIES('3FXdlhQ2XEUgfCE90Skd6r',#16867,$,$,(#16842),#16866);
#16869=IFCPROPERTYSINGLEVALUE('Total_RS',$,IFCREAL(1250.),$);
ENDSEC;
END-ISO-10303-21;
